  0
SECTION
  2
HEADER
  9
$ACADVER
  1
AC1021
  9
$ACADMAINTVER
 70
    25
  9
$DWGCODEPAGE
  3
ANSI_1252
  9
$LASTSAVEDBY
  1
cutro
  9
$INSBASE
 10
0.0
 20
0.0
 30
0.0
  9
$EXTMIN
 10
-59.95617392935463
 20
-12.73509032730895
 30
0.0
  9
$EXTMAX
 10
114.5520149218601
 20
61.32415417358833
 30
0.0
  9
$LIMMIN
 10
0.0
 20
0.0
  9
$LIMMAX
 10
12.0
 20
9.0
  9
$ORTHOMODE
 70
     0
  9
$REGENMODE
 70
     1
  9
$FILLMODE
 70
     1
  9
$QTEXTMODE
 70
     0
  9
$MIRRTEXT
 70
     0
  9
$LTSCALE
 40
1.0
  9
$ATTMODE
 70
     1
  9
$TEXTSIZE
 40
0.2
  9
$TRACEWID
 40
0.05
  9
$TEXTSTYLE
  7
Standard
  9
$CLAYER
  8
0
  9
$CELTYPE
  6
ByLayer
  9
$CECOLOR
 62
   256
  9
$CELTSCALE
 40
1.0
  9
$DISPSILH
 70
     0
  9
$DIMSCALE
 40
1.0
  9
$DIMASZ
 40
0.18
  9
$DIMEXO
 40
0.0625
  9
$DIMDLI
 40
0.38
  9
$DIMRND
 40
0.0
  9
$DIMDLE
 40
0.0
  9
$DIMEXE
 40
0.18
  9
$DIMTP
 40
0.0
  9
$DIMTM
 40
0.0
  9
$DIMTXT
 40
0.18
  9
$DIMCEN
 40
0.09
  9
$DIMTSZ
 40
0.0
  9
$DIMTOL
 70
     0
  9
$DIMLIM
 70
     0
  9
$DIMTIH
 70
     1
  9
$DIMTOH
 70
     1
  9
$DIMSE1
 70
     0
  9
$DIMSE2
 70
     0
  9
$DIMTAD
 70
     0
  9
$DIMZIN
 70
     0
  9
$DIMBLK
  1

  9
$DIMASO
 70
     1
  9
$DIMSHO
 70
     1
  9
$DIMPOST
  1

  9
$DIMAPOST
  1

  9
$DIMALT
 70
     0
  9
$DIMALTD
 70
     2
  9
$DIMALTF
 40
25.4
  9
$DIMLFAC
 40
1.0
  9
$DIMTOFL
 70
     0
  9
$DIMTVP
 40
0.0
  9
$DIMTIX
 70
     0
  9
$DIMSOXD
 70
     0
  9
$DIMSAH
 70
     0
  9
$DIMBLK1
  1

  9
$DIMBLK2
  1

  9
$DIMSTYLE
  2
STANDARD_ACAD
  9
$DIMCLRD
 70
     0
  9
$DIMCLRE
 70
     0
  9
$DIMCLRT
 70
     0
  9
$DIMTFAC
 40
1.0
  9
$DIMGAP
 40
0.09
  9
$DIMJUST
 70
     0
  9
$DIMSD1
 70
     0
  9
$DIMSD2
 70
     0
  9
$DIMTOLJ
 70
     1
  9
$DIMTZIN
 70
     0
  9
$DIMALTZ
 70
     0
  9
$DIMALTTZ
 70
     0
  9
$DIMUPT
 70
     0
  9
$DIMDEC
 70
     4
  9
$DIMTDEC
 70
     4
  9
$DIMALTU
 70
     2
  9
$DIMALTTD
 70
     2
  9
$DIMTXSTY
  7
Standard
  9
$DIMAUNIT
 70
     0
  9
$DIMADEC
 70
     0
  9
$DIMALTRND
 40
0.0
  9
$DIMAZIN
 70
     0
  9
$DIMDSEP
 70
    46
  9
$DIMATFIT
 70
     3
  9
$DIMFRAC
 70
     0
  9
$DIMLDRBLK
  1

  9
$DIMLUNIT
 70
     2
  9
$DIMLWD
 70
    -2
  9
$DIMLWE
 70
    -2
  9
$DIMTMOVE
 70
     2
  9
$DIMFXL
 40
1.0
  9
$DIMFXLON
 70
     0
  9
$DIMJOGANG
 40
0.7853981633974483
  9
$DIMTFILL
 70
     0
  9
$DIMTFILLCLR
 70
     0
  9
$DIMARCSYM
 70
     0
  9
$DIMLTYPE
  6

  9
$DIMLTEX1
  6

  9
$DIMLTEX2
  6

  9
$LUNITS
 70
     2
  9
$LUPREC
 70
     3
  9
$SKETCHINC
 40
0.1
  9
$FILLETRAD
 40
0.0
  9
$AUNITS
 70
     0
  9
$AUPREC
 70
     0
  9
$MENU
  1
.
  9
$ELEVATION
 40
0.0
  9
$PELEVATION
 40
0.0
  9
$THICKNESS
 40
0.0
  9
$LIMCHECK
 70
     0
  9
$CHAMFERA
 40
0.0
  9
$CHAMFERB
 40
0.0
  9
$CHAMFERC
 40
0.0
  9
$CHAMFERD
 40
0.0
  9
$SKPOLY
 70
     0
  9
$TDCREATE
 40
2461216.562301945
  9
$TDUCREATE
 40
2461216.478968611
  9
$TDUPDATE
 40
2461216.562359607
  9
$TDUUPDATE
 40
2461216.479026274
  9
$TDINDWG
 40
0.0000000116
  9
$TDUSRTIMER
 40
0.0000000116
  9
$USRTIMER
 70
     1
  9
$ANGBASE
 50
0.0
  9
$ANGDIR
 70
     0
  9
$PDMODE
 70
     0
  9
$PDSIZE
 40
0.0
  9
$PLINEWID
 40
0.0
  9
$SPLFRAME
 70
     0
  9
$SPLINETYPE
 70
     6
  9
$SPLINESEGS
 70
     8
  9
$HANDSEED
  5
217
  9
$SURFTAB1
 70
     6
  9
$SURFTAB2
 70
     6
  9
$SURFTYPE
 70
     6
  9
$SURFU
 70
     6
  9
$SURFV
 70
     6
  9
$UCSBASE
  2

  9
$UCSNAME
  2

  9
$UCSORG
 10
0.0
 20
0.0
 30
0.0
  9
$UCSXDIR
 10
1.0
 20
0.0
 30
0.0
  9
$UCSYDIR
 10
0.0
 20
1.0
 30
0.0
  9
$UCSORTHOREF
  2

  9
$UCSORTHOVIEW
 70
     0
  9
$UCSORGTOP
 10
0.0
 20
0.0
 30
0.0
  9
$UCSORGBOTTOM
 10
0.0
 20
0.0
 30
0.0
  9
$UCSORGLEFT
 10
0.0
 20
0.0
 30
0.0
  9
$UCSORGRIGHT
 10
0.0
 20
0.0
 30
0.0
  9
$UCSORGFRONT
 10
0.0
 20
0.0
 30
0.0
  9
$UCSORGBACK
 10
0.0
 20
0.0
 30
0.0
  9
$PUCSBASE
  2

  9
$PUCSNAME
  2

  9
$PUCSORG
 10
0.0
 20
0.0
 30
0.0
  9
$PUCSXDIR
 10
1.0
 20
0.0
 30
0.0
  9
$PUCSYDIR
 10
0.0
 20
1.0
 30
0.0
  9
$PUCSORTHOREF
  2

  9
$PUCSORTHOVIEW
 70
     0
  9
$PUCSORGTOP
 10
0.0
 20
0.0
 30
0.0
  9
$PUCSORGBOTTOM
 10
0.0
 20
0.0
 30
0.0
  9
$PUCSORGLEFT
 10
0.0
 20
0.0
 30
0.0
  9
$PUCSORGRIGHT
 10
0.0
 20
0.0
 30
0.0
  9
$PUCSORGFRONT
 10
0.0
 20
0.0
 30
0.0
  9
$PUCSORGBACK
 10
0.0
 20
0.0
 30
0.0
  9
$USERI1
 70
     0
  9
$USERI2
 70
     0
  9
$USERI3
 70
     0
  9
$USERI4
 70
     0
  9
$USERI5
 70
     0
  9
$USERR1
 40
0.0
  9
$USERR2
 40
0.0
  9
$USERR3
 40
0.0
  9
$USERR4
 40
0.0
  9
$USERR5
 40
0.0
  9
$WORLDVIEW
 70
     1
  9
$SHADEDGE
 70
     3
  9
$SHADEDIF
 70
    70
  9
$TILEMODE
 70
     1
  9
$MAXACTVP
 70
    64
  9
$PINSBASE
 10
0.0
 20
0.0
 30
0.0
  9
$PLIMCHECK
 70
     0
  9
$PEXTMIN
 10
1.000000000000000E+20
 20
1.000000000000000E+20
 30
1.000000000000000E+20
  9
$PEXTMAX
 10
-1.000000000000000E+20
 20
-1.000000000000000E+20
 30
-1.000000000000000E+20
  9
$PLIMMIN
 10
0.0
 20
0.0
  9
$PLIMMAX
 10
12.0
 20
9.0
  9
$UNITMODE
 70
     0
  9
$VISRETAIN
 70
     1
  9
$PLINEGEN
 70
     0
  9
$PSLTSCALE
 70
     1
  9
$TREEDEPTH
 70
  3020
  9
$CMLSTYLE
  2
Standard
  9
$CMLJUST
 70
     0
  9
$CMLSCALE
 40
1.0
  9
$PROXYGRAPHICS
 70
     1
  9
$MEASUREMENT
 70
     1
  9
$CELWEIGHT
370
    -1
  9
$ENDCAPS
280
     0
  9
$JOINSTYLE
280
     0
  9
$LWDISPLAY
290
     0
  9
$INSUNITS
 70
     6
  9
$HYPERLINKBASE
  1

  9
$STYLESHEET
  1

  9
$XEDIT
290
     1
  9
$CEPSNTYPE
380
     0
  9
$PSTYLEMODE
290
     1
  9
$FINGERPRINTGUID
  2
{827f4a53-0f27-46da-957c-4769d56201a1}
  9
$VERSIONGUID
  2
{FAEB1C32-E019-11D5-929B-00C0DF256EC4}
  9
$EXTNAMES
290
     1
  9
$PSVPSCALE
 40
0.0
  9
$OLESTARTUP
290
     0
  9
$SORTENTS
280
   127
  9
$INDEXCTL
280
     0
  9
$HIDETEXT
280
     1
  9
$XCLIPFRAME
290
     0
  9
$HALOGAP
280
     0
  9
$OBSCOLOR
 70
   257
  9
$OBSLTYPE
280
     0
  9
$INTERSECTIONDISPLAY
280
     0
  9
$INTERSECTIONCOLOR
 70
   257
  9
$DIMASSOC
280
     2
  9
$PROJECTNAME
  1

  9
$CAMERADISPLAY
290
     0
  9
$LENSLENGTH
 40
50.0
  9
$CAMERAHEIGHT
 40
0.0
  9
$STEPSPERSEC
 40
2.0
  9
$STEPSIZE
 40
6.0
  9
$3DDWFPREC
 40
2.0
  9
$PSOLWIDTH
 40
0.25
  9
$PSOLHEIGHT
 40
4.0
  9
$LOFTANG1
 40
1.570796326794897
  9
$LOFTANG2
 40
1.570796326794897
  9
$LOFTMAG1
 40
0.0
  9
$LOFTMAG2
 40
0.0
  9
$LOFTPARAM
 70
     7
  9
$LOFTNORMALS
280
     1
  9
$LATITUDE
 40
37.795
  9
$LONGITUDE
 40
-122.394
  9
$NORTHDIRECTION
 40
0.0
  9
$TIMEZONE
 70
 -8000
  9
$LIGHTGLYPHDISPLAY
280
     1
  9
$TILEMODELIGHTSYNCH
280
     1
  9
$CMATERIAL
347
44
  9
$SOLIDHIST
280
     0
  9
$SHOWHIST
280
     1
  9
$DWFFRAME
280
     2
  9
$DGNFRAME
280
     2
  9
$REALWORLDSCALE
290
     1
  9
$INTERFERECOLOR
 62
   256
  9
$CSHADOW
280
     0
  9
$SHADOWPLANELOCATION
 40
0.0
  0
ENDSEC
  0
SECTION
  2
CLASSES
  0
CLASS
  1
ACDBDICTIONARYWDFLT
  2
AcDbDictionaryWithDefault
  3
ObjectDBX Classes
 90
        0
 91
        3
280
     0
281
     0
  0
CLASS
  1
VISUALSTYLE
  2
AcDbVisualStyle
  3
ObjectDBX Classes
 90
     4095
 91
        3
280
     0
281
     0
  0
CLASS
  1
MATERIAL
  2
AcDbMaterial
  3
ObjectDBX Classes
 90
     1153
 91
        3
280
     0
281
     0
  0
CLASS
  1
SCALE
  2
AcDbScale
  3
ObjectDBX Classes
 90
     1153
 91
        3
280
     0
281
     0
  0
CLASS
  1
TABLESTYLE
  2
AcDbTableStyle
  3
ObjectDBX Classes
 90
     4095
 91
        3
280
     0
281
     0
  0
CLASS
  1
MLEADERSTYLE
  2
AcDbMLeaderStyle
  3
ACDB_MLEADERSTYLE_CLASS
 90
     4095
 91
        3
280
     0
281
     0
  0
CLASS
  1
SUN
  2
AcDbSun
  3
SCENEOE
 90
     1153
 91
        3
280
     0
281
     0
  0
CLASS
  1
DICTIONARYVAR
  2
AcDbDictionaryVar
  3
ObjectDBX Classes
 90
        0
 91
        3
280
     0
281
     0
  0
CLASS
  1
CELLSTYLEMAP
  2
AcDbCellStyleMap
  3
ObjectDBX Classes
 90
     1152
 91
        3
280
     0
281
     0
  0
ENDSEC
  0
SECTION
  2
TABLES
  0
TABLE
  2
VPORT
  5
8
330
0
100
AcDbSymbolTable
 70
     1
  0
VPORT
  5
29
330
8
100
AcDbSymbolTableRecord
100
AcDbViewportTableRecord
  2
*Active
 70
     0
 10
0.0
 20
0.0
 11
1.0
 21
1.0
 12
10.42990654205607
 22
4.5
 13
0.0
 23
0.0
 14
0.5
 24
0.5
 15
0.5
 25
0.5
 16
0.0
 26
0.0
 36
1.0
 17
0.0
 27
0.0
 37
0.0
 40
9.0
 41
1.972972972850329
 42
50.0
 43
0.0
 44
0.0
 50
0.0
 51
0.0
 71
     0
 72
   100
 73
     1
 74
     3
 75
     0
 76
     0
 77
     0
 78
     0
281
     0
 65
     1
110
0.0
120
0.0
130
0.0
111
1.0
121
0.0
131
0.0
112
0.0
122
1.0
132
0.0
 79
     0
146
0.0
348
2F
 60
     3
 61
     5
292
     1
282
     1
141
0.0
142
0.0
 63
   250
361
5D
  0
ENDTAB
  0
TABLE
  2
LTYPE
  5
5
330
0
100
AcDbSymbolTable
 70
     1
  0
LTYPE
  5
14
330
5
100
AcDbSymbolTableRecord
100
AcDbLinetypeTableRecord
  2
ByBlock
 70
     0
  3

 72
    65
 73
     0
 40
0.0
  0
LTYPE
  5
15
330
5
100
AcDbSymbolTableRecord
100
AcDbLinetypeTableRecord
  2
ByLayer
 70
     0
  3

 72
    65
 73
     0
 40
0.0
  0
LTYPE
  5
16
330
5
100
AcDbSymbolTableRecord
100
AcDbLinetypeTableRecord
  2
Continuous
 70
     0
  3
Solid line
 72
    65
 73
     0
 40
0.0
  0
ENDTAB
  0
TABLE
  2
LAYER
  5
2
330
0
100
AcDbSymbolTable
 70
     2
  0
LAYER
  5
10
330
2
100
AcDbSymbolTableRecord
100
AcDbLayerTableRecord
  2
0
 70
     0
 62
     7
  6
Continuous
370
    -3
390
F
347
46
  0
LAYER
  5
5F
330
2
100
AcDbSymbolTableRecord
100
AcDbLayerTableRecord
  2
Walls$Boundary
 70
     0
 62
     1
420
 16711680
  6
Continuous
370
    -3
390
F
347
46
  0
ENDTAB
  0
TABLE
  2
STYLE
  5
3
330
0
100
AcDbSymbolTable
 70
     1
  0
STYLE
  5
11
330
3
100
AcDbSymbolTableRecord
100
AcDbTextStyleTableRecord
  2
Standard
 70
     0
 40
0.0
 41
1.0
 50
0.0
 71
     0
 42
0.2
  3
txt
  4

  0
ENDTAB
  0
TABLE
  2
VIEW
  5
6
330
0
100
AcDbSymbolTable
 70
     0
  0
ENDTAB
  0
TABLE
  2
UCS
  5
7
330
0
100
AcDbSymbolTable
 70
     0
  0
ENDTAB
  0
TABLE
  2
APPID
  5
9
330
0
100
AcDbSymbolTable
 70
     3
  0
APPID
  5
12
330
9
100
AcDbSymbolTableRecord
100
AcDbRegAppTableRecord
  2
ACAD
 70
     0
  0
APPID
  5
5E
330
9
100
AcDbSymbolTableRecord
100
AcDbRegAppTableRecord
  2
Rhino
 70
     0
  0
APPID
  5
20F
330
9
100
AcDbSymbolTableRecord
100
AcDbRegAppTableRecord
  2
ACAD_MLEADERVER
 70
     0
  0
ENDTAB
  0
TABLE
  2
DIMSTYLE
  5
A
330
0
100
AcDbSymbolTable
 70
     1
100
AcDbDimStyleTable
  0
DIMSTYLE
105
27
330
A
100
AcDbSymbolTableRecord
100
AcDbDimStyleTableRecord
  2
STANDARD_ACAD
 70
     0
178
     0
340
11
  0
ENDTAB
  0
TABLE
  2
BLOCK_RECORD
  5
1
330
0
100
AcDbSymbolTable
 70
     1
  0
BLOCK_RECORD
  5
1F
330
1
100
AcDbSymbolTableRecord
100
AcDbBlockTableRecord
  2
*Model_Space
340
22
 70
     0
280
     1
281
     0
  0
BLOCK_RECORD
  5
1B
330
1
100
AcDbSymbolTableRecord
100
AcDbBlockTableRecord
  2
*Paper_Space
340
1E
 70
     0
280
     1
281
     0
  0
BLOCK_RECORD
  5
23
330
1
100
AcDbSymbolTableRecord
100
AcDbBlockTableRecord
  2
*Paper_Space0
340
26
 70
     0
280
     1
281
     0
  0
ENDTAB
  0
ENDSEC
  0
SECTION
  2
BLOCKS
  0
BLOCK
  5
20
330
1F
100
AcDbEntity
  8
0
100
AcDbBlockBegin
  2
*Model_Space
 70
     0
 10
0.0
 20
0.0
 30
0.0
  3
*Model_Space
  1

  0
ENDBLK
  5
21
330
1F
100
AcDbEntity
  8
0
100
AcDbBlockEnd
  0
BLOCK
  5
1C
330
1B
100
AcDbEntity
 67
     1
  8
0
100
AcDbBlockBegin
  2
*Paper_Space
 70
     0
 10
0.0
 20
0.0
 30
0.0
  3
*Paper_Space
  1

  0
ENDBLK
  5
1D
330
1B
100
AcDbEntity
 67
     1
  8
0
100
AcDbBlockEnd
  0
BLOCK
  5
24
330
23
100
AcDbEntity
  8
0
100
AcDbBlockBegin
  2
*Paper_Space0
 70
     0
 10
0.0
 20
0.0
 30
0.0
  3
*Paper_Space0
  1

  0
ENDBLK
  5
25
330
23
100
AcDbEntity
  8
0
100
AcDbBlockEnd
  0
ENDSEC
  0
SECTION
  2
ENTITIES
  0
LINE
  5
60
330
1F
100
AcDbEntity
  8
Walls$Boundary
100
AcDbLine
 10
-38.85173443523555
 20
21.52450937050583
 30
0.0
 11
-38.85173443523556
 21
16.78998888441408
 31
0.0
  0
LINE
  5
61
330
1F
100
AcDbEntity
  8
Walls$Boundary
100
AcDbLine
 10
-33.61987033752266
 20
21.52450937050583
 30
0.0
 11
-38.85173443523555
 21
21.52450937050583
 31
0.0
  0
LINE
  5
62
330
1F
100
AcDbEntity
  8
Walls$Boundary
100
AcDbLine
 10
-33.61987033752266
 20
20.90685186036861
 30
0.0
 11
-33.61987033752266
 21
21.52450937050583
 31
0.0
  0
LINE
  5
63
330
1F
100
AcDbEntity
  8
Walls$Boundary
100
AcDbLine
 10
-38.35173443523555
 20
20.90685186036861
 30
0.0
 11
-33.61987033752266
 21
20.90685186036861
 31
0.0
  0
LINE
  5
64
330
1F
100
AcDbEntity
  8
Walls$Boundary
100
AcDbLine
 10
-38.35173443523555
 20
17.9344197522383
 30
0.0
 11
-38.35173443523555
 21
20.90685186036861
 31
0.0
  0
LINE
  5
65
330
1F
100
AcDbEntity
  8
Walls$Boundary
100
AcDbLine
 10
-34.081177861411
 20
17.9344197522383
 30
0.0
 11
-38.35173443523555
 21
17.9344197522383
 31
0.0
  0
LINE
  5
66
330
1F
100
AcDbEntity
  8
Walls$Boundary
100
AcDbLine
 10
-34.081177861411
 20
10.81053924628658
 30
0.0
 11
-34.081177861411
 21
17.9344197522383
 31
0.0
  0
LINE
  5
67
330
1F
100
AcDbEntity
  8
Walls$Boundary
100
AcDbLine
 10
-24.4634597742295
 20
10.81102399414819
 30
0.0
 11
-34.081177861411
 21
10.81053924628658
 31
0.0
  0
LINE
  5
68
330
1F
100
AcDbEntity
  8
Walls$Boundary
100
AcDbLine
 10
-24.4634597742295
 20
20.90685186036861
 30
0.0
 11
-24.4634597742295
 21
10.81102399414819
 31
0.0
  0
LINE
  5
69
330
1F
100
AcDbEntity
  8
Walls$Boundary
100
AcDbLine
 10
-30.36987033752266
 20
20.90685186036861
 30
0.0
 11
-24.4634597742295
 21
20.90685186036861
 31
0.0
  0
LINE
  5
6A
330
1F
100
AcDbEntity
  8
Walls$Boundary
100
AcDbLine
 10
-30.36987033752266
 20
21.52450937050583
 30
0.0
 11
-30.36987033752266
 21
20.90685186036861
 31
0.0
  0
LINE
  5
6B
330
1F
100
AcDbEntity
  8
Walls$Boundary
100
AcDbLine
 10
-24.46345977422956
 20
21.52450937050583
 30
0.0
 11
-30.36987033752266
 21
21.52450937050583
 31
0.0
  0
LINE
  5
6C
330
1F
100
AcDbEntity
  8
Walls$Boundary
100
AcDbLine
 10
-24.4634597742295
 20
21.68200146654323
 30
0.0
 11
-24.46345977422956
 21
21.52450937050583
 31
0.0
  0
LINE
  5
6D
330
1F
100
AcDbEntity
  8
Walls$Boundary
100
AcDbLine
 10
-23.37548904903978
 20
21.68200146654323
 30
0.0
 11
-24.4634597742295
 21
21.68200146654323
 31
0.0
  0
LINE
  5
6E
330
1F
100
AcDbEntity
  8
Walls$Boundary
100
AcDbLine
 10
-23.37548904903978
 20
19.13707959687381
 30
0.0
 11
-23.37548904903978
 21
21.68200146654323
 31
0.0
  0
LINE
  5
6F
330
1F
100
AcDbEntity
  8
Walls$Boundary
100
AcDbLine
 10
-18.06968731452627
 20
19.13707959687357
 30
0.0
 11
-23.37548904903978
 21
19.13707959687381
 31
0.0
  0
LINE
  5
70
330
1F
100
AcDbEntity
  8
Walls$Boundary
100
AcDbLine
 10
-18.06968731452626
 20
24.68687648738858
 30
0.0
 11
-18.06968731452627
 21
19.13707959687357
 31
0.0
  0
LINE
  5
71
330
1F
100
AcDbEntity
  8
Walls$Boundary
100
AcDbLine
 10
2.168120839236992
 20
24.68687648738858
 30
0.0
 11
-18.06968731452626
 21
24.68687648738858
 31
0.0
  0
LINE
  5
72
330
1F
100
AcDbEntity
  8
Walls$Boundary
100
AcDbLine
 10
2.168120839236988
 20
19.13707959687179
 30
0.0
 11
2.168120839236992
 21
24.68687648738858
 31
0.0
  0
LINE
  5
73
330
1F
100
AcDbEntity
  8
Walls$Boundary
100
AcDbLine
 10
6.520368399306301
 20
19.13707959687246
 30
0.0
 11
2.168120839236988
 21
19.13707959687179
 31
0.0
  0
LINE
  5
74
330
1F
100
AcDbEntity
  8
Walls$Boundary
100
AcDbLine
 10
6.520368399306372
 20
18.13707959687133
 30
0.0
 11
6.520368399306301
 21
19.13707959687246
 31
0.0
  0
LINE
  5
75
330
1F
100
AcDbEntity
  8
Walls$Boundary
100
AcDbLine
 10
4.916665313118697
 20
18.13707959687119
 30
0.0
 11
6.520368399306372
 21
18.13707959687133
 31
0.0
  0
LINE
  5
76
330
1F
100
AcDbEntity
  8
Walls$Boundary
100
AcDbLine
 10
4.916665313118687
 20
8.206334001577932
 30
0.0
 11
4.916665313118697
 21
18.13707959687119
 31
0.0
  0
LINE
  5
77
330
1F
100
AcDbEntity
  8
Walls$Boundary
100
AcDbLine
 10
11.51204131114466
 20
8.206334001577932
 30
0.0
 11
4.916665313118687
 21
8.206334001577932
 31
0.0
  0
LINE
  5
78
330
1F
100
AcDbEntity
  8
Walls$Boundary
100
AcDbLine
 10
11.51204131114467
 20
18.13707959687179
 30
0.0
 11
11.51204131114466
 21
8.206334001577932
 31
0.0
  0
LINE
  5
79
330
1F
100
AcDbEntity
  8
Walls$Boundary
100
AcDbLine
 10
11.05384456218995
 20
18.13707959687154
 30
0.0
 11
11.51204131114467
 21
18.13707959687179
 31
0.0
  0
LINE
  5
7A
330
1F
100
AcDbEntity
  8
Walls$Boundary
100
AcDbLine
 10
11.05384456218986
 20
19.13707959687227
 30
0.0
 11
11.05384456218995
 21
18.13707959687154
 31
0.0
  0
LINE
  5
7B
330
1F
100
AcDbEntity
  8
Walls$Boundary
100
AcDbLine
 10
22.30807507304473
 20
19.13707959687179
 30
0.0
 11
11.05384456218986
 21
19.13707959687227
 31
0.0
  0
LINE
  5
7C
330
1F
100
AcDbEntity
  8
Walls$Boundary
100
AcDbLine
 10
22.30807507304473
 20
18.13707959687179
 30
0.0
 11
22.30807507304473
 21
19.13707959687179
 31
0.0
  0
LINE
  5
7D
330
1F
100
AcDbEntity
  8
Walls$Boundary
100
AcDbLine
 10
20.54312850402589
 20
18.13707959687179
 30
0.0
 11
22.30807507304473
 21
18.13707959687179
 31
0.0
  0
LINE
  5
7E
330
1F
100
AcDbEntity
  8
Walls$Boundary
100
AcDbLine
 10
20.5431285040259
 20
13.8011141462461
 30
0.0
 11
20.54312850402589
 21
18.13707959687179
 31
0.0
  0
LINE
  5
7F
330
1F
100
AcDbEntity
  8
Walls$Boundary
100
AcDbLine
 10
20.0431285040259
 20
13.8011141462461
 30
0.0
 11
20.5431285040259
 21
13.8011141462461
 31
0.0
  0
LINE
  5
80
330
1F
100
AcDbEntity
  8
Walls$Boundary
100
AcDbLine
 10
20.0431285040259
 20
18.13707959687179
 30
0.0
 11
20.0431285040259
 21
13.8011141462461
 31
0.0
  0
LINE
  5
81
330
1F
100
AcDbEntity
  8
Walls$Boundary
100
AcDbLine
 10
13.26204131114465
 20
18.13707959687179
 30
0.0
 11
20.0431285040259
 21
18.13707959687179
 31
0.0
  0
LINE
  5
82
330
1F
100
AcDbEntity
  8
Walls$Boundary
100
AcDbLine
 10
13.26204131114466
 20
7.107047071514232
 30
0.0
 11
13.26204131114465
 21
18.13707959687179
 31
0.0
  0
LINE
  5
83
330
1F
100
AcDbEntity
  8
Walls$Boundary
100
AcDbLine
 10
20.0431285040259
 20
7.107047071514192
 30
0.0
 11
13.26204131114466
 21
7.107047071514232
 31
0.0
  0
LINE
  5
84
330
1F
100
AcDbEntity
  8
Walls$Boundary
100
AcDbLine
 10
20.0431285040259
 20
10.5511141462461
 30
0.0
 11
20.0431285040259
 21
7.107047071514192
 31
0.0
  0
LINE
  5
85
330
1F
100
AcDbEntity
  8
Walls$Boundary
100
AcDbLine
 10
20.5431285040259
 20
10.5511141462461
 30
0.0
 11
20.0431285040259
 21
10.5511141462461
 31
0.0
  0
LINE
  5
86
330
1F
100
AcDbEntity
  8
Walls$Boundary
100
AcDbLine
 10
20.5431285040259
 20
6.606763049208274
 30
0.0
 11
20.5431285040259
 21
10.5511141462461
 31
0.0
  0
LINE
  5
87
330
1F
100
AcDbEntity
  8
Walls$Boundary
100
AcDbLine
 10
3.918120839236563
 20
6.606763049207897
 30
0.0
 11
20.5431285040259
 21
6.606763049208274
 31
0.0
  0
LINE
  5
88
330
1F
100
AcDbEntity
  8
Walls$Boundary
100
AcDbLine
 10
3.918120839236937
 20
-12.73509032730895
 30
0.0
 11
3.918120839236563
 21
6.606763049207897
 31
0.0
  0
LINE
  5
89
330
1F
100
AcDbEntity
  8
Walls$Boundary
100
AcDbLine
 10
38.00214021192827
 20
-12.73509032730895
 30
0.0
 11
3.918120839236937
 21
-12.73509032730895
 31
0.0
  0
LINE
  5
8A
330
1F
100
AcDbEntity
  8
Walls$Boundary
100
AcDbLine
 10
38.00214021192824
 20
7.281585583425762
 30
0.0
 11
38.00214021192827
 21
-12.73509032730895
 31
0.0
  0
LINE
  5
8B
330
1F
100
AcDbEntity
  8
Walls$Boundary
100
AcDbLine
 10
27.17832894416884
 20
7.281585583425763
 30
0.0
 11
38.00214021192824
 21
7.281585583425762
 31
0.0
  0
LINE
  5
8C
330
1F
100
AcDbEntity
  8
Walls$Boundary
100
AcDbLine
 10
27.17832894416884
 20
-0.709190458119773
 30
0.0
 11
27.17832894416884
 21
7.281585583425763
 31
0.0
  0
LINE
  5
8D
330
1F
100
AcDbEntity
  8
Walls$Boundary
100
AcDbLine
 10
26.67832894416884
 20
-0.7091904581197759
 30
0.0
 11
27.17832894416884
 21
-0.709190458119773
 31
0.0
  0
LINE
  5
8E
330
1F
100
AcDbEntity
  8
Walls$Boundary
100
AcDbLine
 10
26.67832894416884
 20
7.281585583425762
 30
0.0
 11
26.67832894416884
 21
-0.7091904581197759
 31
0.0
  0
LINE
  5
8F
330
1F
100
AcDbEntity
  8
Walls$Boundary
100
AcDbLine
 10
26.67832894416884
 20
10.46968794143073
 30
0.0
 11
26.67832894416884
 21
7.281585583425762
 31
0.0
  0
LINE
  5
90
330
1F
100
AcDbEntity
  8
Walls$Boundary
100
AcDbLine
 10
27.17832894416884
 20
10.46968794143073
 30
0.0
 11
26.67832894416884
 21
10.46968794143073
 31
0.0
  0
LINE
  5
91
330
1F
100
AcDbEntity
  8
Walls$Boundary
100
AcDbLine
 10
27.17832894416868
 20
8.281585583425763
 30
0.0
 11
27.17832894416884
 21
10.46968794143073
 31
0.0
  0
LINE
  5
92
330
1F
100
AcDbEntity
  8
Walls$Boundary
100
AcDbLine
 10
38.00214021192824
 20
8.281585583425763
 30
0.0
 11
27.17832894416868
 21
8.281585583425763
 31
0.0
  0
LINE
  5
93
330
1F
100
AcDbEntity
  8
Walls$Boundary
100
AcDbLine
 10
38.00214021192824
 20
18.13707959687179
 30
0.0
 11
38.00214021192824
 21
8.281585583425763
 31
0.0
  0
LINE
  5
94
330
1F
100
AcDbEntity
  8
Walls$Boundary
100
AcDbLine
 10
27.17832894416884
 20
18.13707959687179
 30
0.0
 11
38.00214021192824
 21
18.13707959687179
 31
0.0
  0
LINE
  5
95
330
1F
100
AcDbEntity
  8
Walls$Boundary
100
AcDbLine
 10
27.17832894416884
 20
13.71968794143073
 30
0.0
 11
27.17832894416884
 21
18.13707959687179
 31
0.0
  0
LINE
  5
96
330
1F
100
AcDbEntity
  8
Walls$Boundary
100
AcDbLine
 10
26.67832894416884
 20
13.71968794143073
 30
0.0
 11
27.17832894416884
 21
13.71968794143073
 31
0.0
  0
LINE
  5
97
330
1F
100
AcDbEntity
  8
Walls$Boundary
100
AcDbLine
 10
26.67832894416884
 20
18.13707959687179
 30
0.0
 11
26.67832894416884
 21
13.71968794143073
 31
0.0
  0
LINE
  5
98
330
1F
100
AcDbEntity
  8
Walls$Boundary
100
AcDbLine
 10
26.30807507304473
 20
18.13707959687179
 30
0.0
 11
26.67832894416884
 21
18.13707959687179
 31
0.0
  0
LINE
  5
99
330
1F
100
AcDbEntity
  8
Walls$Boundary
100
AcDbLine
 10
26.30807507304473
 20
19.13707959687179
 30
0.0
 11
26.30807507304473
 21
18.13707959687179
 31
0.0
  0
LINE
  5
9A
330
1F
100
AcDbEntity
  8
Walls$Boundary
100
AcDbLine
 10
39.02811858241201
 20
19.13707959687179
 30
0.0
 11
26.30807507304473
 21
19.13707959687179
 31
0.0
  0
LINE
  5
9B
330
1F
100
AcDbEntity
  8
Walls$Boundary
100
AcDbLine
 10
39.02811858241201
 20
24.68687648738858
 30
0.0
 11
39.02811858241201
 21
19.13707959687179
 31
0.0
  0
LINE
  5
9C
330
1F
100
AcDbEntity
  8
Walls$Boundary
100
AcDbLine
 10
62.8046615224846
 20
24.68687648738858
 30
0.0
 11
39.02811858241201
 21
24.68687648738858
 31
0.0
  0
LINE
  5
9D
330
1F
100
AcDbEntity
  8
Walls$Boundary
100
AcDbLine
 10
62.80466152248462
 20
19.13707959687179
 30
0.0
 11
62.8046615224846
 21
24.68687648738858
 31
0.0
  0
LINE
  5
9E
330
1F
100
AcDbEntity
  8
Walls$Boundary
100
AcDbLine
 10
71.44370164059663
 20
19.13707959687179
 30
0.0
 11
62.80466152248462
 21
19.13707959687179
 31
0.0
  0
LINE
  5
9F
330
1F
100
AcDbEntity
  8
Walls$Boundary
100
AcDbLine
 10
71.44370164059663
 20
18.13707959687179
 30
0.0
 11
71.44370164059663
 21
19.13707959687179
 31
0.0
  0
LINE
  5
A0
330
1F
100
AcDbEntity
  8
Walls$Boundary
100
AcDbLine
 10
71.33853099101391
 20
18.13707959687179
 30
0.0
 11
71.44370164059663
 21
18.13707959687179
 31
0.0
  0
LINE
  5
A1
330
1F
100
AcDbEntity
  8
Walls$Boundary
100
AcDbLine
 10
71.33853099101391
 20
15.57506699957274
 30
0.0
 11
71.33853099101391
 21
18.13707959687179
 31
0.0
  0
LINE
  5
A2
330
1F
100
AcDbEntity
  8
Walls$Boundary
100
AcDbLine
 10
70.75020942287364
 20
15.57506699957274
 30
0.0
 11
71.33853099101391
 21
15.57506699957274
 31
0.0
  0
LINE
  5
A3
330
1F
100
AcDbEntity
  8
Walls$Boundary
100
AcDbLine
 10
70.75020942287307
 20
18.13707959687179
 30
0.0
 11
70.75020942287364
 21
15.57506699957274
 31
0.0
  0
LINE
  5
A4
330
1F
100
AcDbEntity
  8
Walls$Boundary
100
AcDbLine
 10
50.26832397848716
 20
18.13707959687179
 30
0.0
 11
70.75020942287307
 21
18.13707959687179
 31
0.0
  0
LINE
  5
A5
330
1F
100
AcDbEntity
  8
Walls$Boundary
100
AcDbLine
 10
50.26832397848716
 20
14.26936673996719
 30
0.0
 11
50.26832397848716
 21
18.13707959687179
 31
0.0
  0
LINE
  5
A6
330
1F
100
AcDbEntity
  8
Walls$Boundary
100
AcDbLine
 10
49.76832397848716
 20
14.26936673996719
 30
0.0
 11
50.26832397848716
 21
14.26936673996719
 31
0.0
  0
LINE
  5
A7
330
1F
100
AcDbEntity
  8
Walls$Boundary
100
AcDbLine
 10
49.76832397848716
 20
18.13707959687179
 30
0.0
 11
49.76832397848716
 21
14.26936673996719
 31
0.0
  0
LINE
  5
A8
330
1F
100
AcDbEntity
  8
Walls$Boundary
100
AcDbLine
 10
39.00214021192824
 20
18.13707959687179
 30
0.0
 11
49.76832397848716
 21
18.13707959687179
 31
0.0
  0
LINE
  5
A9
330
1F
100
AcDbEntity
  8
Walls$Boundary
100
AcDbLine
 10
39.00214021192824
 20
8.281585583425763
 30
0.0
 11
39.00214021192824
 21
18.13707959687179
 31
0.0
  0
LINE
  5
AA
330
1F
100
AcDbEntity
  8
Walls$Boundary
100
AcDbLine
 10
49.76832397848716
 20
8.281585583425763
 30
0.0
 11
39.00214021192824
 21
8.281585583425763
 31
0.0
  0
LINE
  5
AB
330
1F
100
AcDbEntity
  8
Walls$Boundary
100
AcDbLine
 10
49.76832397848716
 20
11.01936673996719
 30
0.0
 11
49.76832397848716
 21
8.281585583425763
 31
0.0
  0
LINE
  5
AC
330
1F
100
AcDbEntity
  8
Walls$Boundary
100
AcDbLine
 10
50.26832397848716
 20
11.01936673996719
 30
0.0
 11
49.76832397848716
 21
11.01936673996719
 31
0.0
  0
LINE
  5
AD
330
1F
100
AcDbEntity
  8
Walls$Boundary
100
AcDbLine
 10
50.26832397848716
 20
8.28158558342576
 30
0.0
 11
50.26832397848716
 21
11.01936673996719
 31
0.0
  0
LINE
  5
AE
330
1F
100
AcDbEntity
  8
Walls$Boundary
100
AcDbLine
 10
54.28665017906272
 20
8.28158558342577
 30
0.0
 11
50.26832397848716
 21
8.28158558342576
 31
0.0
  0
LINE
  5
AF
330
1F
100
AcDbEntity
  8
Walls$Boundary
100
AcDbLine
 10
54.28665017906272
 20
7.281585583425763
 30
0.0
 11
54.28665017906272
 21
8.28158558342577
 31
0.0
  0
LINE
  5
B0
330
1F
100
AcDbEntity
  8
Walls$Boundary
100
AcDbLine
 10
50.26832397848716
 20
7.281585583425761
 30
0.0
 11
54.28665017906272
 21
7.281585583425763
 31
0.0
  0
LINE
  5
B1
330
1F
100
AcDbEntity
  8
Walls$Boundary
100
AcDbLine
 10
50.26832397848716
 20
-0.573180363742585
 30
0.0
 11
50.26832397848716
 21
7.281585583425761
 31
0.0
  0
LINE
  5
B2
330
1F
100
AcDbEntity
  8
Walls$Boundary
100
AcDbLine
 10
49.76832397848716
 20
-0.5731803637425881
 30
0.0
 11
50.26832397848716
 21
-0.573180363742585
 31
0.0
  0
LINE
  5
B3
330
1F
100
AcDbEntity
  8
Walls$Boundary
100
AcDbLine
 10
49.76832397848716
 20
7.281585583425763
 30
0.0
 11
49.76832397848716
 21
-0.5731803637425881
 31
0.0
  0
LINE
  5
B4
330
1F
100
AcDbEntity
  8
Walls$Boundary
100
AcDbLine
 10
39.00214021192824
 20
7.281585583425762
 30
0.0
 11
49.76832397848716
 21
7.281585583425763
 31
0.0
  0
LINE
  5
B5
330
1F
100
AcDbEntity
  8
Walls$Boundary
100
AcDbLine
 10
39.00214021192821
 20
-12.73509032730895
 30
0.0
 11
39.00214021192824
 21
7.281585583425762
 31
0.0
  0
LINE
  5
B6
330
1F
100
AcDbEntity
  8
Walls$Boundary
100
AcDbLine
 10
49.76832397848719
 20
-12.73509032730895
 30
0.0
 11
39.00214021192821
 21
-12.73509032730895
 31
0.0
  0
LINE
  5
B7
330
1F
100
AcDbEntity
  8
Walls$Boundary
100
AcDbLine
 10
49.76832397848716
 20
-7.073180363742587
 30
0.0
 11
49.76832397848719
 21
-12.73509032730895
 31
0.0
  0
LINE
  5
B8
330
1F
100
AcDbEntity
  8
Walls$Boundary
100
AcDbLine
 10
50.26832397848716
 20
-7.073180363742587
 30
0.0
 11
49.76832397848716
 21
-7.073180363742587
 31
0.0
  0
LINE
  5
B9
330
1F
100
AcDbEntity
  8
Walls$Boundary
100
AcDbLine
 10
50.26832397848719
 20
-12.73509032730895
 30
0.0
 11
50.26832397848716
 21
-7.073180363742587
 31
0.0
  0
LINE
  5
BA
330
1F
100
AcDbEntity
  8
Walls$Boundary
100
AcDbLine
 10
66.17372181619399
 20
-12.73509032730895
 30
0.0
 11
50.26832397848719
 21
-12.73509032730895
 31
0.0
  0
LINE
  5
BB
330
1F
100
AcDbEntity
  8
Walls$Boundary
100
AcDbLine
 10
66.17372181619398
 20
-7.073180363742587
 30
0.0
 11
66.17372181619399
 21
-12.73509032730895
 31
0.0
  0
LINE
  5
BC
330
1F
100
AcDbEntity
  8
Walls$Boundary
100
AcDbLine
 10
67.17372181619398
 20
-7.073180363742585
 30
0.0
 11
66.17372181619398
 21
-7.073180363742587
 31
0.0
  0
LINE
  5
BD
330
1F
100
AcDbEntity
  8
Walls$Boundary
100
AcDbLine
 10
67.17372181619399
 20
-12.73509032730895
 30
0.0
 11
67.17372181619398
 21
-7.073180363742585
 31
0.0
  0
LINE
  5
BE
330
1F
100
AcDbEntity
  8
Walls$Boundary
100
AcDbLine
 10
78.18800261316215
 20
-12.73509032730895
 30
0.0
 11
67.17372181619399
 21
-12.73509032730895
 31
0.0
  0
LINE
  5
BF
330
1F
100
AcDbEntity
  8
Walls$Boundary
100
AcDbLine
 10
78.18800261316215
 20
7.282017954348371
 30
0.0
 11
78.18800261316215
 21
-12.73509032730895
 31
0.0
  0
LINE
  5
C0
330
1F
100
AcDbEntity
  8
Walls$Boundary
100
AcDbLine
 10
67.17372181619398
 20
7.282017954348371
 30
0.0
 11
78.18800261316215
 21
7.282017954348371
 31
0.0
  0
LINE
  5
C1
330
1F
100
AcDbEntity
  8
Walls$Boundary
100
AcDbLine
 10
67.17372181619398
 20
-0.5731803637425872
 30
0.0
 11
67.17372181619398
 21
7.282017954348371
 31
0.0
  0
LINE
  5
C2
330
1F
100
AcDbEntity
  8
Walls$Boundary
100
AcDbLine
 10
66.17372181619398
 20
-0.5731803637425867
 30
0.0
 11
67.17372181619398
 21
-0.5731803637425872
 31
0.0
  0
LINE
  5
C3
330
1F
100
AcDbEntity
  8
Walls$Boundary
100
AcDbLine
 10
66.17372181619398
 20
8.28201795434837
 30
0.0
 11
66.17372181619398
 21
-0.5731803637425867
 31
0.0
  0
LINE
  5
C4
330
1F
100
AcDbEntity
  8
Walls$Boundary
100
AcDbLine
 10
78.18800261316215
 20
8.28201795434837
 30
0.0
 11
66.17372181619398
 21
8.28201795434837
 31
0.0
  0
LINE
  5
C5
330
1F
100
AcDbEntity
  8
Walls$Boundary
100
AcDbLine
 10
78.18800261316215
 20
18.13707959687179
 30
0.0
 11
78.18800261316215
 21
8.28201795434837
 31
0.0
  0
LINE
  5
C6
330
1F
100
AcDbEntity
  8
Walls$Boundary
100
AcDbLine
 10
75.44370164059663
 20
18.13707959687179
 30
0.0
 11
78.18800261316215
 21
18.13707959687179
 31
0.0
  0
LINE
  5
C7
330
1F
100
AcDbEntity
  8
Walls$Boundary
100
AcDbLine
 10
75.44370164059663
 20
19.13707959687179
 30
0.0
 11
75.44370164059663
 21
18.13707959687179
 31
0.0
  0
LINE
  5
C8
330
1F
100
AcDbEntity
  8
Walls$Boundary
100
AcDbLine
 10
78.18800261316215
 20
19.13707959687179
 30
0.0
 11
75.44370164059663
 21
19.13707959687179
 31
0.0
  0
LINE
  5
C9
330
1F
100
AcDbEntity
  8
Walls$Boundary
100
AcDbLine
 10
78.18800261316215
 20
20.43331318663077
 30
0.0
 11
78.18800261316215
 21
19.13707959687179
 31
0.0
  0
LINE
  5
CA
330
1F
100
AcDbEntity
  8
Walls$Boundary
100
AcDbLine
 10
79.18800261316215
 20
20.43331318663077
 30
0.0
 11
78.18800261316215
 21
20.43331318663077
 31
0.0
  0
LINE
  5
CB
330
1F
100
AcDbEntity
  8
Walls$Boundary
100
AcDbLine
 10
79.18800261316215
 20
18.35235668931905
 30
0.0
 11
79.18800261316215
 21
20.43331318663077
 31
0.0
  0
LINE
  5
CC
330
1F
100
AcDbEntity
  8
Walls$Boundary
100
AcDbLine
 10
82.96202552980986
 20
18.35235668931905
 30
0.0
 11
79.18800261316215
 21
18.35235668931905
 31
0.0
  0
LINE
  5
CD
330
1F
100
AcDbEntity
  8
Walls$Boundary
100
AcDbLine
 10
82.96202552980986
 20
17.86341902631885
 30
0.0
 11
82.96202552980986
 21
18.35235668931905
 31
0.0
  0
LINE
  5
CE
330
1F
100
AcDbEntity
  8
Walls$Boundary
100
AcDbLine
 10
79.18800261316215
 20
17.86341902631885
 30
0.0
 11
82.96202552980986
 21
17.86341902631885
 31
0.0
  0
LINE
  5
CF
330
1F
100
AcDbEntity
  8
Walls$Boundary
100
AcDbLine
 10
79.18800261316215
 20
8.282017954348369
 30
0.0
 11
79.18800261316215
 21
17.86341902631885
 31
0.0
  0
LINE
  5
D0
330
1F
100
AcDbEntity
  8
Walls$Boundary
100
AcDbLine
 10
86.65533658423237
 20
8.282017954348373
 30
0.0
 11
79.18800261316215
 21
8.282017954348369
 31
0.0
  0
LINE
  5
D1
330
1F
100
AcDbEntity
  8
Walls$Boundary
100
AcDbLine
 10
86.65533658423237
 20
17.86341902631885
 30
0.0
 11
86.65533658423237
 21
8.282017954348373
 31
0.0
  0
LINE
  5
D2
330
1F
100
AcDbEntity
  8
Walls$Boundary
100
AcDbLine
 10
86.21202552980986
 20
17.86341902631885
 30
0.0
 11
86.65533658423237
 21
17.86341902631885
 31
0.0
  0
LINE
  5
D3
330
1F
100
AcDbEntity
  8
Walls$Boundary
100
AcDbLine
 10
86.21202552980986
 20
18.35235668931905
 30
0.0
 11
86.21202552980986
 21
17.86341902631885
 31
0.0
  0
LINE
  5
D4
330
1F
100
AcDbEntity
  8
Walls$Boundary
100
AcDbLine
 10
91.54297983711365
 20
18.35235668931882
 30
0.0
 11
86.21202552980986
 21
18.35235668931905
 31
0.0
  0
LINE
  5
D5
330
1F
100
AcDbEntity
  8
Walls$Boundary
100
AcDbLine
 10
91.54297983711365
 20
16.43563204620146
 30
0.0
 11
91.54297983711365
 21
18.35235668931882
 31
0.0
  0
LINE
  5
D6
330
1F
100
AcDbEntity
  8
Walls$Boundary
100
AcDbLine
 10
91.04297983711365
 20
16.43563204620146
 30
0.0
 11
91.54297983711365
 21
16.43563204620146
 31
0.0
  0
LINE
  5
D7
330
1F
100
AcDbEntity
  8
Walls$Boundary
100
AcDbLine
 10
91.04297983711365
 20
17.86341902631885
 30
0.0
 11
91.04297983711365
 21
16.43563204620146
 31
0.0
  0
LINE
  5
D8
330
1F
100
AcDbEntity
  8
Walls$Boundary
100
AcDbLine
 10
87.1341343108379
 20
17.86341902631885
 30
0.0
 11
91.04297983711365
 21
17.86341902631885
 31
0.0
  0
LINE
  5
D9
330
1F
100
AcDbEntity
  8
Walls$Boundary
100
AcDbLine
 10
87.1341343108379
 20
10.82335588449532
 30
0.0
 11
87.1341343108379
 21
17.86341902631885
 31
0.0
  0
LINE
  5
DA
330
1F
100
AcDbEntity
  8
Walls$Boundary
100
AcDbLine
 10
91.04297983711365
 20
10.82335588449532
 30
0.0
 11
87.1341343108379
 21
10.82335588449532
 31
0.0
  0
LINE
  5
DB
330
1F
100
AcDbEntity
  8
Walls$Boundary
100
AcDbLine
 10
91.04297983711365
 20
13.18563204620146
 30
0.0
 11
91.04297983711365
 21
10.82335588449532
 31
0.0
  0
LINE
  5
DC
330
1F
100
AcDbEntity
  8
Walls$Boundary
100
AcDbLine
 10
91.54297983711365
 20
13.18563204620146
 30
0.0
 11
91.04297983711365
 21
13.18563204620146
 31
0.0
  0
LINE
  5
DD
330
1F
100
AcDbEntity
  8
Walls$Boundary
100
AcDbLine
 10
91.54297983711365
 20
5.111181051315238
 30
0.0
 11
91.54297983711365
 21
13.18563204620146
 31
0.0
  0
LINE
  5
DE
330
1F
100
AcDbEntity
  8
Walls$Boundary
100
AcDbLine
 10
91.04297983711365
 20
5.111181051315238
 30
0.0
 11
91.54297983711365
 21
5.111181051315238
 31
0.0
  0
LINE
  5
DF
330
1F
100
AcDbEntity
  8
Walls$Boundary
100
AcDbLine
 10
91.04297983711365
 20
7.282017954348371
 30
0.0
 11
91.04297983711365
 21
5.111181051315238
 31
0.0
  0
LINE
  5
E0
330
1F
100
AcDbEntity
  8
Walls$Boundary
100
AcDbLine
 10
87.1341343108379
 20
7.282017954348371
 30
0.0
 11
91.04297983711365
 21
7.282017954348371
 31
0.0
  0
LINE
  5
E1
330
1F
100
AcDbEntity
  8
Walls$Boundary
100
AcDbLine
 10
87.1341343108379
 20
5.111181051315238
 30
0.0
 11
87.1341343108379
 21
7.282017954348371
 31
0.0
  0
LINE
  5
E2
330
1F
100
AcDbEntity
  8
Walls$Boundary
100
AcDbLine
 10
86.65533658423237
 20
5.111181051315239
 30
0.0
 11
87.1341343108379
 21
5.111181051315238
 31
0.0
  0
LINE
  5
E3
330
1F
100
AcDbEntity
  8
Walls$Boundary
100
AcDbLine
 10
86.65533658423237
 20
7.282017954348371
 30
0.0
 11
86.65533658423237
 21
5.111181051315239
 31
0.0
  0
LINE
  5
E4
330
1F
100
AcDbEntity
  8
Walls$Boundary
100
AcDbLine
 10
79.18800261316215
 20
7.282017954348368
 30
0.0
 11
86.65533658423237
 21
7.282017954348371
 31
0.0
  0
LINE
  5
E5
330
1F
100
AcDbEntity
  8
Walls$Boundary
100
AcDbLine
 10
79.18800261316215
 20
-12.73509032730895
 30
0.0
 11
79.18800261316215
 21
7.282017954348368
 31
0.0
  0
LINE
  5
E6
330
1F
100
AcDbEntity
  8
Walls$Boundary
100
AcDbLine
 10
114.5520149218601
 20
-12.73509032730895
 30
0.0
 11
79.18800261316215
 21
-12.73509032730895
 31
0.0
  0
LINE
  5
E7
330
1F
100
AcDbEntity
  8
Walls$Boundary
100
AcDbLine
 10
114.5520149218601
 20
6.146472111835344
 30
0.0
 11
114.5520149218601
 21
-12.73509032730895
 31
0.0
  0
LINE
  5
E8
330
1F
100
AcDbEntity
  8
Walls$Boundary
100
AcDbLine
 10
96.302573312465
 20
6.146472111835662
 30
0.0
 11
114.5520149218601
 21
6.146472111835344
 31
0.0
  0
LINE
  5
E9
330
1F
100
AcDbEntity
  8
Walls$Boundary
100
AcDbLine
 10
96.302573312465
 20
13.18563204620146
 30
0.0
 11
96.302573312465
 21
6.146472111835662
 31
0.0
  0
LINE
  5
EA
330
1F
100
AcDbEntity
  8
Walls$Boundary
100
AcDbLine
 10
96.802573312465
 20
13.18563204620146
 30
0.0
 11
96.302573312465
 21
13.18563204620146
 31
0.0
  0
LINE
  5
EB
330
1F
100
AcDbEntity
  8
Walls$Boundary
100
AcDbLine
 10
96.802573312465
 20
6.646472111835322
 30
0.0
 11
96.802573312465
 21
13.18563204620146
 31
0.0
  0
LINE
  5
EC
330
1F
100
AcDbEntity
  8
Walls$Boundary
100
AcDbLine
 10
114.5520149218601
 20
6.646472111835344
 30
0.0
 11
96.802573312465
 21
6.646472111835322
 31
0.0
  0
LINE
  5
ED
330
1F
100
AcDbEntity
  8
Walls$Boundary
100
AcDbLine
 10
114.5520149218601
 20
19.06190572233406
 30
0.0
 11
114.5520149218601
 21
6.646472111835344
 31
0.0
  0
LINE
  5
EE
330
1F
100
AcDbEntity
  8
Walls$Boundary
100
AcDbLine
 10
96.802573312465
 20
19.06190572233409
 30
0.0
 11
114.5520149218601
 21
19.06190572233406
 31
0.0
  0
LINE
  5
EF
330
1F
100
AcDbEntity
  8
Walls$Boundary
100
AcDbLine
 10
96.802573312465
 20
16.43563204620146
 30
0.0
 11
96.802573312465
 21
19.06190572233409
 31
0.0
  0
LINE
  5
F0
330
1F
100
AcDbEntity
  8
Walls$Boundary
100
AcDbLine
 10
96.302573312465
 20
16.43563204620146
 30
0.0
 11
96.802573312465
 21
16.43563204620146
 31
0.0
  0
LINE
  5
F1
330
1F
100
AcDbEntity
  8
Walls$Boundary
100
AcDbLine
 10
96.302573312465
 20
24.7918620393357
 30
0.0
 11
96.302573312465
 21
16.43563204620146
 31
0.0
  0
LINE
  5
F2
330
1F
100
AcDbEntity
  8
Walls$Boundary
100
AcDbLine
 10
79.18800261316215
 20
24.7918620393357
 30
0.0
 11
96.302573312465
 21
24.7918620393357
 31
0.0
  0
LINE
  5
F3
330
1F
100
AcDbEntity
  8
Walls$Boundary
100
AcDbLine
 10
79.18800261316215
 20
24.43331318663077
 30
0.0
 11
79.18800261316215
 21
24.7918620393357
 31
0.0
  0
LINE
  5
F4
330
1F
100
AcDbEntity
  8
Walls$Boundary
100
AcDbLine
 10
78.18800261316215
 20
24.43331318663077
 30
0.0
 11
79.18800261316215
 21
24.43331318663077
 31
0.0
  0
LINE
  5
F5
330
1F
100
AcDbEntity
  8
Walls$Boundary
100
AcDbLine
 10
78.18800261316214
 20
29.61783784729773
 30
0.0
 11
78.18800261316215
 21
24.43331318663077
 31
0.0
  0
LINE
  5
F6
330
1F
100
AcDbEntity
  8
Walls$Boundary
100
AcDbLine
 10
76.4469559042765
 20
29.61783784729773
 30
0.0
 11
78.18800261316214
 21
29.61783784729773
 31
0.0
  0
LINE
  5
F7
330
1F
100
AcDbEntity
  8
Walls$Boundary
100
AcDbLine
 10
76.4469559042765
 20
30.61783784729773
 30
0.0
 11
76.4469559042765
 21
29.61783784729773
 31
0.0
  0
LINE
  5
F8
330
1F
100
AcDbEntity
  8
Walls$Boundary
100
AcDbLine
 10
78.69427955347868
 20
30.61783784729773
 30
0.0
 11
76.4469559042765
 21
30.61783784729773
 31
0.0
  0
LINE
  5
F9
330
1F
100
AcDbEntity
  8
Walls$Boundary
100
AcDbLine
 10
78.69427955347868
 20
33.80722673255988
 30
0.0
 11
78.69427955347868
 21
30.61783784729773
 31
0.0
  0
LINE
  5
FA
330
1F
100
AcDbEntity
  8
Walls$Boundary
100
AcDbLine
 10
79.18800261316215
 20
33.80722673255988
 30
0.0
 11
78.69427955347868
 21
33.80722673255988
 31
0.0
  0
LINE
  5
FB
330
1F
100
AcDbEntity
  8
Walls$Boundary
100
AcDbLine
 10
79.18800261316215
 20
32.9983127337916
 30
0.0
 11
79.18800261316215
 21
33.80722673255988
 31
0.0
  0
LINE
  5
FC
330
1F
100
AcDbEntity
  8
Walls$Boundary
100
AcDbLine
 10
83.39595601851136
 20
32.9983127337916
 30
0.0
 11
79.18800261316215
 21
32.9983127337916
 31
0.0
  0
LINE
  5
FD
330
1F
100
AcDbEntity
  8
Walls$Boundary
100
AcDbLine
 10
83.39595601851136
 20
32.4983127337916
 30
0.0
 11
83.39595601851136
 21
32.9983127337916
 31
0.0
  0
LINE
  5
FE
330
1F
100
AcDbEntity
  8
Walls$Boundary
100
AcDbLine
 10
79.18800261316215
 20
32.4983127337916
 30
0.0
 11
83.39595601851136
 21
32.4983127337916
 31
0.0
  0
LINE
  5
FF
330
1F
100
AcDbEntity
  8
Walls$Boundary
100
AcDbLine
 10
79.18800261316215
 20
30.61783784729772
 30
0.0
 11
79.18800261316215
 21
32.4983127337916
 31
0.0
  0
LINE
  5
100
330
1F
100
AcDbEntity
  8
Walls$Boundary
100
AcDbLine
 10
79.18800261316215
 20
25.74527730880193
 30
0.0
 11
79.18800261316215
 21
30.61783784729772
 31
0.0
  0
LINE
  5
101
330
1F
100
AcDbEntity
  8
Walls$Boundary
100
AcDbLine
 10
90.5550307128164
 20
25.74527730880193
 30
0.0
 11
79.18800261316215
 21
25.74527730880193
 31
0.0
  0
LINE
  5
102
330
1F
100
AcDbEntity
  8
Walls$Boundary
100
AcDbLine
 10
90.5550307128164
 20
32.49831273379161
 30
0.0
 11
90.5550307128164
 21
25.74527730880193
 31
0.0
  0
LINE
  5
103
330
1F
100
AcDbEntity
  8
Walls$Boundary
100
AcDbLine
 10
86.64595601851136
 20
32.4983127337916
 30
0.0
 11
90.5550307128164
 21
32.49831273379161
 31
0.0
  0
LINE
  5
104
330
1F
100
AcDbEntity
  8
Walls$Boundary
100
AcDbLine
 10
86.64595601851136
 20
32.9983127337916
 30
0.0
 11
86.64595601851136
 21
32.4983127337916
 31
0.0
  0
LINE
  5
105
330
1F
100
AcDbEntity
  8
Walls$Boundary
100
AcDbLine
 10
90.5550307128164
 20
32.9983127337916
 30
0.0
 11
86.64595601851136
 21
32.9983127337916
 31
0.0
  0
LINE
  5
106
330
1F
100
AcDbEntity
  8
Walls$Boundary
100
AcDbLine
 10
90.5550307128164
 20
33.79040305181878
 30
0.0
 11
90.5550307128164
 21
32.9983127337916
 31
0.0
  0
LINE
  5
107
330
1F
100
AcDbEntity
  8
Walls$Boundary
100
AcDbLine
 10
91.5550307128164
 20
33.79040305181879
 30
0.0
 11
90.5550307128164
 21
33.79040305181878
 31
0.0
  0
LINE
  5
108
330
1F
100
AcDbEntity
  8
Walls$Boundary
100
AcDbLine
 10
91.5550307128164
 20
25.74686958289042
 30
0.0
 11
91.5550307128164
 21
33.79040305181879
 31
0.0
  0
LINE
  5
109
330
1F
100
AcDbEntity
  8
Walls$Boundary
100
AcDbLine
 10
96.302573312465
 20
25.74686958289042
 30
0.0
 11
91.5550307128164
 21
25.74686958289042
 31
0.0
  0
LINE
  5
10A
330
1F
100
AcDbEntity
  8
Walls$Boundary
100
AcDbLine
 10
96.30259039214995
 20
26.16233234596091
 30
0.0
 11
96.302573312465
 21
25.74686958289042
 31
0.0
  0
LINE
  5
10B
330
1F
100
AcDbEntity
  8
Walls$Boundary
100
AcDbLine
 10
97.302573312465
 20
26.16233234596091
 30
0.0
 11
96.30259039214995
 21
26.16233234596091
 31
0.0
  0
LINE
  5
10C
330
1F
100
AcDbEntity
  8
Walls$Boundary
100
AcDbLine
 10
97.302573312465
 20
20.06190572233409
 30
0.0
 11
97.302573312465
 21
26.16233234596091
 31
0.0
  0
LINE
  5
10D
330
1F
100
AcDbEntity
  8
Walls$Boundary
100
AcDbLine
 10
114.5520149218601
 20
20.06190572233406
 30
0.0
 11
97.302573312465
 21
20.06190572233409
 31
0.0
  0
LINE
  5
10E
330
1F
100
AcDbEntity
  8
Walls$Boundary
100
AcDbLine
 10
114.5520149218601
 20
32.51905789252121
 30
0.0
 11
114.5520149218601
 21
20.06190572233406
 31
0.0
  0
LINE
  5
10F
330
1F
100
AcDbEntity
  8
Walls$Boundary
100
AcDbLine
 10
97.302573312465
 20
32.51905789252118
 30
0.0
 11
114.5520149218601
 21
32.51905789252121
 31
0.0
  0
LINE
  5
110
330
1F
100
AcDbEntity
  8
Walls$Boundary
100
AcDbLine
 10
97.302573312465
 20
29.41233234596091
 30
0.0
 11
97.302573312465
 21
32.51905789252118
 31
0.0
  0
LINE
  5
111
330
1F
100
AcDbEntity
  8
Walls$Boundary
100
AcDbLine
 10
96.30259039214995
 20
29.41233234596091
 30
0.0
 11
97.302573312465
 21
29.41233234596091
 31
0.0
  0
LINE
  5
112
330
1F
100
AcDbEntity
  8
Walls$Boundary
100
AcDbLine
 10
96.302573312465
 20
33.51905789252119
 30
0.0
 11
96.30259039214995
 21
29.41233234596091
 31
0.0
  0
LINE
  5
113
330
1F
100
AcDbEntity
  8
Walls$Boundary
100
AcDbLine
 10
98.68121855322035
 20
33.51905789252118
 30
0.0
 11
96.302573312465
 21
33.51905789252119
 31
0.0
  0
LINE
  5
114
330
1F
100
AcDbEntity
  8
Walls$Boundary
100
AcDbLine
 10
98.68121855322036
 20
36.34264413933863
 30
0.0
 11
98.68121855322035
 21
33.51905789252118
 31
0.0
  0
LINE
  5
115
330
1F
100
AcDbEntity
  8
Walls$Boundary
100
AcDbLine
 10
99.18121855322035
 20
36.34264413933863
 30
0.0
 11
98.68121855322036
 21
36.34264413933863
 31
0.0
  0
LINE
  5
116
330
1F
100
AcDbEntity
  8
Walls$Boundary
100
AcDbLine
 10
99.18121855322035
 20
33.51905789252118
 30
0.0
 11
99.18121855322035
 21
36.34264413933863
 31
0.0
  0
LINE
  5
117
330
1F
100
AcDbEntity
  8
Walls$Boundary
100
AcDbLine
 10
114.5520149218601
 20
33.51905789252115
 30
0.0
 11
99.18121855322035
 21
33.51905789252118
 31
0.0
  0
LINE
  5
118
330
1F
100
AcDbEntity
  8
Walls$Boundary
100
AcDbLine
 10
114.5520149218601
 20
47.16641307944072
 30
0.0
 11
114.5520149218601
 21
33.51905789252115
 31
0.0
  0
LINE
  5
119
330
1F
100
AcDbEntity
  8
Walls$Boundary
100
AcDbLine
 10
99.18121855322035
 20
47.16641307944067
 30
0.0
 11
114.5520149218601
 21
47.16641307944072
 31
0.0
  0
LINE
  5
11A
330
1F
100
AcDbEntity
  8
Walls$Boundary
100
AcDbLine
 10
99.18121855322035
 20
39.59264413933863
 30
0.0
 11
99.18121855322035
 21
47.16641307944067
 31
0.0
  0
LINE
  5
11B
330
1F
100
AcDbEntity
  8
Walls$Boundary
100
AcDbLine
 10
98.6812185532204
 20
39.59264413933863
 30
0.0
 11
99.18121855322035
 21
39.59264413933863
 31
0.0
  0
LINE
  5
11C
330
1F
100
AcDbEntity
  8
Walls$Boundary
100
AcDbLine
 10
98.68121855322035
 20
47.16641307944067
 30
0.0
 11
98.6812185532204
 21
39.59264413933863
 31
0.0
  0
LINE
  5
11D
330
1F
100
AcDbEntity
  8
Walls$Boundary
100
AcDbLine
 10
96.30257331246501
 20
47.16641307944067
 30
0.0
 11
98.68121855322035
 21
47.16641307944067
 31
0.0
  0
LINE
  5
11E
330
1F
100
AcDbEntity
  8
Walls$Boundary
100
AcDbLine
 10
96.30257331246501
 20
47.66641307944067
 30
0.0
 11
96.30257331246501
 21
47.16641307944067
 31
0.0
  0
LINE
  5
11F
330
1F
100
AcDbEntity
  8
Walls$Boundary
100
AcDbLine
 10
114.5520149218601
 20
47.66641307944066
 30
0.0
 11
96.30257331246501
 21
47.66641307944067
 31
0.0
  0
LINE
  5
120
330
1F
100
AcDbEntity
  8
Walls$Boundary
100
AcDbLine
 10
114.5520149218601
 20
61.32415417358833
 30
0.0
 11
114.5520149218601
 21
47.66641307944066
 31
0.0
  0
LINE
  5
121
330
1F
100
AcDbEntity
  8
Walls$Boundary
100
AcDbLine
 10
81.7543329645973
 20
61.32415417358833
 30
0.0
 11
114.5520149218601
 21
61.32415417358833
 31
0.0
  0
LINE
  5
122
330
1F
100
AcDbEntity
  8
Walls$Boundary
100
AcDbLine
 10
81.75433296459732
 20
47.16641307944067
 30
0.0
 11
81.7543329645973
 21
61.32415417358833
 31
0.0
  0
LINE
  5
123
330
1F
100
AcDbEntity
  8
Walls$Boundary
100
AcDbLine
 10
78.32008684838507
 20
47.16641307944067
 30
0.0
 11
81.75433296459732
 21
47.16641307944067
 31
0.0
  0
LINE
  5
124
330
1F
100
AcDbEntity
  8
Walls$Boundary
100
AcDbLine
 10
78.32008684838507
 20
47.66641307944067
 30
0.0
 11
78.32008684838507
 21
47.16641307944067
 31
0.0
  0
LINE
  5
125
330
1F
100
AcDbEntity
  8
Walls$Boundary
100
AcDbLine
 10
81.25433296459732
 20
47.66641307944067
 30
0.0
 11
78.32008684838507
 21
47.66641307944067
 31
0.0
  0
LINE
  5
126
330
1F
100
AcDbEntity
  8
Walls$Boundary
100
AcDbLine
 10
81.25433296459735
 20
61.32415417358833
 30
0.0
 11
81.25433296459732
 21
47.66641307944067
 31
0.0
  0
LINE
  5
127
330
1F
100
AcDbEntity
  8
Walls$Boundary
100
AcDbLine
 10
67.69178447791487
 20
61.32415417358833
 30
0.0
 11
81.25433296459735
 21
61.32415417358833
 31
0.0
  0
LINE
  5
128
330
1F
100
AcDbEntity
  8
Walls$Boundary
100
AcDbLine
 10
67.6917844779149
 20
47.66641307944067
 30
0.0
 11
67.69178447791487
 21
61.32415417358833
 31
0.0
  0
LINE
  5
129
330
1F
100
AcDbEntity
  8
Walls$Boundary
100
AcDbLine
 10
75.07008684838507
 20
47.66641307944067
 30
0.0
 11
67.6917844779149
 21
47.66641307944067
 31
0.0
  0
LINE
  5
12A
330
1F
100
AcDbEntity
  8
Walls$Boundary
100
AcDbLine
 10
75.07008684838507
 20
47.16641307944067
 30
0.0
 11
75.07008684838507
 21
47.66641307944067
 31
0.0
  0
LINE
  5
12B
330
1F
100
AcDbEntity
  8
Walls$Boundary
100
AcDbLine
 10
67.6917844779149
 20
47.16641307944067
 30
0.0
 11
75.07008684838507
 21
47.16641307944067
 31
0.0
  0
LINE
  5
12C
330
1F
100
AcDbEntity
  8
Walls$Boundary
100
AcDbLine
 10
67.6917844779149
 20
41.12799714971738
 30
0.0
 11
67.6917844779149
 21
47.16641307944067
 31
0.0
  0
LINE
  5
12D
330
1F
100
AcDbEntity
  8
Walls$Boundary
100
AcDbLine
 10
72.15245511766307
 20
41.12799714971738
 30
0.0
 11
67.6917844779149
 21
41.12799714971738
 31
0.0
  0
LINE
  5
12E
330
1F
100
AcDbEntity
  8
Walls$Boundary
100
AcDbLine
 10
72.15245511766307
 20
38.95389808567319
 30
0.0
 11
72.15245511766307
 21
41.12799714971738
 31
0.0
  0
LINE
  5
12F
330
1F
100
AcDbEntity
  8
Walls$Boundary
100
AcDbLine
 10
71.65245511766307
 20
38.95389808567319
 30
0.0
 11
72.15245511766307
 21
38.95389808567319
 31
0.0
  0
LINE
  5
130
330
1F
100
AcDbEntity
  8
Walls$Boundary
100
AcDbLine
 10
71.65245511766307
 20
40.62799714971738
 30
0.0
 11
71.65245511766307
 21
38.95389808567319
 31
0.0
  0
LINE
  5
131
330
1F
100
AcDbEntity
  8
Walls$Boundary
100
AcDbLine
 10
67.6917844779149
 20
40.62799714971738
 30
0.0
 11
71.65245511766307
 21
40.62799714971738
 31
0.0
  0
LINE
  5
132
330
1F
100
AcDbEntity
  8
Walls$Boundary
100
AcDbLine
 10
67.6917844779149
 20
32.9986706043554
 30
0.0
 11
67.6917844779149
 21
40.62799714971738
 31
0.0
  0
LINE
  5
133
330
1F
100
AcDbEntity
  8
Walls$Boundary
100
AcDbLine
 10
71.65245511766307
 20
32.9986706043554
 30
0.0
 11
67.6917844779149
 21
32.9986706043554
 31
0.0
  0
LINE
  5
134
330
1F
100
AcDbEntity
  8
Walls$Boundary
100
AcDbLine
 10
71.65245511766307
 20
35.70389808567319
 30
0.0
 11
71.65245511766307
 21
32.9986706043554
 31
0.0
  0
LINE
  5
135
330
1F
100
AcDbEntity
  8
Walls$Boundary
100
AcDbLine
 10
72.15245511766307
 20
35.70389808567319
 30
0.0
 11
71.65245511766307
 21
35.70389808567319
 31
0.0
  0
LINE
  5
136
330
1F
100
AcDbEntity
  8
Walls$Boundary
100
AcDbLine
 10
72.15245511766307
 20
30.61783784729773
 30
0.0
 11
72.15245511766307
 21
35.70389808567319
 31
0.0
  0
LINE
  5
137
330
1F
100
AcDbEntity
  8
Walls$Boundary
100
AcDbLine
 10
72.44695590427648
 20
30.61783784729773
 30
0.0
 11
72.15245511766307
 21
30.61783784729773
 31
0.0
  0
LINE
  5
138
330
1F
100
AcDbEntity
  8
Walls$Boundary
100
AcDbLine
 10
72.4469559042765
 20
29.61783784729773
 30
0.0
 11
72.44695590427648
 21
30.61783784729773
 31
0.0
  0
LINE
  5
139
330
1F
100
AcDbEntity
  8
Walls$Boundary
100
AcDbLine
 10
25.57397692348238
 20
29.61783784729773
 30
0.0
 11
72.4469559042765
 21
29.61783784729773
 31
0.0
  0
LINE
  5
13A
330
1F
100
AcDbEntity
  8
Walls$Boundary
100
AcDbLine
 10
25.57397692348239
 20
30.61783784729773
 30
0.0
 11
25.57397692348238
 21
29.61783784729773
 31
0.0
  0
LINE
  5
13B
330
1F
100
AcDbEntity
  8
Walls$Boundary
100
AcDbLine
 10
33.07207399741397
 20
30.61783784729717
 30
0.0
 11
25.57397692348239
 21
30.61783784729773
 31
0.0
  0
LINE
  5
13C
330
1F
100
AcDbEntity
  8
Walls$Boundary
100
AcDbLine
 10
33.07207399741396
 20
35.70182610623854
 30
0.0
 11
33.07207399741397
 21
30.61783784729717
 31
0.0
  0
LINE
  5
13D
330
1F
100
AcDbEntity
  8
Walls$Boundary
100
AcDbLine
 10
33.57207399741396
 20
35.70182610623854
 30
0.0
 11
33.07207399741396
 21
35.70182610623854
 31
0.0
  0
LINE
  5
13E
330
1F
100
AcDbEntity
  8
Walls$Boundary
100
AcDbLine
 10
33.57207399741397
 20
33.01195934996052
 30
0.0
 11
33.57207399741396
 21
35.70182610623854
 31
0.0
  0
LINE
  5
13F
330
1F
100
AcDbEntity
  8
Walls$Boundary
100
AcDbLine
 10
37.4574508405323
 20
33.01195934996052
 30
0.0
 11
33.57207399741397
 21
33.01195934996052
 31
0.0
  0
LINE
  5
140
330
1F
100
AcDbEntity
  8
Walls$Boundary
100
AcDbLine
 10
37.4574508405323
 20
40.23202883156695
 30
0.0
 11
37.4574508405323
 21
33.01195934996052
 31
0.0
  0
LINE
  5
141
330
1F
100
AcDbEntity
  8
Walls$Boundary
100
AcDbLine
 10
33.57207399741396
 20
40.23202883156695
 30
0.0
 11
37.4574508405323
 21
40.23202883156695
 31
0.0
  0
LINE
  5
142
330
1F
100
AcDbEntity
  8
Walls$Boundary
100
AcDbLine
 10
33.57207399741396
 20
38.95182610623854
 30
0.0
 11
33.57207399741396
 21
40.23202883156695
 31
0.0
  0
LINE
  5
143
330
1F
100
AcDbEntity
  8
Walls$Boundary
100
AcDbLine
 10
33.07207399741396
 20
38.95182610623854
 30
0.0
 11
33.57207399741396
 21
38.95182610623854
 31
0.0
  0
LINE
  5
144
330
1F
100
AcDbEntity
  8
Walls$Boundary
100
AcDbLine
 10
33.07207399741397
 20
40.23202883156695
 30
0.0
 11
33.07207399741396
 21
38.95182610623854
 31
0.0
  0
LINE
  5
145
330
1F
100
AcDbEntity
  8
Walls$Boundary
100
AcDbLine
 10
26.24532834352763
 20
40.23202883156694
 30
0.0
 11
33.07207399741397
 21
40.23202883156695
 31
0.0
  0
LINE
  5
146
330
1F
100
AcDbEntity
  8
Walls$Boundary
100
AcDbLine
 10
26.24532834352763
 20
44.97767903780698
 30
0.0
 11
26.24532834352763
 21
40.23202883156694
 31
0.0
  0
LINE
  5
147
330
1F
100
AcDbEntity
  8
Walls$Boundary
100
AcDbLine
 10
26.74532834352763
 20
44.97767903780698
 30
0.0
 11
26.24532834352763
 21
44.97767903780698
 31
0.0
  0
LINE
  5
148
330
1F
100
AcDbEntity
  8
Walls$Boundary
100
AcDbLine
 10
26.74532834352763
 20
40.73202883156695
 30
0.0
 11
26.74532834352763
 21
44.97767903780698
 31
0.0
  0
LINE
  5
149
330
1F
100
AcDbEntity
  8
Walls$Boundary
100
AcDbLine
 10
37.4574508405323
 20
40.73202883156695
 30
0.0
 11
26.74532834352763
 21
40.73202883156695
 31
0.0
  0
LINE
  5
14A
330
1F
100
AcDbEntity
  8
Walls$Boundary
100
AcDbLine
 10
37.4574508405323
 20
50.80474828546387
 30
0.0
 11
37.4574508405323
 21
40.73202883156695
 31
0.0
  0
LINE
  5
14B
330
1F
100
AcDbEntity
  8
Walls$Boundary
100
AcDbLine
 10
26.74532834352763
 20
50.80474828546388
 30
0.0
 11
37.4574508405323
 21
50.80474828546387
 31
0.0
  0
LINE
  5
14C
330
1F
100
AcDbEntity
  8
Walls$Boundary
100
AcDbLine
 10
26.74532834352763
 20
48.22767903780698
 30
0.0
 11
26.74532834352763
 21
50.80474828546388
 31
0.0
  0
LINE
  5
14D
330
1F
100
AcDbEntity
  8
Walls$Boundary
100
AcDbLine
 10
26.24532834352763
 20
48.22767903780698
 30
0.0
 11
26.74532834352763
 21
48.22767903780698
 31
0.0
  0
LINE
  5
14E
330
1F
100
AcDbEntity
  8
Walls$Boundary
100
AcDbLine
 10
26.24532834352762
 20
55.47470009269713
 30
0.0
 11
26.24532834352763
 21
48.22767903780698
 31
0.0
  0
LINE
  5
14F
330
1F
100
AcDbEntity
  8
Walls$Boundary
100
AcDbLine
 10
26.74532834352763
 20
55.47470009269713
 30
0.0
 11
26.24532834352762
 21
55.47470009269713
 31
0.0
  0
LINE
  5
150
330
1F
100
AcDbEntity
  8
Walls$Boundary
100
AcDbLine
 10
26.74532834352763
 20
51.30474828546388
 30
0.0
 11
26.74532834352763
 21
55.47470009269713
 31
0.0
  0
LINE
  5
151
330
1F
100
AcDbEntity
  8
Walls$Boundary
100
AcDbLine
 10
37.4574508405323
 20
51.30474828546388
 30
0.0
 11
26.74532834352763
 21
51.30474828546388
 31
0.0
  0
LINE
  5
152
330
1F
100
AcDbEntity
  8
Walls$Boundary
100
AcDbLine
 10
37.4574508405323
 20
61.32415417358833
 30
0.0
 11
37.4574508405323
 21
51.30474828546388
 31
0.0
  0
LINE
  5
153
330
1F
100
AcDbEntity
  8
Walls$Boundary
100
AcDbLine
 10
26.74532834352764
 20
61.32415417358833
 30
0.0
 11
37.4574508405323
 21
61.32415417358833
 31
0.0
  0
LINE
  5
154
330
1F
100
AcDbEntity
  8
Walls$Boundary
100
AcDbLine
 10
26.74532834352763
 20
58.72470009269712
 30
0.0
 11
26.74532834352764
 21
61.32415417358833
 31
0.0
  0
LINE
  5
155
330
1F
100
AcDbEntity
  8
Walls$Boundary
100
AcDbLine
 10
26.24532834352762
 20
58.72470009269713
 30
0.0
 11
26.74532834352763
 21
58.72470009269712
 31
0.0
  0
LINE
  5
156
330
1F
100
AcDbEntity
  8
Walls$Boundary
100
AcDbLine
 10
26.24532834352764
 20
61.32415417358833
 30
0.0
 11
26.24532834352762
 21
58.72470009269713
 31
0.0
  0
LINE
  5
157
330
1F
100
AcDbEntity
  8
Walls$Boundary
100
AcDbLine
 10
6.999350910674698
 20
61.32415417358833
 30
0.0
 11
26.24532834352764
 21
61.32415417358833
 31
0.0
  0
LINE
  5
158
330
1F
100
AcDbEntity
  8
Walls$Boundary
100
AcDbLine
 10
6.999350910674694
 20
46.28775867661786
 30
0.0
 11
6.999350910674698
 21
61.32415417358833
 31
0.0
  0
LINE
  5
159
330
1F
100
AcDbEntity
  8
Walls$Boundary
100
AcDbLine
 10
6.499350910674694
 20
46.28775867661786
 30
0.0
 11
6.999350910674694
 21
46.28775867661786
 31
0.0
  0
LINE
  5
15A
330
1F
100
AcDbEntity
  8
Walls$Boundary
100
AcDbLine
 10
6.499350910674696
 20
61.32415417358833
 30
0.0
 11
6.499350910674694
 21
46.28775867661786
 31
0.0
  0
LINE
  5
15B
330
1F
100
AcDbEntity
  8
Walls$Boundary
100
AcDbLine
 10
-4.347586342153242
 20
61.32415417358833
 30
0.0
 11
6.499350910674696
 21
61.32415417358833
 31
0.0
  0
LINE
  5
15C
330
1F
100
AcDbEntity
  8
Walls$Boundary
100
AcDbLine
 10
-4.347586342153232
 20
41.13082959414517
 30
0.0
 11
-4.347586342153242
 21
61.32415417358833
 31
0.0
  0
LINE
  5
15D
330
1F
100
AcDbEntity
  8
Walls$Boundary
100
AcDbLine
 10
6.499350910674695
 20
41.13082959414517
 30
0.0
 11
-4.347586342153232
 21
41.13082959414517
 31
0.0
  0
LINE
  5
15E
330
1F
100
AcDbEntity
  8
Walls$Boundary
100
AcDbLine
 10
6.499350910674694
 20
43.03775867661786
 30
0.0
 11
6.499350910674695
 21
41.13082959414517
 31
0.0
  0
LINE
  5
15F
330
1F
100
AcDbEntity
  8
Walls$Boundary
100
AcDbLine
 10
6.999350910674694
 20
43.03775867661786
 30
0.0
 11
6.499350910674694
 21
43.03775867661786
 31
0.0
  0
LINE
  5
160
330
1F
100
AcDbEntity
  8
Walls$Boundary
100
AcDbLine
 10
6.999350910674695
 20
36.87515736920012
 30
0.0
 11
6.999350910674694
 21
43.03775867661786
 31
0.0
  0
LINE
  5
161
330
1F
100
AcDbEntity
  8
Walls$Boundary
100
AcDbLine
 10
6.499350910674694
 20
36.87515736920012
 30
0.0
 11
6.999350910674695
 21
36.87515736920012
 31
0.0
  0
LINE
  5
162
330
1F
100
AcDbEntity
  8
Walls$Boundary
100
AcDbLine
 10
6.499350910674693
 20
40.13082959414517
 30
0.0
 11
6.499350910674694
 21
36.87515736920012
 31
0.0
  0
LINE
  5
163
330
1F
100
AcDbEntity
  8
Walls$Boundary
100
AcDbLine
 10
-0.6126821329752095
 20
40.13082959414517
 30
0.0
 11
6.499350910674693
 21
40.13082959414517
 31
0.0
  0
LINE
  5
164
330
1F
100
AcDbEntity
  8
Walls$Boundary
100
AcDbLine
 10
-0.6126821329752082
 20
37.26024891558899
 30
0.0
 11
-0.6126821329752095
 21
40.13082959414517
 31
0.0
  0
LINE
  5
165
330
1F
100
AcDbEntity
  8
Walls$Boundary
100
AcDbLine
 10
-1.095862681177913
 20
37.26024891558899
 30
0.0
 11
-0.6126821329752082
 21
37.26024891558899
 31
0.0
  0
LINE
  5
166
330
1F
100
AcDbEntity
  8
Walls$Boundary
100
AcDbLine
 10
-1.095862681177913
 20
40.13082959414518
 30
0.0
 11
-1.095862681177913
 21
37.26024891558899
 31
0.0
  0
LINE
  5
167
330
1F
100
AcDbEntity
  8
Walls$Boundary
100
AcDbLine
 10
-4.34758634215323
 20
40.13082959414517
 30
0.0
 11
-1.095862681177913
 21
40.13082959414518
 31
0.0
  0
LINE
  5
168
330
1F
100
AcDbEntity
  8
Walls$Boundary
100
AcDbLine
 10
-4.347586342153233
 20
30.61783784729773
 30
0.0
 11
-4.34758634215323
 21
40.13082959414517
 31
0.0
  0
LINE
  5
169
330
1F
100
AcDbEntity
  8
Walls$Boundary
100
AcDbLine
 10
6.499350910674691
 20
30.61783784729773
 30
0.0
 11
-4.347586342153233
 21
30.61783784729773
 31
0.0
  0
LINE
  5
16A
330
1F
100
AcDbEntity
  8
Walls$Boundary
100
AcDbLine
 10
6.499350910674694
 20
33.62515736920013
 30
0.0
 11
6.499350910674691
 21
30.61783784729773
 31
0.0
  0
LINE
  5
16B
330
1F
100
AcDbEntity
  8
Walls$Boundary
100
AcDbLine
 10
6.999350910674695
 20
33.62515736920013
 30
0.0
 11
6.499350910674694
 21
33.62515736920013
 31
0.0
  0
LINE
  5
16C
330
1F
100
AcDbEntity
  8
Walls$Boundary
100
AcDbLine
 10
6.999350910674691
 20
30.61783784729773
 30
0.0
 11
6.999350910674695
 21
33.62515736920013
 31
0.0
  0
LINE
  5
16D
330
1F
100
AcDbEntity
  8
Walls$Boundary
100
AcDbLine
 10
21.57397692348239
 20
30.61783784729773
 30
0.0
 11
6.999350910674691
 21
30.61783784729773
 31
0.0
  0
LINE
  5
16E
330
1F
100
AcDbEntity
  8
Walls$Boundary
100
AcDbLine
 10
21.5739769234824
 20
29.61783784729773
 30
0.0
 11
21.57397692348239
 21
30.61783784729773
 31
0.0
  0
LINE
  5
16F
330
1F
100
AcDbEntity
  8
Walls$Boundary
100
AcDbLine
 10
-17.32639885420237
 20
29.61783784729773
 30
0.0
 11
21.5739769234824
 21
29.61783784729773
 31
0.0
  0
LINE
  5
170
330
1F
100
AcDbEntity
  8
Walls$Boundary
100
AcDbLine
 10
-17.32639885420237
 20
30.61783784729773
 30
0.0
 11
-17.32639885420237
 21
29.61783784729773
 31
0.0
  0
LINE
  5
171
330
1F
100
AcDbEntity
  8
Walls$Boundary
100
AcDbLine
 10
-16.70888098088405
 20
30.61783784729773
 30
0.0
 11
-17.32639885420237
 21
30.61783784729773
 31
0.0
  0
LINE
  5
172
330
1F
100
AcDbEntity
  8
Walls$Boundary
100
AcDbLine
 10
-16.70888098088405
 20
33.53432779929493
 30
0.0
 11
-16.70888098088405
 21
30.61783784729773
 31
0.0
  0
LINE
  5
173
330
1F
100
AcDbEntity
  8
Walls$Boundary
100
AcDbLine
 10
-16.20888098088405
 20
33.53432779929493
 30
0.0
 11
-16.70888098088405
 21
33.53432779929493
 31
0.0
  0
LINE
  5
174
330
1F
100
AcDbEntity
  8
Walls$Boundary
100
AcDbLine
 10
-16.20888098088405
 20
30.61783784729773
 30
0.0
 11
-16.20888098088405
 21
33.53432779929493
 31
0.0
  0
LINE
  5
175
330
1F
100
AcDbEntity
  8
Walls$Boundary
100
AcDbLine
 10
-5.34758634215323
 20
30.61783784729773
 30
0.0
 11
-16.20888098088405
 21
30.61783784729773
 31
0.0
  0
LINE
  5
176
330
1F
100
AcDbEntity
  8
Walls$Boundary
100
AcDbLine
 10
-5.34758634215323
 20
40.13082959414517
 30
0.0
 11
-5.34758634215323
 21
30.61783784729773
 31
0.0
  0
LINE
  5
177
330
1F
100
AcDbEntity
  8
Walls$Boundary
100
AcDbLine
 10
-12.12427528577981
 20
40.13082959414517
 30
0.0
 11
-5.34758634215323
 21
40.13082959414517
 31
0.0
  0
LINE
  5
178
330
1F
100
AcDbEntity
  8
Walls$Boundary
100
AcDbLine
 10
-12.12427528577981
 20
37.26024891558899
 30
0.0
 11
-12.12427528577981
 21
40.13082959414517
 31
0.0
  0
LINE
  5
179
330
1F
100
AcDbEntity
  8
Walls$Boundary
100
AcDbLine
 10
-12.61797980332368
 20
37.26024891558899
 30
0.0
 11
-12.12427528577981
 21
37.26024891558899
 31
0.0
  0
LINE
  5
17A
330
1F
100
AcDbEntity
  8
Walls$Boundary
100
AcDbLine
 10
-12.61797980332368
 20
40.13082959414517
 30
0.0
 11
-12.61797980332368
 21
37.26024891558899
 31
0.0
  0
LINE
  5
17B
330
1F
100
AcDbEntity
  8
Walls$Boundary
100
AcDbLine
 10
-16.20888098088391
 20
40.13082959414517
 30
0.0
 11
-12.61797980332368
 21
40.13082959414517
 31
0.0
  0
LINE
  5
17C
330
1F
100
AcDbEntity
  8
Walls$Boundary
100
AcDbLine
 10
-16.20888098088405
 20
36.78432779929493
 30
0.0
 11
-16.20888098088391
 21
40.13082959414517
 31
0.0
  0
LINE
  5
17D
330
1F
100
AcDbEntity
  8
Walls$Boundary
100
AcDbLine
 10
-16.70888098088405
 20
36.78432779929493
 30
0.0
 11
-16.20888098088405
 21
36.78432779929493
 31
0.0
  0
LINE
  5
17E
330
1F
100
AcDbEntity
  8
Walls$Boundary
100
AcDbLine
 10
-16.70888098088405
 20
41.13082959414517
 30
0.0
 11
-16.70888098088405
 21
36.78432779929493
 31
0.0
  0
LINE
  5
17F
330
1F
100
AcDbEntity
  8
Walls$Boundary
100
AcDbLine
 10
-16.70888098088405
 20
43.23428631016702
 30
0.0
 11
-16.70888098088405
 21
41.13082959414517
 31
0.0
  0
LINE
  5
180
330
1F
100
AcDbEntity
  8
Walls$Boundary
100
AcDbLine
 10
-16.20888098088405
 20
43.23428631016702
 30
0.0
 11
-16.70888098088405
 21
43.23428631016702
 31
0.0
  0
LINE
  5
181
330
1F
100
AcDbEntity
  8
Walls$Boundary
100
AcDbLine
 10
-16.20888098088405
 20
41.13082959414517
 30
0.0
 11
-16.20888098088405
 21
43.23428631016702
 31
0.0
  0
LINE
  5
182
330
1F
100
AcDbEntity
  8
Walls$Boundary
100
AcDbLine
 10
-5.347586342153232
 20
41.13082959414517
 30
0.0
 11
-16.20888098088405
 21
41.13082959414517
 31
0.0
  0
LINE
  5
183
330
1F
100
AcDbEntity
  8
Walls$Boundary
100
AcDbLine
 10
-5.347586342153212
 20
61.32415417358833
 30
0.0
 11
-5.347586342153232
 21
41.13082959414517
 31
0.0
  0
LINE
  5
184
330
1F
100
AcDbEntity
  8
Walls$Boundary
100
AcDbLine
 10
-18.46811149856141
 20
61.32415417358833
 30
0.0
 11
-5.347586342153212
 21
61.32415417358833
 31
0.0
  0
LINE
  5
185
330
1F
100
AcDbEntity
  8
Walls$Boundary
100
AcDbLine
 10
-18.4681114985614
 20
46.98428631016702
 30
0.0
 11
-18.46811149856141
 21
61.32415417358833
 31
0.0
  0
LINE
  5
186
330
1F
100
AcDbEntity
  8
Walls$Boundary
100
AcDbLine
 10
-16.20888098088405
 20
46.98428631016702
 30
0.0
 11
-18.4681114985614
 21
46.98428631016702
 31
0.0
  0
LINE
  5
187
330
1F
100
AcDbEntity
  8
Walls$Boundary
100
AcDbLine
 10
-16.20888098088405
 20
46.48428631016702
 30
0.0
 11
-16.20888098088405
 21
46.98428631016702
 31
0.0
  0
LINE
  5
188
330
1F
100
AcDbEntity
  8
Walls$Boundary
100
AcDbLine
 10
-16.70888098088405
 20
46.48428631016702
 30
0.0
 11
-16.20888098088405
 21
46.48428631016702
 31
0.0
  0
LINE
  5
189
330
1F
100
AcDbEntity
  8
Walls$Boundary
100
AcDbLine
 10
-18.4681114985614
 20
46.48428631016702
 30
0.0
 11
-16.70888098088405
 21
46.48428631016702
 31
0.0
  0
LINE
  5
18A
330
1F
100
AcDbEntity
  8
Walls$Boundary
100
AcDbLine
 10
-23.77747675509665
 20
46.48428631016702
 30
0.0
 11
-18.4681114985614
 21
46.48428631016702
 31
0.0
  0
LINE
  5
18B
330
1F
100
AcDbEntity
  8
Walls$Boundary
100
AcDbLine
 10
-23.77747675509665
 20
46.98428631016702
 30
0.0
 11
-23.77747675509665
 21
46.48428631016702
 31
0.0
  0
LINE
  5
18C
330
1F
100
AcDbEntity
  8
Walls$Boundary
100
AcDbLine
 10
-18.9681114985614
 20
46.98428631016702
 30
0.0
 11
-23.77747675509665
 21
46.98428631016702
 31
0.0
  0
LINE
  5
18D
330
1F
100
AcDbEntity
  8
Walls$Boundary
100
AcDbLine
 10
-18.96811149856141
 20
61.32415417358833
 30
0.0
 11
-18.9681114985614
 21
46.98428631016702
 31
0.0
  0
LINE
  5
18E
330
1F
100
AcDbEntity
  8
Walls$Boundary
100
AcDbLine
 10
-29.73572762812862
 20
61.32415417358833
 30
0.0
 11
-18.96811149856141
 21
61.32415417358833
 31
0.0
  0
LINE
  5
18F
330
1F
100
AcDbEntity
  8
Walls$Boundary
100
AcDbLine
 10
-29.7357276281286
 20
46.98428631016702
 30
0.0
 11
-29.73572762812862
 21
61.32415417358833
 31
0.0
  0
LINE
  5
190
330
1F
100
AcDbEntity
  8
Walls$Boundary
100
AcDbLine
 10
-27.02747675509665
 20
46.98428631016702
 30
0.0
 11
-29.7357276281286
 21
46.98428631016702
 31
0.0
  0
LINE
  5
191
330
1F
100
AcDbEntity
  8
Walls$Boundary
100
AcDbLine
 10
-27.02747675509665
 20
46.48428631016702
 30
0.0
 11
-27.02747675509665
 21
46.98428631016702
 31
0.0
  0
LINE
  5
192
330
1F
100
AcDbEntity
  8
Walls$Boundary
100
AcDbLine
 10
-33.06816694326407
 20
46.48428631016702
 30
0.0
 11
-27.02747675509665
 21
46.48428631016702
 31
0.0
  0
LINE
  5
193
330
1F
100
AcDbEntity
  8
Walls$Boundary
100
AcDbLine
 10
-33.06816694326408
 20
46.98428631016702
 30
0.0
 11
-33.06816694326407
 21
46.48428631016702
 31
0.0
  0
LINE
  5
194
330
1F
100
AcDbEntity
  8
Walls$Boundary
100
AcDbLine
 10
-30.2357276281286
 20
46.98428631016702
 30
0.0
 11
-33.06816694326408
 21
46.98428631016702
 31
0.0
  0
LINE
  5
195
330
1F
100
AcDbEntity
  8
Walls$Boundary
100
AcDbLine
 10
-30.23572762812859
 20
61.32415417358833
 30
0.0
 11
-30.2357276281286
 21
46.98428631016702
 31
0.0
  0
LINE
  5
196
330
1F
100
AcDbEntity
  8
Walls$Boundary
100
AcDbLine
 10
-40.89440115195288
 20
61.32415417358833
 30
0.0
 11
-30.23572762812859
 21
61.32415417358833
 31
0.0
  0
LINE
  5
197
330
1F
100
AcDbEntity
  8
Walls$Boundary
100
AcDbLine
 10
-40.89440115195289
 20
46.98428631016702
 30
0.0
 11
-40.89440115195288
 21
61.32415417358833
 31
0.0
  0
LINE
  5
198
330
1F
100
AcDbEntity
  8
Walls$Boundary
100
AcDbLine
 10
-36.31816694326407
 20
46.98428631016702
 30
0.0
 11
-40.89440115195289
 21
46.98428631016702
 31
0.0
  0
LINE
  5
199
330
1F
100
AcDbEntity
  8
Walls$Boundary
100
AcDbLine
 10
-36.31816694326408
 20
46.48428631016702
 30
0.0
 11
-36.31816694326407
 21
46.98428631016702
 31
0.0
  0
LINE
  5
19A
330
1F
100
AcDbEntity
  8
Walls$Boundary
100
AcDbLine
 10
-41.39440115195289
 20
46.48428631016702
 30
0.0
 11
-36.31816694326408
 21
46.48428631016702
 31
0.0
  0
LINE
  5
19B
330
1F
100
AcDbEntity
  8
Walls$Boundary
100
AcDbLine
 10
-41.39440115195288
 20
61.32415417358833
 30
0.0
 11
-41.39440115195289
 21
46.48428631016702
 31
0.0
  0
LINE
  5
19C
330
1F
100
AcDbEntity
  8
Walls$Boundary
100
AcDbLine
 10
-59.95617392935463
 20
61.32415417358833
 30
0.0
 11
-41.39440115195288
 21
61.32415417358833
 31
0.0
  0
LINE
  5
19D
330
1F
100
AcDbEntity
  8
Walls$Boundary
100
AcDbLine
 10
-59.95617392935463
 20
30.61783784729773
 30
0.0
 11
-59.95617392935463
 21
61.32415417358833
 31
0.0
  0
LINE
  5
19E
330
1F
100
AcDbEntity
  8
Walls$Boundary
100
AcDbLine
 10
-38.86439572798643
 20
30.61783784729773
 30
0.0
 11
-59.95617392935463
 21
30.61783784729773
 31
0.0
  0
LINE
  5
19F
330
1F
100
AcDbEntity
  8
Walls$Boundary
100
AcDbLine
 10
-38.86439572798639
 20
32.98685639245539
 30
0.0
 11
-38.86439572798643
 21
30.61783784729773
 31
0.0
  0
LINE
  5
1A0
330
1F
100
AcDbEntity
  8
Walls$Boundary
100
AcDbLine
 10
-38.02971080424724
 20
32.98685639245539
 30
0.0
 11
-38.86439572798639
 21
32.98685639245539
 31
0.0
  0
LINE
  5
1A1
330
1F
100
AcDbEntity
  8
Walls$Boundary
100
AcDbLine
 10
-38.02971080424724
 20
30.61783784729773
 30
0.0
 11
-38.02971080424724
 21
32.98685639245539
 31
0.0
  0
LINE
  5
1A2
330
1F
100
AcDbEntity
  8
Walls$Boundary
100
AcDbLine
 10
-24.4634597742295
 20
30.61783784729773
 30
0.0
 11
-38.02971080424724
 21
30.61783784729773
 31
0.0
  0
LINE
  5
1A3
330
1F
100
AcDbEntity
  8
Walls$Boundary
100
AcDbLine
 10
-24.4634597742295
 20
32.98685639245539
 30
0.0
 11
-24.4634597742295
 21
30.61783784729773
 31
0.0
  0
LINE
  5
1A4
330
1F
100
AcDbEntity
  8
Walls$Boundary
100
AcDbLine
 10
-24.10667293986591
 20
32.98685639245539
 30
0.0
 11
-24.4634597742295
 21
32.98685639245539
 31
0.0
  0
LINE
  5
1A5
330
1F
100
AcDbEntity
  8
Walls$Boundary
100
AcDbLine
 10
-24.10667293986591
 20
30.61783784729773
 30
0.0
 11
-24.10667293986591
 21
32.98685639245539
 31
0.0
  0
LINE
  5
1A6
330
1F
100
AcDbEntity
  8
Walls$Boundary
100
AcDbLine
 10
-21.32639885420237
 20
30.61783784729773
 30
0.0
 11
-24.10667293986591
 21
30.61783784729773
 31
0.0
  0
LINE
  5
1A7
330
1F
100
AcDbEntity
  8
Walls$Boundary
100
AcDbLine
 10
-21.32639885420237
 20
29.61783784729773
 30
0.0
 11
-21.32639885420237
 21
30.61783784729773
 31
0.0
  0
LINE
  5
1A8
330
1F
100
AcDbEntity
  8
Walls$Boundary
100
AcDbLine
 10
-23.37548904903943
 20
29.61783784729774
 30
0.0
 11
-21.32639885420237
 21
29.61783784729773
 31
0.0
  0
LINE
  5
1A9
330
1F
100
AcDbEntity
  8
Walls$Boundary
100
AcDbLine
 10
-23.37548904903978
 20
25.68200146654323
 30
0.0
 11
-23.37548904903943
 21
29.61783784729774
 31
0.0
  0
LINE
  5
1AA
330
1F
100
AcDbEntity
  8
Walls$Boundary
100
AcDbLine
 10
-24.4634597742295
 20
25.68200146654323
 30
0.0
 11
-23.37548904903978
 21
25.68200146654323
 31
0.0
  0
LINE
  5
1AB
330
1F
100
AcDbEntity
  8
Walls$Boundary
100
AcDbLine
 10
-24.4634597742295
 20
29.61783784729773
 30
0.0
 11
-24.4634597742295
 21
25.68200146654323
 31
0.0
  0
LINE
  5
1AC
330
1F
100
AcDbEntity
  8
Walls$Boundary
100
AcDbLine
 10
-43.61171995919783
 20
29.61783784729773
 30
0.0
 11
-24.4634597742295
 21
29.61783784729773
 31
0.0
  0
LINE
  5
1AD
330
1F
100
AcDbEntity
  8
Walls$Boundary
100
AcDbLine
 10
-43.61171995919783
 20
22.6789099127324
 30
0.0
 11
-43.61171995919783
 21
29.61783784729773
 31
0.0
  0
LINE
  5
1AE
330
1F
100
AcDbEntity
  8
Walls$Boundary
100
AcDbLine
 10
-44.11145668715106
 20
22.6789099127324
 30
0.0
 11
-43.61171995919783
 21
22.6789099127324
 31
0.0
  0
LINE
  5
1AF
330
1F
100
AcDbEntity
  8
Walls$Boundary
100
AcDbLine
 10
-44.11171995919783
 20
29.61783784729773
 30
0.0
 11
-44.11145668715106
 21
22.6789099127324
 31
0.0
  0
LINE
  5
1B0
330
1F
100
AcDbEntity
  8
Walls$Boundary
100
AcDbLine
 10
-59.95617392935463
 20
29.61783784729773
 30
0.0
 11
-44.11171995919783
 21
29.61783784729773
 31
0.0
  0
LINE
  5
1B1
330
1F
100
AcDbEntity
  8
Walls$Boundary
100
AcDbLine
 10
-59.95617392935463
 20
16.69424929643404
 30
0.0
 11
-59.95617392935463
 21
29.61783784729773
 31
0.0
  0
LINE
  5
1B2
330
1F
100
AcDbEntity
  8
Walls$Boundary
100
AcDbLine
 10
-44.11171995919783
 20
16.69424929643406
 30
0.0
 11
-59.95617392935463
 21
16.69424929643404
 31
0.0
  0
LINE
  5
1B3
330
1F
100
AcDbEntity
  8
Walls$Boundary
100
AcDbLine
 10
-44.11145668715106
 20
19.4289099127324
 30
0.0
 11
-44.11171995919783
 21
16.69424929643406
 31
0.0
  0
LINE
  5
1B4
330
1F
100
AcDbEntity
  8
Walls$Boundary
100
AcDbLine
 10
-43.61171995919783
 20
19.4289099127324
 30
0.0
 11
-44.11145668715106
 21
19.4289099127324
 31
0.0
  0
LINE
  5
1B5
330
1F
100
AcDbEntity
  8
Walls$Boundary
100
AcDbLine
 10
-43.61171995919783
 20
10.83130830399863
 30
0.0
 11
-43.61171995919783
 21
19.4289099127324
 31
0.0
  0
LINE
  5
1B6
330
1F
100
AcDbEntity
  8
Walls$Boundary
100
AcDbLine
 10
-44.11171995919783
 20
10.83130830399864
 30
0.0
 11
-43.61171995919783
 21
10.83130830399863
 31
0.0
  0
LINE
  5
1B7
330
1F
100
AcDbEntity
  8
Walls$Boundary
100
AcDbLine
 10
-44.11171995919783
 20
16.19424929643406
 30
0.0
 11
-44.11171995919783
 21
10.83130830399864
 31
0.0
  0
LINE
  5
1B8
330
1F
100
AcDbEntity
  8
Walls$Boundary
100
AcDbLine
 10
-59.95617392935463
 20
16.19424929643404
 30
0.0
 11
-44.11171995919783
 21
16.19424929643406
 31
0.0
  0
LINE
  5
1B9
330
1F
100
AcDbEntity
  8
Walls$Boundary
100
AcDbLine
 10
-59.95617392935463
 20
5.078914978182343
 30
0.0
 11
-59.95617392935463
 21
16.19424929643404
 31
0.0
  0
LINE
  5
1BA
330
1F
100
AcDbEntity
  8
Walls$Boundary
100
AcDbLine
 10
-44.11171995919783
 20
5.078914978182377
 30
0.0
 11
-59.95617392935463
 21
5.078914978182343
 31
0.0
  0
LINE
  5
1BB
330
1F
100
AcDbEntity
  8
Walls$Boundary
100
AcDbLine
 10
-44.11171995919783
 20
7.581308303998634
 30
0.0
 11
-44.11171995919783
 21
5.078914978182377
 31
0.0
  0
LINE
  5
1BC
330
1F
100
AcDbEntity
  8
Walls$Boundary
100
AcDbLine
 10
-43.61171995919783
 20
7.581308303998633
 30
0.0
 11
-44.11171995919783
 21
7.581308303998634
 31
0.0
  0
LINE
  5
1BD
330
1F
100
AcDbEntity
  8
Walls$Boundary
100
AcDbLine
 10
-43.61171995919752
 20
4.578914978182375
 30
0.0
 11
-43.61171995919783
 21
7.581308303998633
 31
0.0
  0
LINE
  5
1BE
330
1F
100
AcDbEntity
  8
Walls$Boundary
100
AcDbLine
 10
-59.95617392935463
 20
4.5789149781824
 30
0.0
 11
-43.61171995919752
 21
4.578914978182375
 31
0.0
  0
LINE
  5
1BF
330
1F
100
AcDbEntity
  8
Walls$Boundary
100
AcDbLine
 10
-59.95617392935463
 20
-12.73509032730895
 30
0.0
 11
-59.95617392935463
 21
4.5789149781824
 31
0.0
  0
LINE
  5
1C0
330
1F
100
AcDbEntity
  8
Walls$Boundary
100
AcDbLine
 10
-24.46345977422951
 20
-12.73509032730895
 30
0.0
 11
-59.95617392935463
 21
-12.73509032730895
 31
0.0
  0
LINE
  5
1C1
330
1F
100
AcDbEntity
  8
Walls$Boundary
100
AcDbLine
 10
-24.4634597742295
 20
4.575104054899384
 30
0.0
 11
-24.46345977422951
 21
-12.73509032730895
 31
0.0
  0
LINE
  5
1C2
330
1F
100
AcDbEntity
  8
Walls$Boundary
100
AcDbLine
 10
-27.10863968481873
 20
4.575104054899384
 30
0.0
 11
-24.4634597742295
 21
4.575104054899384
 31
0.0
  0
LINE
  5
1C3
330
1F
100
AcDbEntity
  8
Walls$Boundary
100
AcDbLine
 10
-27.10863968481918
 20
5.075104054899384
 30
0.0
 11
-27.10863968481873
 21
4.575104054899384
 31
0.0
  0
LINE
  5
1C4
330
1F
100
AcDbEntity
  8
Walls$Boundary
100
AcDbLine
 10
-24.4634597742295
 20
5.075104054899385
 30
0.0
 11
-27.10863968481918
 21
5.075104054899384
 31
0.0
  0
LINE
  5
1C5
330
1F
100
AcDbEntity
  8
Walls$Boundary
100
AcDbLine
 10
-24.4634597742295
 20
10.24282191953635
 30
0.0
 11
-24.4634597742295
 21
5.075104054899385
 31
0.0
  0
LINE
  5
1C6
330
1F
100
AcDbEntity
  8
Walls$Boundary
100
AcDbLine
 10
-34.0501654084597
 20
10.24282191953635
 30
0.0
 11
-24.4634597742295
 21
10.24282191953635
 31
0.0
  0
LINE
  5
1C7
330
1F
100
AcDbEntity
  8
Walls$Boundary
100
AcDbLine
 10
-34.0501654084597
 20
7.869355874889519
 30
0.0
 11
-34.0501654084597
 21
10.24282191953635
 31
0.0
  0
LINE
  5
1C8
330
1F
100
AcDbEntity
  8
Walls$Boundary
100
AcDbLine
 10
-30.76710399630557
 20
7.86935587488952
 30
0.0
 11
-34.0501654084597
 21
7.869355874889519
 31
0.0
  0
LINE
  5
1C9
330
1F
100
AcDbEntity
  8
Walls$Boundary
100
AcDbLine
 10
-30.76710399630556
 20
5.075104054899384
 30
0.0
 11
-30.76710399630557
 21
7.86935587488952
 31
0.0
  0
LINE
  5
1CA
330
1F
100
AcDbEntity
  8
Walls$Boundary
100
AcDbLine
 10
-30.35863968481917
 20
5.075104054899384
 30
0.0
 11
-30.76710399630556
 21
5.075104054899384
 31
0.0
  0
LINE
  5
1CB
330
1F
100
AcDbEntity
  8
Walls$Boundary
100
AcDbLine
 10
-30.35863968481911
 20
4.575104054899384
 30
0.0
 11
-30.35863968481917
 21
5.075104054899384
 31
0.0
  0
LINE
  5
1CC
330
1F
100
AcDbEntity
  8
Walls$Boundary
100
AcDbLine
 10
-31.26710399630556
 20
4.575104054899384
 30
0.0
 11
-30.35863968481911
 21
4.575104054899384
 31
0.0
  0
LINE
  5
1CD
330
1F
100
AcDbEntity
  8
Walls$Boundary
100
AcDbLine
 10
-31.26710399630556
 20
7.378451689747749
 30
0.0
 11
-31.26710399630556
 21
4.575104054899384
 31
0.0
  0
LINE
  5
1CE
330
1F
100
AcDbEntity
  8
Walls$Boundary
100
AcDbLine
 10
-38.35173443523555
 20
7.378451689747749
 30
0.0
 11
-31.26710399630556
 21
7.378451689747749
 31
0.0
  0
LINE
  5
1CF
330
1F
100
AcDbEntity
  8
Walls$Boundary
100
AcDbLine
 10
-38.35173443523555
 20
4.575104054899384
 30
0.0
 11
-38.35173443523555
 21
7.378451689747749
 31
0.0
  0
LINE
  5
1D0
330
1F
100
AcDbEntity
  8
Walls$Boundary
100
AcDbLine
 10
-38.85173443523555
 20
4.575104054899384
 30
0.0
 11
-38.35173443523555
 21
4.575104054899384
 31
0.0
  0
LINE
  5
1D1
330
1F
100
AcDbEntity
  8
Walls$Boundary
100
AcDbLine
 10
-38.85173443523555
 20
7.378451689747749
 30
0.0
 11
-38.85173443523555
 21
4.575104054899384
 31
0.0
  0
LINE
  5
1D2
330
1F
100
AcDbEntity
  8
Walls$Boundary
100
AcDbLine
 10
-38.85173443523556
 20
13.5399888844141
 30
0.0
 11
-38.85173443523555
 21
7.378451689747749
 31
0.0
  0
LINE
  5
1D3
330
1F
100
AcDbEntity
  8
Walls$Boundary
100
AcDbLine
 10
-38.35173443523555
 20
13.53998888441408
 30
0.0
 11
-38.85173443523556
 21
13.5399888844141
 31
0.0
  0
LINE
  5
1D4
330
1F
100
AcDbEntity
  8
Walls$Boundary
100
AcDbLine
 10
-38.35173443523555
 20
10.81102399414819
 30
0.0
 11
-38.35173443523555
 21
13.53998888441408
 31
0.0
  0
LINE
  5
1D5
330
1F
100
AcDbEntity
  8
Walls$Boundary
100
AcDbLine
 10
-34.581177861411
 20
10.81053924628658
 30
0.0
 11
-38.35173443523555
 21
10.81102399414819
 31
0.0
  0
LINE
  5
1D6
330
1F
100
AcDbEntity
  8
Walls$Boundary
100
AcDbLine
 10
-34.581177861411
 20
17.4344197522383
 30
0.0
 11
-34.581177861411
 21
10.81053924628658
 31
0.0
  0
LINE
  5
1D7
330
1F
100
AcDbEntity
  8
Walls$Boundary
100
AcDbLine
 10
-38.35173443523555
 20
17.4344197522383
 30
0.0
 11
-34.581177861411
 21
17.4344197522383
 31
0.0
  0
LINE
  5
1D8
330
1F
100
AcDbEntity
  8
Walls$Boundary
100
AcDbLine
 10
-38.35173443523555
 20
16.78998888441408
 30
0.0
 11
-38.35173443523555
 21
17.4344197522383
 31
0.0
  0
LINE
  5
1D9
330
1F
100
AcDbEntity
  8
Walls$Boundary
100
AcDbLine
 10
-38.85173443523556
 20
16.78998888441408
 30
0.0
 11
-38.35173443523555
 21
16.78998888441408
 31
0.0
  0
ENDSEC
  0
SECTION
  2
OBJECTS
  0
DICTIONARY
  5
C
330
0
100
AcDbDictionary
281
     1
  3
ACAD_DETAILVIEWSTYLE
350
215
  3
ACAD_GROUP
350
D
  3
ACAD_LAYOUT
350
1A
  3
ACAD_MATERIAL
350
43
  3
ACAD_MLEADERSTYLE
350
5B
  3
ACAD_MLINESTYLE
350
17
  3
ACAD_PLOTSETTINGS
350
19
  3
ACAD_PLOTSTYLENAME
350
E
  3
ACAD_SCALELIST
350
47
  3
ACAD_SECTIONVIEWSTYLE
350
216
  3
ACAD_TABLESTYLE
350
59
  3
ACAD_VISUALSTYLE
350
2A
  3
ACDB_RECOMPOSE_DATA
350
212
  3
AcDbVariableDictionary
350
1DA
  0
SUN
  5
5D
330
29
100
AcDbSun
 90
        1
290
     0
 63
     7
421
 16777215
 40
1.0
291
     1
 91
  2455826
 92
 54000000
292
     0
 70
     2
 71
   256
280
     1
  0
DICTIONARY
  5
215
102
{ACAD_REACTORS
330
C
102
}
330
C
100
AcDbDictionary
281
     1
  0
DICTIONARY
  5
D
102
{ACAD_REACTORS
330
C
102
}
330
C
100
AcDbDictionary
281
     1
  0
DICTIONARY
  5
1A
102
{ACAD_REACTORS
330
C
102
}
330
C
100
AcDbDictionary
281
     1
  3
Layout1
350
1E
  3
Layout2
350
26
  3
Model
350
22
  0
DICTIONARY
  5
43
102
{ACAD_REACTORS
330
C
102
}
330
C
100
AcDbDictionary
281
     1
  3
ByBlock
350
45
  3
ByLayer
350
44
  3
Global
350
46
  0
DICTIONARY
  5
5B
102
{ACAD_REACTORS
330
C
102
}
330
C
100
AcDbDictionary
281
     1
  3
Standard
350
5C
  0
DICTIONARY
  5
17
102
{ACAD_REACTORS
330
C
102
}
330
C
100
AcDbDictionary
281
     1
  3
Standard
350
18
  0
DICTIONARY
  5
19
102
{ACAD_REACTORS
330
C
102
}
330
C
100
AcDbDictionary
281
     1
  0
ACDBDICTIONARYWDFLT
  5
E
102
{ACAD_REACTORS
330
C
102
}
330
C
100
AcDbDictionary
281
     1
  3
Normal
350
F
100
AcDbDictionaryWithDefault
340
F
  0
DICTIONARY
  5
47
102
{ACAD_REACTORS
330
C
102
}
330
C
100
AcDbDictionary
281
     1
  3
A0
350
48
  3
A1
350
49
  3
A2
350
4A
  3
A3
350
4B
  3
A4
350
4C
  3
A5
350
4D
  3
A6
350
4E
  3
A7
350
4F
  3
A8
350
50
  3
A9
350
51
  3
B1
350
52
  3
B2
350
53
  3
B3
350
54
  3
B4
350
55
  3
B5
350
56
  3
B6
350
57
  3
B7
350
58
  0
DICTIONARY
  5
216
102
{ACAD_REACTORS
330
C
102
}
330
C
100
AcDbDictionary
281
     1
  0
DICTIONARY
  5
59
102
{ACAD_REACTORS
330
C
102
}
330
C
100
AcDbDictionary
281
     1
  3
Standard
350
5A
  0
DICTIONARY
  5
2A
102
{ACAD_REACTORS
330
C
102
}
330
C
100
AcDbDictionary
281
     1
  3
2dWireframe
350
2F
  3
Basic
350
32
  3
Brighten
350
36
  3
ColorChange
350
3A
  3
Conceptual
350
34
  3
Dim
350
35
  3
EdgeColorOff
350
3D
  3
Facepattern
350
39
  3
Flat
350
2B
  3
FlatWithEdges
350
2C
  3
Gouraud
350
2D
  3
GouraudWithEdges
350
2E
  3
Hidden
350
31
  3
JitterOff
350
3B
  3
Linepattern
350
38
  3
OverhangOff
350
3C
  3
Realistic
350
33
  3
Shaded
350
42
  3
Shaded with edges
350
41
  3
Shades of Gray
350
3E
  3
Sketchy
350
3F
  3
Thicken
350
37
  3
Wireframe
350
30
  3
X-Ray
350
40
  0
XRECORD
  5
212
102
{ACAD_REACTORS
330
C
102
}
330
C
100
AcDbXrecord
280
     1
 90
        1
330
5A
  0
DICTIONARY
  5
1DA
102
{ACAD_REACTORS
330
C
102
}
330
C
100
AcDbDictionary
281
     1
  3
CANNOSCALE
350
1DB
  3
CMLEADERSTYLE
350
214
  3
CTABLESTYLE
350
213
  3
XCLIPFRAME
350
1DC
  0
LAYOUT
  5
1E
102
{ACAD_REACTORS
330
1A
102
}
330
1A
100
AcDbPlotSettings
  1

  2
none_device
  4

  6

 40
0.0
 41
0.0
 42
0.0
 43
0.0
 44
0.0
 45
0.0
 46
0.0
 47
0.0
 48
0.0
 49
0.0
140
0.0
141
0.0
142
1.0
143
1.0
 70
   688
 72
     0
 73
     0
 74
     5
  7

 75
    16
 76
     0
 77
     2
 78
   300
147
1.0
148
0.0
149
0.0
100
AcDbLayout
  1
Layout1
 70
     1
 71
     1
 10
0.0
 20
0.0
 11
12.0
 21
9.0
 12
0.0
 22
0.0
 32
0.0
 14
1.000000000000000E+20
 24
1.000000000000000E+20
 34
1.000000000000000E+20
 15
-1.000000000000000E+20
 25
-1.000000000000000E+20
 35
-1.000000000000000E+20
146
0.0
 13
0.0
 23
0.0
 33
0.0
 16
1.0
 26
0.0
 36
0.0
 17
0.0
 27
1.0
 37
0.0
 76
     0
330
1B
  0
LAYOUT
  5
26
102
{ACAD_REACTORS
330
1A
102
}
330
1A
100
AcDbPlotSettings
  1

  2
none_device
  4

  6

 40
0.0
 41
0.0
 42
0.0
 43
0.0
 44
0.0
 45
0.0
 46
0.0
 47
0.0
 48
0.0
 49
0.0
140
0.0
141
0.0
142
1.0
143
1.0
 70
   688
 72
     0
 73
     0
 74
     5
  7

 75
    16
 76
     0
 77
     2
 78
   300
147
1.0
148
0.0
149
0.0
100
AcDbLayout
  1
Layout2
 70
     1
 71
     2
 10
0.0
 20
0.0
 11
0.0
 21
0.0
 12
0.0
 22
0.0
 32
0.0
 14
0.0
 24
0.0
 34
0.0
 15
0.0
 25
0.0
 35
0.0
146
0.0
 13
0.0
 23
0.0
 33
0.0
 16
1.0
 26
0.0
 36
0.0
 17
0.0
 27
1.0
 37
0.0
 76
     0
330
23
  0
LAYOUT
  5
22
102
{ACAD_REACTORS
330
1A
102
}
330
1A
100
AcDbPlotSettings
  1

  2
none_device
  4
Letter_(8.50_x_11.00_Inches)
  6

 40
6.35
 41
6.35
 42
6.35000508
 43
6.35000508
 44
215.9
 45
279.4
 46
0.0
 47
0.0
 48
0.0
 49
0.0
140
0.0
141
0.0
142
1.0
143
1.0
 70
  1712
 72
     0
 73
     0
 74
     0
  7

 75
     0
 76
     0
 77
     2
 78
   300
147
1.0
148
0.0
149
0.0
100
AcDbLayout
  1
Model
 70
     1
 71
     0
 10
0.0
 20
0.0
 11
12.0
 21
9.0
 12
0.0
 22
0.0
 32
0.0
 14
-59.95617392935463
 24
-12.73509032730895
 34
0.0
 15
114.5520149218601
 25
61.32415417358833
 35
0.0
146
0.0
 13
0.0
 23
0.0
 33
0.0
 16
1.0
 26
0.0
 36
0.0
 17
0.0
 27
1.0
 37
0.0
 76
     0
330
1F
331
29
  0
MATERIAL
  5
45
102
{ACAD_REACTORS
330
43
102
}
330
43
100
AcDbMaterial
  1
ByBlock
 72
     1
 94
      127
  0
MATERIAL
  5
44
102
{ACAD_REACTORS
330
43
102
}
330
43
100
AcDbMaterial
  1
ByLayer
 72
     1
 94
      127
  0
MATERIAL
  5
46
102
{ACAD_REACTORS
330
43
102
}
330
43
100
AcDbMaterial
  1
Global
 72
     1
 94
      127
  0
MLEADERSTYLE
  5
5C
102
{ACAD_REACTORS
330
5B
102
}
102
{ACAD_XDICTIONARY
360
210
102
}
330
5B
100
AcDbMLeaderStyle
170
     2
171
     1
172
     0
 90
        2
 40
0.0
 41
0.0
173
     1
 91
-1056964608
340
14
 92
       -2
290
     1
 42
0.09
291
     1
 43
0.36
  3
Standard
341
0
 44
0.18
300

342
11
174
     1
178
     6
175
     1
176
     0
 93
-1056964608
 45
0.18
292
     0
297
     0
 46
0.18
343
0
 94
-1056964608
 47
1.0
 49
1.0
140
1.0
293
     1
141
0.0
294
     1
177
     0
142
1.0
295
     0
296
     0
143
0.125
1001
ACAD_MLEADERVER
1070
     2
  0
MLINESTYLE
  5
18
102
{ACAD_REACTORS
330
17
102
}
330
17
100
AcDbMlineStyle
  2
Standard
 70
     0
  3

 62
   256
 51
90.0
 52
90.0
 71
     2
 49
0.5
 62
   256
  6
BYLAYER
 49
-0.5
 62
   256
  6
BYLAYER
  0
ACDBPLACEHOLDER
  5
F
102
{ACAD_REACTORS
330
E
102
}
330
E
  0
SCALE
  5
48
102
{ACAD_REACTORS
330
47
102
}
330
47
100
AcDbScale
 70
     0
300
1:1
140
1.0
141
1.0
290
     1
  0
SCALE
  5
49
102
{ACAD_REACTORS
330
47
102
}
330
47
100
AcDbScale
 70
     0
300
1/128" = 1'-0"
140
0.0078125
141
12.0
290
     0
  0
SCALE
  5
4A
102
{ACAD_REACTORS
330
47
102
}
330
47
100
AcDbScale
 70
     0
300
1/64" = 1'-0"
140
0.015625
141
12.0
290
     0
  0
SCALE
  5
4B
102
{ACAD_REACTORS
330
47
102
}
330
47
100
AcDbScale
 70
     0
300
1/32" = 1'-0"
140
0.03125
141
12.0
290
     0
  0
SCALE
  5
4C
102
{ACAD_REACTORS
330
47
102
}
330
47
100
AcDbScale
 70
     0
300
1/16" = 1'-0"
140
0.0625
141
12.0
290
     0
  0
SCALE
  5
4D
102
{ACAD_REACTORS
330
47
102
}
330
47
100
AcDbScale
 70
     0
300
3/32" = 1'-0"
140
0.09375
141
12.0
290
     0
  0
SCALE
  5
4E
102
{ACAD_REACTORS
330
47
102
}
330
47
100
AcDbScale
 70
     0
300
1/8" = 1'-0"
140
0.125
141
12.0
290
     0
  0
SCALE
  5
4F
102
{ACAD_REACTORS
330
47
102
}
330
47
100
AcDbScale
 70
     0
300
3/16" = 1'-0"
140
0.1875
141
12.0
290
     0
  0
SCALE
  5
50
102
{ACAD_REACTORS
330
47
102
}
330
47
100
AcDbScale
 70
     0
300
1/4" = 1'-0"
140
0.25
141
12.0
290
     0
  0
SCALE
  5
51
102
{ACAD_REACTORS
330
47
102
}
330
47
100
AcDbScale
 70
     0
300
3/8" = 1'-0"
140
0.375
141
12.0
290
     0
  0
SCALE
  5
52
102
{ACAD_REACTORS
330
47
102
}
330
47
100
AcDbScale
 70
     0
300
1/2" = 1'-0"
140
0.5
141
12.0
290
     0
  0
SCALE
  5
53
102
{ACAD_REACTORS
330
47
102
}
330
47
100
AcDbScale
 70
     0
300
3/4" = 1'-0"
140
0.75
141
12.0
290
     0
  0
SCALE
  5
54
102
{ACAD_REACTORS
330
47
102
}
330
47
100
AcDbScale
 70
     0
300
1" = 1'-0"
140
1.0
141
12.0
290
     0
  0
SCALE
  5
55
102
{ACAD_REACTORS
330
47
102
}
330
47
100
AcDbScale
 70
     0
300
1-1/2" = 1'-0"
140
1.5
141
12.0
290
     0
  0
SCALE
  5
56
102
{ACAD_REACTORS
330
47
102
}
330
47
100
AcDbScale
 70
     0
300
3" = 1'-0"
140
3.0
141
12.0
290
     0
  0
SCALE
  5
57
102
{ACAD_REACTORS
330
47
102
}
330
47
100
AcDbScale
 70
     0
300
6" = 1'-0"
140
6.0
141
12.0
290
     0
  0
SCALE
  5
58
102
{ACAD_REACTORS
330
47
102
}
330
47
100
AcDbScale
 70
     0
300
1'-0" = 1'-0"
140
12.0
141
12.0
290
     0
  0
TABLESTYLE
  5
5A
102
{ACAD_REACTORS
330
59
102
}
102
{ACAD_XDICTIONARY
360
20D
102
}
330
59
100
AcDbTableStyle
  3
Standard
 70
     0
 71
     0
 40
0.06
 41
0.06
280
     0
281
     0
  7
Standard
140
0.18
170
     2
 62
     0
 63
   257
283
     0
 90
        4
 91
        0
  1

274
    -2
284
     1
 64
     0
275
    -2
285
     1
 65
     0
276
    -2
286
     1
 66
     0
277
    -2
287
     1
 67
     0
278
    -2
288
     1
 68
     0
279
    -2
289
     1
 69
     0
  7
Standard
140
0.25
170
     5
 62
     0
 63
   257
283
     0
 90
        4
 91
        0
  1

274
    -2
284
     1
 64
     0
275
    -2
285
     1
 65
     0
276
    -2
286
     1
 66
     0
277
    -2
287
     1
 67
     0
278
    -2
288
     1
 68
     0
279
    -2
289
     1
 69
     0
  7
Standard
140
0.18
170
     5
 62
     0
 63
   257
283
     0
 90
        4
 91
        0
  1

274
    -2
284
     1
 64
     0
275
    -2
285
     1
 65
     0
276
    -2
286
     1
 66
     0
277
    -2
287
     1
 67
     0
278
    -2
288
     1
 68
     0
279
    -2
289
     1
 69
     0
  0
VISUALSTYLE
  5
2F
102
{ACAD_REACTORS
330
2A
102
}
102
{ACAD_XDICTIONARY
360
1E5
102
}
330
2A
100
AcDbVisualStyle
  2
2dWireframe
 70
     4
 71
     0
 72
     2
 73
     0
 90
        0
 40
0.6
 41
30.0
 62
     5
 63
     7
421
 16777215
 74
     1
 91
        4
 64
     7
 65
   257
 75
     1
175
     1
 42
1.0
 92
        0
 66
   257
 43
1.0
 76
     1
 77
     6
 78
     2
 67
     7
 79
     5
170
     0
171
     0
290
     0
174
     0
 93
        1
 44
0.0
173
     0
291
     0
 45
0.0
  0
VISUALSTYLE
  5
32
102
{ACAD_REACTORS
330
2A
102
}
102
{ACAD_XDICTIONARY
360
1EB
102
}
330
2A
100
AcDbVisualStyle
  2
Basic
 70
     7
 71
     1
 72
     0
 73
     1
 90
        0
 40
0.6
 41
30.0
 62
     5
 63
     7
421
 16777215
 74
     0
 91
        4
 64
     7
 65
   257
 75
     1
175
     1
 42
1.0
 92
        8
 66
     7
 43
1.0
 76
     1
 77
     6
 78
     2
 67
     7
 79
     5
170
     0
171
     0
290
     0
174
     0
 93
        1
 44
0.0
173
     0
291
     1
 45
0.0
  0
VISUALSTYLE
  5
36
102
{ACAD_REACTORS
330
2A
102
}
102
{ACAD_XDICTIONARY
360
1F3
102
}
330
2A
100
AcDbVisualStyle
  2
Brighten
 70
    12
 71
     2
 72
     2
 73
     0
 90
        0
 40
0.6
 41
30.0
 62
     5
 63
     7
421
 16777215
 74
     1
 91
        4
 64
     7
 65
   257
 75
     1
175
     1
 42
1.0
 92
        8
 66
     7
 43
1.0
 76
     1
 77
     6
 78
     2
 67
     7
 79
     5
170
     0
171
     0
290
     0
174
     0
 93
        1
 44
50.0
173
     0
291
     1
 45
0.0
  0
VISUALSTYLE
  5
3A
102
{ACAD_REACTORS
330
2A
102
}
102
{ACAD_XDICTIONARY
360
1FB
102
}
330
2A
100
AcDbVisualStyle
  2
ColorChange
 70
    16
 71
     2
 72
     2
 73
     3
 90
        0
 40
0.6
 41
30.0
 62
     5
 63
     8
421
  8421504
 74
     1
 91
        4
 64
     7
 65
   257
 75
     1
175
     1
 42
1.0
 92
        8
 66
     8
424
  8421504
 43
1.0
 76
     1
 77
     6
 78
     2
 67
     7
 79
     5
170
     0
171
     0
290
     0
174
     0
 93
        1
 44
0.0
173
     0
291
     1
 45
0.0
  0
VISUALSTYLE
  5
34
102
{ACAD_REACTORS
330
2A
102
}
102
{ACAD_XDICTIONARY
360
1EF
102
}
330
2A
100
AcDbVisualStyle
  2
Conceptual
 70
     9
 71
     3
 72
     2
 73
     0
 90
        0
 40
0.6
 41
30.0
 62
     5
 63
     7
421
 16777215
 74
     2
 91
        2
 64
     7
 65
   257
 75
     1
175
     1
 42
179.0
 92
        8
 66
     7
 43
1.0
 76
     1
 77
     6
 78
     2
 67
     7
 79
     3
170
     0
171
     0
290
     0
174
     0
 93
        1
 44
0.0
173
     0
291
     0
 45
0.0
  0
VISUALSTYLE
  5
35
102
{ACAD_REACTORS
330
2A
102
}
102
{ACAD_XDICTIONARY
360
1F1
102
}
330
2A
100
AcDbVisualStyle
  2
Dim
 70
    11
 71
     2
 72
     2
 73
     0
 90
        0
 40
0.6
 41
30.0
 62
     5
 63
     7
421
 16777215
 74
     1
 91
        4
 64
     7
 65
   257
 75
     1
175
     1
 42
1.0
 92
        8
 66
     7
 43
1.0
 76
     1
 77
     6
 78
     2
 67
     7
 79
     5
170
     0
171
     0
290
     0
174
     0
 93
        1
 44
-50.0
173
     0
291
     1
 45
0.0
  0
VISUALSTYLE
  5
3D
102
{ACAD_REACTORS
330
2A
102
}
102
{ACAD_XDICTIONARY
360
201
102
}
330
2A
100
AcDbVisualStyle
  2
EdgeColorOff
 70
    22
 71
     2
 72
     2
 73
     0
 90
        0
 40
0.6
 41
30.0
 62
     5
 63
     7
421
 16777215
 74
     1
 91
        4
 64
     7
 65
   257
 75
     1
175
     1
 42
1.0
 92
        8
 66
     7
 43
1.0
 76
     1
 77
     6
 78
     2
 67
     7
 79
     5
170
     0
171
     0
290
     0
174
     0
 93
        1
 44
0.0
173
     0
291
     1
 45
0.0
  0
VISUALSTYLE
  5
39
102
{ACAD_REACTORS
330
2A
102
}
102
{ACAD_XDICTIONARY
360
1F9
102
}
330
2A
100
AcDbVisualStyle
  2
Facepattern
 70
    15
 71
     2
 72
     2
 73
     0
 90
        0
 40
0.6
 41
30.0
 62
     5
 63
     7
421
 16777215
 74
     1
 91
        4
 64
     7
 65
   257
 75
     1
175
     1
 42
1.0
 92
        8
 66
     7
 43
1.0
 76
     1
 77
     6
 78
     2
 67
     7
 79
     5
170
     0
171
     0
290
     0
174
     0
 93
        1
 44
0.0
173
     0
291
     1
 45
0.0
  0
VISUALSTYLE
  5
2B
102
{ACAD_REACTORS
330
2A
102
}
102
{ACAD_XDICTIONARY
360
1DD
102
}
330
2A
100
AcDbVisualStyle
  2
Flat
 70
     0
 71
     2
 72
     1
 73
     1
 90
        2
 40
0.6
 41
30.0
 62
     5
 63
     7
421
 16777215
 74
     0
 91
        0
 64
     7
 65
   257
 75
     1
175
     1
 42
1.0
 92
        8
 66
     7
 43
1.0
 76
     1
 77
     6
 78
     2
 67
     7
 79
     5
170
     0
171
     0
290
     0
174
     0
 93
       13
 44
0.0
173
     0
291
     1
 45
0.0
  0
VISUALSTYLE
  5
2C
102
{ACAD_REACTORS
330
2A
102
}
102
{ACAD_XDICTIONARY
360
1DF
102
}
330
2A
100
AcDbVisualStyle
  2
FlatWithEdges
 70
     1
 71
     2
 72
     1
 73
     1
 90
        2
 40
0.6
 41
30.0
 62
     5
 63
     7
421
 16777215
 74
     1
 91
        0
 64
     7
 65
   257
 75
     1
175
     1
 42
1.0
 92
        0
 66
   257
 43
1.0
 76
     1
 77
     6
 78
     2
 67
     7
 79
     5
170
     0
171
     0
290
     0
174
     0
 93
       13
 44
0.0
173
     0
291
     1
 45
0.0
  0
VISUALSTYLE
  5
2D
102
{ACAD_REACTORS
330
2A
102
}
102
{ACAD_XDICTIONARY
360
1E1
102
}
330
2A
100
AcDbVisualStyle
  2
Gouraud
 70
     2
 71
     2
 72
     2
 73
     1
 90
        2
 40
0.6
 41
30.0
 62
     5
 63
     7
421
 16777215
 74
     0
 91
        0
 64
     7
 65
   257
 75
     1
175
     1
 42
1.0
 92
        0
 66
     7
 43
1.0
 76
     1
 77
     6
 78
     2
 67
     7
 79
     5
170
     0
171
     0
290
     0
174
     0
 93
       13
 44
0.0
173
     0
291
     1
 45
0.0
  0
VISUALSTYLE
  5
2E
102
{ACAD_REACTORS
330
2A
102
}
102
{ACAD_XDICTIONARY
360
1E3
102
}
330
2A
100
AcDbVisualStyle
  2
GouraudWithEdges
 70
     3
 71
     2
 72
     2
 73
     1
 90
        2
 40
0.6
 41
30.0
 62
     5
 63
     7
421
 16777215
 74
     1
 91
        0
 64
     7
 65
   257
 75
     1
175
     1
 42
1.0
 92
        0
 66
   257
 43
1.0
 76
     1
 77
     6
 78
     2
 67
     7
 79
     5
170
     0
171
     0
290
     0
174
     0
 93
       13
 44
0.0
173
     0
291
     1
 45
0.0
  0
VISUALSTYLE
  5
31
102
{ACAD_REACTORS
330
2A
102
}
102
{ACAD_XDICTIONARY
360
1E9
102
}
330
2A
100
AcDbVisualStyle
  2
Hidden
 70
     6
 71
     1
 72
     2
 73
     2
 90
        0
 40
0.6
 41
30.0
 62
     5
 63
     7
421
 16777215
 74
     2
 91
        2
 64
     7
 65
   257
 75
     2
175
     1
 42
40.0
 92
        0
 66
   257
 43
1.0
 76
     1
 77
     6
 78
     2
 67
     7
 79
     3
170
     0
171
     0
290
     0
174
     0
 93
        1
 44
0.0
173
     0
291
     0
 45
0.0
  0
VISUALSTYLE
  5
3B
102
{ACAD_REACTORS
330
2A
102
}
102
{ACAD_XDICTIONARY
360
1FD
102
}
330
2A
100
AcDbVisualStyle
  2
JitterOff
 70
    20
 71
     2
 72
     2
 73
     0
 90
        0
 40
0.6
 41
30.0
 62
     5
 63
     7
421
 16777215
 74
     1
 91
        4
 64
     7
 65
   257
 75
     1
175
     1
 42
1.0
 92
       10
 66
     7
 43
1.0
 76
     1
 77
     6
 78
     2
 67
     7
 79
     5
170
     0
171
     0
290
     0
174
     0
 93
        1
 44
0.0
173
     0
291
     1
 45
0.0
  0
VISUALSTYLE
  5
38
102
{ACAD_REACTORS
330
2A
102
}
102
{ACAD_XDICTIONARY
360
1F7
102
}
330
2A
100
AcDbVisualStyle
  2
Linepattern
 70
    14
 71
     2
 72
     2
 73
     0
 90
        0
 40
0.6
 41
30.0
 62
     5
 63
     7
421
 16777215
 74
     1
 91
        4
 64
     7
 65
   257
 75
     7
175
     7
 42
1.0
 92
        8
 66
     7
 43
1.0
 76
     1
 77
     6
 78
     2
 67
     7
 79
     5
170
     0
171
     0
290
     0
174
     0
 93
        1
 44
0.0
173
     0
291
     1
 45
0.0
  0
VISUALSTYLE
  5
3C
102
{ACAD_REACTORS
330
2A
102
}
102
{ACAD_XDICTIONARY
360
1FF
102
}
330
2A
100
AcDbVisualStyle
  2
OverhangOff
 70
    21
 71
     2
 72
     2
 73
     0
 90
        0
 40
0.6
 41
30.0
 62
     5
 63
     7
421
 16777215
 74
     1
 91
        4
 64
     7
 65
   257
 75
     1
175
     1
 42
1.0
 92
        9
 66
     7
 43
1.0
 76
     1
 77
     6
 78
     2
 67
     7
 79
     5
170
     0
171
     0
290
     0
174
     0
 93
        1
 44
0.0
173
     0
291
     1
 45
0.0
  0
VISUALSTYLE
  5
33
102
{ACAD_REACTORS
330
2A
102
}
102
{ACAD_XDICTIONARY
360
1ED
102
}
330
2A
100
AcDbVisualStyle
  2
Realistic
 70
     8
 71
     2
 72
     3
 73
     0
 90
        2
 40
0.6
 41
30.0
 62
     5
 63
     7
421
 16777215
 74
     0
 91
        0
 64
     7
 65
   257
 75
     1
175
     1
 42
1.0
 92
        8
 66
   257
 43
1.0
 76
     1
 77
     6
 78
     2
 67
     7
 79
     3
170
     0
171
     0
290
     0
174
     0
 93
       13
 44
0.0
173
     0
291
     0
 45
0.0
  0
VISUALSTYLE
  5
42
102
{ACAD_REACTORS
330
2A
102
}
102
{ACAD_XDICTIONARY
360
20B
102
}
330
2A
100
AcDbVisualStyle
  2
Shaded
 70
    27
 71
     2
 72
     2
 73
     1
 90
        2
 40
0.6
 41
30.0
 62
     5
 63
     7
421
 16777215
 74
     0
 91
        4
 64
     7
 65
   257
 75
     1
175
     1
 42
1.0
 92
        8
 66
   257
 43
1.0
 76
     1
 77
     6
 78
     2
 67
     8
425
  7895160
 79
     3
170
     0
171
     0
290
     0
174
     0
 93
        5
 44
0.0
173
     0
291
     0
 45
0.0
  0
VISUALSTYLE
  5
41
102
{ACAD_REACTORS
330
2A
102
}
102
{ACAD_XDICTIONARY
360
209
102
}
330
2A
100
AcDbVisualStyle
  2
Shaded with edges
 70
    26
 71
     2
 72
     2
 73
     1
 90
        2
 40
0.6
 41
30.0
 62
     5
 63
     7
421
 16777215
 74
     1
 91
       10
 64
     7
 65
   257
 75
     2
175
     1
 42
1.0
 92
        8
 66
   257
 43
1.0
 76
     1
 77
     6
 78
     2
 67
     7
 79
     3
170
     0
171
     0
290
     0
174
     0
 93
        5
 44
0.0
173
     0
291
     0
 45
0.0
  0
VISUALSTYLE
  5
3E
102
{ACAD_REACTORS
330
2A
102
}
102
{ACAD_XDICTIONARY
360
203
102
}
330
2A
100
AcDbVisualStyle
  2
Shades of Gray
 70
    23
 71
     2
 72
     2
 73
     3
 90
        0
 40
0.6
 41
30.0
 62
     5
 63
     7
421
 16777215
 74
     2
 91
        2
 64
     7
 65
     7
 75
     1
175
     1
 42
40.0
 92
        8
 66
     7
 43
1.0
 76
     1
 77
     6
 78
     2
 67
     7
 79
     3
170
     0
171
     0
290
     0
174
     0
 93
        1
 44
0.0
173
     0
291
     0
 45
0.0
  0
VISUALSTYLE
  5
3F
102
{ACAD_REACTORS
330
2A
102
}
102
{ACAD_XDICTIONARY
360
205
102
}
330
2A
100
AcDbVisualStyle
  2
Sketchy
 70
    24
 71
     1
 72
     2
 73
     2
 90
        0
 40
0.6
 41
30.0
 62
     5
 63
     7
421
 16777215
 74
     2
 91
        2
 64
     7
 65
     7
 75
     1
175
     1
 42
40.0
 92
       11
 66
     7
 43
1.0
 76
     1
 77
     6
 78
     2
 67
     7
 79
     6
170
     0
171
     0
290
     0
174
     0
 93
        1
 44
0.0
173
     0
291
     0
 45
0.0
  0
VISUALSTYLE
  5
37
102
{ACAD_REACTORS
330
2A
102
}
102
{ACAD_XDICTIONARY
360
1F5
102
}
330
2A
100
AcDbVisualStyle
  2
Thicken
 70
    13
 71
     2
 72
     2
 73
     0
 90
        0
 40
0.6
 41
30.0
 62
     5
 63
     7
421
 16777215
 74
     1
 91
        4
 64
     7
 65
   257
 75
     1
175
     1
 42
1.0
 92
       12
 66
     7
 43
1.0
 76
     1
 77
     6
 78
     2
 67
     7
 79
     5
170
     0
171
     0
290
     0
174
     0
 93
        1
 44
0.0
173
     0
291
     1
 45
0.0
  0
VISUALSTYLE
  5
30
102
{ACAD_REACTORS
330
2A
102
}
102
{ACAD_XDICTIONARY
360
1E7
102
}
330
2A
100
AcDbVisualStyle
  2
Wireframe
 70
     5
 71
     0
 72
     2
 73
     0
 90
        0
 40
0.6
 41
30.0
 62
     5
 63
     7
421
 16777215
 74
     1
 91
        4
 64
     7
 65
   257
 75
     1
175
     1
 42
1.0
 92
        0
 66
   257
 43
1.0
 76
     1
 77
     6
 78
     2
 67
     7
 79
     3
170
     0
171
     0
290
     0
174
     0
 93
        1
 44
0.0
173
     0
291
     0
 45
0.0
  0
VISUALSTYLE
  5
40
102
{ACAD_REACTORS
330
2A
102
}
102
{ACAD_XDICTIONARY
360
207
102
}
330
2A
100
AcDbVisualStyle
  2
X-Ray
 70
    25
 71
     2
 72
     2
 73
     1
 90
        1
 40
0.5
 41
30.0
 62
     5
 63
     7
421
 16777215
 74
     1
 91
        0
 64
     7
 65
   257
 75
     1
175
     1
 42
1.0
 92
        8
 66
     7
 43
1.0
 76
     1
 77
     6
 78
     2
 67
     7
 79
     3
170
     0
171
     0
290
     0
174
     0
 93
       13
 44
0.0
173
     0
291
     0
 45
0.0
  0
DICTIONARYVAR
  5
1DB
102
{ACAD_REACTORS
330
1DA
102
}
330
1DA
100
DictionaryVariables
280
     0
  1
1:1
  0
DICTIONARYVAR
  5
214
102
{ACAD_REACTORS
330
1DA
102
}
330
1DA
100
DictionaryVariables
280
     0
  1
Standard
  0
DICTIONARYVAR
  5
213
102
{ACAD_REACTORS
330
1DA
102
}
330
1DA
100
DictionaryVariables
280
     0
  1
Standard
  0
DICTIONARYVAR
  5
1DC
102
{ACAD_REACTORS
330
1DA
102
}
330
1DA
100
DictionaryVariables
280
     0
  1
2
  0
DICTIONARY
  5
210
330
5C
100
AcDbDictionary
280
     1
281
     1
  3
ACAD_XREC_ROUNDTRIP
360
211
  0
DICTIONARY
  5
20D
330
5A
100
AcDbDictionary
280
     1
281
     1
  3
ACAD_ROUNDTRIP_2008_TABLESTYLE_CELLSTYLEMAP
360
20E
  0
DICTIONARY
  5
1E5
330
2F
100
AcDbDictionary
280
     1
281
     1
  3
ACAD_XREC_ROUNDTRIP
360
1E6
  0
DICTIONARY
  5
1EB
330
32
100
AcDbDictionary
280
     1
281
     1
  3
ACAD_XREC_ROUNDTRIP
360
1EC
  0
DICTIONARY
  5
1F3
330
36
100
AcDbDictionary
280
     1
281
     1
  3
ACAD_XREC_ROUNDTRIP
360
1F4
  0
DICTIONARY
  5
1FB
330
3A
100
AcDbDictionary
280
     1
281
     1
  3
ACAD_XREC_ROUNDTRIP
360
1FC
  0
DICTIONARY
  5
1EF
330
34
100
AcDbDictionary
280
     1
281
     1
  3
ACAD_XREC_ROUNDTRIP
360
1F0
  0
DICTIONARY
  5
1F1
330
35
100
AcDbDictionary
280
     1
281
     1
  3
ACAD_XREC_ROUNDTRIP
360
1F2
  0
DICTIONARY
  5
201
330
3D
100
AcDbDictionary
280
     1
281
     1
  3
ACAD_XREC_ROUNDTRIP
360
202
  0
DICTIONARY
  5
1F9
330
39
100
AcDbDictionary
280
     1
281
     1
  3
ACAD_XREC_ROUNDTRIP
360
1FA
  0
DICTIONARY
  5
1DD
330
2B
100
AcDbDictionary
280
     1
281
     1
  3
ACAD_XREC_ROUNDTRIP
360
1DE
  0
DICTIONARY
  5
1DF
330
2C
100
AcDbDictionary
280
     1
281
     1
  3
ACAD_XREC_ROUNDTRIP
360
1E0
  0
DICTIONARY
  5
1E1
330
2D
100
AcDbDictionary
280
     1
281
     1
  3
ACAD_XREC_ROUNDTRIP
360
1E2
  0
DICTIONARY
  5
1E3
330
2E
100
AcDbDictionary
280
     1
281
     1
  3
ACAD_XREC_ROUNDTRIP
360
1E4
  0
DICTIONARY
  5
1E9
330
31
100
AcDbDictionary
280
     1
281
     1
  3
ACAD_XREC_ROUNDTRIP
360
1EA
  0
DICTIONARY
  5
1FD
330
3B
100
AcDbDictionary
280
     1
281
     1
  3
ACAD_XREC_ROUNDTRIP
360
1FE
  0
DICTIONARY
  5
1F7
330
38
100
AcDbDictionary
280
     1
281
     1
  3
ACAD_XREC_ROUNDTRIP
360
1F8
  0
DICTIONARY
  5
1FF
330
3C
100
AcDbDictionary
280
     1
281
     1
  3
ACAD_XREC_ROUNDTRIP
360
200
  0
DICTIONARY
  5
1ED
330
33
100
AcDbDictionary
280
     1
281
     1
  3
ACAD_XREC_ROUNDTRIP
360
1EE
  0
DICTIONARY
  5
20B
330
42
100
AcDbDictionary
280
     1
281
     1
  3
ACAD_XREC_ROUNDTRIP
360
20C
  0
DICTIONARY
  5
209
330
41
100
AcDbDictionary
280
     1
281
     1
  3
ACAD_XREC_ROUNDTRIP
360
20A
  0
DICTIONARY
  5
203
330
3E
100
AcDbDictionary
280
     1
281
     1
  3
ACAD_XREC_ROUNDTRIP
360
204
  0
DICTIONARY
  5
205
330
3F
100
AcDbDictionary
280
     1
281
     1
  3
ACAD_XREC_ROUNDTRIP
360
206
  0
DICTIONARY
  5
1F5
330
37
100
AcDbDictionary
280
     1
281
     1
  3
ACAD_XREC_ROUNDTRIP
360
1F6
  0
DICTIONARY
  5
1E7
330
30
100
AcDbDictionary
280
     1
281
     1
  3
ACAD_XREC_ROUNDTRIP
360
1E8
  0
DICTIONARY
  5
207
330
40
100
AcDbDictionary
280
     1
281
     1
  3
ACAD_XREC_ROUNDTRIP
360
208
  0
XRECORD
  5
211
102
{ACAD_REACTORS
330
210
102
}
330
210
100
AcDbXrecord
280
     1
102
ACAD_ROUNDTRIP_2010_MLEADER_STYLE
  0
CELLSTYLEMAP
  5
20E
102
{ACAD_REACTORS
330
20D
102
}
330
20D
100
AcDbCellStyleMap
 90
        3
300
CELLSTYLE
  1
TABLEFORMAT_BEGIN
 90
        5
170
     1
 91
        0
 92
    32768
 62
   257
 93
        1
300
CONTENTFORMAT
  1
CONTENTFORMAT_BEGIN
 90
        0
 91
        0
 92
        4
 93
        0
300

 40
0.0
140
1.0
 94
        5
 62
     0
340
11
144
0.25
309
CONTENTFORMAT_END
171
     1
301
MARGIN
  1
CELLMARGIN_BEGIN
 40
0.06
 40
0.06
 40
0.06
 40
0.06
 40
0.06
 40
0.06
309
CELLMARGIN_END
 94
        6
 95
        1
302
GRIDFORMAT
  1
GRIDFORMAT_BEGIN
 90
        0
 91
        1
 62
     0
 92
       -2
340
14
 93
        0
 40
0.045
309
GRIDFORMAT_END
 95
        2
302
GRIDFORMAT
  1
GRIDFORMAT_BEGIN
 90
        0
 91
        1
 62
     0
 92
       -2
340
14
 93
        0
 40
0.045
309
GRIDFORMAT_END
 95
        4
302
GRIDFORMAT
  1
GRIDFORMAT_BEGIN
 90
        0
 91
        1
 62
     0
 92
       -2
340
14
 93
        0
 40
0.045
309
GRIDFORMAT_END
 95
        8
302
GRIDFORMAT
  1
GRIDFORMAT_BEGIN
 90
        0
 91
        1
 62
     0
 92
       -2
340
14
 93
        0
 40
0.045
309
GRIDFORMAT_END
 95
       16
302
GRIDFORMAT
  1
GRIDFORMAT_BEGIN
 90
        0
 91
        1
 62
     0
 92
       -2
340
14
 93
        0
 40
0.045
309
GRIDFORMAT_END
 95
       32
302
GRIDFORMAT
  1
GRIDFORMAT_BEGIN
 90
        0
 91
        1
 62
     0
 92
       -2
340
14
 93
        0
 40
0.045
309
GRIDFORMAT_END
309
TABLEFORMAT_END
  1
CELLSTYLE_BEGIN
 90
        1
 91
        1
300
_TITLE
309
CELLSTYLE_END
300
CELLSTYLE
  1
TABLEFORMAT_BEGIN
 90
        5
170
     1
 91
        0
 92
        0
 62
   257
 93
        1
300
CONTENTFORMAT
  1
CONTENTFORMAT_BEGIN
 90
        0
 91
        0
 92
        4
 93
        0
300

 40
0.0
140
1.0
 94
        5
 62
     0
340
11
144
0.18
309
CONTENTFORMAT_END
171
     1
301
MARGIN
  1
CELLMARGIN_BEGIN
 40
0.06
 40
0.06
 40
0.06
 40
0.06
 40
0.06
 40
0.06
309
CELLMARGIN_END
 94
        6
 95
        1
302
GRIDFORMAT
  1
GRIDFORMAT_BEGIN
 90
        0
 91
        1
 62
     0
 92
       -2
340
14
 93
        0
 40
0.045
309
GRIDFORMAT_END
 95
        2
302
GRIDFORMAT
  1
GRIDFORMAT_BEGIN
 90
        0
 91
        1
 62
     0
 92
       -2
340
14
 93
        0
 40
0.045
309
GRIDFORMAT_END
 95
        4
302
GRIDFORMAT
  1
GRIDFORMAT_BEGIN
 90
        0
 91
        1
 62
     0
 92
       -2
340
14
 93
        0
 40
0.045
309
GRIDFORMAT_END
 95
        8
302
GRIDFORMAT
  1
GRIDFORMAT_BEGIN
 90
        0
 91
        1
 62
     0
 92
       -2
340
14
 93
        0
 40
0.045
309
GRIDFORMAT_END
 95
       16
302
GRIDFORMAT
  1
GRIDFORMAT_BEGIN
 90
        0
 91
        1
 62
     0
 92
       -2
340
14
 93
        0
 40
0.045
309
GRIDFORMAT_END
 95
       32
302
GRIDFORMAT
  1
GRIDFORMAT_BEGIN
 90
        0
 91
        1
 62
     0
 92
       -2
340
14
 93
        0
 40
0.045
309
GRIDFORMAT_END
309
TABLEFORMAT_END
  1
CELLSTYLE_BEGIN
 90
        2
 91
        1
300
_HEADER
309
CELLSTYLE_END
300
CELLSTYLE
  1
TABLEFORMAT_BEGIN
 90
        5
170
     1
 91
        0
 92
        0
 62
   257
 93
        1
300
CONTENTFORMAT
  1
CONTENTFORMAT_BEGIN
 90
        0
 91
        0
 92
        4
 93
        0
300

 40
0.0
140
1.0
 94
        2
 62
     0
340
11
144
0.18
309
CONTENTFORMAT_END
171
     1
301
MARGIN
  1
CELLMARGIN_BEGIN
 40
0.06
 40
0.06
 40
0.06
 40
0.06
 40
0.06
 40
0.06
309
CELLMARGIN_END
 94
        6
 95
        1
302
GRIDFORMAT
  1
GRIDFORMAT_BEGIN
 90
        0
 91
        1
 62
     0
 92
       -2
340
14
 93
        0
 40
0.045
309
GRIDFORMAT_END
 95
        2
302
GRIDFORMAT
  1
GRIDFORMAT_BEGIN
 90
        0
 91
        1
 62
     0
 92
       -2
340
14
 93
        0
 40
0.045
309
GRIDFORMAT_END
 95
        4
302
GRIDFORMAT
  1
GRIDFORMAT_BEGIN
 90
        0
 91
        1
 62
     0
 92
       -2
340
14
 93
        0
 40
0.045
309
GRIDFORMAT_END
 95
        8
302
GRIDFORMAT
  1
GRIDFORMAT_BEGIN
 90
        0
 91
        1
 62
     0
 92
       -2
340
14
 93
        0
 40
0.045
309
GRIDFORMAT_END
 95
       16
302
GRIDFORMAT
  1
GRIDFORMAT_BEGIN
 90
        0
 91
        1
 62
     0
 92
       -2
340
14
 93
        0
 40
0.045
309
GRIDFORMAT_END
 95
       32
302
GRIDFORMAT
  1
GRIDFORMAT_BEGIN
 90
        0
 91
        1
 62
     0
 92
       -2
340
14
 93
        0
 40
0.045
309
GRIDFORMAT_END
309
TABLEFORMAT_END
  1
CELLSTYLE_BEGIN
 90
        3
 91
        2
300
_DATA
309
CELLSTYLE_END
  0
XRECORD
  5
1E6
102
{ACAD_REACTORS
330
1E5
102
}
330
1E5
100
AcDbXrecord
280
     1
102
RTVSPropertyOp0
 70
     1
102
RTVSPropertyOp1
 70
     1
102
RTVSPropertyOp2
 70
     1
102
RTVSPropertyOp3
 70
     1
102
RTVSPropertyOp4
 70
     1
102
RTVSPropertyOp5
 70
     1
102
RTVSPropertyOp6
 70
     1
102
RTVSPropertyOp7
 70
     1
102
RTVSPropertyOp8
 70
     1
102
RTVSPropertyOp9
 70
     1
102
RTVSPropertyOp10
 70
     1
102
RTVSPropertyOp11
 70
     1
102
RTVSPropertyOp12
 70
     1
102
RTVSPropertyOp13
 70
     1
102
RTVSPropertyOp14
 70
     1
102
RTVSPropertyOp15
 70
     1
102
RTVSPropertyOp16
 70
     1
102
RTVSPropertyOp17
 70
     1
102
RTVSPropertyOp18
 70
     1
102
RTVSPropertyOp19
 70
     1
102
RTVSPropertyOp20
 70
     1
102
RTVSPropertyOp21
 70
     1
102
RTVSPropertyOp22
 70
     1
102
RTVSPropertyOp23
 70
     1
102
RTVSPropertyOp24
 70
     1
102
RTVSPropertyOp25
 70
     1
102
RTVSPropertyOp26
 70
     1
102
RTVSPropertyOp27
 70
     1
102
RTVSPropertyOp28
 70
     1
102
RTVSPropertyOp29
 70
     1
102
RTVSPropertyOp30
 70
     1
102
RTVSPropertyOp31
 70
     1
102
RTVSPropertyOp32
 70
     1
102
RTVSPropertyOp33
 70
     1
102
RTVSPropertyOp34
 70
     1
102
RTVSPropertyOp35
 70
     1
102
RTVSPropertyOp36
 70
     1
102
RTVSPropertyOp37
 70
     1
102
RTVSPropertyOp38
 70
     1
102
RTVSPropertyOp39
 70
     1
102
RTVSPropertyOp40
 70
     1
102
RTVSPropertyOp41
 70
     1
102
RTVSPropertyOp42
 70
     1
102
RTVSPropertyOp43
 70
     1
102
RTVSPropertyOp44
 70
     1
102
RTVSPropertyOp45
 70
     1
102
RTVSPropertyOp46
 70
     1
102
RTVSPropertyOp47
 70
     1
102
RTVSPropertyOp48
 70
     1
102
RTVSPropertyOp49
 70
     1
102
RTVSPropertyOp50
 70
     1
102
RTVSPropertyOp51
 70
     0
102
RTVSPropertyOp52
 70
     0
102
RTVSPropertyOp53
 70
     1
102
RTVSPropertyOp54
 70
     1
102
RTVSPropertyOp55
 70
     1
102
RTVSPropertyOp56
 70
     1
102
RTVSPropertyOp57
 70
     1
102
RTVSPost2010Prop28
280
     1
102
RTVSPost2010PropOp28
 70
     1
102
RTVSPost2010Prop29
280
     1
102
RTVSPost2010PropOp29
 70
     1
102
RTVSPost2010Prop30
280
     0
102
RTVSPost2010PropOp30
 70
     1
102
RTVSPost2010Prop31
280
     0
102
RTVSPost2010PropOp31
 70
     1
102
RTVSPost2010Prop32
280
     0
102
RTVSPost2010PropOp32
 70
     1
102
RTVSPost2010Prop33
280
     0
102
RTVSPost2010PropOp33
 70
     1
102
RTVSPost2010Prop34
280
     0
102
RTVSPost2010PropOp34
 70
     1
102
RTVSPost2010Prop35
280
     0
102
RTVSPost2010PropOp35
 70
     1
102
RTVSPost2010Prop36
280
     0
102
RTVSPost2010PropOp36
 70
     1
102
RTVSPost2010Prop37
 90
       50
102
RTVSPost2010PropOp37
 70
     1
102
RTVSPost2010Prop38
140
0.0
102
RTVSPost2010PropOp38
 70
     1
102
RTVSPost2010Prop39
140
1.0
102
RTVSPost2010PropOp39
 70
     1
102
RTVSPost2010Prop40
 90
        0
102
RTVSPost2010PropOp40
 70
     1
102
RTVSPost2010Prop41ColorIndex
 90
       18
102
RTVSPost2010Prop41ColorRGB
 90
        0
102
RTVSPost2010PropOp41
 70
     1
102
RTVSPost2010Prop42
 90
       50
102
RTVSPost2010PropOp42
 70
     1
102
RTVSPost2010Prop43
 90
        3
102
RTVSPost2010PropOp43
 70
     1
102
RTVSPost2010Prop44ColorIndex
 90
        5
102
RTVSPost2010Prop44ColorRGB
 90
      255
102
RTVSPost2010PropOp44
 70
     1
102
RTVSPost2010Prop45
280
     0
102
RTVSPost2010PropOp45
 70
     1
102
RTVSPost2010Prop46
 90
       50
102
RTVSPost2010PropOp46
 70
     1
102
RTVSPost2010Prop47
 90
       50
102
RTVSPost2010PropOp47
 70
     1
102
RTVSPost2010Prop48
 90
       50
102
RTVSPost2010PropOp48
 70
     1
102
RTVSPost2010Prop49
280
     0
102
RTVSPost2010PropOp49
 70
     1
102
RTVSPost2010Prop50
 90
       50
102
RTVSPost2010PropOp50
 70
     1
102
RTVSPost2010Prop51ColorIndex
 90
      256
102
RTVSPost2010Prop51ColorRGB
 90
-16777216
102
RTVSPost2010PropOp51
 70
     0
102
RTVSPost2010Prop52
140
1.0
102
RTVSPost2010PropOp52
 70
     0
102
RTVSPost2010Prop53
 90
        2
102
RTVSPost2010PropOp53
 70
     1
102
RTVSPost2010Prop54
  1
strokes_ogs.tif
102
RTVSPost2010PropOp54
 70
     1
102
RTVSPost2010Prop55
280
     0
102
RTVSPost2010PropOp55
 70
     1
102
RTVSPost2010Prop56
140
1.0
102
RTVSPost2010PropOp56
 70
     1
102
RTVSPost2010Prop57
140
1.0
102
RTVSPost2010PropOp57
 70
     1
  0
XRECORD
  5
1EC
102
{ACAD_REACTORS
330
1EB
102
}
330
1EB
100
AcDbXrecord
280
     1
102
RTVSPropertyOp0
 70
     1
102
RTVSPropertyOp1
 70
     1
102
RTVSPropertyOp2
 70
     1
102
RTVSPropertyOp3
 70
     1
102
RTVSPropertyOp4
 70
     1
102
RTVSPropertyOp5
 70
     1
102
RTVSPropertyOp6
 70
     1
102
RTVSPropertyOp7
 70
     1
102
RTVSPropertyOp8
 70
     1
102
RTVSPropertyOp9
 70
     1
102
RTVSPropertyOp10
 70
     1
102
RTVSPropertyOp11
 70
     1
102
RTVSPropertyOp12
 70
     1
102
RTVSPropertyOp13
 70
     1
102
RTVSPropertyOp14
 70
     1
102
RTVSPropertyOp15
 70
     1
102
RTVSPropertyOp16
 70
     1
102
RTVSPropertyOp17
 70
     1
102
RTVSPropertyOp18
 70
     1
102
RTVSPropertyOp19
 70
     1
102
RTVSPropertyOp20
 70
     1
102
RTVSPropertyOp21
 70
     1
102
RTVSPropertyOp22
 70
     1
102
RTVSPropertyOp23
 70
     1
102
RTVSPropertyOp24
 70
     1
102
RTVSPropertyOp25
 70
     1
102
RTVSPropertyOp26
 70
     1
102
RTVSPropertyOp27
 70
     1
102
RTVSPropertyOp28
 70
     1
102
RTVSPropertyOp29
 70
     1
102
RTVSPropertyOp30
 70
     1
102
RTVSPropertyOp31
 70
     1
102
RTVSPropertyOp32
 70
     1
102
RTVSPropertyOp33
 70
     1
102
RTVSPropertyOp34
 70
     1
102
RTVSPropertyOp35
 70
     1
102
RTVSPropertyOp36
 70
     1
102
RTVSPropertyOp37
 70
     1
102
RTVSPropertyOp38
 70
     1
102
RTVSPropertyOp39
 70
     1
102
RTVSPropertyOp40
 70
     1
102
RTVSPropertyOp41
 70
     1
102
RTVSPropertyOp42
 70
     1
102
RTVSPropertyOp43
 70
     1
102
RTVSPropertyOp44
 70
     1
102
RTVSPropertyOp45
 70
     1
102
RTVSPropertyOp46
 70
     1
102
RTVSPropertyOp47
 70
     1
102
RTVSPropertyOp48
 70
     1
102
RTVSPropertyOp49
 70
     1
102
RTVSPropertyOp50
 70
     1
102
RTVSPropertyOp51
 70
     0
102
RTVSPropertyOp52
 70
     0
102
RTVSPropertyOp53
 70
     1
102
RTVSPropertyOp54
 70
     1
102
RTVSPropertyOp55
 70
     1
102
RTVSPropertyOp56
 70
     1
102
RTVSPropertyOp57
 70
     1
102
RTVSPost2010Prop28
280
     0
102
RTVSPost2010PropOp28
 70
     1
102
RTVSPost2010Prop29
280
     1
102
RTVSPost2010PropOp29
 70
     1
102
RTVSPost2010Prop30
280
     1
102
RTVSPost2010PropOp30
 70
     1
102
RTVSPost2010Prop31
280
     0
102
RTVSPost2010PropOp31
 70
     1
102
RTVSPost2010Prop32
280
     0
102
RTVSPost2010PropOp32
 70
     1
102
RTVSPost2010Prop33
280
     0
102
RTVSPost2010PropOp33
 70
     1
102
RTVSPost2010Prop34
280
     0
102
RTVSPost2010PropOp34
 70
     1
102
RTVSPost2010Prop35
280
     0
102
RTVSPost2010PropOp35
 70
     1
102
RTVSPost2010Prop36
280
     0
102
RTVSPost2010PropOp36
 70
     1
102
RTVSPost2010Prop37
 90
       50
102
RTVSPost2010PropOp37
 70
     1
102
RTVSPost2010Prop38
140
0.0
102
RTVSPost2010PropOp38
 70
     1
102
RTVSPost2010Prop39
140
1.0
102
RTVSPost2010PropOp39
 70
     1
102
RTVSPost2010Prop40
 90
        0
102
RTVSPost2010PropOp40
 70
     1
102
RTVSPost2010Prop41ColorIndex
 90
       18
102
RTVSPost2010Prop41ColorRGB
 90
        0
102
RTVSPost2010PropOp41
 70
     1
102
RTVSPost2010Prop42
 90
       50
102
RTVSPost2010PropOp42
 70
     1
102
RTVSPost2010Prop43
 90
        3
102
RTVSPost2010PropOp43
 70
     1
102
RTVSPost2010Prop44ColorIndex
 90
        5
102
RTVSPost2010Prop44ColorRGB
 90
      255
102
RTVSPost2010PropOp44
 70
     1
102
RTVSPost2010Prop45
280
     0
102
RTVSPost2010PropOp45
 70
     1
102
RTVSPost2010Prop46
 90
       50
102
RTVSPost2010PropOp46
 70
     1
102
RTVSPost2010Prop47
 90
       50
102
RTVSPost2010PropOp47
 70
     1
102
RTVSPost2010Prop48
 90
       50
102
RTVSPost2010PropOp48
 70
     1
102
RTVSPost2010Prop49
280
     0
102
RTVSPost2010PropOp49
 70
     1
102
RTVSPost2010Prop50
 90
       50
102
RTVSPost2010PropOp50
 70
     1
102
RTVSPost2010Prop51ColorIndex
 90
      256
102
RTVSPost2010Prop51ColorRGB
 90
-16777216
102
RTVSPost2010PropOp51
 70
     0
102
RTVSPost2010Prop52
140
1.0
102
RTVSPost2010PropOp52
 70
     0
102
RTVSPost2010Prop53
 90
        2
102
RTVSPost2010PropOp53
 70
     1
102
RTVSPost2010Prop54
  1
strokes_ogs.tif
102
RTVSPost2010PropOp54
 70
     1
102
RTVSPost2010Prop55
280
     0
102
RTVSPost2010PropOp55
 70
     1
102
RTVSPost2010Prop56
140
1.0
102
RTVSPost2010PropOp56
 70
     1
102
RTVSPost2010Prop57
140
1.0
102
RTVSPost2010PropOp57
 70
     1
  0
XRECORD
  5
1F4
102
{ACAD_REACTORS
330
1F3
102
}
330
1F3
100
AcDbXrecord
280
     1
102
RTVSPropertyOp0
 70
     1
102
RTVSPropertyOp1
 70
     1
102
RTVSPropertyOp2
 70
     1
102
RTVSPropertyOp3
 70
     1
102
RTVSPropertyOp4
 70
     1
102
RTVSPropertyOp5
 70
     1
102
RTVSPropertyOp6
 70
     1
102
RTVSPropertyOp7
 70
     1
102
RTVSPropertyOp8
 70
     1
102
RTVSPropertyOp9
 70
     1
102
RTVSPropertyOp10
 70
     1
102
RTVSPropertyOp11
 70
     1
102
RTVSPropertyOp12
 70
     1
102
RTVSPropertyOp13
 70
     1
102
RTVSPropertyOp14
 70
     1
102
RTVSPropertyOp15
 70
     1
102
RTVSPropertyOp16
 70
     1
102
RTVSPropertyOp17
 70
     1
102
RTVSPropertyOp18
 70
     1
102
RTVSPropertyOp19
 70
     1
102
RTVSPropertyOp20
 70
     1
102
RTVSPropertyOp21
 70
     1
102
RTVSPropertyOp22
 70
     1
102
RTVSPropertyOp23
 70
     1
102
RTVSPropertyOp24
 70
     1
102
RTVSPropertyOp25
 70
     1
102
RTVSPropertyOp26
 70
     1
102
RTVSPropertyOp27
 70
     1
102
RTVSPropertyOp28
 70
     1
102
RTVSPropertyOp29
 70
     1
102
RTVSPropertyOp30
 70
     1
102
RTVSPropertyOp31
 70
     1
102
RTVSPropertyOp32
 70
     1
102
RTVSPropertyOp33
 70
     1
102
RTVSPropertyOp34
 70
     1
102
RTVSPropertyOp35
 70
     1
102
RTVSPropertyOp36
 70
     1
102
RTVSPropertyOp37
 70
     1
102
RTVSPropertyOp38
 70
     1
102
RTVSPropertyOp39
 70
     1
102
RTVSPropertyOp40
 70
     1
102
RTVSPropertyOp41
 70
     1
102
RTVSPropertyOp42
 70
     1
102
RTVSPropertyOp43
 70
     1
102
RTVSPropertyOp44
 70
     1
102
RTVSPropertyOp45
 70
     1
102
RTVSPropertyOp46
 70
     1
102
RTVSPropertyOp47
 70
     1
102
RTVSPropertyOp48
 70
     1
102
RTVSPropertyOp49
 70
     1
102
RTVSPropertyOp50
 70
     1
102
RTVSPropertyOp51
 70
     0
102
RTVSPropertyOp52
 70
     0
102
RTVSPropertyOp53
 70
     1
102
RTVSPropertyOp54
 70
     1
102
RTVSPropertyOp55
 70
     1
102
RTVSPropertyOp56
 70
     1
102
RTVSPropertyOp57
 70
     1
102
RTVSPost2010Prop28
280
     0
102
RTVSPost2010PropOp28
 70
     1
102
RTVSPost2010Prop29
280
     1
102
RTVSPost2010PropOp29
 70
     1
102
RTVSPost2010Prop30
280
     1
102
RTVSPost2010PropOp30
 70
     1
102
RTVSPost2010Prop31
280
     0
102
RTVSPost2010PropOp31
 70
     1
102
RTVSPost2010Prop32
280
     0
102
RTVSPost2010PropOp32
 70
     1
102
RTVSPost2010Prop33
280
     0
102
RTVSPost2010PropOp33
 70
     1
102
RTVSPost2010Prop34
280
     0
102
RTVSPost2010PropOp34
 70
     1
102
RTVSPost2010Prop35
280
     0
102
RTVSPost2010PropOp35
 70
     1
102
RTVSPost2010Prop36
280
     0
102
RTVSPost2010PropOp36
 70
     1
102
RTVSPost2010Prop37
 90
       50
102
RTVSPost2010PropOp37
 70
     1
102
RTVSPost2010Prop38
140
0.0
102
RTVSPost2010PropOp38
 70
     1
102
RTVSPost2010Prop39
140
1.0
102
RTVSPost2010PropOp39
 70
     1
102
RTVSPost2010Prop40
 90
        0
102
RTVSPost2010PropOp40
 70
     1
102
RTVSPost2010Prop41ColorIndex
 90
       18
102
RTVSPost2010Prop41ColorRGB
 90
        0
102
RTVSPost2010PropOp41
 70
     1
102
RTVSPost2010Prop42
 90
       50
102
RTVSPost2010PropOp42
 70
     1
102
RTVSPost2010Prop43
 90
        3
102
RTVSPost2010PropOp43
 70
     1
102
RTVSPost2010Prop44ColorIndex
 90
        5
102
RTVSPost2010Prop44ColorRGB
 90
      255
102
RTVSPost2010PropOp44
 70
     1
102
RTVSPost2010Prop45
280
     0
102
RTVSPost2010PropOp45
 70
     1
102
RTVSPost2010Prop46
 90
       50
102
RTVSPost2010PropOp46
 70
     1
102
RTVSPost2010Prop47
 90
       50
102
RTVSPost2010PropOp47
 70
     1
102
RTVSPost2010Prop48
 90
       50
102
RTVSPost2010PropOp48
 70
     1
102
RTVSPost2010Prop49
280
     0
102
RTVSPost2010PropOp49
 70
     1
102
RTVSPost2010Prop50
 90
       50
102
RTVSPost2010PropOp50
 70
     1
102
RTVSPost2010Prop51ColorIndex
 90
      256
102
RTVSPost2010Prop51ColorRGB
 90
-16777216
102
RTVSPost2010PropOp51
 70
     0
102
RTVSPost2010Prop52
140
1.0
102
RTVSPost2010PropOp52
 70
     0
102
RTVSPost2010Prop53
 90
        2
102
RTVSPost2010PropOp53
 70
     1
102
RTVSPost2010Prop54
  1
strokes_ogs.tif
102
RTVSPost2010PropOp54
 70
     1
102
RTVSPost2010Prop55
280
     0
102
RTVSPost2010PropOp55
 70
     1
102
RTVSPost2010Prop56
140
1.0
102
RTVSPost2010PropOp56
 70
     1
102
RTVSPost2010Prop57
140
1.0
102
RTVSPost2010PropOp57
 70
     1
  0
XRECORD
  5
1FC
102
{ACAD_REACTORS
330
1FB
102
}
330
1FB
100
AcDbXrecord
280
     1
102
RTVSPropertyOp0
 70
     1
102
RTVSPropertyOp1
 70
     1
102
RTVSPropertyOp2
 70
     1
102
RTVSPropertyOp3
 70
     1
102
RTVSPropertyOp4
 70
     1
102
RTVSPropertyOp5
 70
     1
102
RTVSPropertyOp6
 70
     1
102
RTVSPropertyOp7
 70
     1
102
RTVSPropertyOp8
 70
     1
102
RTVSPropertyOp9
 70
     1
102
RTVSPropertyOp10
 70
     1
102
RTVSPropertyOp11
 70
     1
102
RTVSPropertyOp12
 70
     1
102
RTVSPropertyOp13
 70
     1
102
RTVSPropertyOp14
 70
     1
102
RTVSPropertyOp15
 70
     1
102
RTVSPropertyOp16
 70
     1
102
RTVSPropertyOp17
 70
     1
102
RTVSPropertyOp18
 70
     1
102
RTVSPropertyOp19
 70
     1
102
RTVSPropertyOp20
 70
     1
102
RTVSPropertyOp21
 70
     1
102
RTVSPropertyOp22
 70
     1
102
RTVSPropertyOp23
 70
     1
102
RTVSPropertyOp24
 70
     1
102
RTVSPropertyOp25
 70
     1
102
RTVSPropertyOp26
 70
     1
102
RTVSPropertyOp27
 70
     1
102
RTVSPropertyOp28
 70
     1
102
RTVSPropertyOp29
 70
     1
102
RTVSPropertyOp30
 70
     1
102
RTVSPropertyOp31
 70
     1
102
RTVSPropertyOp32
 70
     1
102
RTVSPropertyOp33
 70
     1
102
RTVSPropertyOp34
 70
     1
102
RTVSPropertyOp35
 70
     1
102
RTVSPropertyOp36
 70
     1
102
RTVSPropertyOp37
 70
     1
102
RTVSPropertyOp38
 70
     1
102
RTVSPropertyOp39
 70
     1
102
RTVSPropertyOp40
 70
     1
102
RTVSPropertyOp41
 70
     1
102
RTVSPropertyOp42
 70
     1
102
RTVSPropertyOp43
 70
     1
102
RTVSPropertyOp44
 70
     1
102
RTVSPropertyOp45
 70
     1
102
RTVSPropertyOp46
 70
     1
102
RTVSPropertyOp47
 70
     1
102
RTVSPropertyOp48
 70
     1
102
RTVSPropertyOp49
 70
     1
102
RTVSPropertyOp50
 70
     1
102
RTVSPropertyOp51
 70
     0
102
RTVSPropertyOp52
 70
     0
102
RTVSPropertyOp53
 70
     1
102
RTVSPropertyOp54
 70
     1
102
RTVSPropertyOp55
 70
     1
102
RTVSPropertyOp56
 70
     1
102
RTVSPropertyOp57
 70
     1
102
RTVSPost2010Prop28
280
     0
102
RTVSPost2010PropOp28
 70
     1
102
RTVSPost2010Prop29
280
     1
102
RTVSPost2010PropOp29
 70
     1
102
RTVSPost2010Prop30
280
     1
102
RTVSPost2010PropOp30
 70
     1
102
RTVSPost2010Prop31
280
     0
102
RTVSPost2010PropOp31
 70
     1
102
RTVSPost2010Prop32
280
     0
102
RTVSPost2010PropOp32
 70
     1
102
RTVSPost2010Prop33
280
     0
102
RTVSPost2010PropOp33
 70
     1
102
RTVSPost2010Prop34
280
     0
102
RTVSPost2010PropOp34
 70
     1
102
RTVSPost2010Prop35
280
     0
102
RTVSPost2010PropOp35
 70
     1
102
RTVSPost2010Prop36
280
     0
102
RTVSPost2010PropOp36
 70
     1
102
RTVSPost2010Prop37
 90
       50
102
RTVSPost2010PropOp37
 70
     1
102
RTVSPost2010Prop38
140
0.0
102
RTVSPost2010PropOp38
 70
     1
102
RTVSPost2010Prop39
140
1.0
102
RTVSPost2010PropOp39
 70
     1
102
RTVSPost2010Prop40
 90
        0
102
RTVSPost2010PropOp40
 70
     1
102
RTVSPost2010Prop41ColorIndex
 90
       18
102
RTVSPost2010Prop41ColorRGB
 90
        0
102
RTVSPost2010PropOp41
 70
     1
102
RTVSPost2010Prop42
 90
       50
102
RTVSPost2010PropOp42
 70
     1
102
RTVSPost2010Prop43
 90
        3
102
RTVSPost2010PropOp43
 70
     1
102
RTVSPost2010Prop44ColorIndex
 90
        5
102
RTVSPost2010Prop44ColorRGB
 90
      255
102
RTVSPost2010PropOp44
 70
     1
102
RTVSPost2010Prop45
280
     0
102
RTVSPost2010PropOp45
 70
     1
102
RTVSPost2010Prop46
 90
       50
102
RTVSPost2010PropOp46
 70
     1
102
RTVSPost2010Prop47
 90
       50
102
RTVSPost2010PropOp47
 70
     1
102
RTVSPost2010Prop48
 90
       50
102
RTVSPost2010PropOp48
 70
     1
102
RTVSPost2010Prop49
280
     0
102
RTVSPost2010PropOp49
 70
     1
102
RTVSPost2010Prop50
 90
       50
102
RTVSPost2010PropOp50
 70
     1
102
RTVSPost2010Prop51ColorIndex
 90
      256
102
RTVSPost2010Prop51ColorRGB
 90
-16777216
102
RTVSPost2010PropOp51
 70
     0
102
RTVSPost2010Prop52
140
1.0
102
RTVSPost2010PropOp52
 70
     0
102
RTVSPost2010Prop53
 90
        2
102
RTVSPost2010PropOp53
 70
     1
102
RTVSPost2010Prop54
  1
strokes_ogs.tif
102
RTVSPost2010PropOp54
 70
     1
102
RTVSPost2010Prop55
280
     0
102
RTVSPost2010PropOp55
 70
     1
102
RTVSPost2010Prop56
140
1.0
102
RTVSPost2010PropOp56
 70
     1
102
RTVSPost2010Prop57
140
1.0
102
RTVSPost2010PropOp57
 70
     1
  0
XRECORD
  5
1F0
102
{ACAD_REACTORS
330
1EF
102
}
330
1EF
100
AcDbXrecord
280
     1
102
RTVSPropertyOp0
 70
     1
102
RTVSPropertyOp1
 70
     1
102
RTVSPropertyOp2
 70
     1
102
RTVSPropertyOp3
 70
     1
102
RTVSPropertyOp4
 70
     1
102
RTVSPropertyOp5
 70
     1
102
RTVSPropertyOp6
 70
     1
102
RTVSPropertyOp7
 70
     1
102
RTVSPropertyOp8
 70
     1
102
RTVSPropertyOp9
 70
     1
102
RTVSPropertyOp10
 70
     1
102
RTVSPropertyOp11
 70
     1
102
RTVSPropertyOp12
 70
     1
102
RTVSPropertyOp13
 70
     1
102
RTVSPropertyOp14
 70
     1
102
RTVSPropertyOp15
 70
     1
102
RTVSPropertyOp16
 70
     1
102
RTVSPropertyOp17
 70
     1
102
RTVSPropertyOp18
 70
     1
102
RTVSPropertyOp19
 70
     1
102
RTVSPropertyOp20
 70
     1
102
RTVSPropertyOp21
 70
     1
102
RTVSPropertyOp22
 70
     1
102
RTVSPropertyOp23
 70
     1
102
RTVSPropertyOp24
 70
     1
102
RTVSPropertyOp25
 70
     1
102
RTVSPropertyOp26
 70
     1
102
RTVSPropertyOp27
 70
     1
102
RTVSPropertyOp28
 70
     1
102
RTVSPropertyOp29
 70
     1
102
RTVSPropertyOp30
 70
     1
102
RTVSPropertyOp31
 70
     1
102
RTVSPropertyOp32
 70
     1
102
RTVSPropertyOp33
 70
     1
102
RTVSPropertyOp34
 70
     1
102
RTVSPropertyOp35
 70
     1
102
RTVSPropertyOp36
 70
     1
102
RTVSPropertyOp37
 70
     1
102
RTVSPropertyOp38
 70
     1
102
RTVSPropertyOp39
 70
     1
102
RTVSPropertyOp40
 70
     1
102
RTVSPropertyOp41
 70
     1
102
RTVSPropertyOp42
 70
     1
102
RTVSPropertyOp43
 70
     1
102
RTVSPropertyOp44
 70
     1
102
RTVSPropertyOp45
 70
     1
102
RTVSPropertyOp46
 70
     1
102
RTVSPropertyOp47
 70
     1
102
RTVSPropertyOp48
 70
     1
102
RTVSPropertyOp49
 70
     1
102
RTVSPropertyOp50
 70
     1
102
RTVSPropertyOp51
 70
     0
102
RTVSPropertyOp52
 70
     0
102
RTVSPropertyOp53
 70
     1
102
RTVSPropertyOp54
 70
     1
102
RTVSPropertyOp55
 70
     1
102
RTVSPropertyOp56
 70
     1
102
RTVSPropertyOp57
 70
     1
102
RTVSPost2010Prop28
280
     0
102
RTVSPost2010PropOp28
 70
     1
102
RTVSPost2010Prop29
280
     1
102
RTVSPost2010PropOp29
 70
     1
102
RTVSPost2010Prop30
280
     1
102
RTVSPost2010PropOp30
 70
     1
102
RTVSPost2010Prop31
280
     0
102
RTVSPost2010PropOp31
 70
     1
102
RTVSPost2010Prop32
280
     0
102
RTVSPost2010PropOp32
 70
     1
102
RTVSPost2010Prop33
280
     0
102
RTVSPost2010PropOp33
 70
     1
102
RTVSPost2010Prop34
280
     0
102
RTVSPost2010PropOp34
 70
     1
102
RTVSPost2010Prop35
280
     0
102
RTVSPost2010PropOp35
 70
     1
102
RTVSPost2010Prop36
280
     0
102
RTVSPost2010PropOp36
 70
     1
102
RTVSPost2010Prop37
 90
       50
102
RTVSPost2010PropOp37
 70
     1
102
RTVSPost2010Prop38
140
0.0
102
RTVSPost2010PropOp38
 70
     1
102
RTVSPost2010Prop39
140
1.0
102
RTVSPost2010PropOp39
 70
     1
102
RTVSPost2010Prop40
 90
        0
102
RTVSPost2010PropOp40
 70
     1
102
RTVSPost2010Prop41ColorIndex
 90
       18
102
RTVSPost2010Prop41ColorRGB
 90
        0
102
RTVSPost2010PropOp41
 70
     1
102
RTVSPost2010Prop42
 90
       50
102
RTVSPost2010PropOp42
 70
     1
102
RTVSPost2010Prop43
 90
        3
102
RTVSPost2010PropOp43
 70
     1
102
RTVSPost2010Prop44ColorIndex
 90
        5
102
RTVSPost2010Prop44ColorRGB
 90
      255
102
RTVSPost2010PropOp44
 70
     1
102
RTVSPost2010Prop45
280
     0
102
RTVSPost2010PropOp45
 70
     1
102
RTVSPost2010Prop46
 90
       50
102
RTVSPost2010PropOp46
 70
     1
102
RTVSPost2010Prop47
 90
       50
102
RTVSPost2010PropOp47
 70
     1
102
RTVSPost2010Prop48
 90
       50
102
RTVSPost2010PropOp48
 70
     1
102
RTVSPost2010Prop49
280
     0
102
RTVSPost2010PropOp49
 70
     1
102
RTVSPost2010Prop50
 90
       50
102
RTVSPost2010PropOp50
 70
     1
102
RTVSPost2010Prop51ColorIndex
 90
      256
102
RTVSPost2010Prop51ColorRGB
 90
-16777216
102
RTVSPost2010PropOp51
 70
     0
102
RTVSPost2010Prop52
140
1.0
102
RTVSPost2010PropOp52
 70
     0
102
RTVSPost2010Prop53
 90
        2
102
RTVSPost2010PropOp53
 70
     1
102
RTVSPost2010Prop54
  1
strokes_ogs.tif
102
RTVSPost2010PropOp54
 70
     1
102
RTVSPost2010Prop55
280
     0
102
RTVSPost2010PropOp55
 70
     1
102
RTVSPost2010Prop56
140
1.0
102
RTVSPost2010PropOp56
 70
     1
102
RTVSPost2010Prop57
140
1.0
102
RTVSPost2010PropOp57
 70
     1
  0
XRECORD
  5
1F2
102
{ACAD_REACTORS
330
1F1
102
}
330
1F1
100
AcDbXrecord
280
     1
102
RTVSPropertyOp0
 70
     1
102
RTVSPropertyOp1
 70
     1
102
RTVSPropertyOp2
 70
     1
102
RTVSPropertyOp3
 70
     1
102
RTVSPropertyOp4
 70
     1
102
RTVSPropertyOp5
 70
     1
102
RTVSPropertyOp6
 70
     1
102
RTVSPropertyOp7
 70
     1
102
RTVSPropertyOp8
 70
     1
102
RTVSPropertyOp9
 70
     1
102
RTVSPropertyOp10
 70
     1
102
RTVSPropertyOp11
 70
     1
102
RTVSPropertyOp12
 70
     1
102
RTVSPropertyOp13
 70
     1
102
RTVSPropertyOp14
 70
     1
102
RTVSPropertyOp15
 70
     1
102
RTVSPropertyOp16
 70
     1
102
RTVSPropertyOp17
 70
     1
102
RTVSPropertyOp18
 70
     1
102
RTVSPropertyOp19
 70
     1
102
RTVSPropertyOp20
 70
     1
102
RTVSPropertyOp21
 70
     1
102
RTVSPropertyOp22
 70
     1
102
RTVSPropertyOp23
 70
     1
102
RTVSPropertyOp24
 70
     1
102
RTVSPropertyOp25
 70
     1
102
RTVSPropertyOp26
 70
     1
102
RTVSPropertyOp27
 70
     1
102
RTVSPropertyOp28
 70
     1
102
RTVSPropertyOp29
 70
     1
102
RTVSPropertyOp30
 70
     1
102
RTVSPropertyOp31
 70
     1
102
RTVSPropertyOp32
 70
     1
102
RTVSPropertyOp33
 70
     1
102
RTVSPropertyOp34
 70
     1
102
RTVSPropertyOp35
 70
     1
102
RTVSPropertyOp36
 70
     1
102
RTVSPropertyOp37
 70
     1
102
RTVSPropertyOp38
 70
     1
102
RTVSPropertyOp39
 70
     1
102
RTVSPropertyOp40
 70
     1
102
RTVSPropertyOp41
 70
     1
102
RTVSPropertyOp42
 70
     1
102
RTVSPropertyOp43
 70
     1
102
RTVSPropertyOp44
 70
     1
102
RTVSPropertyOp45
 70
     1
102
RTVSPropertyOp46
 70
     1
102
RTVSPropertyOp47
 70
     1
102
RTVSPropertyOp48
 70
     1
102
RTVSPropertyOp49
 70
     1
102
RTVSPropertyOp50
 70
     1
102
RTVSPropertyOp51
 70
     0
102
RTVSPropertyOp52
 70
     0
102
RTVSPropertyOp53
 70
     1
102
RTVSPropertyOp54
 70
     1
102
RTVSPropertyOp55
 70
     1
102
RTVSPropertyOp56
 70
     1
102
RTVSPropertyOp57
 70
     1
102
RTVSPost2010Prop28
280
     0
102
RTVSPost2010PropOp28
 70
     1
102
RTVSPost2010Prop29
280
     1
102
RTVSPost2010PropOp29
 70
     1
102
RTVSPost2010Prop30
280
     1
102
RTVSPost2010PropOp30
 70
     1
102
RTVSPost2010Prop31
280
     0
102
RTVSPost2010PropOp31
 70
     1
102
RTVSPost2010Prop32
280
     0
102
RTVSPost2010PropOp32
 70
     1
102
RTVSPost2010Prop33
280
     0
102
RTVSPost2010PropOp33
 70
     1
102
RTVSPost2010Prop34
280
     0
102
RTVSPost2010PropOp34
 70
     1
102
RTVSPost2010Prop35
280
     0
102
RTVSPost2010PropOp35
 70
     1
102
RTVSPost2010Prop36
280
     0
102
RTVSPost2010PropOp36
 70
     1
102
RTVSPost2010Prop37
 90
       50
102
RTVSPost2010PropOp37
 70
     1
102
RTVSPost2010Prop38
140
0.0
102
RTVSPost2010PropOp38
 70
     1
102
RTVSPost2010Prop39
140
1.0
102
RTVSPost2010PropOp39
 70
     1
102
RTVSPost2010Prop40
 90
        0
102
RTVSPost2010PropOp40
 70
     1
102
RTVSPost2010Prop41ColorIndex
 90
       18
102
RTVSPost2010Prop41ColorRGB
 90
        0
102
RTVSPost2010PropOp41
 70
     1
102
RTVSPost2010Prop42
 90
       50
102
RTVSPost2010PropOp42
 70
     1
102
RTVSPost2010Prop43
 90
        3
102
RTVSPost2010PropOp43
 70
     1
102
RTVSPost2010Prop44ColorIndex
 90
        5
102
RTVSPost2010Prop44ColorRGB
 90
      255
102
RTVSPost2010PropOp44
 70
     1
102
RTVSPost2010Prop45
280
     0
102
RTVSPost2010PropOp45
 70
     1
102
RTVSPost2010Prop46
 90
       50
102
RTVSPost2010PropOp46
 70
     1
102
RTVSPost2010Prop47
 90
       50
102
RTVSPost2010PropOp47
 70
     1
102
RTVSPost2010Prop48
 90
       50
102
RTVSPost2010PropOp48
 70
     1
102
RTVSPost2010Prop49
280
     0
102
RTVSPost2010PropOp49
 70
     1
102
RTVSPost2010Prop50
 90
       50
102
RTVSPost2010PropOp50
 70
     1
102
RTVSPost2010Prop51ColorIndex
 90
      256
102
RTVSPost2010Prop51ColorRGB
 90
-16777216
102
RTVSPost2010PropOp51
 70
     0
102
RTVSPost2010Prop52
140
1.0
102
RTVSPost2010PropOp52
 70
     0
102
RTVSPost2010Prop53
 90
        2
102
RTVSPost2010PropOp53
 70
     1
102
RTVSPost2010Prop54
  1
strokes_ogs.tif
102
RTVSPost2010PropOp54
 70
     1
102
RTVSPost2010Prop55
280
     0
102
RTVSPost2010PropOp55
 70
     1
102
RTVSPost2010Prop56
140
1.0
102
RTVSPost2010PropOp56
 70
     1
102
RTVSPost2010Prop57
140
1.0
102
RTVSPost2010PropOp57
 70
     1
  0
XRECORD
  5
202
102
{ACAD_REACTORS
330
201
102
}
330
201
100
AcDbXrecord
280
     1
102
RTVSPropertyOp0
 70
     0
102
RTVSPropertyOp1
 70
     0
102
RTVSPropertyOp2
 70
     0
102
RTVSPropertyOp3
 70
     0
102
RTVSPropertyOp4
 70
     0
102
RTVSPropertyOp5
 70
     0
102
RTVSPropertyOp6
 70
     0
102
RTVSPropertyOp7
 70
     0
102
RTVSPropertyOp8
 70
     0
102
RTVSPropertyOp9
 70
     0
102
RTVSPropertyOp10
 70
     0
102
RTVSPropertyOp11
 70
     0
102
RTVSPropertyOp12
 70
     0
102
RTVSPropertyOp13
 70
     0
102
RTVSPropertyOp14
 70
     2
102
RTVSPropertyOp15
 70
     0
102
RTVSPropertyOp16
 70
     0
102
RTVSPropertyOp17
 70
     0
102
RTVSPropertyOp18
 70
     0
102
RTVSPropertyOp19
 70
     0
102
RTVSPropertyOp20
 70
     0
102
RTVSPropertyOp21
 70
     0
102
RTVSPropertyOp22
 70
     0
102
RTVSPropertyOp23
 70
     0
102
RTVSPropertyOp24
 70
     0
102
RTVSPropertyOp25
 70
     0
102
RTVSPropertyOp26
 70
     0
102
RTVSPropertyOp27
 70
     0
102
RTVSPropertyOp28
 70
     0
102
RTVSPropertyOp29
 70
     0
102
RTVSPropertyOp30
 70
     0
102
RTVSPropertyOp31
 70
     0
102
RTVSPropertyOp32
 70
     0
102
RTVSPropertyOp33
 70
     0
102
RTVSPropertyOp34
 70
     0
102
RTVSPropertyOp35
 70
     0
102
RTVSPropertyOp36
 70
     0
102
RTVSPropertyOp37
 70
     0
102
RTVSPropertyOp38
 70
     0
102
RTVSPropertyOp39
 70
     0
102
RTVSPropertyOp40
 70
     0
102
RTVSPropertyOp41
 70
     0
102
RTVSPropertyOp42
 70
     0
102
RTVSPropertyOp43
 70
     0
102
RTVSPropertyOp44
 70
     0
102
RTVSPropertyOp45
 70
     0
102
RTVSPropertyOp46
 70
     0
102
RTVSPropertyOp47
 70
     0
102
RTVSPropertyOp48
 70
     0
102
RTVSPropertyOp49
 70
     0
102
RTVSPropertyOp50
 70
     0
102
RTVSPropertyOp51
 70
     0
102
RTVSPropertyOp52
 70
     0
102
RTVSPropertyOp53
 70
     0
102
RTVSPropertyOp54
 70
     0
102
RTVSPropertyOp55
 70
     0
102
RTVSPropertyOp56
 70
     0
102
RTVSPropertyOp57
 70
     0
102
RTVSPost2010Prop28
280
     0
102
RTVSPost2010PropOp28
 70
     0
102
RTVSPost2010Prop29
280
     1
102
RTVSPost2010PropOp29
 70
     0
102
RTVSPost2010Prop30
280
     1
102
RTVSPost2010PropOp30
 70
     0
102
RTVSPost2010Prop31
280
     0
102
RTVSPost2010PropOp31
 70
     0
102
RTVSPost2010Prop32
280
     0
102
RTVSPost2010PropOp32
 70
     0
102
RTVSPost2010Prop33
280
     0
102
RTVSPost2010PropOp33
 70
     0
102
RTVSPost2010Prop34
280
     0
102
RTVSPost2010PropOp34
 70
     0
102
RTVSPost2010Prop35
280
     0
102
RTVSPost2010PropOp35
 70
     0
102
RTVSPost2010Prop36
280
     0
102
RTVSPost2010PropOp36
 70
     0
102
RTVSPost2010Prop37
 90
       50
102
RTVSPost2010PropOp37
 70
     0
102
RTVSPost2010Prop38
140
0.0
102
RTVSPost2010PropOp38
 70
     0
102
RTVSPost2010Prop39
140
1.0
102
RTVSPost2010PropOp39
 70
     0
102
RTVSPost2010Prop40
 90
        0
102
RTVSPost2010PropOp40
 70
     0
102
RTVSPost2010Prop41ColorIndex
 90
       18
102
RTVSPost2010Prop41ColorRGB
 90
        0
102
RTVSPost2010PropOp41
 70
     0
102
RTVSPost2010Prop42
 90
       50
102
RTVSPost2010PropOp42
 70
     0
102
RTVSPost2010Prop43
 90
        3
102
RTVSPost2010PropOp43
 70
     0
102
RTVSPost2010Prop44ColorIndex
 90
        5
102
RTVSPost2010Prop44ColorRGB
 90
      255
102
RTVSPost2010PropOp44
 70
     0
102
RTVSPost2010Prop45
280
     0
102
RTVSPost2010PropOp45
 70
     0
102
RTVSPost2010Prop46
 90
       50
102
RTVSPost2010PropOp46
 70
     0
102
RTVSPost2010Prop47
 90
       50
102
RTVSPost2010PropOp47
 70
     0
102
RTVSPost2010Prop48
 90
       50
102
RTVSPost2010PropOp48
 70
     0
102
RTVSPost2010Prop49
280
     0
102
RTVSPost2010PropOp49
 70
     0
102
RTVSPost2010Prop50
 90
       50
102
RTVSPost2010PropOp50
 70
     0
102
RTVSPost2010Prop51ColorIndex
 90
      256
102
RTVSPost2010Prop51ColorRGB
 90
-16777216
102
RTVSPost2010PropOp51
 70
     0
102
RTVSPost2010Prop52
140
1.0
102
RTVSPost2010PropOp52
 70
     0
102
RTVSPost2010Prop53
 90
        2
102
RTVSPost2010PropOp53
 70
     0
102
RTVSPost2010Prop54
  1
strokes_ogs.tif
102
RTVSPost2010PropOp54
 70
     0
102
RTVSPost2010Prop55
280
     0
102
RTVSPost2010PropOp55
 70
     0
102
RTVSPost2010Prop56
140
1.0
102
RTVSPost2010PropOp56
 70
     0
102
RTVSPost2010Prop57
140
1.0
102
RTVSPost2010PropOp57
 70
     0
  0
XRECORD
  5
1FA
102
{ACAD_REACTORS
330
1F9
102
}
330
1F9
100
AcDbXrecord
280
     1
102
RTVSPropertyOp0
 70
     1
102
RTVSPropertyOp1
 70
     1
102
RTVSPropertyOp2
 70
     1
102
RTVSPropertyOp3
 70
     1
102
RTVSPropertyOp4
 70
     1
102
RTVSPropertyOp5
 70
     1
102
RTVSPropertyOp6
 70
     1
102
RTVSPropertyOp7
 70
     1
102
RTVSPropertyOp8
 70
     1
102
RTVSPropertyOp9
 70
     1
102
RTVSPropertyOp10
 70
     1
102
RTVSPropertyOp11
 70
     1
102
RTVSPropertyOp12
 70
     1
102
RTVSPropertyOp13
 70
     1
102
RTVSPropertyOp14
 70
     1
102
RTVSPropertyOp15
 70
     1
102
RTVSPropertyOp16
 70
     1
102
RTVSPropertyOp17
 70
     1
102
RTVSPropertyOp18
 70
     1
102
RTVSPropertyOp19
 70
     1
102
RTVSPropertyOp20
 70
     1
102
RTVSPropertyOp21
 70
     1
102
RTVSPropertyOp22
 70
     1
102
RTVSPropertyOp23
 70
     1
102
RTVSPropertyOp24
 70
     1
102
RTVSPropertyOp25
 70
     1
102
RTVSPropertyOp26
 70
     1
102
RTVSPropertyOp27
 70
     1
102
RTVSPropertyOp28
 70
     1
102
RTVSPropertyOp29
 70
     1
102
RTVSPropertyOp30
 70
     1
102
RTVSPropertyOp31
 70
     1
102
RTVSPropertyOp32
 70
     1
102
RTVSPropertyOp33
 70
     1
102
RTVSPropertyOp34
 70
     1
102
RTVSPropertyOp35
 70
     1
102
RTVSPropertyOp36
 70
     1
102
RTVSPropertyOp37
 70
     1
102
RTVSPropertyOp38
 70
     1
102
RTVSPropertyOp39
 70
     1
102
RTVSPropertyOp40
 70
     1
102
RTVSPropertyOp41
 70
     1
102
RTVSPropertyOp42
 70
     1
102
RTVSPropertyOp43
 70
     1
102
RTVSPropertyOp44
 70
     1
102
RTVSPropertyOp45
 70
     1
102
RTVSPropertyOp46
 70
     1
102
RTVSPropertyOp47
 70
     1
102
RTVSPropertyOp48
 70
     1
102
RTVSPropertyOp49
 70
     1
102
RTVSPropertyOp50
 70
     1
102
RTVSPropertyOp51
 70
     0
102
RTVSPropertyOp52
 70
     0
102
RTVSPropertyOp53
 70
     1
102
RTVSPropertyOp54
 70
     1
102
RTVSPropertyOp55
 70
     1
102
RTVSPropertyOp56
 70
     1
102
RTVSPropertyOp57
 70
     1
102
RTVSPost2010Prop28
280
     0
102
RTVSPost2010PropOp28
 70
     1
102
RTVSPost2010Prop29
280
     1
102
RTVSPost2010PropOp29
 70
     1
102
RTVSPost2010Prop30
280
     1
102
RTVSPost2010PropOp30
 70
     1
102
RTVSPost2010Prop31
280
     0
102
RTVSPost2010PropOp31
 70
     1
102
RTVSPost2010Prop32
280
     0
102
RTVSPost2010PropOp32
 70
     1
102
RTVSPost2010Prop33
280
     0
102
RTVSPost2010PropOp33
 70
     1
102
RTVSPost2010Prop34
280
     0
102
RTVSPost2010PropOp34
 70
     1
102
RTVSPost2010Prop35
280
     0
102
RTVSPost2010PropOp35
 70
     1
102
RTVSPost2010Prop36
280
     0
102
RTVSPost2010PropOp36
 70
     1
102
RTVSPost2010Prop37
 90
       50
102
RTVSPost2010PropOp37
 70
     1
102
RTVSPost2010Prop38
140
0.0
102
RTVSPost2010PropOp38
 70
     1
102
RTVSPost2010Prop39
140
1.0
102
RTVSPost2010PropOp39
 70
     1
102
RTVSPost2010Prop40
 90
        0
102
RTVSPost2010PropOp40
 70
     1
102
RTVSPost2010Prop41ColorIndex
 90
       18
102
RTVSPost2010Prop41ColorRGB
 90
        0
102
RTVSPost2010PropOp41
 70
     1
102
RTVSPost2010Prop42
 90
       50
102
RTVSPost2010PropOp42
 70
     1
102
RTVSPost2010Prop43
 90
        3
102
RTVSPost2010PropOp43
 70
     1
102
RTVSPost2010Prop44ColorIndex
 90
        5
102
RTVSPost2010Prop44ColorRGB
 90
      255
102
RTVSPost2010PropOp44
 70
     1
102
RTVSPost2010Prop45
280
     0
102
RTVSPost2010PropOp45
 70
     1
102
RTVSPost2010Prop46
 90
       50
102
RTVSPost2010PropOp46
 70
     1
102
RTVSPost2010Prop47
 90
       50
102
RTVSPost2010PropOp47
 70
     1
102
RTVSPost2010Prop48
 90
       50
102
RTVSPost2010PropOp48
 70
     1
102
RTVSPost2010Prop49
280
     0
102
RTVSPost2010PropOp49
 70
     1
102
RTVSPost2010Prop50
 90
       50
102
RTVSPost2010PropOp50
 70
     1
102
RTVSPost2010Prop51ColorIndex
 90
      256
102
RTVSPost2010Prop51ColorRGB
 90
-16777216
102
RTVSPost2010PropOp51
 70
     0
102
RTVSPost2010Prop52
140
1.0
102
RTVSPost2010PropOp52
 70
     0
102
RTVSPost2010Prop53
 90
        2
102
RTVSPost2010PropOp53
 70
     1
102
RTVSPost2010Prop54
  1
strokes_ogs.tif
102
RTVSPost2010PropOp54
 70
     1
102
RTVSPost2010Prop55
280
     0
102
RTVSPost2010PropOp55
 70
     1
102
RTVSPost2010Prop56
140
1.0
102
RTVSPost2010PropOp56
 70
     1
102
RTVSPost2010Prop57
140
1.0
102
RTVSPost2010PropOp57
 70
     1
  0
XRECORD
  5
1DE
102
{ACAD_REACTORS
330
1DD
102
}
330
1DD
100
AcDbXrecord
280
     1
102
RTVSPropertyOp0
 70
     1
102
RTVSPropertyOp1
 70
     1
102
RTVSPropertyOp2
 70
     1
102
RTVSPropertyOp3
 70
     1
102
RTVSPropertyOp4
 70
     1
102
RTVSPropertyOp5
 70
     1
102
RTVSPropertyOp6
 70
     1
102
RTVSPropertyOp7
 70
     1
102
RTVSPropertyOp8
 70
     1
102
RTVSPropertyOp9
 70
     1
102
RTVSPropertyOp10
 70
     1
102
RTVSPropertyOp11
 70
     1
102
RTVSPropertyOp12
 70
     1
102
RTVSPropertyOp13
 70
     1
102
RTVSPropertyOp14
 70
     1
102
RTVSPropertyOp15
 70
     1
102
RTVSPropertyOp16
 70
     1
102
RTVSPropertyOp17
 70
     1
102
RTVSPropertyOp18
 70
     1
102
RTVSPropertyOp19
 70
     1
102
RTVSPropertyOp20
 70
     1
102
RTVSPropertyOp21
 70
     1
102
RTVSPropertyOp22
 70
     1
102
RTVSPropertyOp23
 70
     1
102
RTVSPropertyOp24
 70
     1
102
RTVSPropertyOp25
 70
     1
102
RTVSPropertyOp26
 70
     1
102
RTVSPropertyOp27
 70
     1
102
RTVSPropertyOp28
 70
     1
102
RTVSPropertyOp29
 70
     1
102
RTVSPropertyOp30
 70
     1
102
RTVSPropertyOp31
 70
     1
102
RTVSPropertyOp32
 70
     1
102
RTVSPropertyOp33
 70
     1
102
RTVSPropertyOp34
 70
     1
102
RTVSPropertyOp35
 70
     1
102
RTVSPropertyOp36
 70
     1
102
RTVSPropertyOp37
 70
     1
102
RTVSPropertyOp38
 70
     1
102
RTVSPropertyOp39
 70
     1
102
RTVSPropertyOp40
 70
     1
102
RTVSPropertyOp41
 70
     1
102
RTVSPropertyOp42
 70
     1
102
RTVSPropertyOp43
 70
     1
102
RTVSPropertyOp44
 70
     1
102
RTVSPropertyOp45
 70
     1
102
RTVSPropertyOp46
 70
     1
102
RTVSPropertyOp47
 70
     1
102
RTVSPropertyOp48
 70
     1
102
RTVSPropertyOp49
 70
     1
102
RTVSPropertyOp50
 70
     1
102
RTVSPropertyOp51
 70
     0
102
RTVSPropertyOp52
 70
     0
102
RTVSPropertyOp53
 70
     1
102
RTVSPropertyOp54
 70
     1
102
RTVSPropertyOp55
 70
     1
102
RTVSPropertyOp56
 70
     1
102
RTVSPropertyOp57
 70
     1
102
RTVSPost2010Prop28
280
     0
102
RTVSPost2010PropOp28
 70
     1
102
RTVSPost2010Prop29
280
     1
102
RTVSPost2010PropOp29
 70
     1
102
RTVSPost2010Prop30
280
     1
102
RTVSPost2010PropOp30
 70
     1
102
RTVSPost2010Prop31
280
     0
102
RTVSPost2010PropOp31
 70
     1
102
RTVSPost2010Prop32
280
     0
102
RTVSPost2010PropOp32
 70
     1
102
RTVSPost2010Prop33
280
     0
102
RTVSPost2010PropOp33
 70
     1
102
RTVSPost2010Prop34
280
     0
102
RTVSPost2010PropOp34
 70
     1
102
RTVSPost2010Prop35
280
     0
102
RTVSPost2010PropOp35
 70
     1
102
RTVSPost2010Prop36
280
     0
102
RTVSPost2010PropOp36
 70
     1
102
RTVSPost2010Prop37
 90
       50
102
RTVSPost2010PropOp37
 70
     1
102
RTVSPost2010Prop38
140
0.0
102
RTVSPost2010PropOp38
 70
     1
102
RTVSPost2010Prop39
140
1.0
102
RTVSPost2010PropOp39
 70
     1
102
RTVSPost2010Prop40
 90
        0
102
RTVSPost2010PropOp40
 70
     1
102
RTVSPost2010Prop41ColorIndex
 90
       18
102
RTVSPost2010Prop41ColorRGB
 90
        0
102
RTVSPost2010PropOp41
 70
     1
102
RTVSPost2010Prop42
 90
       50
102
RTVSPost2010PropOp42
 70
     1
102
RTVSPost2010Prop43
 90
        3
102
RTVSPost2010PropOp43
 70
     1
102
RTVSPost2010Prop44ColorIndex
 90
        5
102
RTVSPost2010Prop44ColorRGB
 90
      255
102
RTVSPost2010PropOp44
 70
     1
102
RTVSPost2010Prop45
280
     0
102
RTVSPost2010PropOp45
 70
     1
102
RTVSPost2010Prop46
 90
       50
102
RTVSPost2010PropOp46
 70
     1
102
RTVSPost2010Prop47
 90
       50
102
RTVSPost2010PropOp47
 70
     1
102
RTVSPost2010Prop48
 90
       50
102
RTVSPost2010PropOp48
 70
     1
102
RTVSPost2010Prop49
280
     0
102
RTVSPost2010PropOp49
 70
     1
102
RTVSPost2010Prop50
 90
       50
102
RTVSPost2010PropOp50
 70
     1
102
RTVSPost2010Prop51ColorIndex
 90
      256
102
RTVSPost2010Prop51ColorRGB
 90
-16777216
102
RTVSPost2010PropOp51
 70
     0
102
RTVSPost2010Prop52
140
1.0
102
RTVSPost2010PropOp52
 70
     0
102
RTVSPost2010Prop53
 90
        2
102
RTVSPost2010PropOp53
 70
     1
102
RTVSPost2010Prop54
  1
strokes_ogs.tif
102
RTVSPost2010PropOp54
 70
     1
102
RTVSPost2010Prop55
280
     0
102
RTVSPost2010PropOp55
 70
     1
102
RTVSPost2010Prop56
140
1.0
102
RTVSPost2010PropOp56
 70
     1
102
RTVSPost2010Prop57
140
1.0
102
RTVSPost2010PropOp57
 70
     1
  0
XRECORD
  5
1E0
102
{ACAD_REACTORS
330
1DF
102
}
330
1DF
100
AcDbXrecord
280
     1
102
RTVSPropertyOp0
 70
     1
102
RTVSPropertyOp1
 70
     1
102
RTVSPropertyOp2
 70
     1
102
RTVSPropertyOp3
 70
     1
102
RTVSPropertyOp4
 70
     1
102
RTVSPropertyOp5
 70
     1
102
RTVSPropertyOp6
 70
     1
102
RTVSPropertyOp7
 70
     1
102
RTVSPropertyOp8
 70
     1
102
RTVSPropertyOp9
 70
     1
102
RTVSPropertyOp10
 70
     1
102
RTVSPropertyOp11
 70
     1
102
RTVSPropertyOp12
 70
     1
102
RTVSPropertyOp13
 70
     1
102
RTVSPropertyOp14
 70
     1
102
RTVSPropertyOp15
 70
     1
102
RTVSPropertyOp16
 70
     1
102
RTVSPropertyOp17
 70
     1
102
RTVSPropertyOp18
 70
     1
102
RTVSPropertyOp19
 70
     1
102
RTVSPropertyOp20
 70
     1
102
RTVSPropertyOp21
 70
     1
102
RTVSPropertyOp22
 70
     1
102
RTVSPropertyOp23
 70
     1
102
RTVSPropertyOp24
 70
     1
102
RTVSPropertyOp25
 70
     1
102
RTVSPropertyOp26
 70
     1
102
RTVSPropertyOp27
 70
     1
102
RTVSPropertyOp28
 70
     1
102
RTVSPropertyOp29
 70
     1
102
RTVSPropertyOp30
 70
     1
102
RTVSPropertyOp31
 70
     1
102
RTVSPropertyOp32
 70
     1
102
RTVSPropertyOp33
 70
     1
102
RTVSPropertyOp34
 70
     1
102
RTVSPropertyOp35
 70
     1
102
RTVSPropertyOp36
 70
     1
102
RTVSPropertyOp37
 70
     1
102
RTVSPropertyOp38
 70
     1
102
RTVSPropertyOp39
 70
     1
102
RTVSPropertyOp40
 70
     1
102
RTVSPropertyOp41
 70
     1
102
RTVSPropertyOp42
 70
     1
102
RTVSPropertyOp43
 70
     1
102
RTVSPropertyOp44
 70
     1
102
RTVSPropertyOp45
 70
     1
102
RTVSPropertyOp46
 70
     1
102
RTVSPropertyOp47
 70
     1
102
RTVSPropertyOp48
 70
     1
102
RTVSPropertyOp49
 70
     1
102
RTVSPropertyOp50
 70
     1
102
RTVSPropertyOp51
 70
     0
102
RTVSPropertyOp52
 70
     0
102
RTVSPropertyOp53
 70
     1
102
RTVSPropertyOp54
 70
     1
102
RTVSPropertyOp55
 70
     1
102
RTVSPropertyOp56
 70
     1
102
RTVSPropertyOp57
 70
     1
102
RTVSPost2010Prop28
280
     0
102
RTVSPost2010PropOp28
 70
     1
102
RTVSPost2010Prop29
280
     1
102
RTVSPost2010PropOp29
 70
     1
102
RTVSPost2010Prop30
280
     1
102
RTVSPost2010PropOp30
 70
     1
102
RTVSPost2010Prop31
280
     0
102
RTVSPost2010PropOp31
 70
     1
102
RTVSPost2010Prop32
280
     0
102
RTVSPost2010PropOp32
 70
     1
102
RTVSPost2010Prop33
280
     0
102
RTVSPost2010PropOp33
 70
     1
102
RTVSPost2010Prop34
280
     0
102
RTVSPost2010PropOp34
 70
     1
102
RTVSPost2010Prop35
280
     0
102
RTVSPost2010PropOp35
 70
     1
102
RTVSPost2010Prop36
280
     0
102
RTVSPost2010PropOp36
 70
     1
102
RTVSPost2010Prop37
 90
       50
102
RTVSPost2010PropOp37
 70
     1
102
RTVSPost2010Prop38
140
0.0
102
RTVSPost2010PropOp38
 70
     1
102
RTVSPost2010Prop39
140
1.0
102
RTVSPost2010PropOp39
 70
     1
102
RTVSPost2010Prop40
 90
        0
102
RTVSPost2010PropOp40
 70
     1
102
RTVSPost2010Prop41ColorIndex
 90
       18
102
RTVSPost2010Prop41ColorRGB
 90
        0
102
RTVSPost2010PropOp41
 70
     1
102
RTVSPost2010Prop42
 90
       50
102
RTVSPost2010PropOp42
 70
     1
102
RTVSPost2010Prop43
 90
        3
102
RTVSPost2010PropOp43
 70
     1
102
RTVSPost2010Prop44ColorIndex
 90
        5
102
RTVSPost2010Prop44ColorRGB
 90
      255
102
RTVSPost2010PropOp44
 70
     1
102
RTVSPost2010Prop45
280
     0
102
RTVSPost2010PropOp45
 70
     1
102
RTVSPost2010Prop46
 90
       50
102
RTVSPost2010PropOp46
 70
     1
102
RTVSPost2010Prop47
 90
       50
102
RTVSPost2010PropOp47
 70
     1
102
RTVSPost2010Prop48
 90
       50
102
RTVSPost2010PropOp48
 70
     1
102
RTVSPost2010Prop49
280
     0
102
RTVSPost2010PropOp49
 70
     1
102
RTVSPost2010Prop50
 90
       50
102
RTVSPost2010PropOp50
 70
     1
102
RTVSPost2010Prop51ColorIndex
 90
      256
102
RTVSPost2010Prop51ColorRGB
 90
-16777216
102
RTVSPost2010PropOp51
 70
     0
102
RTVSPost2010Prop52
140
1.0
102
RTVSPost2010PropOp52
 70
     0
102
RTVSPost2010Prop53
 90
        2
102
RTVSPost2010PropOp53
 70
     1
102
RTVSPost2010Prop54
  1
strokes_ogs.tif
102
RTVSPost2010PropOp54
 70
     1
102
RTVSPost2010Prop55
280
     0
102
RTVSPost2010PropOp55
 70
     1
102
RTVSPost2010Prop56
140
1.0
102
RTVSPost2010PropOp56
 70
     1
102
RTVSPost2010Prop57
140
1.0
102
RTVSPost2010PropOp57
 70
     1
  0
XRECORD
  5
1E2
102
{ACAD_REACTORS
330
1E1
102
}
330
1E1
100
AcDbXrecord
280
     1
102
RTVSPropertyOp0
 70
     1
102
RTVSPropertyOp1
 70
     1
102
RTVSPropertyOp2
 70
     1
102
RTVSPropertyOp3
 70
     1
102
RTVSPropertyOp4
 70
     1
102
RTVSPropertyOp5
 70
     1
102
RTVSPropertyOp6
 70
     1
102
RTVSPropertyOp7
 70
     1
102
RTVSPropertyOp8
 70
     1
102
RTVSPropertyOp9
 70
     1
102
RTVSPropertyOp10
 70
     1
102
RTVSPropertyOp11
 70
     1
102
RTVSPropertyOp12
 70
     1
102
RTVSPropertyOp13
 70
     1
102
RTVSPropertyOp14
 70
     1
102
RTVSPropertyOp15
 70
     1
102
RTVSPropertyOp16
 70
     1
102
RTVSPropertyOp17
 70
     1
102
RTVSPropertyOp18
 70
     1
102
RTVSPropertyOp19
 70
     1
102
RTVSPropertyOp20
 70
     1
102
RTVSPropertyOp21
 70
     1
102
RTVSPropertyOp22
 70
     1
102
RTVSPropertyOp23
 70
     1
102
RTVSPropertyOp24
 70
     1
102
RTVSPropertyOp25
 70
     1
102
RTVSPropertyOp26
 70
     1
102
RTVSPropertyOp27
 70
     1
102
RTVSPropertyOp28
 70
     1
102
RTVSPropertyOp29
 70
     1
102
RTVSPropertyOp30
 70
     1
102
RTVSPropertyOp31
 70
     1
102
RTVSPropertyOp32
 70
     1
102
RTVSPropertyOp33
 70
     1
102
RTVSPropertyOp34
 70
     1
102
RTVSPropertyOp35
 70
     1
102
RTVSPropertyOp36
 70
     1
102
RTVSPropertyOp37
 70
     1
102
RTVSPropertyOp38
 70
     1
102
RTVSPropertyOp39
 70
     1
102
RTVSPropertyOp40
 70
     1
102
RTVSPropertyOp41
 70
     1
102
RTVSPropertyOp42
 70
     1
102
RTVSPropertyOp43
 70
     1
102
RTVSPropertyOp44
 70
     1
102
RTVSPropertyOp45
 70
     1
102
RTVSPropertyOp46
 70
     1
102
RTVSPropertyOp47
 70
     1
102
RTVSPropertyOp48
 70
     1
102
RTVSPropertyOp49
 70
     1
102
RTVSPropertyOp50
 70
     1
102
RTVSPropertyOp51
 70
     0
102
RTVSPropertyOp52
 70
     0
102
RTVSPropertyOp53
 70
     1
102
RTVSPropertyOp54
 70
     1
102
RTVSPropertyOp55
 70
     1
102
RTVSPropertyOp56
 70
     1
102
RTVSPropertyOp57
 70
     1
102
RTVSPost2010Prop28
280
     0
102
RTVSPost2010PropOp28
 70
     1
102
RTVSPost2010Prop29
280
     1
102
RTVSPost2010PropOp29
 70
     1
102
RTVSPost2010Prop30
280
     1
102
RTVSPost2010PropOp30
 70
     1
102
RTVSPost2010Prop31
280
     0
102
RTVSPost2010PropOp31
 70
     1
102
RTVSPost2010Prop32
280
     0
102
RTVSPost2010PropOp32
 70
     1
102
RTVSPost2010Prop33
280
     0
102
RTVSPost2010PropOp33
 70
     1
102
RTVSPost2010Prop34
280
     0
102
RTVSPost2010PropOp34
 70
     1
102
RTVSPost2010Prop35
280
     0
102
RTVSPost2010PropOp35
 70
     1
102
RTVSPost2010Prop36
280
     0
102
RTVSPost2010PropOp36
 70
     1
102
RTVSPost2010Prop37
 90
       50
102
RTVSPost2010PropOp37
 70
     1
102
RTVSPost2010Prop38
140
0.0
102
RTVSPost2010PropOp38
 70
     1
102
RTVSPost2010Prop39
140
1.0
102
RTVSPost2010PropOp39
 70
     1
102
RTVSPost2010Prop40
 90
        0
102
RTVSPost2010PropOp40
 70
     1
102
RTVSPost2010Prop41ColorIndex
 90
       18
102
RTVSPost2010Prop41ColorRGB
 90
        0
102
RTVSPost2010PropOp41
 70
     1
102
RTVSPost2010Prop42
 90
       50
102
RTVSPost2010PropOp42
 70
     1
102
RTVSPost2010Prop43
 90
        3
102
RTVSPost2010PropOp43
 70
     1
102
RTVSPost2010Prop44ColorIndex
 90
        5
102
RTVSPost2010Prop44ColorRGB
 90
      255
102
RTVSPost2010PropOp44
 70
     1
102
RTVSPost2010Prop45
280
     0
102
RTVSPost2010PropOp45
 70
     1
102
RTVSPost2010Prop46
 90
       50
102
RTVSPost2010PropOp46
 70
     1
102
RTVSPost2010Prop47
 90
       50
102
RTVSPost2010PropOp47
 70
     1
102
RTVSPost2010Prop48
 90
       50
102
RTVSPost2010PropOp48
 70
     1
102
RTVSPost2010Prop49
280
     0
102
RTVSPost2010PropOp49
 70
     1
102
RTVSPost2010Prop50
 90
       50
102
RTVSPost2010PropOp50
 70
     1
102
RTVSPost2010Prop51ColorIndex
 90
      256
102
RTVSPost2010Prop51ColorRGB
 90
-16777216
102
RTVSPost2010PropOp51
 70
     0
102
RTVSPost2010Prop52
140
1.0
102
RTVSPost2010PropOp52
 70
     0
102
RTVSPost2010Prop53
 90
        2
102
RTVSPost2010PropOp53
 70
     1
102
RTVSPost2010Prop54
  1
strokes_ogs.tif
102
RTVSPost2010PropOp54
 70
     1
102
RTVSPost2010Prop55
280
     0
102
RTVSPost2010PropOp55
 70
     1
102
RTVSPost2010Prop56
140
1.0
102
RTVSPost2010PropOp56
 70
     1
102
RTVSPost2010Prop57
140
1.0
102
RTVSPost2010PropOp57
 70
     1
  0
XRECORD
  5
1E4
102
{ACAD_REACTORS
330
1E3
102
}
330
1E3
100
AcDbXrecord
280
     1
102
RTVSPropertyOp0
 70
     1
102
RTVSPropertyOp1
 70
     1
102
RTVSPropertyOp2
 70
     1
102
RTVSPropertyOp3
 70
     1
102
RTVSPropertyOp4
 70
     1
102
RTVSPropertyOp5
 70
     1
102
RTVSPropertyOp6
 70
     1
102
RTVSPropertyOp7
 70
     1
102
RTVSPropertyOp8
 70
     1
102
RTVSPropertyOp9
 70
     1
102
RTVSPropertyOp10
 70
     1
102
RTVSPropertyOp11
 70
     1
102
RTVSPropertyOp12
 70
     1
102
RTVSPropertyOp13
 70
     1
102
RTVSPropertyOp14
 70
     1
102
RTVSPropertyOp15
 70
     1
102
RTVSPropertyOp16
 70
     1
102
RTVSPropertyOp17
 70
     1
102
RTVSPropertyOp18
 70
     1
102
RTVSPropertyOp19
 70
     1
102
RTVSPropertyOp20
 70
     1
102
RTVSPropertyOp21
 70
     1
102
RTVSPropertyOp22
 70
     1
102
RTVSPropertyOp23
 70
     1
102
RTVSPropertyOp24
 70
     1
102
RTVSPropertyOp25
 70
     1
102
RTVSPropertyOp26
 70
     1
102
RTVSPropertyOp27
 70
     1
102
RTVSPropertyOp28
 70
     1
102
RTVSPropertyOp29
 70
     1
102
RTVSPropertyOp30
 70
     1
102
RTVSPropertyOp31
 70
     1
102
RTVSPropertyOp32
 70
     1
102
RTVSPropertyOp33
 70
     1
102
RTVSPropertyOp34
 70
     1
102
RTVSPropertyOp35
 70
     1
102
RTVSPropertyOp36
 70
     1
102
RTVSPropertyOp37
 70
     1
102
RTVSPropertyOp38
 70
     1
102
RTVSPropertyOp39
 70
     1
102
RTVSPropertyOp40
 70
     1
102
RTVSPropertyOp41
 70
     1
102
RTVSPropertyOp42
 70
     1
102
RTVSPropertyOp43
 70
     1
102
RTVSPropertyOp44
 70
     1
102
RTVSPropertyOp45
 70
     1
102
RTVSPropertyOp46
 70
     1
102
RTVSPropertyOp47
 70
     1
102
RTVSPropertyOp48
 70
     1
102
RTVSPropertyOp49
 70
     1
102
RTVSPropertyOp50
 70
     1
102
RTVSPropertyOp51
 70
     0
102
RTVSPropertyOp52
 70
     0
102
RTVSPropertyOp53
 70
     1
102
RTVSPropertyOp54
 70
     1
102
RTVSPropertyOp55
 70
     1
102
RTVSPropertyOp56
 70
     1
102
RTVSPropertyOp57
 70
     1
102
RTVSPost2010Prop28
280
     0
102
RTVSPost2010PropOp28
 70
     1
102
RTVSPost2010Prop29
280
     1
102
RTVSPost2010PropOp29
 70
     1
102
RTVSPost2010Prop30
280
     1
102
RTVSPost2010PropOp30
 70
     1
102
RTVSPost2010Prop31
280
     0
102
RTVSPost2010PropOp31
 70
     1
102
RTVSPost2010Prop32
280
     0
102
RTVSPost2010PropOp32
 70
     1
102
RTVSPost2010Prop33
280
     0
102
RTVSPost2010PropOp33
 70
     1
102
RTVSPost2010Prop34
280
     0
102
RTVSPost2010PropOp34
 70
     1
102
RTVSPost2010Prop35
280
     0
102
RTVSPost2010PropOp35
 70
     1
102
RTVSPost2010Prop36
280
     0
102
RTVSPost2010PropOp36
 70
     1
102
RTVSPost2010Prop37
 90
       50
102
RTVSPost2010PropOp37
 70
     1
102
RTVSPost2010Prop38
140
0.0
102
RTVSPost2010PropOp38
 70
     1
102
RTVSPost2010Prop39
140
1.0
102
RTVSPost2010PropOp39
 70
     1
102
RTVSPost2010Prop40
 90
        0
102
RTVSPost2010PropOp40
 70
     1
102
RTVSPost2010Prop41ColorIndex
 90
       18
102
RTVSPost2010Prop41ColorRGB
 90
        0
102
RTVSPost2010PropOp41
 70
     1
102
RTVSPost2010Prop42
 90
       50
102
RTVSPost2010PropOp42
 70
     1
102
RTVSPost2010Prop43
 90
        3
102
RTVSPost2010PropOp43
 70
     1
102
RTVSPost2010Prop44ColorIndex
 90
        5
102
RTVSPost2010Prop44ColorRGB
 90
      255
102
RTVSPost2010PropOp44
 70
     1
102
RTVSPost2010Prop45
280
     0
102
RTVSPost2010PropOp45
 70
     1
102
RTVSPost2010Prop46
 90
       50
102
RTVSPost2010PropOp46
 70
     1
102
RTVSPost2010Prop47
 90
       50
102
RTVSPost2010PropOp47
 70
     1
102
RTVSPost2010Prop48
 90
       50
102
RTVSPost2010PropOp48
 70
     1
102
RTVSPost2010Prop49
280
     0
102
RTVSPost2010PropOp49
 70
     1
102
RTVSPost2010Prop50
 90
       50
102
RTVSPost2010PropOp50
 70
     1
102
RTVSPost2010Prop51ColorIndex
 90
      256
102
RTVSPost2010Prop51ColorRGB
 90
-16777216
102
RTVSPost2010PropOp51
 70
     0
102
RTVSPost2010Prop52
140
1.0
102
RTVSPost2010PropOp52
 70
     0
102
RTVSPost2010Prop53
 90
        2
102
RTVSPost2010PropOp53
 70
     1
102
RTVSPost2010Prop54
  1
strokes_ogs.tif
102
RTVSPost2010PropOp54
 70
     1
102
RTVSPost2010Prop55
280
     0
102
RTVSPost2010PropOp55
 70
     1
102
RTVSPost2010Prop56
140
1.0
102
RTVSPost2010PropOp56
 70
     1
102
RTVSPost2010Prop57
140
1.0
102
RTVSPost2010PropOp57
 70
     1
  0
XRECORD
  5
1EA
102
{ACAD_REACTORS
330
1E9
102
}
330
1E9
100
AcDbXrecord
280
     1
102
RTVSPropertyOp0
 70
     1
102
RTVSPropertyOp1
 70
     1
102
RTVSPropertyOp2
 70
     1
102
RTVSPropertyOp3
 70
     1
102
RTVSPropertyOp4
 70
     1
102
RTVSPropertyOp5
 70
     1
102
RTVSPropertyOp6
 70
     1
102
RTVSPropertyOp7
 70
     1
102
RTVSPropertyOp8
 70
     1
102
RTVSPropertyOp9
 70
     1
102
RTVSPropertyOp10
 70
     1
102
RTVSPropertyOp11
 70
     1
102
RTVSPropertyOp12
 70
     1
102
RTVSPropertyOp13
 70
     1
102
RTVSPropertyOp14
 70
     1
102
RTVSPropertyOp15
 70
     1
102
RTVSPropertyOp16
 70
     1
102
RTVSPropertyOp17
 70
     1
102
RTVSPropertyOp18
 70
     1
102
RTVSPropertyOp19
 70
     1
102
RTVSPropertyOp20
 70
     1
102
RTVSPropertyOp21
 70
     1
102
RTVSPropertyOp22
 70
     1
102
RTVSPropertyOp23
 70
     1
102
RTVSPropertyOp24
 70
     1
102
RTVSPropertyOp25
 70
     1
102
RTVSPropertyOp26
 70
     1
102
RTVSPropertyOp27
 70
     1
102
RTVSPropertyOp28
 70
     1
102
RTVSPropertyOp29
 70
     1
102
RTVSPropertyOp30
 70
     1
102
RTVSPropertyOp31
 70
     1
102
RTVSPropertyOp32
 70
     1
102
RTVSPropertyOp33
 70
     1
102
RTVSPropertyOp34
 70
     1
102
RTVSPropertyOp35
 70
     1
102
RTVSPropertyOp36
 70
     1
102
RTVSPropertyOp37
 70
     1
102
RTVSPropertyOp38
 70
     1
102
RTVSPropertyOp39
 70
     1
102
RTVSPropertyOp40
 70
     1
102
RTVSPropertyOp41
 70
     1
102
RTVSPropertyOp42
 70
     1
102
RTVSPropertyOp43
 70
     1
102
RTVSPropertyOp44
 70
     1
102
RTVSPropertyOp45
 70
     1
102
RTVSPropertyOp46
 70
     1
102
RTVSPropertyOp47
 70
     1
102
RTVSPropertyOp48
 70
     1
102
RTVSPropertyOp49
 70
     1
102
RTVSPropertyOp50
 70
     1
102
RTVSPropertyOp51
 70
     0
102
RTVSPropertyOp52
 70
     0
102
RTVSPropertyOp53
 70
     1
102
RTVSPropertyOp54
 70
     1
102
RTVSPropertyOp55
 70
     1
102
RTVSPropertyOp56
 70
     1
102
RTVSPropertyOp57
 70
     1
102
RTVSPost2010Prop28
280
     0
102
RTVSPost2010PropOp28
 70
     1
102
RTVSPost2010Prop29
280
     1
102
RTVSPost2010PropOp29
 70
     1
102
RTVSPost2010Prop30
280
     1
102
RTVSPost2010PropOp30
 70
     1
102
RTVSPost2010Prop31
280
     0
102
RTVSPost2010PropOp31
 70
     1
102
RTVSPost2010Prop32
280
     0
102
RTVSPost2010PropOp32
 70
     1
102
RTVSPost2010Prop33
280
     0
102
RTVSPost2010PropOp33
 70
     1
102
RTVSPost2010Prop34
280
     0
102
RTVSPost2010PropOp34
 70
     1
102
RTVSPost2010Prop35
280
     0
102
RTVSPost2010PropOp35
 70
     1
102
RTVSPost2010Prop36
280
     0
102
RTVSPost2010PropOp36
 70
     1
102
RTVSPost2010Prop37
 90
       50
102
RTVSPost2010PropOp37
 70
     1
102
RTVSPost2010Prop38
140
0.0
102
RTVSPost2010PropOp38
 70
     1
102
RTVSPost2010Prop39
140
1.0
102
RTVSPost2010PropOp39
 70
     1
102
RTVSPost2010Prop40
 90
        0
102
RTVSPost2010PropOp40
 70
     1
102
RTVSPost2010Prop41ColorIndex
 90
       18
102
RTVSPost2010Prop41ColorRGB
 90
        0
102
RTVSPost2010PropOp41
 70
     1
102
RTVSPost2010Prop42
 90
       50
102
RTVSPost2010PropOp42
 70
     1
102
RTVSPost2010Prop43
 90
        3
102
RTVSPost2010PropOp43
 70
     1
102
RTVSPost2010Prop44ColorIndex
 90
        5
102
RTVSPost2010Prop44ColorRGB
 90
      255
102
RTVSPost2010PropOp44
 70
     1
102
RTVSPost2010Prop45
280
     0
102
RTVSPost2010PropOp45
 70
     1
102
RTVSPost2010Prop46
 90
       50
102
RTVSPost2010PropOp46
 70
     1
102
RTVSPost2010Prop47
 90
       50
102
RTVSPost2010PropOp47
 70
     1
102
RTVSPost2010Prop48
 90
       50
102
RTVSPost2010PropOp48
 70
     1
102
RTVSPost2010Prop49
280
     0
102
RTVSPost2010PropOp49
 70
     1
102
RTVSPost2010Prop50
 90
       50
102
RTVSPost2010PropOp50
 70
     1
102
RTVSPost2010Prop51ColorIndex
 90
      256
102
RTVSPost2010Prop51ColorRGB
 90
-16777216
102
RTVSPost2010PropOp51
 70
     0
102
RTVSPost2010Prop52
140
1.0
102
RTVSPost2010PropOp52
 70
     0
102
RTVSPost2010Prop53
 90
        2
102
RTVSPost2010PropOp53
 70
     1
102
RTVSPost2010Prop54
  1
strokes_ogs.tif
102
RTVSPost2010PropOp54
 70
     1
102
RTVSPost2010Prop55
280
     0
102
RTVSPost2010PropOp55
 70
     1
102
RTVSPost2010Prop56
140
1.0
102
RTVSPost2010PropOp56
 70
     1
102
RTVSPost2010Prop57
140
1.0
102
RTVSPost2010PropOp57
 70
     1
  0
XRECORD
  5
1FE
102
{ACAD_REACTORS
330
1FD
102
}
330
1FD
100
AcDbXrecord
280
     1
102
RTVSPropertyOp0
 70
     0
102
RTVSPropertyOp1
 70
     0
102
RTVSPropertyOp2
 70
     0
102
RTVSPropertyOp3
 70
     0
102
RTVSPropertyOp4
 70
     0
102
RTVSPropertyOp5
 70
     0
102
RTVSPropertyOp6
 70
     0
102
RTVSPropertyOp7
 70
     0
102
RTVSPropertyOp8
 70
     0
102
RTVSPropertyOp9
 70
     0
102
RTVSPropertyOp10
 70
     0
102
RTVSPropertyOp11
 70
     0
102
RTVSPropertyOp12
 70
     0
102
RTVSPropertyOp13
 70
     0
102
RTVSPropertyOp14
 70
     2
102
RTVSPropertyOp15
 70
     0
102
RTVSPropertyOp16
 70
     0
102
RTVSPropertyOp17
 70
     0
102
RTVSPropertyOp18
 70
     0
102
RTVSPropertyOp19
 70
     0
102
RTVSPropertyOp20
 70
     0
102
RTVSPropertyOp21
 70
     0
102
RTVSPropertyOp22
 70
     0
102
RTVSPropertyOp23
 70
     0
102
RTVSPropertyOp24
 70
     0
102
RTVSPropertyOp25
 70
     0
102
RTVSPropertyOp26
 70
     0
102
RTVSPropertyOp27
 70
     0
102
RTVSPropertyOp28
 70
     0
102
RTVSPropertyOp29
 70
     0
102
RTVSPropertyOp30
 70
     0
102
RTVSPropertyOp31
 70
     0
102
RTVSPropertyOp32
 70
     0
102
RTVSPropertyOp33
 70
     0
102
RTVSPropertyOp34
 70
     0
102
RTVSPropertyOp35
 70
     0
102
RTVSPropertyOp36
 70
     0
102
RTVSPropertyOp37
 70
     0
102
RTVSPropertyOp38
 70
     0
102
RTVSPropertyOp39
 70
     0
102
RTVSPropertyOp40
 70
     0
102
RTVSPropertyOp41
 70
     0
102
RTVSPropertyOp42
 70
     0
102
RTVSPropertyOp43
 70
     0
102
RTVSPropertyOp44
 70
     0
102
RTVSPropertyOp45
 70
     0
102
RTVSPropertyOp46
 70
     0
102
RTVSPropertyOp47
 70
     0
102
RTVSPropertyOp48
 70
     0
102
RTVSPropertyOp49
 70
     0
102
RTVSPropertyOp50
 70
     0
102
RTVSPropertyOp51
 70
     0
102
RTVSPropertyOp52
 70
     0
102
RTVSPropertyOp53
 70
     0
102
RTVSPropertyOp54
 70
     0
102
RTVSPropertyOp55
 70
     0
102
RTVSPropertyOp56
 70
     0
102
RTVSPropertyOp57
 70
     0
102
RTVSPost2010Prop28
280
     0
102
RTVSPost2010PropOp28
 70
     0
102
RTVSPost2010Prop29
280
     1
102
RTVSPost2010PropOp29
 70
     0
102
RTVSPost2010Prop30
280
     1
102
RTVSPost2010PropOp30
 70
     0
102
RTVSPost2010Prop31
280
     0
102
RTVSPost2010PropOp31
 70
     0
102
RTVSPost2010Prop32
280
     0
102
RTVSPost2010PropOp32
 70
     0
102
RTVSPost2010Prop33
280
     0
102
RTVSPost2010PropOp33
 70
     0
102
RTVSPost2010Prop34
280
     0
102
RTVSPost2010PropOp34
 70
     0
102
RTVSPost2010Prop35
280
     0
102
RTVSPost2010PropOp35
 70
     0
102
RTVSPost2010Prop36
280
     0
102
RTVSPost2010PropOp36
 70
     0
102
RTVSPost2010Prop37
 90
       50
102
RTVSPost2010PropOp37
 70
     0
102
RTVSPost2010Prop38
140
0.0
102
RTVSPost2010PropOp38
 70
     0
102
RTVSPost2010Prop39
140
1.0
102
RTVSPost2010PropOp39
 70
     0
102
RTVSPost2010Prop40
 90
        0
102
RTVSPost2010PropOp40
 70
     0
102
RTVSPost2010Prop41ColorIndex
 90
       18
102
RTVSPost2010Prop41ColorRGB
 90
        0
102
RTVSPost2010PropOp41
 70
     0
102
RTVSPost2010Prop42
 90
       50
102
RTVSPost2010PropOp42
 70
     0
102
RTVSPost2010Prop43
 90
        3
102
RTVSPost2010PropOp43
 70
     0
102
RTVSPost2010Prop44ColorIndex
 90
        5
102
RTVSPost2010Prop44ColorRGB
 90
      255
102
RTVSPost2010PropOp44
 70
     0
102
RTVSPost2010Prop45
280
     0
102
RTVSPost2010PropOp45
 70
     0
102
RTVSPost2010Prop46
 90
       50
102
RTVSPost2010PropOp46
 70
     0
102
RTVSPost2010Prop47
 90
       50
102
RTVSPost2010PropOp47
 70
     0
102
RTVSPost2010Prop48
 90
       50
102
RTVSPost2010PropOp48
 70
     0
102
RTVSPost2010Prop49
280
     0
102
RTVSPost2010PropOp49
 70
     0
102
RTVSPost2010Prop50
 90
       50
102
RTVSPost2010PropOp50
 70
     0
102
RTVSPost2010Prop51ColorIndex
 90
      256
102
RTVSPost2010Prop51ColorRGB
 90
-16777216
102
RTVSPost2010PropOp51
 70
     0
102
RTVSPost2010Prop52
140
1.0
102
RTVSPost2010PropOp52
 70
     0
102
RTVSPost2010Prop53
 90
        2
102
RTVSPost2010PropOp53
 70
     0
102
RTVSPost2010Prop54
  1
strokes_ogs.tif
102
RTVSPost2010PropOp54
 70
     0
102
RTVSPost2010Prop55
280
     0
102
RTVSPost2010PropOp55
 70
     0
102
RTVSPost2010Prop56
140
1.0
102
RTVSPost2010PropOp56
 70
     0
102
RTVSPost2010Prop57
140
1.0
102
RTVSPost2010PropOp57
 70
     0
  0
XRECORD
  5
1F8
102
{ACAD_REACTORS
330
1F7
102
}
330
1F7
100
AcDbXrecord
280
     1
102
RTVSPropertyOp0
 70
     1
102
RTVSPropertyOp1
 70
     1
102
RTVSPropertyOp2
 70
     1
102
RTVSPropertyOp3
 70
     1
102
RTVSPropertyOp4
 70
     1
102
RTVSPropertyOp5
 70
     1
102
RTVSPropertyOp6
 70
     1
102
RTVSPropertyOp7
 70
     1
102
RTVSPropertyOp8
 70
     1
102
RTVSPropertyOp9
 70
     1
102
RTVSPropertyOp10
 70
     1
102
RTVSPropertyOp11
 70
     1
102
RTVSPropertyOp12
 70
     1
102
RTVSPropertyOp13
 70
     1
102
RTVSPropertyOp14
 70
     1
102
RTVSPropertyOp15
 70
     1
102
RTVSPropertyOp16
 70
     1
102
RTVSPropertyOp17
 70
     1
102
RTVSPropertyOp18
 70
     1
102
RTVSPropertyOp19
 70
     1
102
RTVSPropertyOp20
 70
     1
102
RTVSPropertyOp21
 70
     1
102
RTVSPropertyOp22
 70
     1
102
RTVSPropertyOp23
 70
     1
102
RTVSPropertyOp24
 70
     1
102
RTVSPropertyOp25
 70
     1
102
RTVSPropertyOp26
 70
     1
102
RTVSPropertyOp27
 70
     1
102
RTVSPropertyOp28
 70
     1
102
RTVSPropertyOp29
 70
     1
102
RTVSPropertyOp30
 70
     1
102
RTVSPropertyOp31
 70
     1
102
RTVSPropertyOp32
 70
     1
102
RTVSPropertyOp33
 70
     1
102
RTVSPropertyOp34
 70
     1
102
RTVSPropertyOp35
 70
     1
102
RTVSPropertyOp36
 70
     1
102
RTVSPropertyOp37
 70
     1
102
RTVSPropertyOp38
 70
     1
102
RTVSPropertyOp39
 70
     1
102
RTVSPropertyOp40
 70
     1
102
RTVSPropertyOp41
 70
     1
102
RTVSPropertyOp42
 70
     1
102
RTVSPropertyOp43
 70
     1
102
RTVSPropertyOp44
 70
     1
102
RTVSPropertyOp45
 70
     1
102
RTVSPropertyOp46
 70
     1
102
RTVSPropertyOp47
 70
     1
102
RTVSPropertyOp48
 70
     1
102
RTVSPropertyOp49
 70
     1
102
RTVSPropertyOp50
 70
     1
102
RTVSPropertyOp51
 70
     0
102
RTVSPropertyOp52
 70
     0
102
RTVSPropertyOp53
 70
     1
102
RTVSPropertyOp54
 70
     1
102
RTVSPropertyOp55
 70
     1
102
RTVSPropertyOp56
 70
     1
102
RTVSPropertyOp57
 70
     1
102
RTVSPost2010Prop28
280
     0
102
RTVSPost2010PropOp28
 70
     1
102
RTVSPost2010Prop29
280
     1
102
RTVSPost2010PropOp29
 70
     1
102
RTVSPost2010Prop30
280
     1
102
RTVSPost2010PropOp30
 70
     1
102
RTVSPost2010Prop31
280
     0
102
RTVSPost2010PropOp31
 70
     1
102
RTVSPost2010Prop32
280
     0
102
RTVSPost2010PropOp32
 70
     1
102
RTVSPost2010Prop33
280
     0
102
RTVSPost2010PropOp33
 70
     1
102
RTVSPost2010Prop34
280
     0
102
RTVSPost2010PropOp34
 70
     1
102
RTVSPost2010Prop35
280
     0
102
RTVSPost2010PropOp35
 70
     1
102
RTVSPost2010Prop36
280
     0
102
RTVSPost2010PropOp36
 70
     1
102
RTVSPost2010Prop37
 90
       50
102
RTVSPost2010PropOp37
 70
     1
102
RTVSPost2010Prop38
140
0.0
102
RTVSPost2010PropOp38
 70
     1
102
RTVSPost2010Prop39
140
1.0
102
RTVSPost2010PropOp39
 70
     1
102
RTVSPost2010Prop40
 90
        0
102
RTVSPost2010PropOp40
 70
     1
102
RTVSPost2010Prop41ColorIndex
 90
       18
102
RTVSPost2010Prop41ColorRGB
 90
        0
102
RTVSPost2010PropOp41
 70
     1
102
RTVSPost2010Prop42
 90
       50
102
RTVSPost2010PropOp42
 70
     1
102
RTVSPost2010Prop43
 90
        3
102
RTVSPost2010PropOp43
 70
     1
102
RTVSPost2010Prop44ColorIndex
 90
        5
102
RTVSPost2010Prop44ColorRGB
 90
      255
102
RTVSPost2010PropOp44
 70
     1
102
RTVSPost2010Prop45
280
     0
102
RTVSPost2010PropOp45
 70
     1
102
RTVSPost2010Prop46
 90
       50
102
RTVSPost2010PropOp46
 70
     1
102
RTVSPost2010Prop47
 90
       50
102
RTVSPost2010PropOp47
 70
     1
102
RTVSPost2010Prop48
 90
       50
102
RTVSPost2010PropOp48
 70
     1
102
RTVSPost2010Prop49
280
     0
102
RTVSPost2010PropOp49
 70
     1
102
RTVSPost2010Prop50
 90
       50
102
RTVSPost2010PropOp50
 70
     1
102
RTVSPost2010Prop51ColorIndex
 90
      256
102
RTVSPost2010Prop51ColorRGB
 90
-16777216
102
RTVSPost2010PropOp51
 70
     0
102
RTVSPost2010Prop52
140
1.0
102
RTVSPost2010PropOp52
 70
     0
102
RTVSPost2010Prop53
 90
        2
102
RTVSPost2010PropOp53
 70
     1
102
RTVSPost2010Prop54
  1
strokes_ogs.tif
102
RTVSPost2010PropOp54
 70
     1
102
RTVSPost2010Prop55
280
     0
102
RTVSPost2010PropOp55
 70
     1
102
RTVSPost2010Prop56
140
1.0
102
RTVSPost2010PropOp56
 70
     1
102
RTVSPost2010Prop57
140
1.0
102
RTVSPost2010PropOp57
 70
     1
  0
XRECORD
  5
200
102
{ACAD_REACTORS
330
1FF
102
}
330
1FF
100
AcDbXrecord
280
     1
102
RTVSPropertyOp0
 70
     0
102
RTVSPropertyOp1
 70
     0
102
RTVSPropertyOp2
 70
     0
102
RTVSPropertyOp3
 70
     0
102
RTVSPropertyOp4
 70
     0
102
RTVSPropertyOp5
 70
     0
102
RTVSPropertyOp6
 70
     0
102
RTVSPropertyOp7
 70
     0
102
RTVSPropertyOp8
 70
     0
102
RTVSPropertyOp9
 70
     0
102
RTVSPropertyOp10
 70
     0
102
RTVSPropertyOp11
 70
     0
102
RTVSPropertyOp12
 70
     0
102
RTVSPropertyOp13
 70
     0
102
RTVSPropertyOp14
 70
     2
102
RTVSPropertyOp15
 70
     0
102
RTVSPropertyOp16
 70
     0
102
RTVSPropertyOp17
 70
     0
102
RTVSPropertyOp18
 70
     0
102
RTVSPropertyOp19
 70
     0
102
RTVSPropertyOp20
 70
     0
102
RTVSPropertyOp21
 70
     0
102
RTVSPropertyOp22
 70
     0
102
RTVSPropertyOp23
 70
     0
102
RTVSPropertyOp24
 70
     0
102
RTVSPropertyOp25
 70
     0
102
RTVSPropertyOp26
 70
     0
102
RTVSPropertyOp27
 70
     0
102
RTVSPropertyOp28
 70
     0
102
RTVSPropertyOp29
 70
     0
102
RTVSPropertyOp30
 70
     0
102
RTVSPropertyOp31
 70
     0
102
RTVSPropertyOp32
 70
     0
102
RTVSPropertyOp33
 70
     0
102
RTVSPropertyOp34
 70
     0
102
RTVSPropertyOp35
 70
     0
102
RTVSPropertyOp36
 70
     0
102
RTVSPropertyOp37
 70
     0
102
RTVSPropertyOp38
 70
     0
102
RTVSPropertyOp39
 70
     0
102
RTVSPropertyOp40
 70
     0
102
RTVSPropertyOp41
 70
     0
102
RTVSPropertyOp42
 70
     0
102
RTVSPropertyOp43
 70
     0
102
RTVSPropertyOp44
 70
     0
102
RTVSPropertyOp45
 70
     0
102
RTVSPropertyOp46
 70
     0
102
RTVSPropertyOp47
 70
     0
102
RTVSPropertyOp48
 70
     0
102
RTVSPropertyOp49
 70
     0
102
RTVSPropertyOp50
 70
     0
102
RTVSPropertyOp51
 70
     0
102
RTVSPropertyOp52
 70
     0
102
RTVSPropertyOp53
 70
     0
102
RTVSPropertyOp54
 70
     0
102
RTVSPropertyOp55
 70
     0
102
RTVSPropertyOp56
 70
     0
102
RTVSPropertyOp57
 70
     0
102
RTVSPost2010Prop28
280
     0
102
RTVSPost2010PropOp28
 70
     0
102
RTVSPost2010Prop29
280
     1
102
RTVSPost2010PropOp29
 70
     0
102
RTVSPost2010Prop30
280
     1
102
RTVSPost2010PropOp30
 70
     0
102
RTVSPost2010Prop31
280
     0
102
RTVSPost2010PropOp31
 70
     0
102
RTVSPost2010Prop32
280
     0
102
RTVSPost2010PropOp32
 70
     0
102
RTVSPost2010Prop33
280
     0
102
RTVSPost2010PropOp33
 70
     0
102
RTVSPost2010Prop34
280
     0
102
RTVSPost2010PropOp34
 70
     0
102
RTVSPost2010Prop35
280
     0
102
RTVSPost2010PropOp35
 70
     0
102
RTVSPost2010Prop36
280
     0
102
RTVSPost2010PropOp36
 70
     0
102
RTVSPost2010Prop37
 90
       50
102
RTVSPost2010PropOp37
 70
     0
102
RTVSPost2010Prop38
140
0.0
102
RTVSPost2010PropOp38
 70
     0
102
RTVSPost2010Prop39
140
1.0
102
RTVSPost2010PropOp39
 70
     0
102
RTVSPost2010Prop40
 90
        0
102
RTVSPost2010PropOp40
 70
     0
102
RTVSPost2010Prop41ColorIndex
 90
       18
102
RTVSPost2010Prop41ColorRGB
 90
        0
102
RTVSPost2010PropOp41
 70
     0
102
RTVSPost2010Prop42
 90
       50
102
RTVSPost2010PropOp42
 70
     0
102
RTVSPost2010Prop43
 90
        3
102
RTVSPost2010PropOp43
 70
     0
102
RTVSPost2010Prop44ColorIndex
 90
        5
102
RTVSPost2010Prop44ColorRGB
 90
      255
102
RTVSPost2010PropOp44
 70
     0
102
RTVSPost2010Prop45
280
     0
102
RTVSPost2010PropOp45
 70
     0
102
RTVSPost2010Prop46
 90
       50
102
RTVSPost2010PropOp46
 70
     0
102
RTVSPost2010Prop47
 90
       50
102
RTVSPost2010PropOp47
 70
     0
102
RTVSPost2010Prop48
 90
       50
102
RTVSPost2010PropOp48
 70
     0
102
RTVSPost2010Prop49
280
     0
102
RTVSPost2010PropOp49
 70
     0
102
RTVSPost2010Prop50
 90
       50
102
RTVSPost2010PropOp50
 70
     0
102
RTVSPost2010Prop51ColorIndex
 90
      256
102
RTVSPost2010Prop51ColorRGB
 90
-16777216
102
RTVSPost2010PropOp51
 70
     0
102
RTVSPost2010Prop52
140
1.0
102
RTVSPost2010PropOp52
 70
     0
102
RTVSPost2010Prop53
 90
        2
102
RTVSPost2010PropOp53
 70
     0
102
RTVSPost2010Prop54
  1
strokes_ogs.tif
102
RTVSPost2010PropOp54
 70
     0
102
RTVSPost2010Prop55
280
     0
102
RTVSPost2010PropOp55
 70
     0
102
RTVSPost2010Prop56
140
1.0
102
RTVSPost2010PropOp56
 70
     0
102
RTVSPost2010Prop57
140
1.0
102
RTVSPost2010PropOp57
 70
     0
  0
XRECORD
  5
1EE
102
{ACAD_REACTORS
330
1ED
102
}
330
1ED
100
AcDbXrecord
280
     1
102
RTVSPropertyOp0
 70
     1
102
RTVSPropertyOp1
 70
     1
102
RTVSPropertyOp2
 70
     1
102
RTVSPropertyOp3
 70
     1
102
RTVSPropertyOp4
 70
     1
102
RTVSPropertyOp5
 70
     1
102
RTVSPropertyOp6
 70
     1
102
RTVSPropertyOp7
 70
     1
102
RTVSPropertyOp8
 70
     1
102
RTVSPropertyOp9
 70
     1
102
RTVSPropertyOp10
 70
     1
102
RTVSPropertyOp11
 70
     1
102
RTVSPropertyOp12
 70
     1
102
RTVSPropertyOp13
 70
     1
102
RTVSPropertyOp14
 70
     1
102
RTVSPropertyOp15
 70
     1
102
RTVSPropertyOp16
 70
     1
102
RTVSPropertyOp17
 70
     1
102
RTVSPropertyOp18
 70
     1
102
RTVSPropertyOp19
 70
     1
102
RTVSPropertyOp20
 70
     1
102
RTVSPropertyOp21
 70
     1
102
RTVSPropertyOp22
 70
     1
102
RTVSPropertyOp23
 70
     1
102
RTVSPropertyOp24
 70
     1
102
RTVSPropertyOp25
 70
     1
102
RTVSPropertyOp26
 70
     1
102
RTVSPropertyOp27
 70
     1
102
RTVSPropertyOp28
 70
     1
102
RTVSPropertyOp29
 70
     1
102
RTVSPropertyOp30
 70
     1
102
RTVSPropertyOp31
 70
     1
102
RTVSPropertyOp32
 70
     1
102
RTVSPropertyOp33
 70
     1
102
RTVSPropertyOp34
 70
     1
102
RTVSPropertyOp35
 70
     1
102
RTVSPropertyOp36
 70
     1
102
RTVSPropertyOp37
 70
     1
102
RTVSPropertyOp38
 70
     1
102
RTVSPropertyOp39
 70
     1
102
RTVSPropertyOp40
 70
     1
102
RTVSPropertyOp41
 70
     1
102
RTVSPropertyOp42
 70
     1
102
RTVSPropertyOp43
 70
     1
102
RTVSPropertyOp44
 70
     1
102
RTVSPropertyOp45
 70
     1
102
RTVSPropertyOp46
 70
     1
102
RTVSPropertyOp47
 70
     1
102
RTVSPropertyOp48
 70
     1
102
RTVSPropertyOp49
 70
     1
102
RTVSPropertyOp50
 70
     1
102
RTVSPropertyOp51
 70
     0
102
RTVSPropertyOp52
 70
     0
102
RTVSPropertyOp53
 70
     1
102
RTVSPropertyOp54
 70
     1
102
RTVSPropertyOp55
 70
     1
102
RTVSPropertyOp56
 70
     1
102
RTVSPropertyOp57
 70
     1
102
RTVSPost2010Prop28
280
     0
102
RTVSPost2010PropOp28
 70
     1
102
RTVSPost2010Prop29
280
     1
102
RTVSPost2010PropOp29
 70
     1
102
RTVSPost2010Prop30
280
     1
102
RTVSPost2010PropOp30
 70
     1
102
RTVSPost2010Prop31
280
     0
102
RTVSPost2010PropOp31
 70
     1
102
RTVSPost2010Prop32
280
     0
102
RTVSPost2010PropOp32
 70
     1
102
RTVSPost2010Prop33
280
     0
102
RTVSPost2010PropOp33
 70
     1
102
RTVSPost2010Prop34
280
     0
102
RTVSPost2010PropOp34
 70
     1
102
RTVSPost2010Prop35
280
     0
102
RTVSPost2010PropOp35
 70
     1
102
RTVSPost2010Prop36
280
     0
102
RTVSPost2010PropOp36
 70
     1
102
RTVSPost2010Prop37
 90
       50
102
RTVSPost2010PropOp37
 70
     1
102
RTVSPost2010Prop38
140
0.0
102
RTVSPost2010PropOp38
 70
     1
102
RTVSPost2010Prop39
140
1.0
102
RTVSPost2010PropOp39
 70
     1
102
RTVSPost2010Prop40
 90
        0
102
RTVSPost2010PropOp40
 70
     1
102
RTVSPost2010Prop41ColorIndex
 90
       18
102
RTVSPost2010Prop41ColorRGB
 90
        0
102
RTVSPost2010PropOp41
 70
     1
102
RTVSPost2010Prop42
 90
       50
102
RTVSPost2010PropOp42
 70
     1
102
RTVSPost2010Prop43
 90
        3
102
RTVSPost2010PropOp43
 70
     1
102
RTVSPost2010Prop44ColorIndex
 90
        5
102
RTVSPost2010Prop44ColorRGB
 90
      255
102
RTVSPost2010PropOp44
 70
     1
102
RTVSPost2010Prop45
280
     0
102
RTVSPost2010PropOp45
 70
     1
102
RTVSPost2010Prop46
 90
       50
102
RTVSPost2010PropOp46
 70
     1
102
RTVSPost2010Prop47
 90
       50
102
RTVSPost2010PropOp47
 70
     1
102
RTVSPost2010Prop48
 90
       50
102
RTVSPost2010PropOp48
 70
     1
102
RTVSPost2010Prop49
280
     0
102
RTVSPost2010PropOp49
 70
     1
102
RTVSPost2010Prop50
 90
       50
102
RTVSPost2010PropOp50
 70
     1
102
RTVSPost2010Prop51ColorIndex
 90
      256
102
RTVSPost2010Prop51ColorRGB
 90
-16777216
102
RTVSPost2010PropOp51
 70
     0
102
RTVSPost2010Prop52
140
1.0
102
RTVSPost2010PropOp52
 70
     0
102
RTVSPost2010Prop53
 90
        2
102
RTVSPost2010PropOp53
 70
     1
102
RTVSPost2010Prop54
  1
strokes_ogs.tif
102
RTVSPost2010PropOp54
 70
     1
102
RTVSPost2010Prop55
280
     0
102
RTVSPost2010PropOp55
 70
     1
102
RTVSPost2010Prop56
140
1.0
102
RTVSPost2010PropOp56
 70
     1
102
RTVSPost2010Prop57
140
1.0
102
RTVSPost2010PropOp57
 70
     1
  0
XRECORD
  5
20C
102
{ACAD_REACTORS
330
20B
102
}
330
20B
100
AcDbXrecord
280
     1
102
RTVSPropertyOp0
 70
     1
102
RTVSPropertyOp1
 70
     1
102
RTVSPropertyOp2
 70
     1
102
RTVSPropertyOp3
 70
     1
102
RTVSPropertyOp4
 70
     1
102
RTVSPropertyOp5
 70
     1
102
RTVSPropertyOp6
 70
     1
102
RTVSPropertyOp7
 70
     1
102
RTVSPropertyOp8
 70
     1
102
RTVSPropertyOp9
 70
     1
102
RTVSPropertyOp10
 70
     1
102
RTVSPropertyOp11
 70
     1
102
RTVSPropertyOp12
 70
     1
102
RTVSPropertyOp13
 70
     1
102
RTVSPropertyOp14
 70
     1
102
RTVSPropertyOp15
 70
     1
102
RTVSPropertyOp16
 70
     1
102
RTVSPropertyOp17
 70
     1
102
RTVSPropertyOp18
 70
     1
102
RTVSPropertyOp19
 70
     1
102
RTVSPropertyOp20
 70
     1
102
RTVSPropertyOp21
 70
     1
102
RTVSPropertyOp22
 70
     1
102
RTVSPropertyOp23
 70
     1
102
RTVSPropertyOp24
 70
     1
102
RTVSPropertyOp25
 70
     1
102
RTVSPropertyOp26
 70
     1
102
RTVSPropertyOp27
 70
     1
102
RTVSPropertyOp28
 70
     1
102
RTVSPropertyOp29
 70
     1
102
RTVSPropertyOp30
 70
     1
102
RTVSPropertyOp31
 70
     1
102
RTVSPropertyOp32
 70
     1
102
RTVSPropertyOp33
 70
     1
102
RTVSPropertyOp34
 70
     1
102
RTVSPropertyOp35
 70
     1
102
RTVSPropertyOp36
 70
     1
102
RTVSPropertyOp37
 70
     1
102
RTVSPropertyOp38
 70
     1
102
RTVSPropertyOp39
 70
     1
102
RTVSPropertyOp40
 70
     1
102
RTVSPropertyOp41
 70
     1
102
RTVSPropertyOp42
 70
     1
102
RTVSPropertyOp43
 70
     1
102
RTVSPropertyOp44
 70
     1
102
RTVSPropertyOp45
 70
     1
102
RTVSPropertyOp46
 70
     1
102
RTVSPropertyOp47
 70
     1
102
RTVSPropertyOp48
 70
     1
102
RTVSPropertyOp49
 70
     1
102
RTVSPropertyOp50
 70
     1
102
RTVSPropertyOp51
 70
     0
102
RTVSPropertyOp52
 70
     0
102
RTVSPropertyOp53
 70
     1
102
RTVSPropertyOp54
 70
     1
102
RTVSPropertyOp55
 70
     1
102
RTVSPropertyOp56
 70
     1
102
RTVSPropertyOp57
 70
     1
102
RTVSPost2010Prop28
280
     0
102
RTVSPost2010PropOp28
 70
     1
102
RTVSPost2010Prop29
280
     1
102
RTVSPost2010PropOp29
 70
     1
102
RTVSPost2010Prop30
280
     1
102
RTVSPost2010PropOp30
 70
     1
102
RTVSPost2010Prop31
280
     0
102
RTVSPost2010PropOp31
 70
     1
102
RTVSPost2010Prop32
280
     0
102
RTVSPost2010PropOp32
 70
     1
102
RTVSPost2010Prop33
280
     0
102
RTVSPost2010PropOp33
 70
     1
102
RTVSPost2010Prop34
280
     0
102
RTVSPost2010PropOp34
 70
     1
102
RTVSPost2010Prop35
280
     0
102
RTVSPost2010PropOp35
 70
     1
102
RTVSPost2010Prop36
280
     0
102
RTVSPost2010PropOp36
 70
     1
102
RTVSPost2010Prop37
 90
       50
102
RTVSPost2010PropOp37
 70
     1
102
RTVSPost2010Prop38
140
0.0
102
RTVSPost2010PropOp38
 70
     1
102
RTVSPost2010Prop39
140
1.0
102
RTVSPost2010PropOp39
 70
     1
102
RTVSPost2010Prop40
 90
        0
102
RTVSPost2010PropOp40
 70
     1
102
RTVSPost2010Prop41ColorIndex
 90
       18
102
RTVSPost2010Prop41ColorRGB
 90
        0
102
RTVSPost2010PropOp41
 70
     1
102
RTVSPost2010Prop42
 90
       50
102
RTVSPost2010PropOp42
 70
     1
102
RTVSPost2010Prop43
 90
        3
102
RTVSPost2010PropOp43
 70
     1
102
RTVSPost2010Prop44ColorIndex
 90
        5
102
RTVSPost2010Prop44ColorRGB
 90
      255
102
RTVSPost2010PropOp44
 70
     1
102
RTVSPost2010Prop45
280
     0
102
RTVSPost2010PropOp45
 70
     1
102
RTVSPost2010Prop46
 90
       50
102
RTVSPost2010PropOp46
 70
     1
102
RTVSPost2010Prop47
 90
       50
102
RTVSPost2010PropOp47
 70
     1
102
RTVSPost2010Prop48
 90
       50
102
RTVSPost2010PropOp48
 70
     1
102
RTVSPost2010Prop49
280
     0
102
RTVSPost2010PropOp49
 70
     1
102
RTVSPost2010Prop50
 90
       50
102
RTVSPost2010PropOp50
 70
     1
102
RTVSPost2010Prop51ColorIndex
 90
      256
102
RTVSPost2010Prop51ColorRGB
 90
-16777216
102
RTVSPost2010PropOp51
 70
     0
102
RTVSPost2010Prop52
140
1.0
102
RTVSPost2010PropOp52
 70
     0
102
RTVSPost2010Prop53
 90
        2
102
RTVSPost2010PropOp53
 70
     1
102
RTVSPost2010Prop54
  1
strokes_ogs.tif
102
RTVSPost2010PropOp54
 70
     1
102
RTVSPost2010Prop55
280
     0
102
RTVSPost2010PropOp55
 70
     1
102
RTVSPost2010Prop56
140
1.0
102
RTVSPost2010PropOp56
 70
     1
102
RTVSPost2010Prop57
140
1.0
102
RTVSPost2010PropOp57
 70
     1
  0
XRECORD
  5
20A
102
{ACAD_REACTORS
330
209
102
}
330
209
100
AcDbXrecord
280
     1
102
RTVSPropertyOp0
 70
     1
102
RTVSPropertyOp1
 70
     1
102
RTVSPropertyOp2
 70
     1
102
RTVSPropertyOp3
 70
     1
102
RTVSPropertyOp4
 70
     1
102
RTVSPropertyOp5
 70
     1
102
RTVSPropertyOp6
 70
     1
102
RTVSPropertyOp7
 70
     1
102
RTVSPropertyOp8
 70
     1
102
RTVSPropertyOp9
 70
     1
102
RTVSPropertyOp10
 70
     1
102
RTVSPropertyOp11
 70
     1
102
RTVSPropertyOp12
 70
     1
102
RTVSPropertyOp13
 70
     1
102
RTVSPropertyOp14
 70
     1
102
RTVSPropertyOp15
 70
     1
102
RTVSPropertyOp16
 70
     1
102
RTVSPropertyOp17
 70
     1
102
RTVSPropertyOp18
 70
     1
102
RTVSPropertyOp19
 70
     1
102
RTVSPropertyOp20
 70
     1
102
RTVSPropertyOp21
 70
     1
102
RTVSPropertyOp22
 70
     1
102
RTVSPropertyOp23
 70
     1
102
RTVSPropertyOp24
 70
     1
102
RTVSPropertyOp25
 70
     1
102
RTVSPropertyOp26
 70
     1
102
RTVSPropertyOp27
 70
     1
102
RTVSPropertyOp28
 70
     1
102
RTVSPropertyOp29
 70
     1
102
RTVSPropertyOp30
 70
     1
102
RTVSPropertyOp31
 70
     1
102
RTVSPropertyOp32
 70
     1
102
RTVSPropertyOp33
 70
     1
102
RTVSPropertyOp34
 70
     1
102
RTVSPropertyOp35
 70
     1
102
RTVSPropertyOp36
 70
     1
102
RTVSPropertyOp37
 70
     1
102
RTVSPropertyOp38
 70
     1
102
RTVSPropertyOp39
 70
     1
102
RTVSPropertyOp40
 70
     1
102
RTVSPropertyOp41
 70
     1
102
RTVSPropertyOp42
 70
     1
102
RTVSPropertyOp43
 70
     1
102
RTVSPropertyOp44
 70
     1
102
RTVSPropertyOp45
 70
     1
102
RTVSPropertyOp46
 70
     1
102
RTVSPropertyOp47
 70
     1
102
RTVSPropertyOp48
 70
     1
102
RTVSPropertyOp49
 70
     1
102
RTVSPropertyOp50
 70
     1
102
RTVSPropertyOp51
 70
     0
102
RTVSPropertyOp52
 70
     0
102
RTVSPropertyOp53
 70
     1
102
RTVSPropertyOp54
 70
     1
102
RTVSPropertyOp55
 70
     1
102
RTVSPropertyOp56
 70
     1
102
RTVSPropertyOp57
 70
     1
102
RTVSPost2010Prop28
280
     0
102
RTVSPost2010PropOp28
 70
     1
102
RTVSPost2010Prop29
280
     1
102
RTVSPost2010PropOp29
 70
     1
102
RTVSPost2010Prop30
280
     1
102
RTVSPost2010PropOp30
 70
     1
102
RTVSPost2010Prop31
280
     0
102
RTVSPost2010PropOp31
 70
     1
102
RTVSPost2010Prop32
280
     0
102
RTVSPost2010PropOp32
 70
     1
102
RTVSPost2010Prop33
280
     0
102
RTVSPost2010PropOp33
 70
     1
102
RTVSPost2010Prop34
280
     0
102
RTVSPost2010PropOp34
 70
     1
102
RTVSPost2010Prop35
280
     0
102
RTVSPost2010PropOp35
 70
     1
102
RTVSPost2010Prop36
280
     0
102
RTVSPost2010PropOp36
 70
     1
102
RTVSPost2010Prop37
 90
       50
102
RTVSPost2010PropOp37
 70
     1
102
RTVSPost2010Prop38
140
0.0
102
RTVSPost2010PropOp38
 70
     1
102
RTVSPost2010Prop39
140
1.0
102
RTVSPost2010PropOp39
 70
     1
102
RTVSPost2010Prop40
 90
        0
102
RTVSPost2010PropOp40
 70
     1
102
RTVSPost2010Prop41ColorIndex
 90
       18
102
RTVSPost2010Prop41ColorRGB
 90
        0
102
RTVSPost2010PropOp41
 70
     1
102
RTVSPost2010Prop42
 90
       50
102
RTVSPost2010PropOp42
 70
     1
102
RTVSPost2010Prop43
 90
        3
102
RTVSPost2010PropOp43
 70
     1
102
RTVSPost2010Prop44ColorIndex
 90
        5
102
RTVSPost2010Prop44ColorRGB
 90
      255
102
RTVSPost2010PropOp44
 70
     1
102
RTVSPost2010Prop45
280
     0
102
RTVSPost2010PropOp45
 70
     1
102
RTVSPost2010Prop46
 90
       50
102
RTVSPost2010PropOp46
 70
     1
102
RTVSPost2010Prop47
 90
       50
102
RTVSPost2010PropOp47
 70
     1
102
RTVSPost2010Prop48
 90
       50
102
RTVSPost2010PropOp48
 70
     1
102
RTVSPost2010Prop49
280
     0
102
RTVSPost2010PropOp49
 70
     1
102
RTVSPost2010Prop50
 90
       50
102
RTVSPost2010PropOp50
 70
     1
102
RTVSPost2010Prop51ColorIndex
 90
      256
102
RTVSPost2010Prop51ColorRGB
 90
-16777216
102
RTVSPost2010PropOp51
 70
     0
102
RTVSPost2010Prop52
140
1.0
102
RTVSPost2010PropOp52
 70
     0
102
RTVSPost2010Prop53
 90
        2
102
RTVSPost2010PropOp53
 70
     1
102
RTVSPost2010Prop54
  1
strokes_ogs.tif
102
RTVSPost2010PropOp54
 70
     1
102
RTVSPost2010Prop55
280
     0
102
RTVSPost2010PropOp55
 70
     1
102
RTVSPost2010Prop56
140
1.0
102
RTVSPost2010PropOp56
 70
     1
102
RTVSPost2010Prop57
140
1.0
102
RTVSPost2010PropOp57
 70
     1
  0
XRECORD
  5
204
102
{ACAD_REACTORS
330
203
102
}
330
203
100
AcDbXrecord
280
     1
102
RTVSPropertyOp0
 70
     1
102
RTVSPropertyOp1
 70
     1
102
RTVSPropertyOp2
 70
     1
102
RTVSPropertyOp3
 70
     1
102
RTVSPropertyOp4
 70
     1
102
RTVSPropertyOp5
 70
     1
102
RTVSPropertyOp6
 70
     1
102
RTVSPropertyOp7
 70
     1
102
RTVSPropertyOp8
 70
     1
102
RTVSPropertyOp9
 70
     1
102
RTVSPropertyOp10
 70
     1
102
RTVSPropertyOp11
 70
     1
102
RTVSPropertyOp12
 70
     1
102
RTVSPropertyOp13
 70
     1
102
RTVSPropertyOp14
 70
     1
102
RTVSPropertyOp15
 70
     1
102
RTVSPropertyOp16
 70
     1
102
RTVSPropertyOp17
 70
     1
102
RTVSPropertyOp18
 70
     1
102
RTVSPropertyOp19
 70
     1
102
RTVSPropertyOp20
 70
     1
102
RTVSPropertyOp21
 70
     1
102
RTVSPropertyOp22
 70
     1
102
RTVSPropertyOp23
 70
     1
102
RTVSPropertyOp24
 70
     1
102
RTVSPropertyOp25
 70
     1
102
RTVSPropertyOp26
 70
     1
102
RTVSPropertyOp27
 70
     1
102
RTVSPropertyOp28
 70
     1
102
RTVSPropertyOp29
 70
     1
102
RTVSPropertyOp30
 70
     1
102
RTVSPropertyOp31
 70
     1
102
RTVSPropertyOp32
 70
     1
102
RTVSPropertyOp33
 70
     1
102
RTVSPropertyOp34
 70
     1
102
RTVSPropertyOp35
 70
     1
102
RTVSPropertyOp36
 70
     1
102
RTVSPropertyOp37
 70
     1
102
RTVSPropertyOp38
 70
     1
102
RTVSPropertyOp39
 70
     1
102
RTVSPropertyOp40
 70
     1
102
RTVSPropertyOp41
 70
     1
102
RTVSPropertyOp42
 70
     1
102
RTVSPropertyOp43
 70
     1
102
RTVSPropertyOp44
 70
     1
102
RTVSPropertyOp45
 70
     1
102
RTVSPropertyOp46
 70
     1
102
RTVSPropertyOp47
 70
     1
102
RTVSPropertyOp48
 70
     1
102
RTVSPropertyOp49
 70
     1
102
RTVSPropertyOp50
 70
     1
102
RTVSPropertyOp51
 70
     0
102
RTVSPropertyOp52
 70
     0
102
RTVSPropertyOp53
 70
     1
102
RTVSPropertyOp54
 70
     1
102
RTVSPropertyOp55
 70
     1
102
RTVSPropertyOp56
 70
     1
102
RTVSPropertyOp57
 70
     1
102
RTVSPost2010Prop28
280
     0
102
RTVSPost2010PropOp28
 70
     1
102
RTVSPost2010Prop29
280
     1
102
RTVSPost2010PropOp29
 70
     1
102
RTVSPost2010Prop30
280
     1
102
RTVSPost2010PropOp30
 70
     1
102
RTVSPost2010Prop31
280
     0
102
RTVSPost2010PropOp31
 70
     1
102
RTVSPost2010Prop32
280
     0
102
RTVSPost2010PropOp32
 70
     1
102
RTVSPost2010Prop33
280
     0
102
RTVSPost2010PropOp33
 70
     1
102
RTVSPost2010Prop34
280
     0
102
RTVSPost2010PropOp34
 70
     1
102
RTVSPost2010Prop35
280
     0
102
RTVSPost2010PropOp35
 70
     1
102
RTVSPost2010Prop36
280
     0
102
RTVSPost2010PropOp36
 70
     1
102
RTVSPost2010Prop37
 90
       50
102
RTVSPost2010PropOp37
 70
     1
102
RTVSPost2010Prop38
140
0.0
102
RTVSPost2010PropOp38
 70
     1
102
RTVSPost2010Prop39
140
1.0
102
RTVSPost2010PropOp39
 70
     1
102
RTVSPost2010Prop40
 90
        0
102
RTVSPost2010PropOp40
 70
     1
102
RTVSPost2010Prop41ColorIndex
 90
       18
102
RTVSPost2010Prop41ColorRGB
 90
        0
102
RTVSPost2010PropOp41
 70
     1
102
RTVSPost2010Prop42
 90
       50
102
RTVSPost2010PropOp42
 70
     1
102
RTVSPost2010Prop43
 90
        3
102
RTVSPost2010PropOp43
 70
     1
102
RTVSPost2010Prop44ColorIndex
 90
        5
102
RTVSPost2010Prop44ColorRGB
 90
      255
102
RTVSPost2010PropOp44
 70
     1
102
RTVSPost2010Prop45
280
     0
102
RTVSPost2010PropOp45
 70
     1
102
RTVSPost2010Prop46
 90
       50
102
RTVSPost2010PropOp46
 70
     1
102
RTVSPost2010Prop47
 90
       50
102
RTVSPost2010PropOp47
 70
     1
102
RTVSPost2010Prop48
 90
       50
102
RTVSPost2010PropOp48
 70
     1
102
RTVSPost2010Prop49
280
     0
102
RTVSPost2010PropOp49
 70
     1
102
RTVSPost2010Prop50
 90
       50
102
RTVSPost2010PropOp50
 70
     1
102
RTVSPost2010Prop51ColorIndex
 90
      256
102
RTVSPost2010Prop51ColorRGB
 90
-16777216
102
RTVSPost2010PropOp51
 70
     0
102
RTVSPost2010Prop52
140
1.0
102
RTVSPost2010PropOp52
 70
     0
102
RTVSPost2010Prop53
 90
        2
102
RTVSPost2010PropOp53
 70
     1
102
RTVSPost2010Prop54
  1
strokes_ogs.tif
102
RTVSPost2010PropOp54
 70
     1
102
RTVSPost2010Prop55
280
     0
102
RTVSPost2010PropOp55
 70
     1
102
RTVSPost2010Prop56
140
1.0
102
RTVSPost2010PropOp56
 70
     1
102
RTVSPost2010Prop57
140
1.0
102
RTVSPost2010PropOp57
 70
     1
  0
XRECORD
  5
206
102
{ACAD_REACTORS
330
205
102
}
330
205
100
AcDbXrecord
280
     1
102
RTVSPropertyOp0
 70
     1
102
RTVSPropertyOp1
 70
     1
102
RTVSPropertyOp2
 70
     1
102
RTVSPropertyOp3
 70
     1
102
RTVSPropertyOp4
 70
     1
102
RTVSPropertyOp5
 70
     1
102
RTVSPropertyOp6
 70
     1
102
RTVSPropertyOp7
 70
     1
102
RTVSPropertyOp8
 70
     1
102
RTVSPropertyOp9
 70
     1
102
RTVSPropertyOp10
 70
     1
102
RTVSPropertyOp11
 70
     1
102
RTVSPropertyOp12
 70
     1
102
RTVSPropertyOp13
 70
     1
102
RTVSPropertyOp14
 70
     1
102
RTVSPropertyOp15
 70
     1
102
RTVSPropertyOp16
 70
     1
102
RTVSPropertyOp17
 70
     1
102
RTVSPropertyOp18
 70
     1
102
RTVSPropertyOp19
 70
     1
102
RTVSPropertyOp20
 70
     1
102
RTVSPropertyOp21
 70
     1
102
RTVSPropertyOp22
 70
     1
102
RTVSPropertyOp23
 70
     1
102
RTVSPropertyOp24
 70
     1
102
RTVSPropertyOp25
 70
     1
102
RTVSPropertyOp26
 70
     1
102
RTVSPropertyOp27
 70
     1
102
RTVSPropertyOp28
 70
     1
102
RTVSPropertyOp29
 70
     1
102
RTVSPropertyOp30
 70
     1
102
RTVSPropertyOp31
 70
     1
102
RTVSPropertyOp32
 70
     1
102
RTVSPropertyOp33
 70
     1
102
RTVSPropertyOp34
 70
     1
102
RTVSPropertyOp35
 70
     1
102
RTVSPropertyOp36
 70
     1
102
RTVSPropertyOp37
 70
     1
102
RTVSPropertyOp38
 70
     1
102
RTVSPropertyOp39
 70
     1
102
RTVSPropertyOp40
 70
     1
102
RTVSPropertyOp41
 70
     1
102
RTVSPropertyOp42
 70
     1
102
RTVSPropertyOp43
 70
     1
102
RTVSPropertyOp44
 70
     1
102
RTVSPropertyOp45
 70
     1
102
RTVSPropertyOp46
 70
     1
102
RTVSPropertyOp47
 70
     1
102
RTVSPropertyOp48
 70
     1
102
RTVSPropertyOp49
 70
     1
102
RTVSPropertyOp50
 70
     1
102
RTVSPropertyOp51
 70
     0
102
RTVSPropertyOp52
 70
     0
102
RTVSPropertyOp53
 70
     1
102
RTVSPropertyOp54
 70
     1
102
RTVSPropertyOp55
 70
     1
102
RTVSPropertyOp56
 70
     1
102
RTVSPropertyOp57
 70
     1
102
RTVSPost2010Prop28
280
     0
102
RTVSPost2010PropOp28
 70
     1
102
RTVSPost2010Prop29
280
     1
102
RTVSPost2010PropOp29
 70
     1
102
RTVSPost2010Prop30
280
     1
102
RTVSPost2010PropOp30
 70
     1
102
RTVSPost2010Prop31
280
     0
102
RTVSPost2010PropOp31
 70
     1
102
RTVSPost2010Prop32
280
     0
102
RTVSPost2010PropOp32
 70
     1
102
RTVSPost2010Prop33
280
     0
102
RTVSPost2010PropOp33
 70
     1
102
RTVSPost2010Prop34
280
     0
102
RTVSPost2010PropOp34
 70
     1
102
RTVSPost2010Prop35
280
     0
102
RTVSPost2010PropOp35
 70
     1
102
RTVSPost2010Prop36
280
     0
102
RTVSPost2010PropOp36
 70
     1
102
RTVSPost2010Prop37
 90
       50
102
RTVSPost2010PropOp37
 70
     1
102
RTVSPost2010Prop38
140
0.0
102
RTVSPost2010PropOp38
 70
     1
102
RTVSPost2010Prop39
140
1.0
102
RTVSPost2010PropOp39
 70
     1
102
RTVSPost2010Prop40
 90
        0
102
RTVSPost2010PropOp40
 70
     1
102
RTVSPost2010Prop41ColorIndex
 90
       18
102
RTVSPost2010Prop41ColorRGB
 90
        0
102
RTVSPost2010PropOp41
 70
     1
102
RTVSPost2010Prop42
 90
       50
102
RTVSPost2010PropOp42
 70
     1
102
RTVSPost2010Prop43
 90
        3
102
RTVSPost2010PropOp43
 70
     1
102
RTVSPost2010Prop44ColorIndex
 90
        5
102
RTVSPost2010Prop44ColorRGB
 90
      255
102
RTVSPost2010PropOp44
 70
     1
102
RTVSPost2010Prop45
280
     0
102
RTVSPost2010PropOp45
 70
     1
102
RTVSPost2010Prop46
 90
       50
102
RTVSPost2010PropOp46
 70
     1
102
RTVSPost2010Prop47
 90
       50
102
RTVSPost2010PropOp47
 70
     1
102
RTVSPost2010Prop48
 90
       50
102
RTVSPost2010PropOp48
 70
     1
102
RTVSPost2010Prop49
280
     0
102
RTVSPost2010PropOp49
 70
     1
102
RTVSPost2010Prop50
 90
       50
102
RTVSPost2010PropOp50
 70
     1
102
RTVSPost2010Prop51ColorIndex
 90
      256
102
RTVSPost2010Prop51ColorRGB
 90
-16777216
102
RTVSPost2010PropOp51
 70
     0
102
RTVSPost2010Prop52
140
1.0
102
RTVSPost2010PropOp52
 70
     0
102
RTVSPost2010Prop53
 90
        2
102
RTVSPost2010PropOp53
 70
     1
102
RTVSPost2010Prop54
  1
strokes_ogs.tif
102
RTVSPost2010PropOp54
 70
     1
102
RTVSPost2010Prop55
280
     0
102
RTVSPost2010PropOp55
 70
     1
102
RTVSPost2010Prop56
140
1.0
102
RTVSPost2010PropOp56
 70
     1
102
RTVSPost2010Prop57
140
1.0
102
RTVSPost2010PropOp57
 70
     1
  0
XRECORD
  5
1F6
102
{ACAD_REACTORS
330
1F5
102
}
330
1F5
100
AcDbXrecord
280
     1
102
RTVSPropertyOp0
 70
     1
102
RTVSPropertyOp1
 70
     1
102
RTVSPropertyOp2
 70
     1
102
RTVSPropertyOp3
 70
     1
102
RTVSPropertyOp4
 70
     1
102
RTVSPropertyOp5
 70
     1
102
RTVSPropertyOp6
 70
     1
102
RTVSPropertyOp7
 70
     1
102
RTVSPropertyOp8
 70
     1
102
RTVSPropertyOp9
 70
     1
102
RTVSPropertyOp10
 70
     1
102
RTVSPropertyOp11
 70
     1
102
RTVSPropertyOp12
 70
     1
102
RTVSPropertyOp13
 70
     1
102
RTVSPropertyOp14
 70
     1
102
RTVSPropertyOp15
 70
     1
102
RTVSPropertyOp16
 70
     1
102
RTVSPropertyOp17
 70
     1
102
RTVSPropertyOp18
 70
     1
102
RTVSPropertyOp19
 70
     1
102
RTVSPropertyOp20
 70
     1
102
RTVSPropertyOp21
 70
     1
102
RTVSPropertyOp22
 70
     1
102
RTVSPropertyOp23
 70
     1
102
RTVSPropertyOp24
 70
     1
102
RTVSPropertyOp25
 70
     1
102
RTVSPropertyOp26
 70
     1
102
RTVSPropertyOp27
 70
     1
102
RTVSPropertyOp28
 70
     1
102
RTVSPropertyOp29
 70
     1
102
RTVSPropertyOp30
 70
     1
102
RTVSPropertyOp31
 70
     1
102
RTVSPropertyOp32
 70
     1
102
RTVSPropertyOp33
 70
     1
102
RTVSPropertyOp34
 70
     1
102
RTVSPropertyOp35
 70
     1
102
RTVSPropertyOp36
 70
     1
102
RTVSPropertyOp37
 70
     1
102
RTVSPropertyOp38
 70
     1
102
RTVSPropertyOp39
 70
     1
102
RTVSPropertyOp40
 70
     1
102
RTVSPropertyOp41
 70
     1
102
RTVSPropertyOp42
 70
     1
102
RTVSPropertyOp43
 70
     1
102
RTVSPropertyOp44
 70
     1
102
RTVSPropertyOp45
 70
     1
102
RTVSPropertyOp46
 70
     1
102
RTVSPropertyOp47
 70
     1
102
RTVSPropertyOp48
 70
     1
102
RTVSPropertyOp49
 70
     1
102
RTVSPropertyOp50
 70
     1
102
RTVSPropertyOp51
 70
     0
102
RTVSPropertyOp52
 70
     0
102
RTVSPropertyOp53
 70
     1
102
RTVSPropertyOp54
 70
     1
102
RTVSPropertyOp55
 70
     1
102
RTVSPropertyOp56
 70
     1
102
RTVSPropertyOp57
 70
     1
102
RTVSPost2010Prop28
280
     0
102
RTVSPost2010PropOp28
 70
     1
102
RTVSPost2010Prop29
280
     1
102
RTVSPost2010PropOp29
 70
     1
102
RTVSPost2010Prop30
280
     1
102
RTVSPost2010PropOp30
 70
     1
102
RTVSPost2010Prop31
280
     0
102
RTVSPost2010PropOp31
 70
     1
102
RTVSPost2010Prop32
280
     0
102
RTVSPost2010PropOp32
 70
     1
102
RTVSPost2010Prop33
280
     0
102
RTVSPost2010PropOp33
 70
     1
102
RTVSPost2010Prop34
280
     0
102
RTVSPost2010PropOp34
 70
     1
102
RTVSPost2010Prop35
280
     0
102
RTVSPost2010PropOp35
 70
     1
102
RTVSPost2010Prop36
280
     0
102
RTVSPost2010PropOp36
 70
     1
102
RTVSPost2010Prop37
 90
       50
102
RTVSPost2010PropOp37
 70
     1
102
RTVSPost2010Prop38
140
0.0
102
RTVSPost2010PropOp38
 70
     1
102
RTVSPost2010Prop39
140
1.0
102
RTVSPost2010PropOp39
 70
     1
102
RTVSPost2010Prop40
 90
        0
102
RTVSPost2010PropOp40
 70
     1
102
RTVSPost2010Prop41ColorIndex
 90
       18
102
RTVSPost2010Prop41ColorRGB
 90
        0
102
RTVSPost2010PropOp41
 70
     1
102
RTVSPost2010Prop42
 90
       50
102
RTVSPost2010PropOp42
 70
     1
102
RTVSPost2010Prop43
 90
        3
102
RTVSPost2010PropOp43
 70
     1
102
RTVSPost2010Prop44ColorIndex
 90
        5
102
RTVSPost2010Prop44ColorRGB
 90
      255
102
RTVSPost2010PropOp44
 70
     1
102
RTVSPost2010Prop45
280
     0
102
RTVSPost2010PropOp45
 70
     1
102
RTVSPost2010Prop46
 90
       50
102
RTVSPost2010PropOp46
 70
     1
102
RTVSPost2010Prop47
 90
       50
102
RTVSPost2010PropOp47
 70
     1
102
RTVSPost2010Prop48
 90
       50
102
RTVSPost2010PropOp48
 70
     1
102
RTVSPost2010Prop49
280
     0
102
RTVSPost2010PropOp49
 70
     1
102
RTVSPost2010Prop50
 90
       50
102
RTVSPost2010PropOp50
 70
     1
102
RTVSPost2010Prop51ColorIndex
 90
      256
102
RTVSPost2010Prop51ColorRGB
 90
-16777216
102
RTVSPost2010PropOp51
 70
     0
102
RTVSPost2010Prop52
140
1.0
102
RTVSPost2010PropOp52
 70
     0
102
RTVSPost2010Prop53
 90
        2
102
RTVSPost2010PropOp53
 70
     1
102
RTVSPost2010Prop54
  1
strokes_ogs.tif
102
RTVSPost2010PropOp54
 70
     1
102
RTVSPost2010Prop55
280
     0
102
RTVSPost2010PropOp55
 70
     1
102
RTVSPost2010Prop56
140
1.0
102
RTVSPost2010PropOp56
 70
     1
102
RTVSPost2010Prop57
140
1.0
102
RTVSPost2010PropOp57
 70
     1
  0
XRECORD
  5
1E8
102
{ACAD_REACTORS
330
1E7
102
}
330
1E7
100
AcDbXrecord
280
     1
102
RTVSPropertyOp0
 70
     1
102
RTVSPropertyOp1
 70
     1
102
RTVSPropertyOp2
 70
     1
102
RTVSPropertyOp3
 70
     1
102
RTVSPropertyOp4
 70
     1
102
RTVSPropertyOp5
 70
     1
102
RTVSPropertyOp6
 70
     1
102
RTVSPropertyOp7
 70
     1
102
RTVSPropertyOp8
 70
     1
102
RTVSPropertyOp9
 70
     1
102
RTVSPropertyOp10
 70
     1
102
RTVSPropertyOp11
 70
     1
102
RTVSPropertyOp12
 70
     1
102
RTVSPropertyOp13
 70
     1
102
RTVSPropertyOp14
 70
     1
102
RTVSPropertyOp15
 70
     1
102
RTVSPropertyOp16
 70
     1
102
RTVSPropertyOp17
 70
     1
102
RTVSPropertyOp18
 70
     1
102
RTVSPropertyOp19
 70
     1
102
RTVSPropertyOp20
 70
     1
102
RTVSPropertyOp21
 70
     1
102
RTVSPropertyOp22
 70
     1
102
RTVSPropertyOp23
 70
     1
102
RTVSPropertyOp24
 70
     1
102
RTVSPropertyOp25
 70
     1
102
RTVSPropertyOp26
 70
     1
102
RTVSPropertyOp27
 70
     1
102
RTVSPropertyOp28
 70
     1
102
RTVSPropertyOp29
 70
     1
102
RTVSPropertyOp30
 70
     1
102
RTVSPropertyOp31
 70
     1
102
RTVSPropertyOp32
 70
     1
102
RTVSPropertyOp33
 70
     1
102
RTVSPropertyOp34
 70
     1
102
RTVSPropertyOp35
 70
     1
102
RTVSPropertyOp36
 70
     1
102
RTVSPropertyOp37
 70
     1
102
RTVSPropertyOp38
 70
     1
102
RTVSPropertyOp39
 70
     1
102
RTVSPropertyOp40
 70
     1
102
RTVSPropertyOp41
 70
     1
102
RTVSPropertyOp42
 70
     1
102
RTVSPropertyOp43
 70
     1
102
RTVSPropertyOp44
 70
     1
102
RTVSPropertyOp45
 70
     1
102
RTVSPropertyOp46
 70
     1
102
RTVSPropertyOp47
 70
     1
102
RTVSPropertyOp48
 70
     1
102
RTVSPropertyOp49
 70
     1
102
RTVSPropertyOp50
 70
     1
102
RTVSPropertyOp51
 70
     0
102
RTVSPropertyOp52
 70
     0
102
RTVSPropertyOp53
 70
     1
102
RTVSPropertyOp54
 70
     1
102
RTVSPropertyOp55
 70
     1
102
RTVSPropertyOp56
 70
     1
102
RTVSPropertyOp57
 70
     1
102
RTVSPost2010Prop28
280
     0
102
RTVSPost2010PropOp28
 70
     1
102
RTVSPost2010Prop29
280
     1
102
RTVSPost2010PropOp29
 70
     1
102
RTVSPost2010Prop30
280
     1
102
RTVSPost2010PropOp30
 70
     1
102
RTVSPost2010Prop31
280
     0
102
RTVSPost2010PropOp31
 70
     1
102
RTVSPost2010Prop32
280
     0
102
RTVSPost2010PropOp32
 70
     1
102
RTVSPost2010Prop33
280
     0
102
RTVSPost2010PropOp33
 70
     1
102
RTVSPost2010Prop34
280
     0
102
RTVSPost2010PropOp34
 70
     1
102
RTVSPost2010Prop35
280
     0
102
RTVSPost2010PropOp35
 70
     1
102
RTVSPost2010Prop36
280
     0
102
RTVSPost2010PropOp36
 70
     1
102
RTVSPost2010Prop37
 90
       50
102
RTVSPost2010PropOp37
 70
     1
102
RTVSPost2010Prop38
140
0.0
102
RTVSPost2010PropOp38
 70
     1
102
RTVSPost2010Prop39
140
1.0
102
RTVSPost2010PropOp39
 70
     1
102
RTVSPost2010Prop40
 90
        0
102
RTVSPost2010PropOp40
 70
     1
102
RTVSPost2010Prop41ColorIndex
 90
       18
102
RTVSPost2010Prop41ColorRGB
 90
        0
102
RTVSPost2010PropOp41
 70
     1
102
RTVSPost2010Prop42
 90
       50
102
RTVSPost2010PropOp42
 70
     1
102
RTVSPost2010Prop43
 90
        3
102
RTVSPost2010PropOp43
 70
     1
102
RTVSPost2010Prop44ColorIndex
 90
        5
102
RTVSPost2010Prop44ColorRGB
 90
      255
102
RTVSPost2010PropOp44
 70
     1
102
RTVSPost2010Prop45
280
     0
102
RTVSPost2010PropOp45
 70
     1
102
RTVSPost2010Prop46
 90
       50
102
RTVSPost2010PropOp46
 70
     1
102
RTVSPost2010Prop47
 90
       50
102
RTVSPost2010PropOp47
 70
     1
102
RTVSPost2010Prop48
 90
       50
102
RTVSPost2010PropOp48
 70
     1
102
RTVSPost2010Prop49
280
     0
102
RTVSPost2010PropOp49
 70
     1
102
RTVSPost2010Prop50
 90
       50
102
RTVSPost2010PropOp50
 70
     1
102
RTVSPost2010Prop51ColorIndex
 90
      256
102
RTVSPost2010Prop51ColorRGB
 90
-16777216
102
RTVSPost2010PropOp51
 70
     0
102
RTVSPost2010Prop52
140
1.0
102
RTVSPost2010PropOp52
 70
     0
102
RTVSPost2010Prop53
 90
        2
102
RTVSPost2010PropOp53
 70
     1
102
RTVSPost2010Prop54
  1
strokes_ogs.tif
102
RTVSPost2010PropOp54
 70
     1
102
RTVSPost2010Prop55
280
     0
102
RTVSPost2010PropOp55
 70
     1
102
RTVSPost2010Prop56
140
1.0
102
RTVSPost2010PropOp56
 70
     1
102
RTVSPost2010Prop57
140
1.0
102
RTVSPost2010PropOp57
 70
     1
  0
XRECORD
  5
208
102
{ACAD_REACTORS
330
207
102
}
330
207
100
AcDbXrecord
280
     1
102
RTVSPropertyOp0
 70
     1
102
RTVSPropertyOp1
 70
     1
102
RTVSPropertyOp2
 70
     1
102
RTVSPropertyOp3
 70
     1
102
RTVSPropertyOp4
 70
     1
102
RTVSPropertyOp5
 70
     1
102
RTVSPropertyOp6
 70
     1
102
RTVSPropertyOp7
 70
     1
102
RTVSPropertyOp8
 70
     1
102
RTVSPropertyOp9
 70
     1
102
RTVSPropertyOp10
 70
     1
102
RTVSPropertyOp11
 70
     1
102
RTVSPropertyOp12
 70
     1
102
RTVSPropertyOp13
 70
     1
102
RTVSPropertyOp14
 70
     1
102
RTVSPropertyOp15
 70
     1
102
RTVSPropertyOp16
 70
     1
102
RTVSPropertyOp17
 70
     1
102
RTVSPropertyOp18
 70
     1
102
RTVSPropertyOp19
 70
     1
102
RTVSPropertyOp20
 70
     1
102
RTVSPropertyOp21
 70
     1
102
RTVSPropertyOp22
 70
     1
102
RTVSPropertyOp23
 70
     1
102
RTVSPropertyOp24
 70
     1
102
RTVSPropertyOp25
 70
     1
102
RTVSPropertyOp26
 70
     1
102
RTVSPropertyOp27
 70
     1
102
RTVSPropertyOp28
 70
     1
102
RTVSPropertyOp29
 70
     1
102
RTVSPropertyOp30
 70
     1
102
RTVSPropertyOp31
 70
     1
102
RTVSPropertyOp32
 70
     1
102
RTVSPropertyOp33
 70
     1
102
RTVSPropertyOp34
 70
     1
102
RTVSPropertyOp35
 70
     1
102
RTVSPropertyOp36
 70
     1
102
RTVSPropertyOp37
 70
     1
102
RTVSPropertyOp38
 70
     1
102
RTVSPropertyOp39
 70
     1
102
RTVSPropertyOp40
 70
     1
102
RTVSPropertyOp41
 70
     1
102
RTVSPropertyOp42
 70
     1
102
RTVSPropertyOp43
 70
     1
102
RTVSPropertyOp44
 70
     1
102
RTVSPropertyOp45
 70
     1
102
RTVSPropertyOp46
 70
     1
102
RTVSPropertyOp47
 70
     1
102
RTVSPropertyOp48
 70
     1
102
RTVSPropertyOp49
 70
     1
102
RTVSPropertyOp50
 70
     1
102
RTVSPropertyOp51
 70
     0
102
RTVSPropertyOp52
 70
     0
102
RTVSPropertyOp53
 70
     1
102
RTVSPropertyOp54
 70
     1
102
RTVSPropertyOp55
 70
     1
102
RTVSPropertyOp56
 70
     1
102
RTVSPropertyOp57
 70
     1
102
RTVSPost2010Prop28
280
     0
102
RTVSPost2010PropOp28
 70
     1
102
RTVSPost2010Prop29
280
     1
102
RTVSPost2010PropOp29
 70
     1
102
RTVSPost2010Prop30
280
     1
102
RTVSPost2010PropOp30
 70
     1
102
RTVSPost2010Prop31
280
     0
102
RTVSPost2010PropOp31
 70
     1
102
RTVSPost2010Prop32
280
     0
102
RTVSPost2010PropOp32
 70
     1
102
RTVSPost2010Prop33
280
     0
102
RTVSPost2010PropOp33
 70
     1
102
RTVSPost2010Prop34
280
     0
102
RTVSPost2010PropOp34
 70
     1
102
RTVSPost2010Prop35
280
     0
102
RTVSPost2010PropOp35
 70
     1
102
RTVSPost2010Prop36
280
     0
102
RTVSPost2010PropOp36
 70
     1
102
RTVSPost2010Prop37
 90
       50
102
RTVSPost2010PropOp37
 70
     1
102
RTVSPost2010Prop38
140
0.0
102
RTVSPost2010PropOp38
 70
     1
102
RTVSPost2010Prop39
140
1.0
102
RTVSPost2010PropOp39
 70
     1
102
RTVSPost2010Prop40
 90
        0
102
RTVSPost2010PropOp40
 70
     1
102
RTVSPost2010Prop41ColorIndex
 90
       18
102
RTVSPost2010Prop41ColorRGB
 90
        0
102
RTVSPost2010PropOp41
 70
     1
102
RTVSPost2010Prop42
 90
       50
102
RTVSPost2010PropOp42
 70
     1
102
RTVSPost2010Prop43
 90
        3
102
RTVSPost2010PropOp43
 70
     1
102
RTVSPost2010Prop44ColorIndex
 90
        5
102
RTVSPost2010Prop44ColorRGB
 90
      255
102
RTVSPost2010PropOp44
 70
     1
102
RTVSPost2010Prop45
280
     0
102
RTVSPost2010PropOp45
 70
     1
102
RTVSPost2010Prop46
 90
       50
102
RTVSPost2010PropOp46
 70
     1
102
RTVSPost2010Prop47
 90
       50
102
RTVSPost2010PropOp47
 70
     1
102
RTVSPost2010Prop48
 90
       50
102
RTVSPost2010PropOp48
 70
     1
102
RTVSPost2010Prop49
280
     0
102
RTVSPost2010PropOp49
 70
     1
102
RTVSPost2010Prop50
 90
       50
102
RTVSPost2010PropOp50
 70
     1
102
RTVSPost2010Prop51ColorIndex
 90
      256
102
RTVSPost2010Prop51ColorRGB
 90
-16777216
102
RTVSPost2010PropOp51
 70
     0
102
RTVSPost2010Prop52
140
1.0
102
RTVSPost2010PropOp52
 70
     0
102
RTVSPost2010Prop53
 90
        2
102
RTVSPost2010PropOp53
 70
     1
102
RTVSPost2010Prop54
  1
strokes_ogs.tif
102
RTVSPost2010PropOp54
 70
     1
102
RTVSPost2010Prop55
280
     0
102
RTVSPost2010PropOp55
 70
     1
102
RTVSPost2010Prop56
140
1.0
102
RTVSPost2010PropOp56
 70
     1
102
RTVSPost2010Prop57
140
1.0
102
RTVSPost2010PropOp57
 70
     1
  0
ENDSEC
  0
EOF
