
CASCADE Topology V3, (c) Open Cascade
Locations 0
Curve2ds 758
1 -66.120512754730044 -22.224742738293116 1 0 
1 -66.120512754730044 -22.224742738293116 1 0 
1 -62.758478754730277 -22.224742738293116 0 1 
1 -62.758478754730277 -22.224742738293116 0 1 
1 -62.758478754730277 -14.86704173829321 -1 0 
1 -62.758478754730277 -14.86704173829321 -1 0 
1 -66.120512754730044 -14.86704173829321 0 1 
1 -66.120512754730044 -14.86704173829321 0 1 
1 -66.120512754730044 -14.145547738293317 1 0 
1 -66.120512754730044 -14.145547738293317 1 0 
1 -61.976027754730239 -14.145547738293317 0 -1 
1 -61.976027754730239 -14.145547738293317 0 -1 
1 -61.976027754730239 -23.052364738292908 -1 0 
1 -61.976027754730239 -23.052364738292908 -1 0 
1 -66.120512754730044 -23.052364738292908 0 1 
1 -66.120512754730044 -23.052364738292908 0 1 
1 -51.92172375473001 -22.224742738293116 0 -1 
1 -51.92172375473001 -22.224742738293116 0 -1 
1 -51.92172375473001 -23.052364738292908 -1 0 
1 -51.92172375473001 -23.052364738292908 -1 0 
1 -56.066209754730153 -23.052364738292908 0 1 
1 -56.066209754730153 -23.052364738292908 0 1 
1 -56.066209754730153 -14.145547738293317 1 0 
1 -56.066209754730153 -14.145547738293317 1 0 
1 -51.92172375473001 -14.145547738293317 0 -1 
1 -51.92172375473001 -14.145547738293317 0 -1 
1 -51.92172375473001 -14.86704173829321 -1 0 
1 -51.92172375473001 -14.86704173829321 -1 0 
1 -55.283758754730115 -14.86704173829321 0 -1 
1 -55.283758754730115 -14.86704173829321 0 -1 
1 -55.283758754730115 -22.224742738293116 1 0 
1 -55.283758754730115 -22.224742738293116 1 0 
1 31.623655245270129 22.146320261706933 1 0 
1 31.623655245270129 22.146320261706933 1 0 
1 32.451277245269921 22.146320261706933 0 -1 
1 32.451277245269921 22.146320261706933 0 -1 
1 32.451277245269921 18.00183426170679 -1 0 
1 32.451277245269921 18.00183426170679 -1 0 
1 23.544460245269875 18.00183426170679 0 1 
1 23.544460245269875 18.00183426170679 0 1 
1 23.544460245269875 22.146320261706933 1 0 
1 23.544460245269875 22.146320261706933 1 0 
1 24.265955245270106 22.146320261706933 0 -1 
1 24.265955245270106 22.146320261706933 0 -1 
1 24.265955245270106 18.784286261706711 1 0 
1 24.265955245270106 18.784286261706711 1 0 
1 31.623655245270129 18.784286261706711 0 1 
1 31.623655245270129 18.784286261706711 0 1 
1 -40.658966754730045 -7.8065957382932538 -0.27937094126386069 -0.96018325187296649 
1 -40.658966754730045 -7.8065957382932538 -0.27937094126386069 -0.96018325187296649 
1 -42.082890754730215 -12.700547738293153 -0.087856253740679083 -0.99613316312562017 
1 -42.082890754730215 -12.700547738293153 -0.087856253740679083 -0.99613316312562017 
1 -42.530684754729918 -17.777732738293253 -1 0 
1 -42.530684754729918 -17.777732738293253 -1 0 
1 -43.499401754730115 -17.777732738293253 0 1 
1 -43.499401754730115 -17.777732738293253 0 1 
1 -43.499401754730115 -11.025339738293042 -1 0 
1 -43.499401754730115 -11.025339738293042 -1 0 
1 -58.066209754730153 -11.025339738293042 0 1 
1 -58.066209754730153 -11.025339738293042 0 1 
1 -58.066209754730153 -9.7242647382931864 1 0 
1 -58.066209754730153 -9.7242647382931864 1 0 
1 -53.689548754729913 -9.7242647382931864 0 1 
1 -53.689548754729913 -9.7242647382931864 0 1 
1 -53.689548754729913 -6.3912697382929764 1 0 
1 -53.689548754729913 -6.3912697382929764 1 0 
1 -52.849767754730237 -6.3912697382929764 0 -1 
1 -52.849767754730237 -6.3912697382929764 0 -1 
1 -52.849767754730237 -9.7242647382931864 1 0 
1 -52.849767754730237 -9.7242647382931864 1 0 
1 -41.987689754730127 -9.7242647382931864 0 1 
1 -41.987689754730127 -9.7242647382931864 0 1 
1 -41.987689754730127 -6.7279107382933034 1 0 
1 -41.987689754730127 -6.7279107382933034 1 0 
1 -41.081522754730031 -6.7279107382933034 0 -1 
1 -41.081522754730031 -6.7279107382933034 0 -1 
1 -41.081522754730031 -7.8065957382932538 1 0 
1 -41.081522754730031 -7.8065957382932538 1 0 
1 -59.976027754730239 -9.7242647382931864 0 -1 
1 -59.976027754730239 -9.7242647382931864 0 -1 
1 -59.976027754730239 -11.025339738293042 -1 0 
1 -59.976027754730239 -11.025339738293042 -1 0 
1 -74.790100754730247 -11.025339738293042 0 -1 
1 -74.790100754730247 -11.025339738293042 0 -1 
1 -74.790100754730247 -17.726755738292923 -1 0 
1 -74.790100754730247 -17.726755738292923 -1 0 
1 -76.043239754730166 -17.726755738292923 0 1 
1 -76.043239754730166 -17.726755738292923 0 1 
1 -76.043239754730166 -11.025339738293042 -1 0 
1 -76.043239754730166 -11.025339738293042 -1 0 
1 -77.516217754729951 -11.025339738293042 0 1 
1 -77.516217754729951 -11.025339738293042 0 1 
1 -77.516217754729951 -10.227083738293004 -1 0 
1 -77.516217754729951 -10.227083738293004 -1 0 
1 -79.990631754730202 -10.227083738293004 0 1 
1 -79.990631754730202 -10.227083738293004 0 1 
1 -79.990631754730202 -8.9128977382929406 1 0 
1 -79.990631754730202 -8.9128977382929406 1 0 
1 -77.359037754730252 -8.9128977382929406 0 1 
1 -77.359037754730252 -8.9128977382929406 0 1 
1 -77.359037754730252 -6.3912697382929764 1 0 
1 -77.359037754730252 -6.3912697382929764 1 0 
1 -76.253484754729925 -6.3912697382929764 0 -1 
1 -76.253484754729925 -6.3912697382929764 0 -1 
1 -76.253484754729925 -9.7242647382931864 1 0 
1 -76.253484754729925 -9.7242647382931864 1 0 
1 -65.391407754730153 -9.7242647382931864 0 1 
1 -65.391407754730153 -9.7242647382931864 0 1 
1 -65.391407754730153 -6.3912697382929764 1 0 
1 -65.391407754730153 -6.3912697382929764 1 0 
1 -64.551625754730139 -6.3912697382929764 0 -1 
1 -64.551625754730139 -6.3912697382929764 0 -1 
1 -64.551625754730139 -9.7242647382931864 1 0 
1 -64.551625754730139 -9.7242647382931864 1 0 
1 -74.790100754730247 -26.1725717382933 1 0 
1 -74.790100754730247 -26.1725717382933 1 0 
1 -59.976027754730239 -26.1725717382933 0 -1 
1 -59.976027754730239 -26.1725717382933 0 -1 
1 -59.976027754730239 -27.363775738293043 -1 0 
1 -59.976027754730239 -27.363775738293043 -1 0 
1 -64.551625754730139 -27.363775738293043 0 -1 
1 -64.551625754730139 -27.363775738293043 0 -1 
1 -64.551625754730139 -30.696770738293253 -1 0 
1 -64.551625754730139 -30.696770738293253 -1 0 
1 -65.391407754730153 -30.696770738293253 0 1 
1 -65.391407754730153 -30.696770738293253 0 1 
1 -65.391407754730153 -27.363775738293043 -1 0 
1 -65.391407754730153 -27.363775738293043 -1 0 
1 -76.253484754729925 -27.363775738293043 0 -1 
1 -76.253484754729925 -27.363775738293043 0 -1 
1 -76.253484754729925 -30.696770738293253 -1 0 
1 -76.253484754729925 -30.696770738293253 -1 0 
1 -77.359037754730252 -30.696770738293253 0 1 
1 -77.359037754730252 -30.696770738293253 0 1 
1 -77.359037754730252 -28.175143738293173 -1 0 
1 -77.359037754730252 -28.175143738293173 -1 0 
1 -79.990631754730202 -28.175143738293173 0 1 
1 -79.990631754730202 -28.175143738293173 0 1 
1 -79.990631754730202 -26.860956738293225 1 0 
1 -79.990631754730202 -26.860956738293225 1 0 
1 -77.233723754729908 -26.860956738293225 0 1 
1 -77.233723754729908 -26.860956738293225 0 1 
1 -77.233723754729908 -26.1725717382933 1 0 
1 -77.233723754729908 -26.1725717382933 1 0 
1 -76.043239754730166 -26.1725717382933 0 1 
1 -76.043239754730166 -26.1725717382933 0 1 
1 -76.043239754730166 -19.539054738293089 1 0 
1 -76.043239754730166 -19.539054738293089 1 0 
1 -74.790100754730247 -19.539054738293089 0 -1 
1 -74.790100754730247 -19.539054738293089 0 -1 
1 -42.431799754730037 -19.812341738293071 0.1508299532996783 -0.98855972262054914 
1 -42.431799754730037 -19.812341738293071 0.1508299532996783 -0.98855972262054914 
1 -41.927975754730141 -23.114471738293105 0.27558653570106628 -0.96127626691824919 
1 -41.927975754730141 -23.114471738293105 0.27558653570106628 -0.96127626691824919 
1 -41.007421754729876 -26.325465738293133 0 -1 
1 -41.007421754729876 -26.325465738293133 0 -1 
1 -41.007421754729876 -30.696770738293253 -1 0 
1 -41.007421754729876 -30.696770738293253 -1 0 
1 -41.987689754730127 -30.696770738293253 0 1 
1 -41.987689754730127 -30.696770738293253 0 1 
1 -41.987689754730127 -27.363775738293043 -1 0 
1 -41.987689754730127 -27.363775738293043 -1 0 
1 -52.849767754730237 -27.363775738293043 0 -1 
1 -52.849767754730237 -27.363775738293043 0 -1 
1 -52.849767754730237 -30.696770738293253 -1 0 
1 -52.849767754730237 -30.696770738293253 -1 0 
1 -53.689548754729913 -30.696770738293253 0 1 
1 -53.689548754729913 -30.696770738293253 0 1 
1 -53.689548754729913 -27.363775738293043 -1 0 
1 -53.689548754729913 -27.363775738293043 -1 0 
1 -58.066209754730153 -27.363775738293043 0 1 
1 -58.066209754730153 -27.363775738293043 0 1 
1 -58.066209754730153 -26.1725717382933 1 0 
1 -58.066209754730153 -26.1725717382933 1 0 
1 -43.499401754730115 -26.1725717382933 0 1 
1 -43.499401754730115 -26.1725717382933 0 1 
1 -43.499401754730115 -19.812341738293071 1 0 
1 -43.499401754730115 -19.812341738293071 1 0 
1 -37.485109754730274 -11.178233738293329 0 1 
1 -37.485109754730274 -11.178233738293329 0 1 
1 -37.485109754730274 -7.8065957382932538 1 0 
1 -37.485109754730274 -7.8065957382932538 1 0 
1 -33.83399175473005 -7.8065957382932538 0 1 
1 -33.83399175473005 -7.8065957382932538 0 1 
1 -33.83399175473005 -6.7279107382933034 1 0 
1 -33.83399175473005 -6.7279107382933034 1 0 
1 -32.901140754730022 -6.7279107382933034 0 -1 
1 -32.901140754730022 -6.7279107382933034 0 -1 
1 -32.901140754730022 -7.8065957382932538 1 0 
1 -32.901140754730022 -7.8065957382932538 1 0 
1 -18.53100875473001 -7.8065957382932538 0 -1 
1 -18.53100875473001 -7.8065957382932538 0 -1 
1 -18.53100875473001 -8.8970367382930817 -1 0 
1 -18.53100875473001 -8.8970367382930817 -1 0 
1 -20.284575754730213 -8.8970367382930817 0 -1 
1 -20.284575754730213 -8.8970367382930817 0 -1 
1 -20.284575754730213 -28.638517738293103 1 0 
1 -20.284575754730213 -28.638517738293103 1 0 
1 -18.53100875473001 -28.638517738293103 0 -1 
1 -18.53100875473001 -28.638517738293103 0 -1 
1 -18.53100875473001 -29.716532738293154 -1 0 
1 -18.53100875473001 -29.716532738293154 -1 0 
1 -37.063020754730132 -29.716532738293154 0 1 
1 -37.063020754730132 -29.716532738293154 0 1 
1 -37.063020754730132 -26.325465738293133 -0.1207843267225439 0.99267877302689511 
1 -37.063020754730132 -26.325465738293133 -0.1207843267225439 0.99267877302689511 
1 -37.982140754730153 -18.771580738293324 0.065316341251843893 0.99786460783288267 
1 -37.982140754730153 -18.771580738293324 0.065316341251843893 0.99786460783288267 
1 32.983224245269867 -9.8771587382930193 0 -1 
1 32.983224245269867 -9.8771587382930193 0 -1 
1 32.983224245269867 -11.178233738293329 -1 0 
1 32.983224245269867 -11.178233738293329 -1 0 
1 18.169151245269859 -11.178233738293329 0 -1 
1 18.169151245269859 -11.178233738293329 0 -1 
1 18.169151245269859 -17.777732738293253 -1 0 
1 18.169151245269859 -17.777732738293253 -1 0 
1 17.406246245269813 -17.777732738293253 -0.087856253740679083 0.99613316312562017 
1 17.406246245269813 -17.777732738293253 -0.087856253740679083 0.99613316312562017 
1 16.958452245270109 -12.700547738293153 -0.27937112214887466 0.96018319924339368 
1 16.958452245270109 -12.700547738293153 -0.27937112214887466 0.96018319924339368 
1 15.534527245270056 -7.8065957382932538 1 0 
1 15.534527245270056 -7.8065957382932538 1 0 
1 16.033624245269948 -7.8065957382932538 0 1 
1 16.033624245269948 -7.8065957382932538 0 1 
1 16.033624245269948 -6.7279107382933034 1 0 
1 16.033624245269948 -6.7279107382933034 1 0 
1 16.705767245269726 -6.7279107382933034 0 -1 
1 16.705767245269726 -6.7279107382933034 0 -1 
1 16.705767245269726 -9.8771587382930193 1 0 
1 16.705767245269726 -9.8771587382930193 1 0 
1 27.567844245269953 -9.8771587382930193 0 1 
1 27.567844245269953 -9.8771587382930193 0 1 
1 27.567844245269953 -6.544163738293264 1 0 
1 27.567844245269953 -6.544163738293264 1 0 
1 28.407625245270083 -6.544163738293264 0 -1 
1 28.407625245270083 -6.544163738293264 0 -1 
1 28.407625245270083 -9.8771587382930193 1 0 
1 28.407625245270083 -9.8771587382930193 1 0 
1 12.11845124527008 -11.178233738293329 0.11687297495934786 -0.993146871174728 
1 12.11845124527008 -11.178233738293329 0.11687297495934786 -0.993146871174728 
1 13.009908245269798 -18.753532738292961 -0.12056508815227278 -0.99270542434240516 
1 13.009908245269798 -18.753532738292961 -0.12056508815227278 -0.99270542434240516 
1 12.090289245270014 -26.325465738293133 0 -1 
1 12.090289245270014 -26.325465738293133 0 -1 
1 12.090289245270014 -29.716532738293154 -1 0 
1 12.090289245270014 -29.716532738293154 -1 0 
1 -6.5811517547299445 -29.716532738293154 0 1 
1 -6.5811517547299445 -29.716532738293154 0 1 
1 -6.5811517547299445 -28.638517738293103 1 0 
1 -6.5811517547299445 -28.638517738293103 1 0 
1 -4.9952117547300077 -28.638517738293103 0 1 
1 -4.9952117547300077 -28.638517738293103 0 1 
1 -4.9952117547300077 -8.8970367382930817 -1 0 
1 -4.9952117547300077 -8.8970367382930817 -1 0 
1 -6.4720257547301117 -8.8970367382930817 0 1 
1 -6.4720257547301117 -8.8970367382930817 0 1 
1 -6.4720257547301117 -7.8065957382932538 1 0 
1 -6.4720257547301117 -7.8065957382932538 1 0 
1 7.571526245269979 -7.8065957382932538 0 1 
1 7.571526245269979 -7.8065957382932538 0 1 
1 7.571526245269979 -6.7279107382933034 1 0 
1 7.571526245269979 -6.7279107382933034 1 0 
1 8.6485202452699923 -6.7279107382933034 0 -1 
1 8.6485202452699923 -6.7279107382933034 0 -1 
1 8.6485202452699923 -7.8065957382932538 1 0 
1 8.6485202452699923 -7.8065957382932538 1 0 
1 12.11845124527008 -7.8065957382932538 0 -1 
1 12.11845124527008 -7.8065957382932538 0 -1 
1 17.307360245270047 -19.812341738293071 1 0 
1 17.307360245270047 -19.812341738293071 1 0 
1 18.169151245269859 -19.812341738293071 0 -1 
1 18.169151245269859 -19.812341738293071 0 -1 
1 18.169151245269859 -26.325465738293133 1 0 
1 18.169151245269859 -26.325465738293133 1 0 
1 32.983224245269867 -26.325465738293133 0 -1 
1 32.983224245269867 -26.325465738293133 0 -1 
1 32.983224245269867 -27.363775738293043 -1 0 
1 32.983224245269867 -27.363775738293043 -1 0 
1 28.407625245270083 -27.363775738293043 0 -1 
1 28.407625245270083 -27.363775738293043 0 -1 
1 28.407625245270083 -30.696770738293253 -1 0 
1 28.407625245270083 -30.696770738293253 -1 0 
1 27.567844245269953 -30.696770738293253 0 1 
1 27.567844245269953 -30.696770738293253 0 1 
1 27.567844245269953 -27.363775738293043 -1 0 
1 27.567844245269953 -27.363775738293043 -1 0 
1 16.705767245269726 -27.363775738293043 0 -1 
1 16.705767245269726 -27.363775738293043 0 -1 
1 16.705767245269726 -30.696770738293253 -1 0 
1 16.705767245269726 -30.696770738293253 -1 0 
1 15.88298324526977 -30.696770738293253 0 1 
1 15.88298324526977 -30.696770738293253 0 1 
1 15.88298324526977 -26.325465738293133 0.27558625906731277 0.96127634622583114 
1 15.88298324526977 -26.325465738293133 0.27558625906731277 0.96127634622583114 
1 16.803536245270152 -23.114471738293105 0.1508299532996783 0.98855972262054914 
1 16.803536245270152 -23.114471738293105 0.1508299532996783 0.98855972262054914 
1 -8.496789754729889 8.1151302617067813 0 -1 
1 -8.496789754729889 8.1151302617067813 0 -1 
1 -8.496789754729889 7.3218242617067517 -1 0 
1 -8.496789754729889 7.3218242617067517 -1 0 
1 -10.72121575473011 7.3218242617067517 0 1 
1 -10.72121575473011 7.3218242617067517 0 1 
1 -10.72121575473011 8.1151302617067813 1 0 
1 -10.72121575473011 8.1151302617067813 1 0 
1 -14.369274754730213 8.1151302617067813 0 -1 
1 -14.369274754730213 8.1151302617067813 0 -1 
1 -14.369274754730213 7.3218242617067517 -1 0 
1 -14.369274754730213 7.3218242617067517 -1 0 
1 -16.59370075472998 7.3218242617067517 0 1 
1 -16.59370075472998 7.3218242617067517 0 1 
1 -16.59370075472998 8.1151302617067813 1 0 
1 -16.59370075472998 8.1151302617067813 1 0 
1 -41.081522754730031 -4.9446147382932395 -1 0 
1 -41.081522754730031 -4.9446147382932395 -1 0 
1 -41.987689754730127 -4.9446147382932395 0 1 
1 -41.987689754730127 -4.9446147382932395 0 1 
1 -41.987689754730127 -1.4472707382929002 -1 0 
1 -41.987689754730127 -1.4472707382929002 -1 0 
1 -52.849767754730237 -1.4472707382929002 0 -1 
1 -52.849767754730237 -1.4472707382929002 0 -1 
1 -52.849767754730237 -5.0401387382930807 -1 0 
1 -52.849767754730237 -5.0401387382930807 -1 0 
1 -53.689548754729913 -5.0401387382930807 0 1 
1 -53.689548754729913 -5.0401387382930807 0 1 
1 -53.689548754729913 -1.4472707382929002 -1 0 
1 -53.689548754729913 -1.4472707382929002 -1 0 
1 -64.551625754730139 -1.4472707382929002 0 -1 
1 -64.551625754730139 -1.4472707382929002 0 -1 
1 -64.551625754730139 -5.0401387382930807 -1 0 
1 -64.551625754730139 -5.0401387382930807 -1 0 
1 -65.391407754730153 -5.0401387382930807 0 1 
1 -65.391407754730153 -5.0401387382930807 0 1 
1 -65.391407754730153 -1.4472707382929002 -1 0 
1 -65.391407754730153 -1.4472707382929002 -1 0 
1 -76.253484754729925 -1.4472707382929002 0 -1 
1 -76.253484754729925 -1.4472707382929002 0 -1 
1 -76.253484754729925 -5.0401387382930807 -1 0 
1 -76.253484754729925 -5.0401387382930807 -1 0 
1 -77.359037754730252 -5.0401387382930807 0 1 
1 -77.359037754730252 -5.0401387382930807 0 1 
1 -77.359037754730252 0.12545026170710116 -1 0 
1 -77.359037754730252 0.12545026170710116 -1 0 
1 -79.341073754730132 0.12545026170710116 0 1 
1 -79.341073754730132 0.12545026170710116 0 1 
1 -79.341073754730132 8.1151302617067813 1 0 
1 -79.341073754730132 8.1151302617067813 1 0 
1 -19.801433754730169 8.1151302617067813 0 -1 
1 -19.801433754730169 8.1151302617067813 0 -1 
1 -19.801433754730169 7.3218242617067517 -1 0 
1 -19.801433754730169 7.3218242617067517 -1 0 
1 -32.901140754730022 7.3218242617067517 0 -1 
1 -32.901140754730022 7.3218242617067517 0 -1 
1 -32.901140754730022 -4.9446147382932395 -1 0 
1 -32.901140754730022 -4.9446147382932395 -1 0 
1 -33.83399175473005 -4.9446147382932395 0 1 
1 -33.83399175473005 -4.9446147382932395 0 1 
1 -33.83399175473005 0.35896026170667028 -1 0 
1 -33.83399175473005 0.35896026170667028 -1 0 
1 -41.081522754730031 0.35896026170667028 0 -1 
1 -41.081522754730031 0.35896026170667028 0 -1 
1 -87.194321754730026 16.336026261707048 1 0 
1 -87.194321754730026 16.336026261707048 1 0 
1 -81.647384754729956 16.336026261707048 0 -1 
1 -81.647384754729956 16.336026261707048 0 -1 
1 -81.647384754729956 15.101199261706824 -1 0 
1 -81.647384754729956 15.101199261706824 -1 0 
1 -87.194321754730026 15.101199261706824 0 -1 
1 -87.194321754730026 15.101199261706824 0 -1 
1 -87.194321754730026 11.474693261706761 -1 0 
1 -87.194321754730026 11.474693261706761 -1 0 
1 -88.315172754730156 11.474693261706761 0 1 
1 -88.315172754730156 11.474693261706761 0 1 
1 -88.315172754730156 13.750141261707086 -1 0 
1 -88.315172754730156 13.750141261707086 -1 0 
1 -91.068655754730116 13.750141261707086 0 1 
1 -91.068655754730116 13.750141261707086 0 1 
1 -91.068655754730116 14.693109261706923 1 0 
1 -91.068655754730116 14.693109261706923 1 0 
1 -88.315172754730156 14.693109261706923 0 1 
1 -88.315172754730156 14.693109261706923 0 1 
1 -88.315172754730156 17.007670261707062 1 0 
1 -88.315172754730156 17.007670261707062 1 0 
1 -87.194321754730026 17.007670261707062 0 -1 
1 -87.194321754730026 17.007670261707062 0 -1 
1 -88.315172754730156 28.142740261706876 1 0 
1 -88.315172754730156 28.142740261706876 1 0 
1 -87.194321754730026 28.142740261706876 0 -1 
1 -87.194321754730026 28.142740261706876 0 -1 
1 -87.194321754730026 18.852353261706867 -1 0 
1 -87.194321754730026 18.852353261706867 -1 0 
1 -88.315172754730156 18.852353261706867 0 1 
1 -88.315172754730156 18.852353261706867 0 1 
1 -73.59746575472991 15.20718826170696 -1 0 
1 -73.59746575472991 15.20718826170696 -1 0 
1 -79.360071754730143 15.20718826170696 0 1 
1 -79.360071754730143 15.20718826170696 0 1 
1 -79.360071754730143 16.336026261707048 1 0 
1 -79.360071754730143 16.336026261707048 1 0 
1 -73.59746575472991 16.336026261707048 0 1 
1 -73.59746575472991 16.336026261707048 0 1 
1 -73.59746575472991 21.797660261706824 1 0 
1 -73.59746575472991 21.797660261706824 1 0 
1 -72.241558754730249 21.797660261706824 0 -1 
1 -72.241558754730249 21.797660261706824 0 -1 
1 -72.241558754730249 20.06677526170688 1 0 
1 -72.241558754730249 20.06677526170688 1 0 
1 -68.399822754729939 20.06677526170688 0 -1 
1 -68.399822754729939 20.06677526170688 0 -1 
1 -68.399822754729939 18.712526261706898 -1 0 
1 -68.399822754729939 18.712526261706898 -1 0 
1 -72.241558754730249 18.712526261706898 0 -1 
1 -72.241558754730249 18.712526261706898 0 -1 
1 -72.241558754730249 11.489871261706867 -1 0 
1 -72.241558754730249 11.489871261706867 -1 0 
1 -73.59746575472991 11.489871261706867 0 1 
1 -73.59746575472991 11.489871261706867 0 1 
1 -87.194321754730026 31.013612261706839 0 -1 
1 -87.194321754730026 31.013612261706839 0 -1 
1 -87.194321754730026 30.329165261706748 -1 0 
1 -87.194321754730026 30.329165261706748 -1 0 
1 -88.315172754730156 30.329165261706748 0 1 
1 -88.315172754730156 30.329165261706748 0 1 
1 -88.315172754730156 32.638091261706904 -1 0 
1 -88.315172754730156 32.638091261706904 -1 0 
1 -90.977193754730251 32.638091261706904 0 1 
1 -90.977193754730251 32.638091261706904 0 1 
1 -90.977193754730251 33.477701261706898 1 0 
1 -90.977193754730251 33.477701261706898 1 0 
1 -88.315172754730156 33.477701261706898 0 1 
1 -88.315172754730156 33.477701261706898 0 1 
1 -88.315172754730156 35.576725261706997 1 0 
1 -88.315172754730156 35.576725261706997 1 0 
1 -87.194321754730026 35.576725261706997 0 -1 
1 -87.194321754730026 35.576725261706997 0 -1 
1 -87.194321754730026 31.898520261706835 1 0 
1 -87.194321754730026 31.898520261706835 1 0 
1 -81.590067754730171 31.898520261706835 0 -1 
1 -81.590067754730171 31.898520261706835 0 -1 
1 -81.590067754730171 31.013612261706839 -1 0 
1 -81.590067754730171 31.013612261706839 -1 0 
1 -73.59746575472991 31.898520261706835 0 1 
1 -73.59746575472991 31.898520261706835 0 1 
1 -73.59746575472991 35.509847261706909 1 0 
1 -73.59746575472991 35.509847261706909 1 0 
1 -72.241558754730249 35.509847261706909 0 -1 
1 -72.241558754730249 35.509847261706909 0 -1 
1 -72.241558754730249 28.425953261707036 1 0 
1 -72.241558754730249 28.425953261707036 1 0 
1 -68.399822754729939 28.425953261707036 0 -1 
1 -68.399822754729939 28.425953261707036 0 -1 
1 -68.399822754729939 27.298700261706927 -1 0 
1 -68.399822754729939 27.298700261706927 -1 0 
1 -72.241558754730249 27.298700261706927 0 -1 
1 -72.241558754730249 27.298700261706927 0 -1 
1 -72.241558754730249 24.919496261707081 -1 0 
1 -72.241558754730249 24.919496261707081 -1 0 
1 -73.59746575472991 24.919496261707081 0 1 
1 -73.59746575472991 24.919496261707081 0 1 
1 -73.59746575472991 31.013612261706839 -1 0 
1 -73.59746575472991 31.013612261706839 -1 0 
1 -79.360071754730143 31.013612261706839 0 1 
1 -79.360071754730143 31.013612261706839 0 1 
1 -79.360071754730143 31.898520261706835 1 0 
1 -79.360071754730143 31.898520261706835 1 0 
1 -44.558457754730171 19.911553261707013 1 0 
1 -44.558457754730171 19.911553261707013 1 0 
1 -41.281681754730016 19.911553261707013 0 -1 
1 -41.281681754730016 19.911553261707013 0 -1 
1 -41.281681754730016 18.918323261706973 -1 0 
1 -41.281681754730016 18.918323261706973 -1 0 
1 -44.558457754730171 18.918323261706973 0 -1 
1 -44.558457754730171 18.918323261706973 0 -1 
1 -44.558457754730171 11.489871261706867 -1 0 
1 -44.558457754730171 11.489871261706867 -1 0 
1 -45.914364754729831 11.489871261706867 0 1 
1 -45.914364754729831 11.489871261706867 0 1 
1 -45.914364754729831 21.872438261706975 1 0 
1 -45.914364754729831 21.872438261706975 1 0 
1 -44.558457754730171 21.872438261706975 0 -1 
1 -44.558457754730171 21.872438261706975 0 -1 
1 13.333463245269741 18.918323261706973 -1 0 
1 13.333463245269741 18.918323261706973 -1 0 
1 9.1830932452699017 18.918323261706973 0 -1 
1 9.1830932452699017 18.918323261706973 0 -1 
1 9.1830932452699017 11.229193261706769 -1 0 
1 9.1830932452699017 11.229193261706769 -1 0 
1 8.3911302452697782 11.229193261706769 0 1 
1 8.3911302452697782 11.229193261706769 0 1 
1 8.3911302452697782 13.013834261706961 -1 0 
1 8.3911302452697782 13.013834261706961 -1 0 
1 7.5254392452698085 13.013834261706961 0 1 
1 7.5254392452698085 13.013834261706961 0 1 
1 7.5254392452698085 13.878466261706762 1 0 
1 7.5254392452698085 13.878466261706762 1 0 
1 8.3911302452697782 13.878466261706762 0 1 
1 8.3911302452697782 13.878466261706762 0 1 
1 8.3911302452697782 16.517869261706892 -1 0 
1 8.3911302452697782 16.517869261706892 -1 0 
1 5.0650532452700645 16.517869261706892 0 -1 
1 5.0650532452700645 16.517869261706892 0 -1 
1 5.0650532452700645 13.878466261706762 1 0 
1 5.0650532452700645 13.878466261706762 1 0 
1 6.3408092452700657 13.878466261706762 0 -1 
1 6.3408092452700657 13.878466261706762 0 -1 
1 6.3408092452700657 13.013834261706961 -1 0 
1 6.3408092452700657 13.013834261706961 -1 0 
1 -2.2705407547300638 13.013834261706961 -0.8577710951420674 0.51403185537355411 
1 -2.2705407547300638 13.013834261706961 -0.8577710951420674 0.51403185537355411 
1 -2.9539817547301936 13.423396261706785 -1 0 
1 -2.9539817547301936 13.423396261706785 -1 0 
1 -24.563288754729911 13.423396261706785 -0.87183204451520369 -0.48980494705182398 
1 -24.563288754729911 13.423396261706785 -0.87183204451520369 -0.48980494705182398 
1 -25.292291754729831 13.013834261706961 -1 0 
1 -25.292291754729831 13.013834261706961 -1 0 
1 -31.53438175473002 13.013834261706961 0 1 
1 -31.53438175473002 13.013834261706961 0 1 
1 -31.53438175473002 13.878466261706762 1 0 
1 -31.53438175473002 13.878466261706762 1 0 
1 -30.349751754730278 13.878466261706762 0 1 
1 -30.349751754730278 13.878466261706762 0 1 
1 -30.349751754730278 16.517869261706892 -1 0 
1 -30.349751754730278 16.517869261706892 -1 0 
1 -33.584702754730188 16.517869261706892 0 -1 
1 -33.584702754730188 16.517869261706892 0 -1 
1 -33.584702754730188 13.878466261706762 1 0 
1 -33.584702754730188 13.878466261706762 1 0 
1 -32.719011754730218 13.878466261706762 0 -1 
1 -32.719011754730218 13.878466261706762 0 -1 
1 -32.719011754730218 13.013834261706961 -1 0 
1 -32.719011754730218 13.013834261706961 -1 0 
1 -33.493577754730268 13.013834261706961 0 -1 
1 -33.493577754730268 13.013834261706961 0 -1 
1 -33.493577754730268 11.229193261706769 -1 0 
1 -33.493577754730268 11.229193261706769 -1 0 
1 -34.117427754730215 11.229193261706769 0 1 
1 -34.117427754730215 11.229193261706769 0 1 
1 -34.117427754730215 18.918323261706973 -1 0 
1 -34.117427754730215 18.918323261706973 -1 0 
1 -38.847934754729977 18.918323261706973 0 1 
1 -38.847934754729977 18.918323261706973 0 1 
1 -38.847934754729977 19.911553261707013 1 0 
1 -38.847934754729977 19.911553261707013 1 0 
1 -34.117427754730215 19.911553261707013 0 1 
1 -34.117427754730215 19.911553261707013 0 1 
1 -34.117427754730215 27.298700261706927 -1 0 
1 -34.117427754730215 27.298700261706927 -1 0 
1 -38.847934754729977 27.298700261706927 0 1 
1 -38.847934754729977 27.298700261706927 0 1 
1 -38.847934754729977 28.425953261707036 1 0 
1 -38.847934754729977 28.425953261707036 1 0 
1 -34.117427754730215 28.425953261707036 0 1 
1 -34.117427754730215 28.425953261707036 0 1 
1 -34.117427754730215 34.898961261706972 0.78545676557716038 -0.61891652862810642 
1 -34.117427754730215 34.898961261706972 0.78545676557716038 -0.61891652862810642 
1 -33.033485754730009 34.044847261706764 1 0 
1 -33.033485754730009 34.044847261706764 1 0 
1 -29.168353754730106 34.044847261706764 0.93896565279932087 0.34401090515148697 
1 -29.168353754730106 34.044847261706764 0.93896565279932087 0.34401090515148697 
1 -27.891160754730208 34.512775261706793 1 0 
1 -27.891160754730208 34.512775261706793 1 0 
1 9.1830932452699017 34.512775261706793 0 -1 
1 9.1830932452699017 34.512775261706793 0 -1 
1 9.1830932452699017 28.291930261706966 1 0 
1 9.1830932452699017 28.291930261706966 1 0 
1 13.271632245269757 28.291930261706966 0 -1 
1 13.271632245269757 28.291930261706966 0 -1 
1 13.271632245269757 27.298700261706927 -1 0 
1 13.271632245269757 27.298700261706927 -1 0 
1 9.1830932452699017 27.298700261706927 0 -1 
1 9.1830932452699017 27.298700261706927 0 -1 
1 9.1830932452699017 19.911553261707013 1 0 
1 9.1830932452699017 19.911553261707013 1 0 
1 13.333463245269741 19.911553261707013 0 -1 
1 13.333463245269741 19.911553261707013 0 -1 
1 31.623655245270129 25.151982261706962 0 1 
1 31.623655245270129 25.151982261706962 0 1 
1 31.623655245270129 28.514016261706729 -1 0 
1 31.623655245270129 28.514016261706729 -1 0 
1 24.265955245270106 28.514016261706729 0 -1 
1 24.265955245270106 28.514016261706729 0 -1 
1 24.265955245270106 25.151982261706962 -1 0 
1 24.265955245270106 25.151982261706962 -1 0 
1 23.544460245269875 25.151982261706962 0 1 
1 23.544460245269875 25.151982261706962 0 1 
1 23.544460245269875 29.296468261707105 1 0 
1 23.544460245269875 29.296468261707105 1 0 
1 32.451277245269921 29.296468261707105 0 -1 
1 32.451277245269921 29.296468261707105 0 -1 
1 32.451277245269921 25.151982261706962 -1 0 
1 32.451277245269921 25.151982261706962 -1 0 
1 19.640130245270029 27.298700261706927 -1 0 
1 19.640130245270029 27.298700261706927 -1 0 
1 15.399711245269827 27.298700261706927 0 1 
1 15.399711245269827 27.298700261706927 0 1 
1 15.399711245269827 28.291930261706966 1 0 
1 15.399711245269827 28.291930261706966 1 0 
1 19.640130245270029 28.291930261706966 0 1 
1 19.640130245270029 28.291930261706966 0 1 
1 19.640130245270029 35.430770261707039 1 0 
1 19.640130245270029 35.430770261707039 1 0 
1 20.510270245270021 35.430770261707039 0 -1 
1 20.510270245270021 35.430770261707039 0 -1 
1 20.510270245270021 25.250163261706803 -1 0 
1 20.510270245270021 25.250163261706803 -1 0 
1 19.640130245270029 25.250163261706803 0 1 
1 19.640130245270029 25.250163261706803 0 1 
1 19.640130245270029 19.911553261707013 0 1 
1 19.640130245270029 19.911553261707013 0 1 
1 19.640130245270029 22.146320261706933 1 0 
1 19.640130245270029 22.146320261706933 1 0 
1 20.510270245270021 22.146320261706933 0 -1 
1 20.510270245270021 22.146320261706933 0 -1 
1 20.510270245270021 11.53117626170706 -1 0 
1 20.510270245270021 11.53117626170706 -1 0 
1 19.640130245270029 11.53117626170706 0 1 
1 19.640130245270029 11.53117626170706 0 1 
1 19.640130245270029 18.918323261706973 -1 0 
1 19.640130245270029 18.918323261706973 -1 0 
1 15.475884245269754 18.918323261706973 0 1 
1 15.475884245269754 18.918323261706973 0 1 
1 15.475884245269754 19.911553261707013 1 0 
1 15.475884245269754 19.911553261707013 1 0 
1 36.4204352452698 19.911553261707013 1 0 
1 36.4204352452698 19.911553261707013 1 0 
1 40.584681245270076 19.911553261707013 0 -1 
1 40.584681245270076 19.911553261707013 0 -1 
1 40.584681245270076 18.918323261706973 -1 0 
1 40.584681245270076 18.918323261706973 -1 0 
1 36.4204352452698 18.918323261706973 0 -1 
1 36.4204352452698 18.918323261706973 0 -1 
1 36.4204352452698 11.53117626170706 -1 0 
1 36.4204352452698 11.53117626170706 -1 0 
1 35.550294245269924 11.53117626170706 0 1 
1 35.550294245269924 11.53117626170706 0 1 
1 35.550294245269924 22.146320261706933 1 0 
1 35.550294245269924 22.146320261706933 1 0 
1 36.4204352452698 22.146320261706933 0 -1 
1 36.4204352452698 22.146320261706933 0 -1 
1 63.47510324527002 13.867973261706993 0 -1 
1 63.47510324527002 13.867973261706993 0 -1 
1 63.47510324527002 11.469099261707015 -1 0 
1 63.47510324527002 11.469099261707015 -1 0 
1 62.522916245270153 11.469099261707015 0 1 
1 62.522916245270153 11.469099261707015 0 1 
1 62.522916245270153 15.379942261706674 -1 0 
1 62.522916245270153 15.379942261706674 -1 0 
1 47.918726245270136 15.379942261706674 0 -1 
1 47.918726245270136 15.379942261706674 0 -1 
1 47.918726245270136 11.53117626170706 -1 0 
1 47.918726245270136 11.53117626170706 -1 0 
1 47.110738245270113 11.53117626170706 0 1 
1 47.110738245270113 11.53117626170706 0 1 
1 47.110738245270113 18.918323261706973 -1 0 
1 47.110738245270113 18.918323261706973 -1 0 
1 42.822186245270132 18.918323261706973 0 1 
1 42.822186245270132 18.918323261706973 0 1 
1 42.822186245270132 19.911553261707013 1 0 
1 42.822186245270132 19.911553261707013 1 0 
1 47.110738245270113 19.911553261707013 0 1 
1 47.110738245270113 19.911553261707013 0 1 
1 47.110738245270113 22.146320261706933 1 0 
1 47.110738245270113 22.146320261706933 1 0 
1 47.918726245270136 22.146320261706933 0 -1 
1 47.918726245270136 22.146320261706933 0 -1 
1 47.918726245270136 16.124864261706989 1 0 
1 47.918726245270136 16.124864261706989 1 0 
1 62.524662245270065 16.124864261706989 0.0023436832699793367 0.99999725357059366 
1 62.524662245270065 16.124864261706989 0.0023436832699793367 0.99999725357059366 
1 62.527547245269943 17.355829261706731 0.77458967378057231 -0.63246409959183192 
1 62.527547245269943 17.355829261706731 0.77458967378057231 -0.63246409959183192 
1 63.493141245269726 16.567407261707103 0 -1 
1 63.493141245269726 16.567407261707103 0 -1 
1 63.493141245269726 14.729025261706738 1 0 
1 63.493141245269726 14.729025261706738 1 0 
1 65.92425924527015 14.729025261706738 0 -1 
1 65.92425924527015 14.729025261706738 0 -1 
1 65.92425924527015 13.867973261706993 -1 0 
1 65.92425924527015 13.867973261706993 -1 0 
1 36.4204352452698 27.298700261706927 0 -1 
1 36.4204352452698 27.298700261706927 0 -1 
1 36.4204352452698 25.250163261706803 -1 0 
1 36.4204352452698 25.250163261706803 -1 0 
1 35.550294245269924 25.250163261706803 0 1 
1 35.550294245269924 25.250163261706803 0 1 
1 35.550294245269924 35.430770261707039 1 0 
1 35.550294245269924 35.430770261707039 1 0 
1 36.4204352452698 35.430770261707039 0 -1 
1 36.4204352452698 35.430770261707039 0 -1 
1 36.4204352452698 28.291930261706966 1 0 
1 36.4204352452698 28.291930261706966 1 0 
1 40.660854245270002 28.291930261706966 0 -1 
1 40.660854245270002 28.291930261706966 0 -1 
1 40.660854245270002 27.298700261706927 -1 0 
1 40.660854245270002 27.298700261706927 -1 0 
1 47.918726245270136 31.082291261706814 0 -1 
1 47.918726245270136 31.082291261706814 0 -1 
1 47.918726245270136 25.250163261706803 -1 0 
1 47.918726245270136 25.250163261706803 -1 0 
1 47.110738245270113 25.250163261706803 0 1 
1 47.110738245270113 25.250163261706803 0 1 
1 47.110738245270113 27.298700261706927 -1 0 
1 47.110738245270113 27.298700261706927 -1 0 
1 42.822186245270132 27.298700261706927 0 1 
1 42.822186245270132 27.298700261706927 0 1 
1 42.822186245270132 28.291930261706966 1 0 
1 42.822186245270132 28.291930261706966 1 0 
1 47.110738245270113 28.291930261706966 0 1 
1 47.110738245270113 28.291930261706966 0 1 
1 47.110738245270113 35.430770261707039 1 0 
1 47.110738245270113 35.430770261707039 1 0 
1 47.918726245270136 35.430770261707039 0 -1 
1 47.918726245270136 35.430770261707039 0 -1 
1 47.918726245270136 32.026508261707022 1 0 
1 47.918726245270136 32.026508261707022 1 0 
1 54.167895245269847 32.026508261707022 0 -1 
1 54.167895245269847 32.026508261707022 0 -1 
1 54.167895245269847 31.082291261706814 -1 0 
1 54.167895245269847 31.082291261706814 -1 0 
1 62.527547245269943 27.875852261706768 1 0 
1 62.527547245269943 27.875852261706768 1 0 
1 63.493141245269726 27.875852261706768 0 -1 
1 63.493141245269726 27.875852261706768 0 -1 
1 63.493141245269726 18.954746261706987 -1 0 
1 63.493141245269726 18.954746261706987 -1 0 
1 62.527547245269943 18.954746261706987 0 1 
1 62.527547245269943 18.954746261706987 0 1 
1 -8.8720107547301268 -28.746102738293303 0 -1 
1 -8.8720107547301268 -28.746102738293303 0 -1 
1 -8.8720107547301268 -29.606788738293289 -1 0 
1 -8.8720107547301268 -29.606788738293289 -1 0 
1 -10.810924754729967 -29.606788738293289 0 1 
1 -10.810924754729967 -29.606788738293289 0 1 
1 -10.810924754729967 -28.746102738293303 1 0 
1 -10.810924754729967 -28.746102738293303 1 0 
1 -14.796469754729969 -28.746102738293303 0 -1 
1 -14.796469754729969 -28.746102738293303 0 -1 
1 -14.796469754729969 -29.606788738293289 -1 0 
1 -14.796469754729969 -29.606788738293289 -1 0 
1 -16.735382754729926 -29.606788738293289 0 1 
1 -16.735382754729926 -29.606788738293289 0 1 
1 -16.735382754729926 -28.746102738293303 1 0 
1 -16.735382754729926 -28.746102738293303 1 0 
1 -14.796469754729969 -7.9820797382931232 0 -1 
1 -14.796469754729969 -7.9820797382931232 0 -1 
1 -14.796469754729969 -8.8427647382932264 -1 0 
1 -14.796469754729969 -8.8427647382932264 -1 0 
1 -16.735382754729926 -8.8427647382932264 0 1 
1 -16.735382754729926 -8.8427647382932264 0 1 
1 -16.735382754729926 -7.9820797382931232 1 0 
1 -16.735382754729926 -7.9820797382931232 1 0 
1 -8.8720107547301268 -7.9820797382931232 0 -1 
1 -8.8720107547301268 -7.9820797382931232 0 -1 
1 -8.8720107547301268 -8.8427647382932264 -1 0 
1 -8.8720107547301268 -8.8427647382932264 -1 0 
1 -10.810924754729967 -8.8427647382932264 0 1 
1 -10.810924754729967 -8.8427647382932264 0 1 
1 -10.810924754729967 -7.9820797382931232 1 0 
1 -10.810924754729967 -7.9820797382931232 1 0 
Curves 613
1 2469.5474279999999 2057.1115490000002 0 0 1 0 
1 2469.5474279999999 2062.4877390000001 0 -1 0 0 
1 2449.7508750000002 2062.4877390000001 0 0 1 0 
1 2449.7508750000002 2063.690169 0 -1 0 0 
1 2448.9280910000002 2063.690169 0 0 -1 0 
1 2448.9280910000002 2060.0973009999998 0 -1 0 0 
1 2438.066014 2060.0973009999998 0 0 1 0 
1 2438.066014 2063.690169 0 -1 0 0 
1 2437.2262329999999 2063.690169 0 0 -1 0 
1 2437.2262329999999 2060.0973009999998 0 -1 0 0 
1 2426.3641560000001 2060.0973009999998 0 0 1 0 
1 2426.3641560000001 2063.690169 0 -1 0 0 
1 2425.5243740000001 2063.690169 0 0 -1 0 
1 2425.5243740000001 2060.0973009999998 0 -1 0 0 
1 2414.6622969999999 2060.0973009999998 0 0 1 0 
1 2414.6622969999999 2068.3742950000001 0 1 0 0 
1 2425.5243740000001 2068.3742950000001 0 0 -1 0 
1 2425.5243740000001 2065.0412999999999 0 1 0 0 
1 2426.3641560000001 2065.0412999999999 0 0 1 0 
1 2426.3641560000001 2068.3742950000001 0 1 0 0 
1 2430.7408169999999 2068.3742950000001 0 0 1 0 
1 2430.7408169999999 2069.412605 0 -1 0 0 
1 2416.174008 2069.412605 0 0 1 0 
1 2416.174008 2084.5598369999998 0 1 0 0 
1 2430.7408169999999 2084.5598369999998 0 0 1 0 
1 2430.7408169999999 2085.8609120000001 0 -1 0 0 
1 2426.3641560000001 2085.8609120000001 0 0 1 0 
1 2426.3641560000001 2089.1939069999999 0 -1 0 0 
1 2425.5243740000001 2089.1939069999999 0 0 -1 0 
1 2425.5243740000001 2085.8609120000001 0 -1 0 0 
1 2414.6622969999999 2085.8609120000001 0 0 1 0 
1 2414.6622969999999 2094.1379059999999 0 1 0 0 
1 2425.5243740000001 2094.1379059999999 0 0 -1 0 
1 2425.5243740000001 2090.5450390000001 0 1 0 0 
1 2426.3641560000001 2090.5450390000001 0 0 1 0 
1 2426.3641560000001 2094.1379059999999 0 1 0 0 
1 2437.2262329999999 2094.1379059999999 0 0 -1 0 
1 2437.2262329999999 2090.5450390000001 0 1 0 0 
1 2438.066014 2090.5450390000001 0 0 1 0 
1 2438.066014 2094.1379059999999 0 1 0 0 
1 2448.9280910000002 2094.1379059999999 0 0 -1 0 
1 2448.9280910000002 2090.7934559999999 0 1 0 0 
1 2449.600234 2090.7934559999999 0 0 1 0 
1 2449.600234 2096.0970309999998 0 1 0 0 
1 2456.985338 2096.0970309999998 0 0 -1 0 
1 2456.985338 2090.7934559999999 0 1 0 0 
1 2458.062332 2090.7934559999999 0 0 1 0 
1 2458.062332 2103.0598949999999 0 1 0 0 
1 2470.4825900000001 2103.0598949999999 0 0 1 0 
1 2470.4825900000001 2103.8532009999999 0 -1 0 0 
1 2411.2571170000001 2103.8532009999999 0 0 -1 0 
1 2411.2571170000001 2101.2624700000001 0 1 0 0 
1 2413.1323950000001 2101.2624700000001 0 0 -1 0 
1 2413.1323950000001 2098.8379580000001 0 -1 0 0 
1 2411.2571170000001 2098.8379580000001 0 0 -1 0 
1 2411.2571170000001 2096.0476359999998 0 1 0 0 
1 2413.3765749999998 2096.0476359999998 0 0 -1 0 
1 2413.3765749999998 2086.6023540000001 0 -1 0 0 
1 2410.7449820000002 2086.6023540000001 0 0 -1 0 
1 2410.7449820000002 2085.2881670000002 0 1 0 0 
1 2413.219396 2085.2881670000002 0 0 -1 0 
1 2413.219396 2084.4899110000001 0 1 0 0 
1 2414.6923729999999 2084.4899110000001 0 0 -1 0 
1 2414.6923729999999 2069.3426789999999 0 -1 0 0 
1 2413.5018890000001 2069.3426789999999 0 0 -1 0 
1 2413.5018890000001 2068.6542939999999 0 -1 0 0 
1 2410.7449820000002 2068.6542939999999 0 0 -1 0 
1 2410.7449820000002 2067.3401079999999 0 1 0 0 
1 2413.3765749999998 2067.3401079999999 0 0 -1 0 
1 2413.3765749999998 2060.518849 0 -1 0 0 
1 2406.7349319999998 2060.518849 0 0 1 0 
1 2406.7349319999998 2062.6356460000002 0 -1 0 0 
1 2402.297947 2062.6356460000002 0 0 1 0 
1 2402.297947 2065.3297510000002 0 1 0 0 
1 2406.7349319999998 2065.3297510000002 0 0 1 0 
1 2406.7349319999998 2067.3401079999999 0 1 0 0 
1 2409.115898 2067.3401079999999 0 0 1 0 
1 2409.115898 2068.6542939999999 0 -1 0 0 
1 2405.5444480000001 2068.6542939999999 0 0 1 0 
1 2405.5444480000001 2085.2881670000002 0 1 0 0 
1 2409.115898 2085.2881670000002 0 0 1 0 
1 2409.115898 2086.6023540000001 0 -1 0 0 
1 2406.7349319999998 2086.6023540000001 0 0 1 0 
1 2406.7349319999998 2088.9275029999999 0 -1 0 0 
1 2402.297947 2088.9275029999999 0 0 1 0 
1 2402.297947 2091.5253889999999 0 1 0 0 
1 2406.7349319999998 2091.5253889999999 0 0 1 0 
1 2406.7349319999998 2096.0476359999998 0 1 0 0 
1 2409.0413920000001 2096.0476359999998 0 0 1 0 
1 2409.0413920000001 2098.8379580000001 0 -1 0 0 
1 2407.2725500000001 2098.8379580000001 0 0 1 0 
1 2407.2725500000001 2101.2624700000001 0 1 0 0 
1 2408.853177 2101.2624700000001 0 0 1 0 
1 2408.853177 2102.2697629999998 0 -1 0 0 
1 2407.1330830000002 2102.2697629999998 0 0 1 0 
1 2407.1330830000002 2103.8532009999999 0 -1 0 0 
1 2403.1350259999999 2103.8532009999999 0 0 1 0 
1 2403.1350259999999 2105.3807179999999 0 -1 0 0 
1 2402.1587549999999 2105.3807179999999 0 0 -1 0 
1 2402.1587549999999 2104.034185 0 -1 0 0 
1 2394.8134869999999 2104.034185 0 0 1 0 
1 2394.8134869999999 2109.6060440000001 0 1 0 0 
1 2397.488335 2109.6060440000001 0 0 1 0 
1 2397.488335 2110.4670959999999 0 -1 0 0 
1 2394.438654 2110.4670959999999 0 0 1 0 
1 2394.438654 2128.624362 0 1 0 0 
1 2397.2868979999998 2128.624362 0 0 1 0 
1 2397.2868979999998 2129.6498750000001 0 -1 0 0 
1 2394.6733009999998 2129.6498750000001 0 0 1 0 
1 2394.6733009999998 2134.7774420000001 0 1 0 0 
1 2402.1407170000002 2134.7774420000001 0 0 -1 0 
1 2402.1407170000002 2129.6498750000001 0 -1 0 0 
1 2399.2470939999998 2129.6498750000001 0 0 -1 0 
1 2399.2470939999998 2128.624362 0 1 0 0 
1 2402.1407170000002 2128.624362 0 0 -1 0 
1 2402.1407170000002 2126.2936500000001 0 0.94063811886332882 -0.33941115087936913 0 
1 2403.106311 2125.9452339999998 0 0 1 0 
1 2403.106311 2126.8203619999999 0 1 0 0 
1 2409.470292 2126.8203619999999 0 0 1 0 
1 2409.470292 2127.7645790000001 0 -1 0 0 
1 2403.106311 2127.7645790000001 0 0 1 0 
1 2403.106311 2134.7774420000001 0 1 0 0 
1 2417.5290279999999 2134.7774420000001 0 0 -1 0 
1 2417.5290279999999 2133.3377639999999 0 1 0 0 
1 2418.7280390000001 2133.3377639999999 0 0 1 0 
1 2418.7280390000001 2134.7774420000001 0 1 0 0 
1 2456.450765 2134.7774420000001 0 0 -1 0 
1 2456.450765 2133.3377639999999 0 1 0 0 
1 2457.5575429999999 2133.3377639999999 0 0 1 0 
1 2457.5575429999999 2134.7774420000001 0 1 0 0 
1 2459.0332490000001 2134.7774420000001 0 0 1 0 
1 2459.0332490000001 2135.8249700000001 0 -1 0 0 
1 2457.5575429999999 2135.8249700000001 0 0 1 0 
1 2457.5575429999999 2139.1412439999999 0 1 0 0 
1 2462.6472229999999 2139.1412439999999 0 0 -1 0 
1 2462.6472229999999 2135.8249700000001 0 -1 0 0 
1 2461.1715180000001 2135.8249700000001 0 0 -1 0 
1 2461.1715180000001 2134.7774420000001 0 1 0 0 
1 2492.5763790000001 2134.7774420000001 0 0 -1 0 
1 2492.5763790000001 2133.3377639999999 0 1 0 0 
1 2493.5250190000002 2133.3377639999999 0 0 1 0 
1 2493.5250190000002 2134.7774420000001 0 1 0 0 
1 2494.9831589999999 2134.7774420000001 0 0 1 0 
1 2494.9831589999999 2135.8249700000001 0 -1 0 0 
1 2493.7072859999998 2135.8249700000001 0 0 1 0 
1 2493.7072859999998 2139.1412439999999 0 1 0 0 
1 2498.8563429999999 2139.1412439999999 0 0 -1 0 
1 2498.8563429999999 2135.8249700000001 0 -1 0 0 
1 2497.626037 2135.8249700000001 0 0 -1 0 
1 2497.626037 2134.7774420000001 0 1 0 0 
1 2510.1923160000001 2134.7774420000001 0 0 -1 0 
1 2510.1923160000001 2124.1640240000002 0 -1 0 0 
1 2506.91554 2124.1640240000002 0 0 -1 0 
1 2506.91554 2123.036771 0 1 0 0 
1 2510.1923160000001 2123.036771 0 0 -1 0 
1 2510.1923160000001 2120.5447129999998 0 1 0 0 
1 2511.5482229999998 2120.5447129999998 0 0 1 0 
1 2511.5482229999998 2134.7774420000001 0 1 0 0 
1 2526.237216 2134.7774420000001 0 0 -1 0 
1 2526.237216 2107.227942 0 1 0 0 
1 2527.4801309999998 2107.227942 0 0 1 0 
1 2527.4801309999998 2114.450597 0 1 0 0 
1 2531.8868280000002 2114.450597 0 0 1 0 
1 2531.8868280000002 2115.804846 0 -1 0 0 
1 2527.4801309999998 2115.804846 0 0 1 0 
1 2527.4801309999998 2123.036771 0 1 0 0 
1 2531.8868280000002 2123.036771 0 0 1 0 
1 2531.8868280000002 2124.1640240000002 0 -1 0 0 
1 2527.4801309999998 2124.1640240000002 0 0 1 0 
1 2527.4801309999998 2134.7774420000001 0 1 0 0 
1 2561.6546960000001 2134.7774420000001 0 0 -1 0 
1 2561.6546960000001 2129.215772 0 -1 0 0 
1 2558.922806 2129.215772 0 0 -1 0 
1 2558.922806 2128.376162 0 1 0 0 
1 2561.6546960000001 2128.376162 0 0 -1 0 
1 2561.6546960000001 2110.43118 0 -1 0 0 
1 2558.922806 2110.43118 0 0 -1 0 
1 2558.922806 2109.4882120000002 0 1 0 0 
1 2561.6546960000001 2109.4882120000002 0 0 -1 0 
1 2561.6546960000001 2103.8532009999999 0 -1 0 0 
1 2546.8795690000002 2103.8532009999999 0 0 -1 0 
1 2546.8795690000002 2095.8635210000002 0 1 0 0 
1 2549.63454 2095.8635210000002 0 0 -1 0 
1 2549.63454 2086.8251730000002 0 -1 0 0 
1 2547.2535739999998 2086.8251730000002 0 0 -1 0 
1 2547.2535739999998 2085.5109870000001 0 1 0 0 
1 2550.8250240000002 2085.5109870000001 0 0 -1 0 
1 2550.8250240000002 2068.8771139999999 0 -1 0 0 
1 2547.2535739999998 2068.8771139999999 0 0 -1 0 
1 2547.2535739999998 2067.5629269999999 0 1 0 0 
1 2549.63454 2067.5629269999999 0 0 -1 0 
1 2549.63454 2060.741669 0 -1 0 0 
1 2542.9928960000002 2060.741669 0 0 1 0 
1 2542.9928960000002 2063.690169 0 -1 0 0 
1 2541.8873429999999 2063.690169 0 0 -1 0 
1 2541.8873429999999 2060.0973009999998 0 -1 0 0 
1 2531.0252660000001 2060.0973009999998 0 0 1 0 
1 2531.0252660000001 2063.690169 0 -1 0 0 
1 2530.1854840000001 2063.690169 0 0 -1 0 
1 2530.1854840000001 2060.0973009999998 0 -1 0 0 
1 2519.3234069999999 2060.0973009999998 0 0 1 0 
1 2519.3234069999999 2063.690169 0 -1 0 0 
1 2518.4836260000002 2063.690169 0 0 -1 0 
1 2518.4836260000002 2060.0973009999998 0 -1 0 0 
1 2507.6215480000001 2060.0973009999998 0 0 1 0 
1 2507.6215480000001 2063.690169 0 -1 0 0 
1 2506.6412799999998 2063.690169 0 0 -1 0 
1 2506.6412799999998 2062.4877390000001 0 -1 0 0 
1 2486.7846749999999 2062.4877390000001 0 0 -1 0 
1 2486.7846749999999 2057.1115490000002 0 1 0 0 
1 2493.9194910000001 2057.1115490000002 0 0 -1 0 
1 2493.9194910000001 2056.4224509999999 0 1 0 0 
1 2494.549747 2056.4224509999999 0 0 1 0 
1 2494.549747 2057.897751 0 -1 0 0 
1 2493.9194910000001 2057.897751 0 0 1 0 
1 2493.9194910000001 2061.7354270000001 0 1 0 0 
1 2498.1693479999999 2061.7354270000001 0 0 -1 0 
1 2498.1693479999999 2053.8004150000002 0 -1 0 0 
1 2494.549747 2053.8004150000002 0 0 1 0 
1 2494.549747 2054.6000279999998 0 -1 0 0 
1 2493.9194910000001 2054.6000279999998 0 0 -1 0 
1 2493.9194910000001 2053.8004150000002 0 -1 0 0 
1 2462.374135 2053.8004150000002 0 0 1 0 
1 2462.374135 2054.6000279999998 0 -1 0 0 
1 2461.74388 2054.6000279999998 0 0 -1 0 
1 2461.74388 2053.8004150000002 0 -1 0 0 
1 2458.3847059999998 2053.8004150000002 0 0 1 0 
1 2458.3847059999998 2061.7354270000001 0 1 0 0 
1 2462.4126120000001 2061.7354270000001 0 0 -1 0 
1 2462.4126120000001 2057.897751 0 -1 0 0 
1 2461.7823560000002 2057.897751 0 0 -1 0 
1 2461.7823560000002 2056.4224509999999 0 1 0 0 
1 2462.4126120000001 2056.4224509999999 0 0 1 0 
1 2462.4126120000001 2057.1115490000002 0 1 0 0 
1 2531.754371 2073.513328 0 -1 0 0 
1 2528.3923370000002 2073.513328 0 0 1 0 
1 2528.3923370000002 2080.8710289999999 0 1 0 0 
1 2531.754371 2080.8710289999999 0 0 1 0 
1 2531.754371 2081.5925229999998 0 -1 0 0 
1 2527.6098860000002 2081.5925229999998 0 0 -1 0 
1 2527.6098860000002 2072.6857060000002 0 1 0 0 
1 2531.754371 2072.6857060000002 0 0 1 0 
1 2517.555582 2073.513328 0 0 -1 0 
1 2517.555582 2072.6857060000002 0 1 0 0 
1 2521.7000680000001 2072.6857060000002 0 0 1 0 
1 2521.7000680000001 2081.5925229999998 0 -1 0 0 
1 2517.555582 2081.5925229999998 0 0 -1 0 
1 2517.555582 2080.8710289999999 0 1 0 0 
1 2520.9176170000001 2080.8710289999999 0 0 -1 0 
1 2520.9176170000001 2073.513328 0 -1 0 0 
1 2434.0102029999998 2117.8843910000001 0 -1 0 0 
1 2433.182581 2117.8843910000001 0 0 -1 0 
1 2433.182581 2113.7399049999999 0 1 0 0 
1 2442.0893980000001 2113.7399049999999 0 0 1 0 
1 2442.0893980000001 2117.8843910000001 0 -1 0 0 
1 2441.3679029999998 2117.8843910000001 0 0 -1 0 
1 2441.3679029999998 2114.5223569999998 0 -1 0 0 
1 2434.0102029999998 2114.5223569999998 0 0 1 0 
1 2506.292825 2087.9314749999999 0 0.27937094126386064 -0.96018325187296638 0 
1 2507.7167490000002 2083.037523 0 0.087856253740679083 -0.99613316312562017 0 
1 2508.1645429999999 2077.9603379999999 0 1 0 0 
1 2509.1332600000001 2077.9603379999999 0 0 1 0 
1 2509.1332600000001 2084.7127310000001 0 1 0 0 
1 2523.7000680000001 2084.7127310000001 0 0 1 0 
1 2523.7000680000001 2086.0138059999999 0 -1 0 0 
1 2519.3234069999999 2086.0138059999999 0 0 1 0 
1 2519.3234069999999 2089.3468010000001 0 -1 0 0 
1 2518.4836260000002 2089.3468010000001 0 0 -1 0 
1 2518.4836260000002 2086.0138059999999 0 -1 0 0 
1 2507.6215480000001 2086.0138059999999 0 0 1 0 
1 2507.6215480000001 2089.0101599999998 0 -1 0 0 
1 2506.715381 2089.0101599999998 0 0 -1 0 
1 2506.715381 2087.9314749999999 0 -1 0 0 
1 2525.6098860000002 2086.0138059999999 0 0 -1 0 
1 2525.6098860000002 2084.7127310000001 0 1 0 0 
1 2540.4239590000002 2084.7127310000001 0 0 -1 0 
1 2540.4239590000002 2078.0113150000002 0 1 0 0 
1 2541.6770980000001 2078.0113150000002 0 0 1 0 
1 2541.6770980000001 2084.7127310000001 0 1 0 0 
1 2543.1500759999999 2084.7127310000001 0 0 1 0 
1 2543.1500759999999 2085.5109870000001 0 1 0 0 
1 2545.6244900000002 2085.5109870000001 0 0 1 0 
1 2545.6244900000002 2086.8251730000002 0 -1 0 0 
1 2542.9928960000002 2086.8251730000002 0 0 1 0 
1 2542.9928960000002 2089.3468010000001 0 -1 0 0 
1 2541.8873429999999 2089.3468010000001 0 0 -1 0 
1 2541.8873429999999 2086.0138059999999 0 -1 0 0 
1 2531.0252660000001 2086.0138059999999 0 0 1 0 
1 2531.0252660000001 2089.3468010000001 0 -1 0 0 
1 2530.1854840000001 2089.3468010000001 0 0 -1 0 
1 2530.1854840000001 2086.0138059999999 0 -1 0 0 
1 2540.4239590000002 2069.5654989999998 0 -1 0 0 
1 2525.6098860000002 2069.5654989999998 0 0 -1 0 
1 2525.6098860000002 2068.3742950000001 0 1 0 0 
1 2530.1854840000001 2068.3742950000001 0 0 -1 0 
1 2530.1854840000001 2065.0412999999999 0 1 0 0 
1 2531.0252660000001 2065.0412999999999 0 0 1 0 
1 2531.0252660000001 2068.3742950000001 0 1 0 0 
1 2541.8873429999999 2068.3742950000001 0 0 -1 0 
1 2541.8873429999999 2065.0412999999999 0 1 0 0 
1 2542.9928960000002 2065.0412999999999 0 0 1 0 
1 2542.9928960000002 2067.5629269999999 0 1 0 0 
1 2545.6244900000002 2067.5629269999999 0 0 1 0 
1 2545.6244900000002 2068.8771139999999 0 -1 0 0 
1 2542.8675819999999 2068.8771139999999 0 0 1 0 
1 2542.8675819999999 2069.5654989999998 0 -1 0 0 
1 2541.6770980000001 2069.5654989999998 0 0 1 0 
1 2541.6770980000001 2076.199016 0 -1 0 0 
1 2540.4239590000002 2076.199016 0 0 -1 0 
1 2508.065658 2075.925729 0 -0.15082995329967827 -0.98855972262054903 0 
1 2507.5618340000001 2072.623599 0 -0.27558653570106628 -0.96127626691824919 0 
1 2506.6412799999998 2069.412605 0 0 -1 0 
1 2506.6412799999998 2065.0412999999999 0 1 0 0 
1 2507.6215480000001 2065.0412999999999 0 0 1 0 
1 2507.6215480000001 2068.3742950000001 0 1 0 0 
1 2518.4836260000002 2068.3742950000001 0 0 -1 0 
1 2518.4836260000002 2065.0412999999999 0 1 0 0 
1 2519.3234069999999 2065.0412999999999 0 0 1 0 
1 2519.3234069999999 2068.3742950000001 0 1 0 0 
1 2523.7000680000001 2068.3742950000001 0 0 1 0 
1 2523.7000680000001 2069.5654989999998 0 -1 0 0 
1 2509.1332600000001 2069.5654989999998 0 0 1 0 
1 2509.1332600000001 2075.925729 0 -1 0 0 
1 2503.1189680000002 2084.5598369999998 0 0 1 0 
1 2503.1189680000002 2087.9314749999999 0 -1 0 0 
1 2499.46785 2087.9314749999999 0 0 1 0 
1 2499.46785 2089.0101599999998 0 -1 0 0 
1 2498.534999 2089.0101599999998 0 0 -1 0 
1 2498.534999 2087.9314749999999 0 -1 0 0 
1 2484.164867 2087.9314749999999 0 0 -1 0 
1 2484.164867 2086.841034 0 1 0 0 
1 2485.9184340000002 2086.841034 0 0 -1 0 
1 2485.9184340000002 2067.099553 0 -1 0 0 
1 2484.164867 2067.099553 0 0 -1 0 
1 2484.164867 2066.021538 0 1 0 0 
1 2502.6968790000001 2066.021538 0 0 1 0 
1 2502.6968790000001 2069.412605 0 0.1207843267225439 0.99267877302689511 0 
1 2503.6159990000001 2076.9664899999998 0 -0.065316341251843893 0.99786460783288267 0 
1 2432.6506340000001 2085.8609120000001 0 0 -1 0 
1 2432.6506340000001 2084.5598369999998 0 1 0 0 
1 2447.4647070000001 2084.5598369999998 0 0 -1 0 
1 2447.4647070000001 2077.9603379999999 0 1 0 0 
1 2448.2276120000001 2077.9603379999999 0 0.087856253740679083 0.99613316312562017 0 
1 2448.6754059999998 2083.037523 0 0.27937112214887461 0.96018319924339357 0 
1 2450.0993309999999 2087.9314749999999 0 -1 0 0 
1 2449.600234 2087.9314749999999 0 0 1 0 
1 2449.600234 2089.0101599999998 0 -1 0 0 
1 2448.9280910000002 2089.0101599999998 0 0 -1 0 
1 2448.9280910000002 2085.8609120000001 0 -1 0 0 
1 2438.066014 2085.8609120000001 0 0 1 0 
1 2438.066014 2089.1939069999999 0 -1 0 0 
1 2437.2262329999999 2089.1939069999999 0 0 -1 0 
1 2437.2262329999999 2085.8609120000001 0 -1 0 0 
1 2453.5154069999999 2084.5598369999998 0 -0.11687297495934784 -0.99314687117472789 0 
1 2452.6239500000001 2076.9845380000002 0 0.12056508815227278 -0.99270542434240516 0 
1 2453.5435689999999 2069.412605 0 0 -1 0 
1 2453.5435689999999 2066.021538 0 1 0 0 
1 2472.2150099999999 2066.021538 0 0 1 0 
1 2472.2150099999999 2067.099553 0 -1 0 0 
1 2470.62907 2067.099553 0 0 1 0 
1 2470.62907 2086.841034 0 1 0 0 
1 2472.1058840000001 2086.841034 0 0 1 0 
1 2472.1058840000001 2087.9314749999999 0 -1 0 0 
1 2458.062332 2087.9314749999999 0 0 1 0 
1 2458.062332 2089.0101599999998 0 -1 0 0 
1 2456.985338 2089.0101599999998 0 0 -1 0 
1 2456.985338 2087.9314749999999 0 -1 0 0 
1 2453.5154069999999 2087.9314749999999 0 0 -1 0 
1 2448.3264979999999 2075.925729 0 -1 0 0 
1 2447.4647070000001 2075.925729 0 0 -1 0 
1 2447.4647070000001 2069.412605 0 -1 0 0 
1 2432.6506340000001 2069.412605 0 0 -1 0 
1 2432.6506340000001 2068.3742950000001 0 1 0 0 
1 2437.2262329999999 2068.3742950000001 0 0 -1 0 
1 2437.2262329999999 2065.0412999999999 0 1 0 0 
1 2438.066014 2065.0412999999999 0 0 1 0 
1 2438.066014 2068.3742950000001 0 1 0 0 
1 2448.9280910000002 2068.3742950000001 0 0 -1 0 
1 2448.9280910000002 2065.0412999999999 0 1 0 0 
1 2449.7508750000002 2065.0412999999999 0 0 1 0 
1 2449.7508750000002 2069.412605 0 -0.27558625906731277 0.96127634622583114 0 
1 2448.8303219999998 2072.623599 0 -0.15082995329967827 0.98855972262054903 0 
1 2474.1306479999998 2103.8532009999999 0 0 -1 0 
1 2474.1306479999998 2103.0598949999999 0 1 0 0 
1 2476.3550740000001 2103.0598949999999 0 0 1 0 
1 2476.3550740000001 2103.8532009999999 0 -1 0 0 
1 2480.0031330000002 2103.8532009999999 0 0 -1 0 
1 2480.0031330000002 2103.0598949999999 0 1 0 0 
1 2482.2275589999999 2103.0598949999999 0 0 1 0 
1 2482.2275589999999 2103.8532009999999 0 -1 0 0 
1 2506.715381 2090.7934559999999 0 1 0 0 
1 2507.6215480000001 2090.7934559999999 0 0 1 0 
1 2507.6215480000001 2094.2908000000002 0 1 0 0 
1 2518.4836260000002 2094.2908000000002 0 0 -1 0 
1 2518.4836260000002 2090.697932 0 1 0 0 
1 2519.3234069999999 2090.697932 0 0 1 0 
1 2519.3234069999999 2094.2908000000002 0 1 0 0 
1 2530.1854840000001 2094.2908000000002 0 0 -1 0 
1 2530.1854840000001 2090.697932 0 1 0 0 
1 2531.0252660000001 2090.697932 0 0 1 0 
1 2531.0252660000001 2094.2908000000002 0 1 0 0 
1 2541.8873429999999 2094.2908000000002 0 0 -1 0 
1 2541.8873429999999 2090.697932 0 1 0 0 
1 2542.9928960000002 2090.697932 0 0 1 0 
1 2542.9928960000002 2095.8635210000002 0 1 0 0 
1 2544.9749320000001 2095.8635210000002 0 0 1 0 
1 2544.9749320000001 2103.8532009999999 0 -1 0 0 
1 2485.4352920000001 2103.8532009999999 0 0 -1 0 
1 2485.4352920000001 2103.0598949999999 0 1 0 0 
1 2498.534999 2103.0598949999999 0 0 -1 0 
1 2498.534999 2090.7934559999999 0 1 0 0 
1 2499.46785 2090.7934559999999 0 0 1 0 
1 2499.46785 2096.0970309999998 0 1 0 0 
1 2506.715381 2096.0970309999998 0 0 -1 0 
1 2552.82818 2112.0740970000002 0 -1 0 0 
1 2547.2812429999999 2112.0740970000002 0 0 -1 0 
1 2547.2812429999999 2110.8392699999999 0 1 0 0 
1 2552.82818 2110.8392699999999 0 0 -1 0 
1 2552.82818 2107.2127639999999 0 1 0 0 
1 2553.9490310000001 2107.2127639999999 0 0 1 0 
1 2553.9490310000001 2109.4882120000002 0 1 0 0 
1 2556.7025140000001 2109.4882120000002 0 0 1 0 
1 2556.7025140000001 2110.43118 0 -1 0 0 
1 2553.9490310000001 2110.43118 0 0 1 0 
1 2553.9490310000001 2112.7457410000002 0 -1 0 0 
1 2552.82818 2112.7457410000002 0 0 -1 0 
1 2553.9490310000001 2123.880811 0 -1 0 0 
1 2552.82818 2123.880811 0 0 -1 0 
1 2552.82818 2114.590424 0 1 0 0 
1 2553.9490310000001 2114.590424 0 0 1 0 
1 2539.2313239999999 2110.9452590000001 0 1 0 0 
1 2544.9939300000001 2110.9452590000001 0 0 1 0 
1 2544.9939300000001 2112.0740970000002 0 -1 0 0 
1 2539.2313239999999 2112.0740970000002 0 0 1 0 
1 2539.2313239999999 2117.5357309999999 0 -1 0 0 
1 2537.8754170000002 2117.5357309999999 0 0 -1 0 
1 2537.8754170000002 2115.804846 0 -1 0 0 
1 2534.0336809999999 2115.804846 0 0 -1 0 
1 2534.0336809999999 2114.450597 0 1 0 0 
1 2537.8754170000002 2114.450597 0 0 -1 0 
1 2537.8754170000002 2107.227942 0 1 0 0 
1 2539.2313239999999 2107.227942 0 0 1 0 
1 2552.82818 2126.751683 0 0 -1 0 
1 2552.82818 2126.0672359999999 0 1 0 0 
1 2553.9490310000001 2126.0672359999999 0 0 1 0 
1 2553.9490310000001 2128.376162 0 1 0 0 
1 2556.6110520000002 2128.376162 0 0 1 0 
1 2556.6110520000002 2129.215772 0 -1 0 0 
1 2553.9490310000001 2129.215772 0 0 1 0 
1 2553.9490310000001 2131.3147960000001 0 -1 0 0 
1 2552.82818 2131.3147960000001 0 0 -1 0 
1 2552.82818 2127.636591 0 -1 0 0 
1 2547.2239260000001 2127.636591 0 0 -1 0 
1 2547.2239260000001 2126.751683 0 1 0 0 
1 2539.2313239999999 2127.636591 0 0 1 0 
1 2539.2313239999999 2131.247918 0 -1 0 0 
1 2537.8754170000002 2131.247918 0 0 -1 0 
1 2537.8754170000002 2124.1640240000002 0 -1 0 0 
1 2534.0336809999999 2124.1640240000002 0 0 -1 0 
1 2534.0336809999999 2123.036771 0 1 0 0 
1 2537.8754170000002 2123.036771 0 0 -1 0 
1 2537.8754170000002 2120.6575670000002 0 1 0 0 
1 2539.2313239999999 2120.6575670000002 0 0 1 0 
1 2539.2313239999999 2126.751683 0 1 0 0 
1 2544.9939300000001 2126.751683 0 0 1 0 
1 2544.9939300000001 2127.636591 0 -1 0 0 
1 2510.1923160000001 2115.6496240000001 0 -1 0 0 
1 2506.91554 2115.6496240000001 0 0 -1 0 
1 2506.91554 2114.6563940000001 0 1 0 0 
1 2510.1923160000001 2114.6563940000001 0 0 -1 0 
1 2510.1923160000001 2107.227942 0 1 0 0 
1 2511.5482229999998 2107.227942 0 0 1 0 
1 2511.5482229999998 2117.6105090000001 0 -1 0 0 
1 2510.1923160000001 2117.6105090000001 0 0 -1 0 
1 2452.3003950000002 2114.6563940000001 0 1 0 0 
1 2456.450765 2114.6563940000001 0 0 -1 0 
1 2456.450765 2106.9672639999999 0 1 0 0 
1 2457.2427280000002 2106.9672639999999 0 0 1 0 
1 2457.2427280000002 2108.7519050000001 0 1 0 0 
1 2458.1084190000001 2108.7519050000001 0 0 1 0 
1 2458.1084190000001 2109.6165369999999 0 -1 0 0 
1 2457.2427280000002 2109.6165369999999 0 0 1 0 
1 2457.2427280000002 2112.25594 0 1 0 0 
1 2460.5688049999999 2112.25594 0 0 -1 0 
1 2460.5688049999999 2109.6165369999999 0 -1 0 0 
1 2459.2930489999999 2109.6165369999999 0 0 -1 0 
1 2459.2930489999999 2108.7519050000001 0 1 0 0 
1 2467.904399 2108.7519050000001 0 0.8577710951420674 0.51403185537355411 0 
1 2468.5878400000001 2109.1614669999999 0 1 0 0 
1 2490.1971469999999 2109.1614669999999 0 0.87183204451520357 -0.48980494705182392 0 
1 2490.9261499999998 2108.7519050000001 0 1 0 0 
1 2497.16824 2108.7519050000001 0 0 1 0 
1 2497.16824 2109.6165369999999 0 -1 0 0 
1 2495.9836100000002 2109.6165369999999 0 0 1 0 
1 2495.9836100000002 2112.25594 0 1 0 0 
1 2499.2185610000001 2112.25594 0 0 -1 0 
1 2499.2185610000001 2109.6165369999999 0 -1 0 0 
1 2498.3528700000002 2109.6165369999999 0 0 -1 0 
1 2498.3528700000002 2108.7519050000001 0 1 0 0 
1 2499.1274360000002 2108.7519050000001 0 0 -1 0 
1 2499.1274360000002 2106.9672639999999 0 1 0 0 
1 2499.7512860000002 2106.9672639999999 0 0 1 0 
1 2499.7512860000002 2114.6563940000001 0 1 0 0 
1 2504.4817929999999 2114.6563940000001 0 0 1 0 
1 2504.4817929999999 2115.6496240000001 0 -1 0 0 
1 2499.7512860000002 2115.6496240000001 0 0 1 0 
1 2499.7512860000002 2123.036771 0 1 0 0 
1 2504.4817929999999 2123.036771 0 0 1 0 
1 2504.4817929999999 2124.1640240000002 0 -1 0 0 
1 2499.7512860000002 2124.1640240000002 0 0 1 0 
1 2499.7512860000002 2130.6370320000001 0 -0.78545676557716038 -0.61891652862810642 0 
1 2498.667344 2129.7829179999999 0 -1 0 0 
1 2494.8022120000001 2129.7829179999999 0 -0.93896565279932087 0.34401090515148697 0 
1 2493.5250190000002 2130.2508459999999 0 -1 0 0 
1 2456.450765 2130.2508459999999 0 0 -1 0 
1 2456.450765 2124.0300010000001 0 -1 0 0 
1 2452.3622260000002 2124.0300010000001 0 0 -1 0 
1 2452.3622260000002 2123.036771 0 1 0 0 
1 2456.450765 2123.036771 0 0 -1 0 
1 2456.450765 2115.6496240000001 0 -1 0 0 
1 2452.3003950000002 2115.6496240000001 0 0 -1 0 
1 2434.0102029999998 2120.8900530000001 0 0 1 0 
1 2434.0102029999998 2124.2520869999998 0 1 0 0 
1 2441.3679029999998 2124.2520869999998 0 0 -1 0 
1 2441.3679029999998 2120.8900530000001 0 1 0 0 
1 2442.0893980000001 2120.8900530000001 0 0 1 0 
1 2442.0893980000001 2125.0345390000002 0 -1 0 0 
1 2433.182581 2125.0345390000002 0 0 -1 0 
1 2433.182581 2120.8900530000001 0 1 0 0 
1 2445.9937279999999 2123.036771 0 1 0 0 
1 2450.2341470000001 2123.036771 0 0 1 0 
1 2450.2341470000001 2124.0300010000001 0 -1 0 0 
1 2445.9937279999999 2124.0300010000001 0 0 1 0 
1 2445.9937279999999 2131.1688410000002 0 -1 0 0 
1 2445.1235879999999 2131.1688410000002 0 0 -1 0 
1 2445.1235879999999 2120.9882339999999 0 1 0 0 
1 2445.9937279999999 2120.9882339999999 0 0 1 0 
1 2445.9937279999999 2115.6496240000001 0 0 1 0 
1 2445.9937279999999 2117.8843910000001 0 -1 0 0 
1 2445.1235879999999 2117.8843910000001 0 0 -1 0 
1 2445.1235879999999 2107.2692470000002 0 1 0 0 
1 2445.9937279999999 2107.2692470000002 0 0 1 0 
1 2445.9937279999999 2114.6563940000001 0 1 0 0 
1 2450.1579740000002 2114.6563940000001 0 0 1 0 
1 2450.1579740000002 2115.6496240000001 0 -1 0 0 
1 2429.2134230000001 2115.6496240000001 0 -1 0 0 
1 2425.0491769999999 2115.6496240000001 0 0 -1 0 
1 2425.0491769999999 2114.6563940000001 0 1 0 0 
1 2429.2134230000001 2114.6563940000001 0 0 -1 0 
1 2429.2134230000001 2107.2692470000002 0 1 0 0 
1 2430.083564 2107.2692470000002 0 0 1 0 
1 2430.083564 2117.8843910000001 0 -1 0 0 
1 2429.2134230000001 2117.8843910000001 0 0 -1 0 
1 2402.1587549999999 2109.6060440000001 0 0 -1 0 
1 2402.1587549999999 2107.2071700000001 0 1 0 0 
1 2403.1109419999998 2107.2071700000001 0 0 1 0 
1 2403.1109419999998 2111.1180129999998 0 1 0 0 
1 2417.7151319999998 2111.1180129999998 0 0 -1 0 
1 2417.7151319999998 2107.2692470000002 0 1 0 0 
1 2418.5231199999998 2107.2692470000002 0 0 1 0 
1 2418.5231199999998 2114.6563940000001 0 1 0 0 
1 2422.8116719999998 2114.6563940000001 0 0 1 0 
1 2422.8116719999998 2115.6496240000001 0 -1 0 0 
1 2418.5231199999998 2115.6496240000001 0 0 1 0 
1 2418.5231199999998 2117.8843910000001 0 -1 0 0 
1 2417.7151319999998 2117.8843910000001 0 0 -1 0 
1 2417.7151319999998 2111.8629350000001 0 -1 0 0 
1 2403.1091959999999 2111.8629350000001 0 -0.0023436832699793362 0.99999725357059355 0 
1 2403.106311 2113.0938999999998 0 -0.77458967378057231 -0.63246409959183192 0 
1 2402.1407170000002 2112.3054780000002 0 0 -1 0 
1 2402.1407170000002 2110.4670959999999 0 -1 0 0 
1 2399.7095989999998 2110.4670959999999 0 0 -1 0 
1 2399.7095989999998 2109.6060440000001 0 1 0 0 
1 2429.2134230000001 2123.036771 0 0 -1 0 
1 2429.2134230000001 2120.9882339999999 0 1 0 0 
1 2430.083564 2120.9882339999999 0 0 1 0 
1 2430.083564 2131.1688410000002 0 -1 0 0 
1 2429.2134230000001 2131.1688410000002 0 0 -1 0 
1 2429.2134230000001 2124.0300010000001 0 -1 0 0 
1 2424.9730039999999 2124.0300010000001 0 0 -1 0 
1 2424.9730039999999 2123.036771 0 1 0 0 
1 2417.7151319999998 2126.8203619999999 0 0 -1 0 
1 2417.7151319999998 2120.9882339999999 0 1 0 0 
1 2418.5231199999998 2120.9882339999999 0 0 1 0 
1 2418.5231199999998 2123.036771 0 1 0 0 
1 2422.8116719999998 2123.036771 0 0 1 0 
1 2422.8116719999998 2124.0300010000001 0 -1 0 0 
1 2418.5231199999998 2124.0300010000001 0 0 1 0 
1 2418.5231199999998 2131.1688410000002 0 -1 0 0 
1 2417.7151319999998 2131.1688410000002 0 0 -1 0 
1 2417.7151319999998 2127.7645790000001 0 -1 0 0 
1 2411.4659630000001 2127.7645790000001 0 0 -1 0 
1 2411.4659630000001 2126.8203619999999 0 1 0 0 
1 2403.106311 2123.6139229999999 0 -1 0 0 
1 2402.1407170000002 2123.6139229999999 0 0 -1 0 
1 2402.1407170000002 2114.6928170000001 0 1 0 0 
1 2403.106311 2114.6928170000001 0 0 1 0 
1 2474.5058690000001 2066.9919679999998 0 0 -1 0 
1 2474.5058690000001 2066.1312819999998 0 1 0 0 
1 2476.4447829999999 2066.1312819999998 0 0 1 0 
1 2476.4447829999999 2066.9919679999998 0 -1 0 0 
1 2480.4303279999999 2066.9919679999998 0 0 -1 0 
1 2480.4303279999999 2066.1312819999998 0 1 0 0 
1 2482.3692409999999 2066.1312819999998 0 0 1 0 
1 2482.3692409999999 2066.9919679999998 0 -1 0 0 
1 2480.4303279999999 2087.755991 0 0 -1 0 
1 2480.4303279999999 2086.8953059999999 0 1 0 0 
1 2482.3692409999999 2086.8953059999999 0 0 1 0 
1 2482.3692409999999 2087.755991 0 -1 0 0 
1 2474.5058690000001 2087.755991 0 0 -1 0 
1 2474.5058690000001 2086.8953059999999 0 1 0 0 
1 2476.4447829999999 2086.8953059999999 0 0 1 0 
1 2476.4447829999999 2087.755991 0 -1 0 0 
Polygon3D 0
PolygonOnTriangulations 0
Surfaces 67
1 2465.6338582452699 2095.7380707382931 0 -0 -0 -1 -1 0 0 0 1 -0 
1 2465.6338582452699 2095.7380707382931 0 -0 -0 -1 -1 0 0 0 1 -0 
1 2465.6338582452699 2095.7380707382931 0 -0 -0 -1 -1 0 0 0 1 -0 
1 2465.6338582452699 2095.7380707382931 0 -0 -0 -1 -1 0 0 0 1 -0 
1 2465.6338582452699 2095.7380707382931 0 -0 -0 -1 -1 0 0 0 1 -0 
1 2465.6338582452699 2095.7380707382931 0 -0 -0 -1 -1 0 0 0 1 -0 
1 2465.6338582452699 2095.7380707382931 0 -0 -0 -1 -1 0 0 0 1 -0 
1 2465.6338582452699 2095.7380707382931 0 -0 -0 -1 -1 0 0 0 1 -0 
1 2465.6338582452699 2095.7380707382931 0 -0 -0 -1 -1 0 0 0 1 -0 
1 2465.6338582452699 2095.7380707382931 0 -0 -0 -1 -1 0 0 0 1 -0 
1 2465.6338582452699 2095.7380707382931 0 -0 -0 -1 -1 0 0 0 1 -0 
1 2465.6338582452699 2095.7380707382931 0 -0 -0 -1 -1 0 0 0 1 -0 
1 2465.6338582452699 2095.7380707382931 0 -0 -0 -1 -1 0 0 0 1 -0 
1 2465.6338582452699 2095.7380707382931 0 -0 -0 -1 -1 0 0 0 1 -0 
1 2465.6338582452699 2095.7380707382931 0 -0 -0 -1 -1 0 0 0 1 -0 
1 2465.6338582452699 2095.7380707382931 0 -0 -0 -1 -1 0 0 0 1 -0 
1 2465.6338582452699 2095.7380707382931 0 -0 -0 -1 -1 0 0 0 1 -0 
1 2465.6338582452699 2095.7380707382931 0 -0 -0 -1 -1 0 0 0 1 -0 
1 2465.6338582452699 2095.7380707382931 0 -0 -0 -1 -1 0 0 0 1 -0 
1 2465.6338582452699 2095.7380707382931 0 -0 -0 -1 -1 0 0 0 1 -0 
1 2465.6338582452699 2095.7380707382931 0 -0 -0 -1 -1 0 0 0 1 -0 
1 2465.6338582452699 2095.7380707382931 0 -0 -0 -1 -1 0 0 0 1 -0 
1 2465.6338582452699 2095.7380707382931 0 -0 -0 -1 -1 0 0 0 1 -0 
1 2465.6338582452699 2095.7380707382931 0 -0 -0 -1 -1 0 0 0 1 -0 
1 2465.6338582452699 2095.7380707382931 0 -0 -0 -1 -1 0 0 0 1 -0 
1 2465.6338582452699 2095.7380707382931 0 -0 -0 -1 -1 0 0 0 1 -0 
1 2465.6338582452699 2095.7380707382931 0 -0 -0 -1 -1 0 0 0 1 -0 
1 2465.6338582452699 2095.7380707382931 0 -0 -0 -1 -1 0 0 0 1 -0 
1 2465.6338582452699 2095.7380707382931 0 -0 -0 -1 -1 0 0 0 1 -0 
1 2465.6338582452699 2095.7380707382931 0 -0 -0 -1 -1 0 0 0 1 -0 
1 2465.6338582452699 2095.7380707382931 0 -0 -0 -1 -1 0 0 0 1 -0 
1 2465.6338582452699 2095.7380707382931 0 -0 -0 -1 -1 0 0 0 1 -0 
1 2465.6338582452699 2095.7380707382931 0 -0 -0 -1 -1 0 0 0 1 -0 
1 2465.6338582452699 2095.7380707382931 0 -0 -0 -1 -1 0 0 0 1 -0 
1 2465.6338582452699 2095.7380707382931 0 -0 -0 -1 -1 0 0 0 1 -0 
1 2465.6338582452699 2095.7380707382931 0 -0 -0 -1 -1 0 0 0 1 -0 
1 2465.6338582452699 2095.7380707382931 0 -0 -0 -1 -1 0 0 0 1 -0 
1 2465.6338582452699 2095.7380707382931 0 -0 -0 -1 -1 0 0 0 1 -0 
1 2465.6338582452699 2095.7380707382931 0 -0 -0 -1 -1 0 0 0 1 -0 
1 2465.6338582452699 2095.7380707382931 0 -0 -0 -1 -1 0 0 0 1 -0 
1 2465.6338582452699 2095.7380707382931 0 -0 -0 -1 -1 0 0 0 1 -0 
1 2465.6338582452699 2095.7380707382931 0 -0 -0 -1 -1 0 0 0 1 -0 
1 2465.6338582452699 2095.7380707382931 0 -0 -0 -1 -1 0 0 0 1 -0 
1 2465.6338582452699 2095.7380707382931 0 -0 -0 -1 -1 0 0 0 1 -0 
1 2465.6338582452699 2095.7380707382931 0 -0 -0 -1 -1 0 0 0 1 -0 
1 2465.6338582452699 2095.7380707382931 0 -0 -0 -1 -1 0 0 0 1 -0 
1 2465.6338582452699 2095.7380707382931 0 -0 -0 -1 -1 0 0 0 1 -0 
1 2465.6338582452699 2095.7380707382931 0 -0 -0 -1 -1 0 0 0 1 -0 
1 2465.6338582452699 2095.7380707382931 0 -0 -0 -1 -1 0 0 0 1 -0 
1 2465.6338582452699 2095.7380707382931 0 -0 -0 -1 -1 0 0 0 1 -0 
1 2465.6338582452699 2095.7380707382931 0 -0 -0 -1 -1 0 0 0 1 -0 
1 2465.6338582452699 2095.7380707382931 0 -0 -0 -1 -1 0 0 0 1 -0 
1 2465.6338582452699 2095.7380707382931 0 -0 -0 -1 -1 0 0 0 1 -0 
1 2465.6338582452699 2095.7380707382931 0 -0 -0 -1 -1 0 0 0 1 -0 
1 2465.6338582452699 2095.7380707382931 0 -0 -0 -1 -1 0 0 0 1 -0 
1 2465.6338582452699 2095.7380707382931 0 -0 -0 -1 -1 0 0 0 1 -0 
1 2465.6338582452699 2095.7380707382931 0 -0 -0 -1 -1 0 0 0 1 -0 
1 2465.6338582452699 2095.7380707382931 0 -0 -0 -1 -1 0 0 0 1 -0 
1 2465.6338582452699 2095.7380707382931 0 -0 -0 -1 -1 0 0 0 1 -0 
1 2465.6338582452699 2095.7380707382931 0 -0 -0 -1 -1 0 0 0 1 -0 
1 2465.6338582452699 2095.7380707382931 0 -0 -0 -1 -1 0 0 0 1 -0 
1 2465.6338582452699 2095.7380707382931 0 -0 -0 -1 -1 0 0 0 1 -0 
1 2465.6338582452699 2095.7380707382931 0 -0 -0 -1 -1 0 0 0 1 -0 
1 2465.6338582452699 2095.7380707382931 0 -0 -0 -1 -1 0 0 0 1 -0 
1 2465.6338582452699 2095.7380707382931 0 -0 -0 -1 -1 0 0 0 1 -0 
1 2465.6338582452699 2095.7380707382931 0 -0 -0 -1 -1 0 0 0 1 -0 
1 2465.6338582452699 2095.7380707382931 0 -0 -0 -1 -1 0 0 0 1 -0 
Triangulations 0

TShapes 1261
Ve
1e-07
2469.547428 2057.111549 0
0 0

0101101
*
Ve
1e-07
2469.547428 2062.487739 0
0 0

0101101
*
Ed
 1e-07 1 1 0
1  1 0 0 5.37618999999995
0

0101000
+1261 0 -1260 0 *
Ve
1e-07
2449.750875 2062.487739 0
0 0

0101101
*
Ed
 1e-07 1 1 0
1  2 0 0 19.7965529999997
0

0101000
+1260 0 -1258 0 *
Ve
1e-07
2449.750875 2063.690169 0
0 0

0101101
*
Ed
 1e-07 1 1 0
1  3 0 0 1.20242999999982
0

0101000
+1258 0 -1256 0 *
Ve
1e-07
2448.928091 2063.690169 0
0 0

0101101
*
Ed
 1e-07 1 1 0
1  4 0 0 0.822783999999956
0

0101000
+1256 0 -1254 0 *
Ve
1e-07
2448.928091 2060.097301 0
0 0

0101101
*
Ed
 1e-07 1 1 0
1  5 0 0 3.59286800000018
0

0101000
+1254 0 -1252 0 *
Ve
1e-07
2438.066014 2060.097301 0
0 0

0101101
*
Ed
 1e-07 1 1 0
1  6 0 0 10.8620770000002
0

0101000
+1252 0 -1250 0 *
Ve
1e-07
2438.066014 2063.690169 0
0 0

0101101
*
Ed
 1e-07 1 1 0
1  7 0 0 3.59286800000018
0

0101000
+1250 0 -1248 0 *
Ve
1e-07
2437.226233 2063.690169 0
0 0

0101101
*
Ed
 1e-07 1 1 0
1  8 0 0 0.83978100000013
0

0101000
+1248 0 -1246 0 *
Ve
1e-07
2437.226233 2060.097301 0
0 0

0101101
*
Ed
 1e-07 1 1 0
1  9 0 0 3.59286800000018
0

0101000
+1246 0 -1244 0 *
Ve
1e-07
2426.364156 2060.097301 0
0 0

0101101
*
Ed
 1e-07 1 1 0
1  10 0 0 10.8620769999998
0

0101000
+1244 0 -1242 0 *
Ve
1e-07
2426.364156 2063.690169 0
0 0

0101101
*
Ed
 1e-07 1 1 0
1  11 0 0 3.59286800000018
0

0101000
+1242 0 -1240 0 *
Ve
1e-07
2425.524374 2063.690169 0
0 0

0101101
*
Ed
 1e-07 1 1 0
1  12 0 0 0.839782000000014
0

0101000
+1240 0 -1238 0 *
Ve
1e-07
2425.524374 2060.097301 0
0 0

0101101
*
Ed
 1e-07 1 1 0
1  13 0 0 3.59286800000018
0

0101000
+1238 0 -1236 0 *
Ve
1e-07
2414.662297 2060.097301 0
0 0

0101101
*
Ed
 1e-07 1 1 0
1  14 0 0 10.8620770000002
0

0101000
+1236 0 -1234 0 *
Ve
1e-07
2414.662297 2068.374295 0
0 0

0101101
*
Ed
 1e-07 1 1 0
1  15 0 0 8.27699400000029
0

0101000
+1234 0 -1232 0 *
Ve
1e-07
2425.524374 2068.374295 0
0 0

0101101
*
Ed
 1e-07 1 1 0
1  16 0 0 10.8620770000002
0

0101000
+1232 0 -1230 0 *
Ve
1e-07
2425.524374 2065.0413 0
0 0

0101101
*
Ed
 1e-07 1 1 0
1  17 0 0 3.33299500000021
0

0101000
+1230 0 -1228 0 *
Ve
1e-07
2426.364156 2065.0413 0
0 0

0101101
*
Ed
 1e-07 1 1 0
1  18 0 0 0.839782000000014
0

0101000
+1228 0 -1226 0 *
Ve
1e-07
2426.364156 2068.374295 0
0 0

0101101
*
Ed
 1e-07 1 1 0
1  19 0 0 3.33299500000021
0

0101000
+1226 0 -1224 0 *
Ve
1e-07
2430.740817 2068.374295 0
0 0

0101101
*
Ed
 1e-07 1 1 0
1  20 0 0 4.37666099999979
0

0101000
+1224 0 -1222 0 *
Ve
1e-07
2430.740817 2069.412605 0
0 0

0101101
*
Ed
 1e-07 1 1 0
1  21 0 0 1.03830999999991
0

0101000
+1222 0 -1220 0 *
Ve
1e-07
2416.174008 2069.412605 0
0 0

0101101
*
Ed
 1e-07 1 1 0
1  22 0 0 14.5668089999999
0

0101000
+1220 0 -1218 0 *
Ve
1e-07
2416.174008 2084.559837 0
0 0

0101101
*
Ed
 1e-07 1 1 0
1  23 0 0 15.1472319999998
0

0101000
+1218 0 -1216 0 *
Ve
1e-07
2430.740817 2084.559837 0
0 0

0101101
*
Ed
 1e-07 1 1 0
1  24 0 0 14.5668089999999
0

0101000
+1216 0 -1214 0 *
Ve
1e-07
2430.740817 2085.860912 0
0 0

0101101
*
Ed
 1e-07 1 1 0
1  25 0 0 1.30107500000031
0

0101000
+1214 0 -1212 0 *
Ve
1e-07
2426.364156 2085.860912 0
0 0

0101101
*
Ed
 1e-07 1 1 0
1  26 0 0 4.37666099999979
0

0101000
+1212 0 -1210 0 *
Ve
1e-07
2426.364156 2089.193907 0
0 0

0101101
*
Ed
 1e-07 1 1 0
1  27 0 0 3.33299499999976
0

0101000
+1210 0 -1208 0 *
Ve
1e-07
2425.524374 2089.193907 0
0 0

0101101
*
Ed
 1e-07 1 1 0
1  28 0 0 0.839782000000014
0

0101000
+1208 0 -1206 0 *
Ve
1e-07
2425.524374 2085.860912 0
0 0

0101101
*
Ed
 1e-07 1 1 0
1  29 0 0 3.33299499999976
0

0101000
+1206 0 -1204 0 *
Ve
1e-07
2414.662297 2085.860912 0
0 0

0101101
*
Ed
 1e-07 1 1 0
1  30 0 0 10.8620770000002
0

0101000
+1204 0 -1202 0 *
Ve
1e-07
2414.662297 2094.137906 0
0 0

0101101
*
Ed
 1e-07 1 1 0
1  31 0 0 8.27699399999983
0

0101000
+1202 0 -1200 0 *
Ve
1e-07
2425.524374 2094.137906 0
0 0

0101101
*
Ed
 1e-07 1 1 0
1  32 0 0 10.8620770000002
0

0101000
+1200 0 -1198 0 *
Ve
1e-07
2425.524374 2090.545039 0
0 0

0101101
*
Ed
 1e-07 1 1 0
1  33 0 0 3.59286699999984
0

0101000
+1198 0 -1196 0 *
Ve
1e-07
2426.364156 2090.545039 0
0 0

0101101
*
Ed
 1e-07 1 1 0
1  34 0 0 0.839782000000014
0

0101000
+1196 0 -1194 0 *
Ve
1e-07
2426.364156 2094.137906 0
0 0

0101101
*
Ed
 1e-07 1 1 0
1  35 0 0 3.59286699999984
0

0101000
+1194 0 -1192 0 *
Ve
1e-07
2437.226233 2094.137906 0
0 0

0101101
*
Ed
 1e-07 1 1 0
1  36 0 0 10.8620769999998
0

0101000
+1192 0 -1190 0 *
Ve
1e-07
2437.226233 2090.545039 0
0 0

0101101
*
Ed
 1e-07 1 1 0
1  37 0 0 3.59286699999984
0

0101000
+1190 0 -1188 0 *
Ve
1e-07
2438.066014 2090.545039 0
0 0

0101101
*
Ed
 1e-07 1 1 0
1  38 0 0 0.83978100000013
0

0101000
+1188 0 -1186 0 *
Ve
1e-07
2438.066014 2094.137906 0
0 0

0101101
*
Ed
 1e-07 1 1 0
1  39 0 0 3.59286699999984
0

0101000
+1186 0 -1184 0 *
Ve
1e-07
2448.928091 2094.137906 0
0 0

0101101
*
Ed
 1e-07 1 1 0
1  40 0 0 10.8620770000002
0

0101000
+1184 0 -1182 0 *
Ve
1e-07
2448.928091 2090.793456 0
0 0

0101101
*
Ed
 1e-07 1 1 0
1  41 0 0 3.34445000000005
0

0101000
+1182 0 -1180 0 *
Ve
1e-07
2449.600234 2090.793456 0
0 0

0101101
*
Ed
 1e-07 1 1 0
1  42 0 0 0.672142999999778
0

0101000
+1180 0 -1178 0 *
Ve
1e-07
2449.600234 2096.097031 0
0 0

0101101
*
Ed
 1e-07 1 1 0
1  43 0 0 5.30357499999991
0

0101000
+1178 0 -1176 0 *
Ve
1e-07
2456.985338 2096.097031 0
0 0

0101101
*
Ed
 1e-07 1 1 0
1  44 0 0 7.38510399999996
0

0101000
+1176 0 -1174 0 *
Ve
1e-07
2456.985338 2090.793456 0
0 0

0101101
*
Ed
 1e-07 1 1 0
1  45 0 0 5.30357499999991
0

0101000
+1174 0 -1172 0 *
Ve
1e-07
2458.062332 2090.793456 0
0 0

0101101
*
Ed
 1e-07 1 1 0
1  46 0 0 1.07699400000001
0

0101000
+1172 0 -1170 0 *
Ve
1e-07
2458.062332 2103.059895 0
0 0

0101101
*
Ed
 1e-07 1 1 0
1  47 0 0 12.266439
0

0101000
+1170 0 -1168 0 *
Ve
1e-07
2470.48259 2103.059895 0
0 0

0101101
*
Ed
 1e-07 1 1 0
1  48 0 0 12.4202580000001
0

0101000
+1168 0 -1166 0 *
Ve
1e-07
2470.48259 2103.853201 0
0 0

0101101
*
Ed
 1e-07 1 1 0
1  49 0 0 0.79330600000003
0

0101000
+1166 0 -1164 0 *
Ve
1e-07
2411.257117 2103.853201 0
0 0

0101101
*
Ed
 1e-07 1 1 0
1  50 0 0 59.225473
0

0101000
+1164 0 -1162 0 *
Ve
1e-07
2411.257117 2101.26247 0
0 0

0101101
*
Ed
 1e-07 1 1 0
1  51 0 0 2.59073099999978
0

0101000
+1162 0 -1160 0 *
Ve
1e-07
2413.132395 2101.26247 0
0 0

0101101
*
Ed
 1e-07 1 1 0
1  52 0 0 1.87527799999998
0

0101000
+1160 0 -1158 0 *
Ve
1e-07
2413.132395 2098.837958 0
0 0

0101101
*
Ed
 1e-07 1 1 0
1  53 0 0 2.42451200000005
0

0101000
+1158 0 -1156 0 *
Ve
1e-07
2411.257117 2098.837958 0
0 0

0101101
*
Ed
 1e-07 1 1 0
1  54 0 0 1.87527799999998
0

0101000
+1156 0 -1154 0 *
Ve
1e-07
2411.257117 2096.047636 0
0 0

0101101
*
Ed
 1e-07 1 1 0
1  55 0 0 2.79032200000029
0

0101000
+1154 0 -1152 0 *
Ve
1e-07
2413.376575 2096.047636 0
0 0

0101101
*
Ed
 1e-07 1 1 0
1  56 0 0 2.11945799999967
0

0101000
+1152 0 -1150 0 *
Ve
1e-07
2413.376575 2086.602354 0
0 0

0101101
*
Ed
 1e-07 1 1 0
1  57 0 0 9.44528199999968
0

0101000
+1150 0 -1148 0 *
Ve
1e-07
2410.744982 2086.602354 0
0 0

0101101
*
Ed
 1e-07 1 1 0
1  58 0 0 2.63159299999961
0

0101000
+1148 0 -1146 0 *
Ve
1e-07
2410.744982 2085.288167 0
0 0

0101101
*
Ed
 1e-07 1 1 0
1  59 0 0 1.31418699999995
0

0101000
+1146 0 -1144 0 *
Ve
1e-07
2413.219396 2085.288167 0
0 0

0101101
*
Ed
 1e-07 1 1 0
1  60 0 0 2.4744139999998
0

0101000
+1144 0 -1142 0 *
Ve
1e-07
2413.219396 2084.489911 0
0 0

0101101
*
Ed
 1e-07 1 1 0
1  61 0 0 0.798256000000038
0

0101000
+1142 0 -1140 0 *
Ve
1e-07
2414.692373 2084.489911 0
0 0

0101101
*
Ed
 1e-07 1 1 0
1  62 0 0 1.4729769999999
0

0101000
+1140 0 -1138 0 *
Ve
1e-07
2414.692373 2069.342679 0
0 0

0101101
*
Ed
 1e-07 1 1 0
1  63 0 0 15.1472320000003
0

0101000
+1138 0 -1136 0 *
Ve
1e-07
2413.501889 2069.342679 0
0 0

0101101
*
Ed
 1e-07 1 1 0
1  64 0 0 1.19048399999974
0

0101000
+1136 0 -1134 0 *
Ve
1e-07
2413.501889 2068.654294 0
0 0

0101101
*
Ed
 1e-07 1 1 0
1  65 0 0 0.688384999999926
0

0101000
+1134 0 -1132 0 *
Ve
1e-07
2410.744982 2068.654294 0
0 0

0101101
*
Ed
 1e-07 1 1 0
1  66 0 0 2.75690699999996
0

0101000
+1132 0 -1130 0 *
Ve
1e-07
2410.744982 2067.340108 0
0 0

0101101
*
Ed
 1e-07 1 1 0
1  67 0 0 1.31418600000006
0

0101000
+1130 0 -1128 0 *
Ve
1e-07
2413.376575 2067.340108 0
0 0

0101101
*
Ed
 1e-07 1 1 0
1  68 0 0 2.63159299999961
0

0101000
+1128 0 -1126 0 *
Ve
1e-07
2413.376575 2060.518849 0
0 0

0101101
*
Ed
 1e-07 1 1 0
1  69 0 0 6.82125899999983
0

0101000
+1126 0 -1124 0 *
Ve
1e-07
2406.734932 2060.518849 0
0 0

0101101
*
Ed
 1e-07 1 1 0
1  70 0 0 6.64164299999993
0

0101000
+1124 0 -1122 0 *
Ve
1e-07
2406.734932 2062.635646 0
0 0

0101101
*
Ed
 1e-07 1 1 0
1  71 0 0 2.11679700000013
0

0101000
+1122 0 -1120 0 *
Ve
1e-07
2402.297947 2062.635646 0
0 0

0101101
*
Ed
 1e-07 1 1 0
1  72 0 0 4.43698499999982
0

0101000
+1120 0 -1118 0 *
Ve
1e-07
2402.297947 2065.329751 0
0 0

0101101
*
Ed
 1e-07 1 1 0
1  73 0 0 2.69410500000004
0

0101000
+1118 0 -1116 0 *
Ve
1e-07
2406.734932 2065.329751 0
0 0

0101101
*
Ed
 1e-07 1 1 0
1  74 0 0 4.43698499999982
0

0101000
+1116 0 -1114 0 *
Ve
1e-07
2406.734932 2067.340108 0
0 0

0101101
*
Ed
 1e-07 1 1 0
1  75 0 0 2.01035699999966
0

0101000
+1114 0 -1112 0 *
Ve
1e-07
2409.115898 2067.340108 0
0 0

0101101
*
Ed
 1e-07 1 1 0
1  76 0 0 2.38096600000017
0

0101000
+1112 0 -1110 0 *
Ve
1e-07
2409.115898 2068.654294 0
0 0

0101101
*
Ed
 1e-07 1 1 0
1  77 0 0 1.31418600000006
0

0101000
+1110 0 -1108 0 *
Ve
1e-07
2405.544448 2068.654294 0
0 0

0101101
*
Ed
 1e-07 1 1 0
1  78 0 0 3.57144999999991
0

0101000
+1108 0 -1106 0 *
Ve
1e-07
2405.544448 2085.288167 0
0 0

0101101
*
Ed
 1e-07 1 1 0
1  79 0 0 16.6338730000002
0

0101000
+1106 0 -1104 0 *
Ve
1e-07
2409.115898 2085.288167 0
0 0

0101101
*
Ed
 1e-07 1 1 0
1  80 0 0 3.57144999999991
0

0101000
+1104 0 -1102 0 *
Ve
1e-07
2409.115898 2086.602354 0
0 0

0101101
*
Ed
 1e-07 1 1 0
1  81 0 0 1.31418699999995
0

0101000
+1102 0 -1100 0 *
Ve
1e-07
2406.734932 2086.602354 0
0 0

0101101
*
Ed
 1e-07 1 1 0
1  82 0 0 2.38096600000017
0

0101000
+1100 0 -1098 0 *
Ve
1e-07
2406.734932 2088.927503 0
0 0

0101101
*
Ed
 1e-07 1 1 0
1  83 0 0 2.32514899999978
0

0101000
+1098 0 -1096 0 *
Ve
1e-07
2402.297947 2088.927503 0
0 0

0101101
*
Ed
 1e-07 1 1 0
1  84 0 0 4.43698499999982
0

0101000
+1096 0 -1094 0 *
Ve
1e-07
2402.297947 2091.525389 0
0 0

0101101
*
Ed
 1e-07 1 1 0
1  85 0 0 2.59788600000002
0

0101000
+1094 0 -1092 0 *
Ve
1e-07
2406.734932 2091.525389 0
0 0

0101101
*
Ed
 1e-07 1 1 0
1  86 0 0 4.43698499999982
0

0101000
+1092 0 -1090 0 *
Ve
1e-07
2406.734932 2096.047636 0
0 0

0101101
*
Ed
 1e-07 1 1 0
1  87 0 0 4.52224699999988
0

0101000
+1090 0 -1088 0 *
Ve
1e-07
2409.041392 2096.047636 0
0 0

0101101
*
Ed
 1e-07 1 1 0
1  88 0 0 2.30646000000024
0

0101000
+1088 0 -1086 0 *
Ve
1e-07
2409.041392 2098.837958 0
0 0

0101101
*
Ed
 1e-07 1 1 0
1  89 0 0 2.79032200000029
0

0101000
+1086 0 -1084 0 *
Ve
1e-07
2407.27255 2098.837958 0
0 0

0101101
*
Ed
 1e-07 1 1 0
1  90 0 0 1.76884199999995
0

0101000
+1084 0 -1082 0 *
Ve
1e-07
2407.27255 2101.26247 0
0 0

0101101
*
Ed
 1e-07 1 1 0
1  91 0 0 2.42451200000005
0

0101000
+1082 0 -1080 0 *
Ve
1e-07
2408.853177 2101.26247 0
0 0

0101101
*
Ed
 1e-07 1 1 0
1  92 0 0 1.58062699999982
0

0101000
+1080 0 -1078 0 *
Ve
1e-07
2408.853177 2102.269763 0
0 0

0101101
*
Ed
 1e-07 1 1 0
1  93 0 0 1.00729299999966
0

0101000
+1078 0 -1076 0 *
Ve
1e-07
2407.133083 2102.269763 0
0 0

0101101
*
Ed
 1e-07 1 1 0
1  94 0 0 1.72009399999979
0

0101000
+1076 0 -1074 0 *
Ve
1e-07
2407.133083 2103.853201 0
0 0

0101101
*
Ed
 1e-07 1 1 0
1  95 0 0 1.58343800000011
0

0101000
+1074 0 -1072 0 *
Ve
1e-07
2403.135026 2103.853201 0
0 0

0101101
*
Ed
 1e-07 1 1 0
1  96 0 0 3.99805700000024
0

0101000
+1072 0 -1070 0 *
Ve
1e-07
2403.135026 2105.380718 0
0 0

0101101
*
Ed
 1e-07 1 1 0
1  97 0 0 1.52751699999999
0

0101000
+1070 0 -1068 0 *
Ve
1e-07
2402.158755 2105.380718 0
0 0

0101101
*
Ed
 1e-07 1 1 0
1  98 0 0 0.976270999999997
0

0101000
+1068 0 -1066 0 *
Ve
1e-07
2402.158755 2104.034185 0
0 0

0101101
*
Ed
 1e-07 1 1 0
1  99 0 0 1.34653299999991
0

0101000
+1066 0 -1064 0 *
Ve
1e-07
2394.813487 2104.034185 0
0 0

0101101
*
Ed
 1e-07 1 1 0
1  100 0 0 7.34526800000003
0

0101000
+1064 0 -1062 0 *
Ve
1e-07
2394.813487 2109.606044 0
0 0

0101101
*
Ed
 1e-07 1 1 0
1  101 0 0 5.57185900000013
0

0101000
+1062 0 -1060 0 *
Ve
1e-07
2397.488335 2109.606044 0
0 0

0101101
*
Ed
 1e-07 1 1 0
1  102 0 0 2.67484800000011
0

0101000
+1060 0 -1058 0 *
Ve
1e-07
2397.488335 2110.467096 0
0 0

0101101
*
Ed
 1e-07 1 1 0
1  103 0 0 0.861051999999745
0

0101000
+1058 0 -1056 0 *
Ve
1e-07
2394.438654 2110.467096 0
0 0

0101101
*
Ed
 1e-07 1 1 0
1  104 0 0 3.04968099999996
0

0101000
+1056 0 -1054 0 *
Ve
1e-07
2394.438654 2128.624362 0
0 0

0101101
*
Ed
 1e-07 1 1 0
1  105 0 0 18.1572660000002
0

0101000
+1054 0 -1052 0 *
Ve
1e-07
2397.286898 2128.624362 0
0 0

0101101
*
Ed
 1e-07 1 1 0
1  106 0 0 2.8482439999998
0

0101000
+1052 0 -1050 0 *
Ve
1e-07
2397.286898 2129.649875 0
0 0

0101101
*
Ed
 1e-07 1 1 0
1  107 0 0 1.02551300000005
0

0101000
+1050 0 -1048 0 *
Ve
1e-07
2394.673301 2129.649875 0
0 0

0101101
*
Ed
 1e-07 1 1 0
1  108 0 0 2.61359700000003
0

0101000
+1048 0 -1046 0 *
Ve
1e-07
2394.673301 2134.777442 0
0 0

0101101
*
Ed
 1e-07 1 1 0
1  109 0 0 5.127567
0

0101000
+1046 0 -1044 0 *
Ve
1e-07
2402.140717 2134.777442 0
0 0

0101101
*
Ed
 1e-07 1 1 0
1  110 0 0 7.46741600000041
0

0101000
+1044 0 -1042 0 *
Ve
1e-07
2402.140717 2129.649875 0
0 0

0101101
*
Ed
 1e-07 1 1 0
1  111 0 0 5.127567
0

0101000
+1042 0 -1040 0 *
Ve
1e-07
2399.247094 2129.649875 0
0 0

0101101
*
Ed
 1e-07 1 1 0
1  112 0 0 2.89362300000039
0

0101000
+1040 0 -1038 0 *
Ve
1e-07
2399.247094 2128.624362 0
0 0

0101101
*
Ed
 1e-07 1 1 0
1  113 0 0 1.02551300000005
0

0101000
+1038 0 -1036 0 *
Ve
1e-07
2402.140717 2128.624362 0
0 0

0101101
*
Ed
 1e-07 1 1 0
1  114 0 0 2.89362300000039
0

0101000
+1036 0 -1034 0 *
Ve
1e-07
2402.140717 2126.29365 0
0 0

0101101
*
Ed
 1e-07 1 1 0
1  115 0 0 2.33071199999995
0

0101000
+1034 0 -1032 0 *
Ve
1e-07
2403.106311 2125.945234 0
0 0

0101101
*
Ed
 1e-07 1 1 0
1  116 0 0 1.02653079929039
0

0101000
+1032 0 -1030 0 *
Ve
1e-07
2403.106311 2126.820362 0
0 0

0101101
*
Ed
 1e-07 1 1 0
1  117 0 0 0.875128000000132
0

0101000
+1030 0 -1028 0 *
Ve
1e-07
2409.470292 2126.820362 0
0 0

0101101
*
Ed
 1e-07 1 1 0
1  118 0 0 6.36398099999997
0

0101000
+1028 0 -1026 0 *
Ve
1e-07
2409.470292 2127.764579 0
0 0

0101101
*
Ed
 1e-07 1 1 0
1  119 0 0 0.944217000000208
0

0101000
+1026 0 -1024 0 *
Ve
1e-07
2403.106311 2127.764579 0
0 0

0101101
*
Ed
 1e-07 1 1 0
1  120 0 0 6.36398099999997
0

0101000
+1024 0 -1022 0 *
Ve
1e-07
2403.106311 2134.777442 0
0 0

0101101
*
Ed
 1e-07 1 1 0
1  121 0 0 7.01286299999992
0

0101000
+1022 0 -1020 0 *
Ve
1e-07
2417.529028 2134.777442 0
0 0

0101101
*
Ed
 1e-07 1 1 0
1  122 0 0 14.4227169999999
0

0101000
+1020 0 -1018 0 *
Ve
1e-07
2417.529028 2133.337764 0
0 0

0101101
*
Ed
 1e-07 1 1 0
1  123 0 0 1.43967800000019
0

0101000
+1018 0 -1016 0 *
Ve
1e-07
2418.728039 2133.337764 0
0 0

0101101
*
Ed
 1e-07 1 1 0
1  124 0 0 1.19901100000016
0

0101000
+1016 0 -1014 0 *
Ve
1e-07
2418.728039 2134.777442 0
0 0

0101101
*
Ed
 1e-07 1 1 0
1  125 0 0 1.43967800000019
0

0101000
+1014 0 -1012 0 *
Ve
1e-07
2456.450765 2134.777442 0
0 0

0101101
*
Ed
 1e-07 1 1 0
1  126 0 0 37.722726
0

0101000
+1012 0 -1010 0 *
Ve
1e-07
2456.450765 2133.337764 0
0 0

0101101
*
Ed
 1e-07 1 1 0
1  127 0 0 1.43967800000019
0

0101000
+1010 0 -1008 0 *
Ve
1e-07
2457.557543 2133.337764 0
0 0

0101101
*
Ed
 1e-07 1 1 0
1  128 0 0 1.10677799999985
0

0101000
+1008 0 -1006 0 *
Ve
1e-07
2457.557543 2134.777442 0
0 0

0101101
*
Ed
 1e-07 1 1 0
1  129 0 0 1.43967800000019
0

0101000
+1006 0 -1004 0 *
Ve
1e-07
2459.033249 2134.777442 0
0 0

0101101
*
Ed
 1e-07 1 1 0
1  130 0 0 1.47570600000017
0

0101000
+1004 0 -1002 0 *
Ve
1e-07
2459.033249 2135.82497 0
0 0

0101101
*
Ed
 1e-07 1 1 0
1  131 0 0 1.04752800000006
0

0101000
+1002 0 -1000 0 *
Ve
1e-07
2457.557543 2135.82497 0
0 0

0101101
*
Ed
 1e-07 1 1 0
1  132 0 0 1.47570600000017
0

0101000
+1000 0 -998 0 *
Ve
1e-07
2457.557543 2139.141244 0
0 0

0101101
*
Ed
 1e-07 1 1 0
1  133 0 0 3.31627399999979
0

0101000
+998 0 -996 0 *
Ve
1e-07
2462.647223 2139.141244 0
0 0

0101101
*
Ed
 1e-07 1 1 0
1  134 0 0 5.08968000000004
0

0101000
+996 0 -994 0 *
Ve
1e-07
2462.647223 2135.82497 0
0 0

0101101
*
Ed
 1e-07 1 1 0
1  135 0 0 3.31627399999979
0

0101000
+994 0 -992 0 *
Ve
1e-07
2461.171518 2135.82497 0
0 0

0101101
*
Ed
 1e-07 1 1 0
1  136 0 0 1.47570499999983
0

0101000
+992 0 -990 0 *
Ve
1e-07
2461.171518 2134.777442 0
0 0

0101101
*
Ed
 1e-07 1 1 0
1  137 0 0 1.04752800000006
0

0101000
+990 0 -988 0 *
Ve
1e-07
2492.576379 2134.777442 0
0 0

0101101
*
Ed
 1e-07 1 1 0
1  138 0 0 31.404861
0

0101000
+988 0 -986 0 *
Ve
1e-07
2492.576379 2133.337764 0
0 0

0101101
*
Ed
 1e-07 1 1 0
1  139 0 0 1.43967800000019
0

0101000
+986 0 -984 0 *
Ve
1e-07
2493.525019 2133.337764 0
0 0

0101101
*
Ed
 1e-07 1 1 0
1  140 0 0 0.948640000000069
0

0101000
+984 0 -982 0 *
Ve
1e-07
2493.525019 2134.777442 0
0 0

0101101
*
Ed
 1e-07 1 1 0
1  141 0 0 1.43967800000019
0

0101000
+982 0 -980 0 *
Ve
1e-07
2494.983159 2134.777442 0
0 0

0101101
*
Ed
 1e-07 1 1 0
1  142 0 0 1.45813999999973
0

0101000
+980 0 -978 0 *
Ve
1e-07
2494.983159 2135.82497 0
0 0

0101101
*
Ed
 1e-07 1 1 0
1  143 0 0 1.04752800000006
0

0101000
+978 0 -976 0 *
Ve
1e-07
2493.707286 2135.82497 0
0 0

0101101
*
Ed
 1e-07 1 1 0
1  144 0 0 1.27587300000005
0

0101000
+976 0 -974 0 *
Ve
1e-07
2493.707286 2139.141244 0
0 0

0101101
*
Ed
 1e-07 1 1 0
1  145 0 0 3.31627399999979
0

0101000
+974 0 -972 0 *
Ve
1e-07
2498.856343 2139.141244 0
0 0

0101101
*
Ed
 1e-07 1 1 0
1  146 0 0 5.14905700000008
0

0101000
+972 0 -970 0 *
Ve
1e-07
2498.856343 2135.82497 0
0 0

0101101
*
Ed
 1e-07 1 1 0
1  147 0 0 3.31627399999979
0

0101000
+970 0 -968 0 *
Ve
1e-07
2497.626037 2135.82497 0
0 0

0101101
*
Ed
 1e-07 1 1 0
1  148 0 0 1.23030599999993
0

0101000
+968 0 -966 0 *
Ve
1e-07
2497.626037 2134.777442 0
0 0

0101101
*
Ed
 1e-07 1 1 0
1  149 0 0 1.04752800000006
0

0101000
+966 0 -964 0 *
Ve
1e-07
2510.192316 2134.777442 0
0 0

0101101
*
Ed
 1e-07 1 1 0
1  150 0 0 12.5662790000001
0

0101000
+964 0 -962 0 *
Ve
1e-07
2510.192316 2124.164024 0
0 0

0101101
*
Ed
 1e-07 1 1 0
1  151 0 0 10.6134179999999
0

0101000
+962 0 -960 0 *
Ve
1e-07
2506.91554 2124.164024 0
0 0

0101101
*
Ed
 1e-07 1 1 0
1  152 0 0 3.27677600000015
0

0101000
+960 0 -958 0 *
Ve
1e-07
2506.91554 2123.036771 0
0 0

0101101
*
Ed
 1e-07 1 1 0
1  153 0 0 1.12725300000011
0

0101000
+958 0 -956 0 *
Ve
1e-07
2510.192316 2123.036771 0
0 0

0101101
*
Ed
 1e-07 1 1 0
1  154 0 0 3.27677600000015
0

0101000
+956 0 -954 0 *
Ve
1e-07
2510.192316 2120.544713 0
0 0

0101101
*
Ed
 1e-07 1 1 0
1  155 0 0 2.49205800000027
0

0101000
+954 0 -952 0 *
Ve
1e-07
2511.548223 2120.544713 0
0 0

0101101
*
Ed
 1e-07 1 1 0
1  156 0 0 1.35590699999966
0

0101000
+952 0 -950 0 *
Ve
1e-07
2511.548223 2134.777442 0
0 0

0101101
*
Ed
 1e-07 1 1 0
1  157 0 0 14.2327290000003
0

0101000
+950 0 -948 0 *
Ve
1e-07
2526.237216 2134.777442 0
0 0

0101101
*
Ed
 1e-07 1 1 0
1  158 0 0 14.6889930000002
0

0101000
+948 0 -946 0 *
Ve
1e-07
2526.237216 2107.227942 0
0 0

0101101
*
Ed
 1e-07 1 1 0
1  159 0 0 27.5495000000001
0

0101000
+946 0 -944 0 *
Ve
1e-07
2527.480131 2107.227942 0
0 0

0101101
*
Ed
 1e-07 1 1 0
1  160 0 0 1.24291499999981
0

0101000
+944 0 -942 0 *
Ve
1e-07
2527.480131 2114.450597 0
0 0

0101101
*
Ed
 1e-07 1 1 0
1  161 0 0 7.22265500000003
0

0101000
+942 0 -940 0 *
Ve
1e-07
2531.886828 2114.450597 0
0 0

0101101
*
Ed
 1e-07 1 1 0
1  162 0 0 4.40669700000035
0

0101000
+940 0 -938 0 *
Ve
1e-07
2531.886828 2115.804846 0
0 0

0101101
*
Ed
 1e-07 1 1 0
1  163 0 0 1.35424899999998
0

0101000
+938 0 -936 0 *
Ve
1e-07
2527.480131 2115.804846 0
0 0

0101101
*
Ed
 1e-07 1 1 0
1  164 0 0 4.40669700000035
0

0101000
+936 0 -934 0 *
Ve
1e-07
2527.480131 2123.036771 0
0 0

0101101
*
Ed
 1e-07 1 1 0
1  165 0 0 7.23192500000005
0

0101000
+934 0 -932 0 *
Ve
1e-07
2531.886828 2123.036771 0
0 0

0101101
*
Ed
 1e-07 1 1 0
1  166 0 0 4.40669700000035
0

0101000
+932 0 -930 0 *
Ve
1e-07
2531.886828 2124.164024 0
0 0

0101101
*
Ed
 1e-07 1 1 0
1  167 0 0 1.12725300000011
0

0101000
+930 0 -928 0 *
Ve
1e-07
2527.480131 2124.164024 0
0 0

0101101
*
Ed
 1e-07 1 1 0
1  168 0 0 4.40669700000035
0

0101000
+928 0 -926 0 *
Ve
1e-07
2527.480131 2134.777442 0
0 0

0101101
*
Ed
 1e-07 1 1 0
1  169 0 0 10.6134179999999
0

0101000
+926 0 -924 0 *
Ve
1e-07
2561.654696 2134.777442 0
0 0

0101101
*
Ed
 1e-07 1 1 0
1  170 0 0 34.1745650000003
0

0101000
+924 0 -922 0 *
Ve
1e-07
2561.654696 2129.215772 0
0 0

0101101
*
Ed
 1e-07 1 1 0
1  171 0 0 5.56167000000005
0

0101000
+922 0 -920 0 *
Ve
1e-07
2558.922806 2129.215772 0
0 0

0101101
*
Ed
 1e-07 1 1 0
1  172 0 0 2.73189000000002
0

0101000
+920 0 -918 0 *
Ve
1e-07
2558.922806 2128.376162 0
0 0

0101101
*
Ed
 1e-07 1 1 0
1  173 0 0 0.839609999999993
0

0101000
+918 0 -916 0 *
Ve
1e-07
2561.654696 2128.376162 0
0 0

0101101
*
Ed
 1e-07 1 1 0
1  174 0 0 2.73189000000002
0

0101000
+916 0 -914 0 *
Ve
1e-07
2561.654696 2110.43118 0
0 0

0101101
*
Ed
 1e-07 1 1 0
1  175 0 0 17.944982
0

0101000
+914 0 -912 0 *
Ve
1e-07
2558.922806 2110.43118 0
0 0

0101101
*
Ed
 1e-07 1 1 0
1  176 0 0 2.73189000000002
0

0101000
+912 0 -910 0 *
Ve
1e-07
2558.922806 2109.488212 0
0 0

0101101
*
Ed
 1e-07 1 1 0
1  177 0 0 0.942967999999837
0

0101000
+910 0 -908 0 *
Ve
1e-07
2561.654696 2109.488212 0
0 0

0101101
*
Ed
 1e-07 1 1 0
1  178 0 0 2.73189000000002
0

0101000
+908 0 -906 0 *
Ve
1e-07
2561.654696 2103.853201 0
0 0

0101101
*
Ed
 1e-07 1 1 0
1  179 0 0 5.6350110000003
0

0101000
+906 0 -904 0 *
Ve
1e-07
2546.879569 2103.853201 0
0 0

0101101
*
Ed
 1e-07 1 1 0
1  180 0 0 14.7751269999999
0

0101000
+904 0 -902 0 *
Ve
1e-07
2546.879569 2095.863521 0
0 0

0101101
*
Ed
 1e-07 1 1 0
1  181 0 0 7.98967999999968
0

0101000
+902 0 -900 0 *
Ve
1e-07
2549.63454 2095.863521 0
0 0

0101101
*
Ed
 1e-07 1 1 0
1  182 0 0 2.75497099999984
0

0101000
+900 0 -898 0 *
Ve
1e-07
2549.63454 2086.825173 0
0 0

0101101
*
Ed
 1e-07 1 1 0
1  183 0 0 9.03834800000004
0

0101000
+898 0 -896 0 *
Ve
1e-07
2547.253574 2086.825173 0
0 0

0101101
*
Ed
 1e-07 1 1 0
1  184 0 0 2.38096600000017
0

0101000
+896 0 -894 0 *
Ve
1e-07
2547.253574 2085.510987 0
0 0

0101101
*
Ed
 1e-07 1 1 0
1  185 0 0 1.31418600000006
0

0101000
+894 0 -892 0 *
Ve
1e-07
2550.825024 2085.510987 0
0 0

0101101
*
Ed
 1e-07 1 1 0
1  186 0 0 3.57145000000037
0

0101000
+892 0 -890 0 *
Ve
1e-07
2550.825024 2068.877114 0
0 0

0101101
*
Ed
 1e-07 1 1 0
1  187 0 0 16.6338730000002
0

0101000
+890 0 -888 0 *
Ve
1e-07
2547.253574 2068.877114 0
0 0

0101101
*
Ed
 1e-07 1 1 0
1  188 0 0 3.57145000000037
0

0101000
+888 0 -886 0 *
Ve
1e-07
2547.253574 2067.562927 0
0 0

0101101
*
Ed
 1e-07 1 1 0
1  189 0 0 1.31418699999995
0

0101000
+886 0 -884 0 *
Ve
1e-07
2549.63454 2067.562927 0
0 0

0101101
*
Ed
 1e-07 1 1 0
1  190 0 0 2.38096600000017
0

0101000
+884 0 -882 0 *
Ve
1e-07
2549.63454 2060.741669 0
0 0

0101101
*
Ed
 1e-07 1 1 0
1  191 0 0 6.82125799999994
0

0101000
+882 0 -880 0 *
Ve
1e-07
2542.992896 2060.741669 0
0 0

0101101
*
Ed
 1e-07 1 1 0
1  192 0 0 6.64164399999981
0

0101000
+880 0 -878 0 *
Ve
1e-07
2542.992896 2063.690169 0
0 0

0101101
*
Ed
 1e-07 1 1 0
1  193 0 0 2.94849999999997
0

0101000
+878 0 -876 0 *
Ve
1e-07
2541.887343 2063.690169 0
0 0

0101101
*
Ed
 1e-07 1 1 0
1  194 0 0 1.10555300000033
0

0101000
+876 0 -874 0 *
Ve
1e-07
2541.887343 2060.097301 0
0 0

0101101
*
Ed
 1e-07 1 1 0
1  195 0 0 3.59286800000018
0

0101000
+874 0 -872 0 *
Ve
1e-07
2531.025266 2060.097301 0
0 0

0101101
*
Ed
 1e-07 1 1 0
1  196 0 0 10.8620769999998
0

0101000
+872 0 -870 0 *
Ve
1e-07
2531.025266 2063.690169 0
0 0

0101101
*
Ed
 1e-07 1 1 0
1  197 0 0 3.59286800000018
0

0101000
+870 0 -868 0 *
Ve
1e-07
2530.185484 2063.690169 0
0 0

0101101
*
Ed
 1e-07 1 1 0
1  198 0 0 0.839782000000014
0

0101000
+868 0 -866 0 *
Ve
1e-07
2530.185484 2060.097301 0
0 0

0101101
*
Ed
 1e-07 1 1 0
1  199 0 0 3.59286800000018
0

0101000
+866 0 -864 0 *
Ve
1e-07
2519.323407 2060.097301 0
0 0

0101101
*
Ed
 1e-07 1 1 0
1  200 0 0 10.8620770000002
0

0101000
+864 0 -862 0 *
Ve
1e-07
2519.323407 2063.690169 0
0 0

0101101
*
Ed
 1e-07 1 1 0
1  201 0 0 3.59286800000018
0

0101000
+862 0 -860 0 *
Ve
1e-07
2518.483626 2063.690169 0
0 0

0101101
*
Ed
 1e-07 1 1 0
1  202 0 0 0.839780999999675
0

0101000
+860 0 -858 0 *
Ve
1e-07
2518.483626 2060.097301 0
0 0

0101101
*
Ed
 1e-07 1 1 0
1  203 0 0 3.59286800000018
0

0101000
+858 0 -856 0 *
Ve
1e-07
2507.621548 2060.097301 0
0 0

0101101
*
Ed
 1e-07 1 1 0
1  204 0 0 10.8620780000001
0

0101000
+856 0 -854 0 *
Ve
1e-07
2507.621548 2063.690169 0
0 0

0101101
*
Ed
 1e-07 1 1 0
1  205 0 0 3.59286800000018
0

0101000
+854 0 -852 0 *
Ve
1e-07
2506.64128 2063.690169 0
0 0

0101101
*
Ed
 1e-07 1 1 0
1  206 0 0 0.980268000000251
0

0101000
+852 0 -850 0 *
Ve
1e-07
2506.64128 2062.487739 0
0 0

0101101
*
Ed
 1e-07 1 1 0
1  207 0 0 1.20242999999982
0

0101000
+850 0 -848 0 *
Ve
1e-07
2486.784675 2062.487739 0
0 0

0101101
*
Ed
 1e-07 1 1 0
1  208 0 0 19.8566049999999
0

0101000
+848 0 -846 0 *
Ve
1e-07
2486.784675 2057.111549 0
0 0

0101101
*
Ed
 1e-07 1 1 0
1  209 0 0 5.37618999999995
0

0101000
+846 0 -844 0 *
Ve
1e-07
2493.919491 2057.111549 0
0 0

0101101
*
Ed
 1e-07 1 1 0
1  210 0 0 7.13481600000023
0

0101000
+844 0 -842 0 *
Ve
1e-07
2493.919491 2056.422451 0
0 0

0101101
*
Ed
 1e-07 1 1 0
1  211 0 0 0.689098000000286
0

0101000
+842 0 -840 0 *
Ve
1e-07
2494.549747 2056.422451 0
0 0

0101101
*
Ed
 1e-07 1 1 0
1  212 0 0 0.630255999999918
0

0101000
+840 0 -838 0 *
Ve
1e-07
2494.549747 2057.897751 0
0 0

0101101
*
Ed
 1e-07 1 1 0
1  213 0 0 1.47530000000006
0

0101000
+838 0 -836 0 *
Ve
1e-07
2493.919491 2057.897751 0
0 0

0101101
*
Ed
 1e-07 1 1 0
1  214 0 0 0.630255999999918
0

0101000
+836 0 -834 0 *
Ve
1e-07
2493.919491 2061.735427 0
0 0

0101101
*
Ed
 1e-07 1 1 0
1  215 0 0 3.8376760000001
0

0101000
+834 0 -832 0 *
Ve
1e-07
2498.169348 2061.735427 0
0 0

0101101
*
Ed
 1e-07 1 1 0
1  216 0 0 4.24985699999979
0

0101000
+832 0 -830 0 *
Ve
1e-07
2498.169348 2053.800415 0
0 0

0101101
*
Ed
 1e-07 1 1 0
1  217 0 0 7.93501199999992
0

0101000
+830 0 -828 0 *
Ve
1e-07
2494.549747 2053.800415 0
0 0

0101101
*
Ed
 1e-07 1 1 0
1  218 0 0 3.61960099999988
0

0101000
+828 0 -826 0 *
Ve
1e-07
2494.549747 2054.600028 0
0 0

0101101
*
Ed
 1e-07 1 1 0
1  219 0 0 0.799612999999681
0

0101000
+826 0 -824 0 *
Ve
1e-07
2493.919491 2054.600028 0
0 0

0101101
*
Ed
 1e-07 1 1 0
1  220 0 0 0.630255999999918
0

0101000
+824 0 -822 0 *
Ve
1e-07
2493.919491 2053.800415 0
0 0

0101101
*
Ed
 1e-07 1 1 0
1  221 0 0 0.799612999999681
0

0101000
+822 0 -820 0 *
Ve
1e-07
2462.374135 2053.800415 0
0 0

0101101
*
Ed
 1e-07 1 1 0
1  222 0 0 31.5453560000001
0

0101000
+820 0 -818 0 *
Ve
1e-07
2462.374135 2054.600028 0
0 0

0101101
*
Ed
 1e-07 1 1 0
1  223 0 0 0.799612999999681
0

0101000
+818 0 -816 0 *
Ve
1e-07
2461.74388 2054.600028 0
0 0

0101101
*
Ed
 1e-07 1 1 0
1  224 0 0 0.630255000000034
0

0101000
+816 0 -814 0 *
Ve
1e-07
2461.74388 2053.800415 0
0 0

0101101
*
Ed
 1e-07 1 1 0
1  225 0 0 0.799612999999681
0

0101000
+814 0 -812 0 *
Ve
1e-07
2458.384706 2053.800415 0
0 0

0101101
*
Ed
 1e-07 1 1 0
1  226 0 0 3.35917400000017
0

0101000
+812 0 -810 0 *
Ve
1e-07
2458.384706 2061.735427 0
0 0

0101101
*
Ed
 1e-07 1 1 0
1  227 0 0 7.93501199999992
0

0101000
+810 0 -808 0 *
Ve
1e-07
2462.412612 2061.735427 0
0 0

0101101
*
Ed
 1e-07 1 1 0
1  228 0 0 4.02790600000026
0

0101000
+808 0 -806 0 *
Ve
1e-07
2462.412612 2057.897751 0
0 0

0101101
*
Ed
 1e-07 1 1 0
1  229 0 0 3.8376760000001
0

0101000
+806 0 -804 0 *
Ve
1e-07
2461.782356 2057.897751 0
0 0

0101101
*
Ed
 1e-07 1 1 0
1  230 0 0 0.630255999999918
0

0101000
+804 0 -802 0 *
Ve
1e-07
2461.782356 2056.422451 0
0 0

0101101
*
Ed
 1e-07 1 1 0
1  231 0 0 1.47530000000006
0

0101000
+802 0 -800 0 *
Ve
1e-07
2462.412612 2056.422451 0
0 0

0101101
*
Ed
 1e-07 1 1 0
1  232 0 0 0.630255999999918
0

0101000
+800 0 -798 0 *
Ve
1e-07
2462.412612 2057.111549 0
0 0

0101101
*
Ed
 1e-07 1 1 0
1  233 0 0 0.689098000000286
0

0101000
+798 0 -796 0 *
Ed
 1e-07 1 1 0
1  234 0 0 7.13481599999977
0

0101000
+796 0 -1261 0 *
Wi

0101100
+1259 0 +1257 0 +1255 0 +1253 0 +1251 0 +1249 0 +1247 0 +1245 0 +1243 0 +1241 0 
+1239 0 +1237 0 +1235 0 +1233 0 +1231 0 +1229 0 +1227 0 +1225 0 +1223 0 +1221 0 
+1219 0 +1217 0 +1215 0 +1213 0 +1211 0 +1209 0 +1207 0 +1205 0 +1203 0 +1201 0 
+1199 0 +1197 0 +1195 0 +1193 0 +1191 0 +1189 0 +1187 0 +1185 0 +1183 0 +1181 0 
+1179 0 +1177 0 +1175 0 +1173 0 +1171 0 +1169 0 +1167 0 +1165 0 +1163 0 +1161 0 
+1159 0 +1157 0 +1155 0 +1153 0 +1151 0 +1149 0 +1147 0 +1145 0 +1143 0 +1141 0 
+1139 0 +1137 0 +1135 0 +1133 0 +1131 0 +1129 0 +1127 0 +1125 0 +1123 0 +1121 0 
+1119 0 +1117 0 +1115 0 +1113 0 +1111 0 +1109 0 +1107 0 +1105 0 +1103 0 +1101 0 
+1099 0 +1097 0 +1095 0 +1093 0 +1091 0 +1089 0 +1087 0 +1085 0 +1083 0 +1081 0 
+1079 0 +1077 0 +1075 0 +1073 0 +1071 0 +1069 0 +1067 0 +1065 0 +1063 0 +1061 0 
+1059 0 +1057 0 +1055 0 +1053 0 +1051 0 +1049 0 +1047 0 +1045 0 +1043 0 +1041 0 
+1039 0 +1037 0 +1035 0 +1033 0 +1031 0 +1029 0 +1027 0 +1025 0 +1023 0 +1021 0 
+1019 0 +1017 0 +1015 0 +1013 0 +1011 0 +1009 0 +1007 0 +1005 0 +1003 0 +1001 0 
+999 0 +997 0 +995 0 +993 0 +991 0 +989 0 +987 0 +985 0 +983 0 +981 0 
+979 0 +977 0 +975 0 +973 0 +971 0 +969 0 +967 0 +965 0 +963 0 +961 0 
+959 0 +957 0 +955 0 +953 0 +951 0 +949 0 +947 0 +945 0 +943 0 +941 0 
+939 0 +937 0 +935 0 +933 0 +931 0 +929 0 +927 0 +925 0 +923 0 +921 0 
+919 0 +917 0 +915 0 +913 0 +911 0 +909 0 +907 0 +905 0 +903 0 +901 0 
+899 0 +897 0 +895 0 +893 0 +891 0 +889 0 +887 0 +885 0 +883 0 +881 0 
+879 0 +877 0 +875 0 +873 0 +871 0 +869 0 +867 0 +865 0 +863 0 +861 0 
+859 0 +857 0 +855 0 +853 0 +851 0 +849 0 +847 0 +845 0 +843 0 +841 0 
+839 0 +837 0 +835 0 +833 0 +831 0 +829 0 +827 0 +825 0 +823 0 +821 0 
+819 0 +817 0 +815 0 +813 0 +811 0 +809 0 +807 0 +805 0 +803 0 +801 0 
+799 0 +797 0 +795 0 +794 0 *
Ve
1e-07
2531.754371 2073.513328 0
0 0

0101101
*
Ve
1e-07
2528.392337 2073.513328 0
0 0

0101101
*
Ed
 1e-07 1 1 0
1  235 0 0 3.36203399999977
2  1 2 0 0 3.36203399999977
2  2 3 0 0 3.36203399999977
0

0101000
+792 0 -791 0 *
Ve
1e-07
2528.392337 2080.871029 0
0 0

0101101
*
Ed
 1e-07 1 1 0
1  236 0 0 7.35770099999991
2  3 2 0 0 7.35770099999991
2  4 3 0 0 7.35770099999991
0

0101000
+791 0 -789 0 *
Ve
1e-07
2531.754371 2080.871029 0
0 0

0101101
*
Ed
 1e-07 1 1 0
1  237 0 0 3.36203399999977
2  5 2 0 0 3.36203399999977
2  6 3 0 0 3.36203399999977
0

0101000
+789 0 -787 0 *
Ve
1e-07
2531.754371 2081.592523 0
0 0

0101101
*
Ed
 1e-07 1 1 0
1  238 0 0 0.721493999999893
2  7 2 0 0 0.721493999999893
2  8 3 0 0 0.721493999999893
0

0101000
+787 0 -785 0 *
Ve
1e-07
2527.609886 2081.592523 0
0 0

0101101
*
Ed
 1e-07 1 1 0
1  239 0 0 4.1444849999998
2  9 2 0 0 4.1444849999998
2  10 3 0 0 4.1444849999998
0

0101000
+785 0 -783 0 *
Ve
1e-07
2527.609886 2072.685706 0
0 0

0101101
*
Ed
 1e-07 1 1 0
1  240 0 0 8.90681699999959
2  11 2 0 0 8.90681699999959
2  12 3 0 0 8.90681699999959
0

0101000
+783 0 -781 0 *
Ve
1e-07
2531.754371 2072.685706 0
0 0

0101101
*
Ed
 1e-07 1 1 0
1  241 0 0 4.1444849999998
2  13 2 0 0 4.1444849999998
2  14 3 0 0 4.1444849999998
0

0101000
+781 0 -779 0 *
Ed
 1e-07 1 1 0
1  242 0 0 0.827621999999792
2  15 2 0 0 0.827621999999792
2  16 3 0 0 0.827621999999792
0

0101000
+779 0 -792 0 *
Wi

0101100
+790 0 +788 0 +786 0 +784 0 +782 0 +780 0 +778 0 +777 0 *
Ve
1e-07
2517.555582 2073.513328 0
0 0

0101101
*
Ve
1e-07
2517.555582 2072.685706 0
0 0

0101101
*
Ed
 1e-07 1 1 0
1  243 0 0 0.827621999999792
2  17 4 0 0 0.827621999999792
2  18 5 0 0 0.827621999999792
0

0101000
+775 0 -774 0 *
Ve
1e-07
2521.700068 2072.685706 0
0 0

0101101
*
Ed
 1e-07 1 1 0
1  244 0 0 4.14448600000014
2  19 4 0 0 4.14448600000014
2  20 5 0 0 4.14448600000014
0

0101000
+774 0 -772 0 *
Ve
1e-07
2521.700068 2081.592523 0
0 0

0101101
*
Ed
 1e-07 1 1 0
1  245 0 0 8.90681699999959
2  21 4 0 0 8.90681699999959
2  22 5 0 0 8.90681699999959
0

0101000
+772 0 -770 0 *
Ve
1e-07
2517.555582 2081.592523 0
0 0

0101101
*
Ed
 1e-07 1 1 0
1  246 0 0 4.14448600000014
2  23 4 0 0 4.14448600000014
2  24 5 0 0 4.14448600000014
0

0101000
+770 0 -768 0 *
Ve
1e-07
2517.555582 2080.871029 0
0 0

0101101
*
Ed
 1e-07 1 1 0
1  247 0 0 0.721493999999893
2  25 4 0 0 0.721493999999893
2  26 5 0 0 0.721493999999893
0

0101000
+768 0 -766 0 *
Ve
1e-07
2520.917617 2080.871029 0
0 0

0101101
*
Ed
 1e-07 1 1 0
1  248 0 0 3.36203500000011
2  27 4 0 0 3.36203500000011
2  28 5 0 0 3.36203500000011
0

0101000
+766 0 -764 0 *
Ve
1e-07
2520.917617 2073.513328 0
0 0

0101101
*
Ed
 1e-07 1 1 0
1  249 0 0 7.35770099999991
2  29 4 0 0 7.35770099999991
2  30 5 0 0 7.35770099999991
0

0101000
+764 0 -762 0 *
Ed
 1e-07 1 1 0
1  250 0 0 3.36203500000011
2  31 4 0 0 3.36203500000011
2  32 5 0 0 3.36203500000011
0

0101000
+762 0 -775 0 *
Wi

0101100
+773 0 +771 0 +769 0 +767 0 +765 0 +763 0 +761 0 +760 0 *
Ve
1e-07
2434.010203 2117.884391 0
0 0

0101101
*
Ve
1e-07
2433.182581 2117.884391 0
0 0

0101101
*
Ed
 1e-07 1 1 0
1  251 0 0 0.827621999999792
2  33 6 0 0 0.827621999999792
2  34 7 0 0 0.827621999999792
0

0101000
+758 0 -757 0 *
Ve
1e-07
2433.182581 2113.739905 0
0 0

0101101
*
Ed
 1e-07 1 1 0
1  252 0 0 4.14448600000014
2  35 6 0 0 4.14448600000014
2  36 7 0 0 4.14448600000014
0

0101000
+757 0 -755 0 *
Ve
1e-07
2442.089398 2113.739905 0
0 0

0101101
*
Ed
 1e-07 1 1 0
1  253 0 0 8.90681700000005
2  37 6 0 0 8.90681700000005
2  38 7 0 0 8.90681700000005
0

0101000
+755 0 -753 0 *
Ve
1e-07
2442.089398 2117.884391 0
0 0

0101101
*
Ed
 1e-07 1 1 0
1  254 0 0 4.14448600000014
2  39 6 0 0 4.14448600000014
2  40 7 0 0 4.14448600000014
0

0101000
+753 0 -751 0 *
Ve
1e-07
2441.367903 2117.884391 0
0 0

0101101
*
Ed
 1e-07 1 1 0
1  255 0 0 0.721495000000232
2  41 6 0 0 0.721495000000232
2  42 7 0 0 0.721495000000232
0

0101000
+751 0 -749 0 *
Ve
1e-07
2441.367903 2114.522357 0
0 0

0101101
*
Ed
 1e-07 1 1 0
1  256 0 0 3.36203400000022
2  43 6 0 0 3.36203400000022
2  44 7 0 0 3.36203400000022
0

0101000
+749 0 -747 0 *
Ve
1e-07
2434.010203 2114.522357 0
0 0

0101101
*
Ed
 1e-07 1 1 0
1  257 0 0 7.35770000000002
2  45 6 0 0 7.35770000000002
2  46 7 0 0 7.35770000000002
0

0101000
+747 0 -745 0 *
Ed
 1e-07 1 1 0
1  258 0 0 3.36203400000022
2  47 6 0 0 3.36203400000022
2  48 7 0 0 3.36203400000022
0

0101000
+745 0 -758 0 *
Wi

0101100
+756 0 +754 0 +752 0 +750 0 +748 0 +746 0 +744 0 +743 0 *
Ve
1e-07
2506.292825 2087.931475 0
0 0

0101101
*
Ve
1e-07
2507.716749 2083.037523 0
0 0

0101101
*
Ed
 1e-07 1 1 0
1  259 0 0 5.09689373403836
2  49 8 0 0 5.09689373403836
2  50 9 0 0 5.09689373403836
0

0101000
+741 0 -740 0 *
Ve
1e-07
2508.164543 2077.960338 0
0 0

0101101
*
Ed
 1e-07 1 1 0
1  260 0 0 5.09689385711158
2  51 8 0 0 5.09689385711158
2  52 9 0 0 5.09689385711158
0

0101000
+740 0 -738 0 *
Ve
1e-07
2509.13326 2077.960338 0
0 0

0101101
*
Ed
 1e-07 1 1 0
1  261 0 0 0.968717000000197
2  53 8 0 0 0.968717000000197
2  54 9 0 0 0.968717000000197
0

0101000
+738 0 -736 0 *
Ve
1e-07
2509.13326 2084.712731 0
0 0

0101101
*
Ed
 1e-07 1 1 0
1  262 0 0 6.75239300000021
2  55 8 0 0 6.75239300000021
2  56 9 0 0 6.75239300000021
0

0101000
+736 0 -734 0 *
Ve
1e-07
2523.700068 2084.712731 0
0 0

0101101
*
Ed
 1e-07 1 1 0
1  263 0 0 14.566808
2  57 8 0 0 14.566808
2  58 9 0 0 14.566808
0

0101000
+734 0 -732 0 *
Ve
1e-07
2523.700068 2086.013806 0
0 0

0101101
*
Ed
 1e-07 1 1 0
1  264 0 0 1.30107499999986
2  59 8 0 0 1.30107499999986
2  60 9 0 0 1.30107499999986
0

0101000
+732 0 -730 0 *
Ve
1e-07
2519.323407 2086.013806 0
0 0

0101101
*
Ed
 1e-07 1 1 0
1  265 0 0 4.37666100000024
2  61 8 0 0 4.37666100000024
2  62 9 0 0 4.37666100000024
0

0101000
+730 0 -728 0 *
Ve
1e-07
2519.323407 2089.346801 0
0 0

0101101
*
Ed
 1e-07 1 1 0
1  266 0 0 3.33299500000021
2  63 8 0 0 3.33299500000021
2  64 9 0 0 3.33299500000021
0

0101000
+728 0 -726 0 *
Ve
1e-07
2518.483626 2089.346801 0
0 0

0101101
*
Ed
 1e-07 1 1 0
1  267 0 0 0.839780999999675
2  65 8 0 0 0.839780999999675
2  66 9 0 0 0.839780999999675
0

0101000
+726 0 -724 0 *
Ve
1e-07
2518.483626 2086.013806 0
0 0

0101101
*
Ed
 1e-07 1 1 0
1  268 0 0 3.33299500000021
2  67 8 0 0 3.33299500000021
2  68 9 0 0 3.33299500000021
0

0101000
+724 0 -722 0 *
Ve
1e-07
2507.621548 2086.013806 0
0 0

0101101
*
Ed
 1e-07 1 1 0
1  269 0 0 10.8620780000001
2  69 8 0 0 10.8620780000001
2  70 9 0 0 10.8620780000001
0

0101000
+722 0 -720 0 *
Ve
1e-07
2507.621548 2089.01016 0
0 0

0101101
*
Ed
 1e-07 1 1 0
1  270 0 0 2.99635399999988
2  71 8 0 0 2.99635399999988
2  72 9 0 0 2.99635399999988
0

0101000
+720 0 -718 0 *
Ve
1e-07
2506.715381 2089.01016 0
0 0

0101101
*
Ed
 1e-07 1 1 0
1  271 0 0 0.906167000000096
2  73 8 0 0 0.906167000000096
2  74 9 0 0 0.906167000000096
0

0101000
+718 0 -716 0 *
Ve
1e-07
2506.715381 2087.931475 0
0 0

0101101
*
Ed
 1e-07 1 1 0
1  272 0 0 1.07868499999995
2  75 8 0 0 1.07868499999995
2  76 9 0 0 1.07868499999995
0

0101000
+716 0 -714 0 *
Ed
 1e-07 1 1 0
1  273 0 0 0.422555999999986
2  77 8 0 0 0.422555999999986
2  78 9 0 0 0.422555999999986
0

0101000
+714 0 -741 0 *
Wi

0101100
+739 0 +737 0 +735 0 +733 0 +731 0 +729 0 +727 0 +725 0 +723 0 +721 0 
+719 0 +717 0 +715 0 +713 0 +712 0 *
Ve
1e-07
2525.609886 2086.013806 0
0 0

0101101
*
Ve
1e-07
2525.609886 2084.712731 0
0 0

0101101
*
Ed
 1e-07 1 1 0
1  274 0 0 1.30107499999986
2  79 10 0 0 1.30107499999986
2  80 11 0 0 1.30107499999986
0

0101000
+710 0 -709 0 *
Ve
1e-07
2540.423959 2084.712731 0
0 0

0101101
*
Ed
 1e-07 1 1 0
1  275 0 0 14.814073
2  81 10 0 0 14.814073
2  82 11 0 0 14.814073
0

0101000
+709 0 -707 0 *
Ve
1e-07
2540.423959 2078.011315 0
0 0

0101101
*
Ed
 1e-07 1 1 0
1  276 0 0 6.70141599999988
2  83 10 0 0 6.70141599999988
2  84 11 0 0 6.70141599999988
0

0101000
+707 0 -705 0 *
Ve
1e-07
2541.677098 2078.011315 0
0 0

0101101
*
Ed
 1e-07 1 1 0
1  277 0 0 1.25313899999992
2  85 10 0 0 1.25313899999992
2  86 11 0 0 1.25313899999992
0

0101000
+705 0 -703 0 *
Ve
1e-07
2541.677098 2084.712731 0
0 0

0101101
*
Ed
 1e-07 1 1 0
1  278 0 0 6.70141599999988
2  87 10 0 0 6.70141599999988
2  88 11 0 0 6.70141599999988
0

0101000
+703 0 -701 0 *
Ve
1e-07
2543.150076 2084.712731 0
0 0

0101101
*
Ed
 1e-07 1 1 0
1  279 0 0 1.47297799999978
2  89 10 0 0 1.47297799999978
2  90 11 0 0 1.47297799999978
0

0101000
+701 0 -699 0 *
Ve
1e-07
2543.150076 2085.510987 0
0 0

0101101
*
Ed
 1e-07 1 1 0
1  280 0 0 0.798256000000038
2  91 10 0 0 0.798256000000038
2  92 11 0 0 0.798256000000038
0

0101000
+699 0 -697 0 *
Ve
1e-07
2545.62449 2085.510987 0
0 0

0101101
*
Ed
 1e-07 1 1 0
1  281 0 0 2.47441400000025
2  93 10 0 0 2.47441400000025
2  94 11 0 0 2.47441400000025
0

0101000
+697 0 -695 0 *
Ve
1e-07
2545.62449 2086.825173 0
0 0

0101101
*
Ed
 1e-07 1 1 0
1  282 0 0 1.31418600000006
2  95 10 0 0 1.31418600000006
2  96 11 0 0 1.31418600000006
0

0101000
+695 0 -693 0 *
Ve
1e-07
2542.992896 2086.825173 0
0 0

0101101
*
Ed
 1e-07 1 1 0
1  283 0 0 2.63159399999995
2  97 10 0 0 2.63159399999995
2  98 11 0 0 2.63159399999995
0

0101000
+693 0 -691 0 *
Ve
1e-07
2542.992896 2089.346801 0
0 0

0101101
*
Ed
 1e-07 1 1 0
1  284 0 0 2.52162799999996
2  99 10 0 0 2.52162799999996
2  100 11 0 0 2.52162799999996
0

0101000
+691 0 -689 0 *
Ve
1e-07
2541.887343 2089.346801 0
0 0

0101101
*
Ed
 1e-07 1 1 0
1  285 0 0 1.10555300000033
2  101 10 0 0 1.10555300000033
2  102 11 0 0 1.10555300000033
0

0101000
+689 0 -687 0 *
Ve
1e-07
2541.887343 2086.013806 0
0 0

0101101
*
Ed
 1e-07 1 1 0
1  286 0 0 3.33299500000021
2  103 10 0 0 3.33299500000021
2  104 11 0 0 3.33299500000021
0

0101000
+687 0 -685 0 *
Ve
1e-07
2531.025266 2086.013806 0
0 0

0101101
*
Ed
 1e-07 1 1 0
1  287 0 0 10.8620769999998
2  105 10 0 0 10.8620769999998
2  106 11 0 0 10.8620769999998
0

0101000
+685 0 -683 0 *
Ve
1e-07
2531.025266 2089.346801 0
0 0

0101101
*
Ed
 1e-07 1 1 0
1  288 0 0 3.33299500000021
2  107 10 0 0 3.33299500000021
2  108 11 0 0 3.33299500000021
0

0101000
+683 0 -681 0 *
Ve
1e-07
2530.185484 2089.346801 0
0 0

0101101
*
Ed
 1e-07 1 1 0
1  289 0 0 0.839782000000014
2  109 10 0 0 0.839782000000014
2  110 11 0 0 0.839782000000014
0

0101000
+681 0 -679 0 *
Ve
1e-07
2530.185484 2086.013806 0
0 0

0101101
*
Ed
 1e-07 1 1 0
1  290 0 0 3.33299500000021
2  111 10 0 0 3.33299500000021
2  112 11 0 0 3.33299500000021
0

0101000
+679 0 -677 0 *
Ed
 1e-07 1 1 0
1  291 0 0 4.5755979999999
2  113 10 0 0 4.5755979999999
2  114 11 0 0 4.5755979999999
0

0101000
+677 0 -710 0 *
Wi

0101100
+708 0 +706 0 +704 0 +702 0 +700 0 +698 0 +696 0 +694 0 +692 0 +690 0 
+688 0 +686 0 +684 0 +682 0 +680 0 +678 0 +676 0 +675 0 *
Ve
1e-07
2540.423959 2069.565499 0
0 0

0101101
*
Ve
1e-07
2525.609886 2069.565499 0
0 0

0101101
*
Ed
 1e-07 1 1 0
1  292 0 0 14.814073
2  115 12 0 0 14.814073
2  116 13 0 0 14.814073
0

0101000
+673 0 -672 0 *
Ve
1e-07
2525.609886 2068.374295 0
0 0

0101101
*
Ed
 1e-07 1 1 0
1  293 0 0 1.19120399999974
2  117 12 0 0 1.19120399999974
2  118 13 0 0 1.19120399999974
0

0101000
+672 0 -670 0 *
Ve
1e-07
2530.185484 2068.374295 0
0 0

0101101
*
Ed
 1e-07 1 1 0
1  294 0 0 4.5755979999999
2  119 12 0 0 4.5755979999999
2  120 13 0 0 4.5755979999999
0

0101000
+670 0 -668 0 *
Ve
1e-07
2530.185484 2065.0413 0
0 0

0101101
*
Ed
 1e-07 1 1 0
1  295 0 0 3.33299500000021
2  121 12 0 0 3.33299500000021
2  122 13 0 0 3.33299500000021
0

0101000
+668 0 -666 0 *
Ve
1e-07
2531.025266 2065.0413 0
0 0

0101101
*
Ed
 1e-07 1 1 0
1  296 0 0 0.839782000000014
2  123 12 0 0 0.839782000000014
2  124 13 0 0 0.839782000000014
0

0101000
+666 0 -664 0 *
Ve
1e-07
2531.025266 2068.374295 0
0 0

0101101
*
Ed
 1e-07 1 1 0
1  297 0 0 3.33299500000021
2  125 12 0 0 3.33299500000021
2  126 13 0 0 3.33299500000021
0

0101000
+664 0 -662 0 *
Ve
1e-07
2541.887343 2068.374295 0
0 0

0101101
*
Ed
 1e-07 1 1 0
1  298 0 0 10.8620769999998
2  127 12 0 0 10.8620769999998
2  128 13 0 0 10.8620769999998
0

0101000
+662 0 -660 0 *
Ve
1e-07
2541.887343 2065.0413 0
0 0

0101101
*
Ed
 1e-07 1 1 0
1  299 0 0 3.33299500000021
2  129 12 0 0 3.33299500000021
2  130 13 0 0 3.33299500000021
0

0101000
+660 0 -658 0 *
Ve
1e-07
2542.992896 2065.0413 0
0 0

0101101
*
Ed
 1e-07 1 1 0
1  300 0 0 1.10555300000033
2  131 12 0 0 1.10555300000033
2  132 13 0 0 1.10555300000033
0

0101000
+658 0 -656 0 *
Ve
1e-07
2542.992896 2067.562927 0
0 0

0101101
*
Ed
 1e-07 1 1 0
1  301 0 0 2.52162700000008
2  133 12 0 0 2.52162700000008
2  134 13 0 0 2.52162700000008
0

0101000
+656 0 -654 0 *
Ve
1e-07
2545.62449 2067.562927 0
0 0

0101101
*
Ed
 1e-07 1 1 0
1  302 0 0 2.63159399999995
2  135 12 0 0 2.63159399999995
2  136 13 0 0 2.63159399999995
0

0101000
+654 0 -652 0 *
Ve
1e-07
2545.62449 2068.877114 0
0 0

0101101
*
Ed
 1e-07 1 1 0
1  303 0 0 1.31418699999995
2  137 12 0 0 1.31418699999995
2  138 13 0 0 1.31418699999995
0

0101000
+652 0 -650 0 *
Ve
1e-07
2542.867582 2068.877114 0
0 0

0101101
*
Ed
 1e-07 1 1 0
1  304 0 0 2.75690800000029
2  139 12 0 0 2.75690800000029
2  140 13 0 0 2.75690800000029
0

0101000
+650 0 -648 0 *
Ve
1e-07
2542.867582 2069.565499 0
0 0

0101101
*
Ed
 1e-07 1 1 0
1  305 0 0 0.688384999999926
2  141 12 0 0 0.688384999999926
2  142 13 0 0 0.688384999999926
0

0101000
+648 0 -646 0 *
Ve
1e-07
2541.677098 2069.565499 0
0 0

0101101
*
Ed
 1e-07 1 1 0
1  306 0 0 1.19048399999974
2  143 12 0 0 1.19048399999974
2  144 13 0 0 1.19048399999974
0

0101000
+646 0 -644 0 *
Ve
1e-07
2541.677098 2076.199016 0
0 0

0101101
*
Ed
 1e-07 1 1 0
1  307 0 0 6.63351700000021
2  145 12 0 0 6.63351700000021
2  146 13 0 0 6.63351700000021
0

0101000
+644 0 -642 0 *
Ve
1e-07
2540.423959 2076.199016 0
0 0

0101101
*
Ed
 1e-07 1 1 0
1  308 0 0 1.25313899999992
2  147 12 0 0 1.25313899999992
2  148 13 0 0 1.25313899999992
0

0101000
+642 0 -640 0 *
Ed
 1e-07 1 1 0
1  309 0 0 6.63351700000021
2  149 12 0 0 6.63351700000021
2  150 13 0 0 6.63351700000021
0

0101000
+640 0 -673 0 *
Wi

0101100
+671 0 +669 0 +667 0 +665 0 +663 0 +661 0 +659 0 +657 0 +655 0 +653 0 
+651 0 +649 0 +647 0 +645 0 +643 0 +641 0 +639 0 +638 0 *
Ve
1e-07
2508.065658 2075.925729 0
0 0

0101101
*
Ve
1e-07
2507.561834 2072.623599 0
0 0

0101101
*
Ed
 1e-07 1 1 0
1  310 0 0 3.34034446724827
2  151 14 0 0 3.34034446724827
2  152 15 0 0 3.34034446724827
0

0101000
+636 0 -635 0 *
Ve
1e-07
2506.64128 2069.412605 0
0 0

0101101
*
Ed
 1e-07 1 1 0
1  311 0 0 3.34034461320276
2  153 14 0 0 3.34034461320276
2  154 15 0 0 3.34034461320276
0

0101000
+635 0 -633 0 *
Ve
1e-07
2506.64128 2065.0413 0
0 0

0101101
*
Ed
 1e-07 1 1 0
1  312 0 0 4.37130500000012
2  155 14 0 0 4.37130500000012
2  156 15 0 0 4.37130500000012
0

0101000
+633 0 -631 0 *
Ve
1e-07
2507.621548 2065.0413 0
0 0

0101101
*
Ed
 1e-07 1 1 0
1  313 0 0 0.980268000000251
2  157 14 0 0 0.980268000000251
2  158 15 0 0 0.980268000000251
0

0101000
+631 0 -629 0 *
Ve
1e-07
2507.621548 2068.374295 0
0 0

0101101
*
Ed
 1e-07 1 1 0
1  314 0 0 3.33299500000021
2  159 14 0 0 3.33299500000021
2  160 15 0 0 3.33299500000021
0

0101000
+629 0 -627 0 *
Ve
1e-07
2518.483626 2068.374295 0
0 0

0101101
*
Ed
 1e-07 1 1 0
1  315 0 0 10.8620780000001
2  161 14 0 0 10.8620780000001
2  162 15 0 0 10.8620780000001
0

0101000
+627 0 -625 0 *
Ve
1e-07
2518.483626 2065.0413 0
0 0

0101101
*
Ed
 1e-07 1 1 0
1  316 0 0 3.33299500000021
2  163 14 0 0 3.33299500000021
2  164 15 0 0 3.33299500000021
0

0101000
+625 0 -623 0 *
Ve
1e-07
2519.323407 2065.0413 0
0 0

0101101
*
Ed
 1e-07 1 1 0
1  317 0 0 0.839780999999675
2  165 14 0 0 0.839780999999675
2  166 15 0 0 0.839780999999675
0

0101000
+623 0 -621 0 *
Ve
1e-07
2519.323407 2068.374295 0
0 0

0101101
*
Ed
 1e-07 1 1 0
1  318 0 0 3.33299500000021
2  167 14 0 0 3.33299500000021
2  168 15 0 0 3.33299500000021
0

0101000
+621 0 -619 0 *
Ve
1e-07
2523.700068 2068.374295 0
0 0

0101101
*
Ed
 1e-07 1 1 0
1  319 0 0 4.37666100000024
2  169 14 0 0 4.37666100000024
2  170 15 0 0 4.37666100000024
0

0101000
+619 0 -617 0 *
Ve
1e-07
2523.700068 2069.565499 0
0 0

0101101
*
Ed
 1e-07 1 1 0
1  320 0 0 1.19120399999974
2  171 14 0 0 1.19120399999974
2  172 15 0 0 1.19120399999974
0

0101000
+617 0 -615 0 *
Ve
1e-07
2509.13326 2069.565499 0
0 0

0101101
*
Ed
 1e-07 1 1 0
1  321 0 0 14.566808
2  173 14 0 0 14.566808
2  174 15 0 0 14.566808
0

0101000
+615 0 -613 0 *
Ve
1e-07
2509.13326 2075.925729 0
0 0

0101101
*
Ed
 1e-07 1 1 0
1  322 0 0 6.36023000000023
2  175 14 0 0 6.36023000000023
2  176 15 0 0 6.36023000000023
0

0101000
+613 0 -611 0 *
Ed
 1e-07 1 1 0
1  323 0 0 1.06760200000008
2  177 14 0 0 1.06760200000008
2  178 15 0 0 1.06760200000008
0

0101000
+611 0 -636 0 *
Wi

0101100
+634 0 +632 0 +630 0 +628 0 +626 0 +624 0 +622 0 +620 0 +618 0 +616 0 
+614 0 +612 0 +610 0 +609 0 *
Ve
1e-07
2503.118968 2084.559837 0
0 0

0101101
*
Ve
1e-07
2503.118968 2087.931475 0
0 0

0101101
*
Ed
 1e-07 1 1 0
1  324 0 0 3.37163800000008
2  179 16 0 0 3.37163800000008
2  180 17 0 0 3.37163800000008
0

0101000
+607 0 -606 0 *
Ve
1e-07
2499.46785 2087.931475 0
0 0

0101101
*
Ed
 1e-07 1 1 0
1  325 0 0 3.65111800000022
2  181 16 0 0 3.65111800000022
2  182 17 0 0 3.65111800000022
0

0101000
+606 0 -604 0 *
Ve
1e-07
2499.46785 2089.01016 0
0 0

0101101
*
Ed
 1e-07 1 1 0
1  326 0 0 1.07868499999995
2  183 16 0 0 1.07868499999995
2  184 17 0 0 1.07868499999995
0

0101000
+604 0 -602 0 *
Ve
1e-07
2498.534999 2089.01016 0
0 0

0101101
*
Ed
 1e-07 1 1 0
1  327 0 0 0.932851000000028
2  185 16 0 0 0.932851000000028
2  186 17 0 0 0.932851000000028
0

0101000
+602 0 -600 0 *
Ve
1e-07
2498.534999 2087.931475 0
0 0

0101101
*
Ed
 1e-07 1 1 0
1  328 0 0 1.07868499999995
2  187 16 0 0 1.07868499999995
2  188 17 0 0 1.07868499999995
0

0101000
+600 0 -598 0 *
Ve
1e-07
2484.164867 2087.931475 0
0 0

0101101
*
Ed
 1e-07 1 1 0
1  329 0 0 14.370132
2  189 16 0 0 14.370132
2  190 17 0 0 14.370132
0

0101000
+598 0 -596 0 *
Ve
1e-07
2484.164867 2086.841034 0
0 0

0101101
*
Ed
 1e-07 1 1 0
1  330 0 0 1.09044099999983
2  191 16 0 0 1.09044099999983
2  192 17 0 0 1.09044099999983
0

0101000
+596 0 -594 0 *
Ve
1e-07
2485.918434 2086.841034 0
0 0

0101101
*
Ed
 1e-07 1 1 0
1  331 0 0 1.7535670000002
2  193 16 0 0 1.7535670000002
2  194 17 0 0 1.7535670000002
0

0101000
+594 0 -592 0 *
Ve
1e-07
2485.918434 2067.099553 0
0 0

0101101
*
Ed
 1e-07 1 1 0
1  332 0 0 19.741481
2  195 16 0 0 19.741481
2  196 17 0 0 19.741481
0

0101000
+592 0 -590 0 *
Ve
1e-07
2484.164867 2067.099553 0
0 0

0101101
*
Ed
 1e-07 1 1 0
1  333 0 0 1.7535670000002
2  197 16 0 0 1.7535670000002
2  198 17 0 0 1.7535670000002
0

0101000
+590 0 -588 0 *
Ve
1e-07
2484.164867 2066.021538 0
0 0

0101101
*
Ed
 1e-07 1 1 0
1  334 0 0 1.07801500000005
2  199 16 0 0 1.07801500000005
2  200 17 0 0 1.07801500000005
0

0101000
+588 0 -586 0 *
Ve
1e-07
2502.696879 2066.021538 0
0 0

0101101
*
Ed
 1e-07 1 1 0
1  335 0 0 18.5320120000001
2  201 16 0 0 18.5320120000001
2  202 17 0 0 18.5320120000001
0

0101000
+586 0 -584 0 *
Ve
1e-07
2502.696879 2069.412605 0
0 0

0101101
*
Ed
 1e-07 1 1 0
1  336 0 0 3.39106700000002
2  203 16 0 0 3.39106700000002
2  204 17 0 0 3.39106700000002
0

0101000
+584 0 -582 0 *
Ve
1e-07
2503.615999 2076.96649 0
0 0

0101101
*
Ed
 1e-07 1 1 0
1  337 0 0 7.6095965837633
2  205 16 0 0 7.6095965837633
2  206 17 0 0 7.6095965837633
0

0101000
+582 0 -580 0 *
Ed
 1e-07 1 1 0
1  338 0 0 7.60959647270273
2  207 16 0 0 7.60959647270273
2  208 17 0 0 7.60959647270273
0

0101000
+580 0 -607 0 *
Wi

0101100
+605 0 +603 0 +601 0 +599 0 +597 0 +595 0 +593 0 +591 0 +589 0 +587 0 
+585 0 +583 0 +581 0 +579 0 +578 0 *
Ve
1e-07
2432.650634 2085.860912 0
0 0

0101101
*
Ve
1e-07
2432.650634 2084.559837 0
0 0

0101101
*
Ed
 1e-07 1 1 0
1  339 0 0 1.30107500000031
2  209 18 0 0 1.30107500000031
2  210 19 0 0 1.30107500000031
0

0101000
+576 0 -575 0 *
Ve
1e-07
2447.464707 2084.559837 0
0 0

0101101
*
Ed
 1e-07 1 1 0
1  340 0 0 14.814073
2  211 18 0 0 14.814073
2  212 19 0 0 14.814073
0

0101000
+575 0 -573 0 *
Ve
1e-07
2447.464707 2077.960338 0
0 0

0101101
*
Ed
 1e-07 1 1 0
1  341 0 0 6.59949899999992
2  213 18 0 0 6.59949899999992
2  214 19 0 0 6.59949899999992
0

0101000
+573 0 -571 0 *
Ve
1e-07
2448.227612 2077.960338 0
0 0

0101101
*
Ed
 1e-07 1 1 0
1  342 0 0 0.762905000000046
2  215 18 0 0 0.762905000000046
2  216 19 0 0 0.762905000000046
0

0101000
+571 0 -569 0 *
Ve
1e-07
2448.675406 2083.037523 0
0 0

0101101
*
Ed
 1e-07 1 1 0
1  343 0 0 5.09689385711158
2  217 18 0 0 5.09689385711158
2  218 19 0 0 5.09689385711158
0

0101000
+569 0 -567 0 *
Ve
1e-07
2450.099331 2087.931475 0
0 0

0101101
*
Ed
 1e-07 1 1 0
1  344 0 0 5.09689401340936
2  219 18 0 0 5.09689401340936
2  220 19 0 0 5.09689401340936
0

0101000
+567 0 -565 0 *
Ve
1e-07
2449.600234 2087.931475 0
0 0

0101101
*
Ed
 1e-07 1 1 0
1  345 0 0 0.499096999999892
2  221 18 0 0 0.499096999999892
2  222 19 0 0 0.499096999999892
0

0101000
+565 0 -563 0 *
Ve
1e-07
2449.600234 2089.01016 0
0 0

0101101
*
Ed
 1e-07 1 1 0
1  346 0 0 1.07868499999995
2  223 18 0 0 1.07868499999995
2  224 19 0 0 1.07868499999995
0

0101000
+563 0 -561 0 *
Ve
1e-07
2448.928091 2089.01016 0
0 0

0101101
*
Ed
 1e-07 1 1 0
1  347 0 0 0.672142999999778
2  225 18 0 0 0.672142999999778
2  226 19 0 0 0.672142999999778
0

0101000
+561 0 -559 0 *
Ve
1e-07
2448.928091 2085.860912 0
0 0

0101101
*
Ed
 1e-07 1 1 0
1  348 0 0 3.14924799999972
2  227 18 0 0 3.14924799999972
2  228 19 0 0 3.14924799999972
0

0101000
+559 0 -557 0 *
Ve
1e-07
2438.066014 2085.860912 0
0 0

0101101
*
Ed
 1e-07 1 1 0
1  349 0 0 10.8620770000002
2  229 18 0 0 10.8620770000002
2  230 19 0 0 10.8620770000002
0

0101000
+557 0 -555 0 *
Ve
1e-07
2438.066014 2089.193907 0
0 0

0101101
*
Ed
 1e-07 1 1 0
1  350 0 0 3.33299499999976
2  231 18 0 0 3.33299499999976
2  232 19 0 0 3.33299499999976
0

0101000
+555 0 -553 0 *
Ve
1e-07
2437.226233 2089.193907 0
0 0

0101101
*
Ed
 1e-07 1 1 0
1  351 0 0 0.83978100000013
2  233 18 0 0 0.83978100000013
2  234 19 0 0 0.83978100000013
0

0101000
+553 0 -551 0 *
Ve
1e-07
2437.226233 2085.860912 0
0 0

0101101
*
Ed
 1e-07 1 1 0
1  352 0 0 3.33299499999976
2  235 18 0 0 3.33299499999976
2  236 19 0 0 3.33299499999976
0

0101000
+551 0 -549 0 *
Ed
 1e-07 1 1 0
1  353 0 0 4.57559899999978
2  237 18 0 0 4.57559899999978
2  238 19 0 0 4.57559899999978
0

0101000
+549 0 -576 0 *
Wi

0101100
+574 0 +572 0 +570 0 +568 0 +566 0 +564 0 +562 0 +560 0 +558 0 +556 0 
+554 0 +552 0 +550 0 +548 0 +547 0 *
Ve
1e-07
2453.515407 2084.559837 0
0 0

0101101
*
Ve
1e-07
2452.62395 2076.984538 0
0 0

0101101
*
Ed
 1e-07 1 1 0
1  354 0 0 7.62757173170098
2  239 20 0 0 7.62757173170098
2  240 21 0 0 7.62757173170098
0

0101000
+545 0 -544 0 *
Ve
1e-07
2453.543569 2069.412605 0
0 0

0101101
*
Ed
 1e-07 1 1 0
1  355 0 0 7.62757290765891
2  241 20 0 0 7.62757290765891
2  242 21 0 0 7.62757290765891
0

0101000
+544 0 -542 0 *
Ve
1e-07
2453.543569 2066.021538 0
0 0

0101101
*
Ed
 1e-07 1 1 0
1  356 0 0 3.39106700000002
2  243 20 0 0 3.39106700000002
2  244 21 0 0 3.39106700000002
0

0101000
+542 0 -540 0 *
Ve
1e-07
2472.21501 2066.021538 0
0 0

0101101
*
Ed
 1e-07 1 1 0
1  357 0 0 18.671441
2  245 20 0 0 18.671441
2  246 21 0 0 18.671441
0

0101000
+540 0 -538 0 *
Ve
1e-07
2472.21501 2067.099553 0
0 0

0101101
*
Ed
 1e-07 1 1 0
1  358 0 0 1.07801500000005
2  247 20 0 0 1.07801500000005
2  248 21 0 0 1.07801500000005
0

0101000
+538 0 -536 0 *
Ve
1e-07
2470.62907 2067.099553 0
0 0

0101101
*
Ed
 1e-07 1 1 0
1  359 0 0 1.58593999999994
2  249 20 0 0 1.58593999999994
2  250 21 0 0 1.58593999999994
0

0101000
+536 0 -534 0 *
Ve
1e-07
2470.62907 2086.841034 0
0 0

0101101
*
Ed
 1e-07 1 1 0
1  360 0 0 19.741481
2  251 20 0 0 19.741481
2  252 21 0 0 19.741481
0

0101000
+534 0 -532 0 *
Ve
1e-07
2472.105884 2086.841034 0
0 0

0101101
*
Ed
 1e-07 1 1 0
1  361 0 0 1.4768140000001
2  253 20 0 0 1.4768140000001
2  254 21 0 0 1.4768140000001
0

0101000
+532 0 -530 0 *
Ve
1e-07
2472.105884 2087.931475 0
0 0

0101101
*
Ed
 1e-07 1 1 0
1  362 0 0 1.09044099999983
2  255 20 0 0 1.09044099999983
2  256 21 0 0 1.09044099999983
0

0101000
+530 0 -528 0 *
Ve
1e-07
2458.062332 2087.931475 0
0 0

0101101
*
Ed
 1e-07 1 1 0
1  363 0 0 14.0435520000001
2  257 20 0 0 14.0435520000001
2  258 21 0 0 14.0435520000001
0

0101000
+528 0 -526 0 *
Ve
1e-07
2458.062332 2089.01016 0
0 0

0101101
*
Ed
 1e-07 1 1 0
1  364 0 0 1.07868499999995
2  259 20 0 0 1.07868499999995
2  260 21 0 0 1.07868499999995
0

0101000
+526 0 -524 0 *
Ve
1e-07
2456.985338 2089.01016 0
0 0

0101101
*
Ed
 1e-07 1 1 0
1  365 0 0 1.07699400000001
2  261 20 0 0 1.07699400000001
2  262 21 0 0 1.07699400000001
0

0101000
+524 0 -522 0 *
Ve
1e-07
2456.985338 2087.931475 0
0 0

0101101
*
Ed
 1e-07 1 1 0
1  366 0 0 1.07868499999995
2  263 20 0 0 1.07868499999995
2  264 21 0 0 1.07868499999995
0

0101000
+522 0 -520 0 *
Ve
1e-07
2453.515407 2087.931475 0
0 0

0101101
*
Ed
 1e-07 1 1 0
1  367 0 0 3.46993100000009
2  265 20 0 0 3.46993100000009
2  266 21 0 0 3.46993100000009
0

0101000
+520 0 -518 0 *
Ed
 1e-07 1 1 0
1  368 0 0 3.37163800000008
2  267 20 0 0 3.37163800000008
2  268 21 0 0 3.37163800000008
0

0101000
+518 0 -545 0 *
Wi

0101100
+543 0 +541 0 +539 0 +537 0 +535 0 +533 0 +531 0 +529 0 +527 0 +525 0 
+523 0 +521 0 +519 0 +517 0 +516 0 *
Ve
1e-07
2448.326498 2075.925729 0
0 0

0101101
*
Ve
1e-07
2447.464707 2075.925729 0
0 0

0101101
*
Ed
 1e-07 1 1 0
1  369 0 0 0.861790999999812
2  269 22 0 0 0.861790999999812
2  270 23 0 0 0.861790999999812
0

0101000
+514 0 -513 0 *
Ve
1e-07
2447.464707 2069.412605 0
0 0

0101101
*
Ed
 1e-07 1 1 0
1  370 0 0 6.51312400000006
2  271 22 0 0 6.51312400000006
2  272 23 0 0 6.51312400000006
0

0101000
+513 0 -511 0 *
Ve
1e-07
2432.650634 2069.412605 0
0 0

0101101
*
Ed
 1e-07 1 1 0
1  371 0 0 14.814073
2  273 22 0 0 14.814073
2  274 23 0 0 14.814073
0

0101000
+511 0 -509 0 *
Ve
1e-07
2432.650634 2068.374295 0
0 0

0101101
*
Ed
 1e-07 1 1 0
1  372 0 0 1.03830999999991
2  275 22 0 0 1.03830999999991
2  276 23 0 0 1.03830999999991
0

0101000
+509 0 -507 0 *
Ve
1e-07
2437.226233 2068.374295 0
0 0

0101101
*
Ed
 1e-07 1 1 0
1  373 0 0 4.57559899999978
2  277 22 0 0 4.57559899999978
2  278 23 0 0 4.57559899999978
0

0101000
+507 0 -505 0 *
Ve
1e-07
2437.226233 2065.0413 0
0 0

0101101
*
Ed
 1e-07 1 1 0
1  374 0 0 3.33299500000021
2  279 22 0 0 3.33299500000021
2  280 23 0 0 3.33299500000021
0

0101000
+505 0 -503 0 *
Ve
1e-07
2438.066014 2065.0413 0
0 0

0101101
*
Ed
 1e-07 1 1 0
1  375 0 0 0.83978100000013
2  281 22 0 0 0.83978100000013
2  282 23 0 0 0.83978100000013
0

0101000
+503 0 -501 0 *
Ve
1e-07
2438.066014 2068.374295 0
0 0

0101101
*
Ed
 1e-07 1 1 0
1  376 0 0 3.33299500000021
2  283 22 0 0 3.33299500000021
2  284 23 0 0 3.33299500000021
0

0101000
+501 0 -499 0 *
Ve
1e-07
2448.928091 2068.374295 0
0 0

0101101
*
Ed
 1e-07 1 1 0
1  377 0 0 10.8620770000002
2  285 22 0 0 10.8620770000002
2  286 23 0 0 10.8620770000002
0

0101000
+499 0 -497 0 *
Ve
1e-07
2448.928091 2065.0413 0
0 0

0101101
*
Ed
 1e-07 1 1 0
1  378 0 0 3.33299500000021
2  287 22 0 0 3.33299500000021
2  288 23 0 0 3.33299500000021
0

0101000
+497 0 -495 0 *
Ve
1e-07
2449.750875 2065.0413 0
0 0

0101101
*
Ed
 1e-07 1 1 0
1  379 0 0 0.822783999999956
2  289 22 0 0 0.822783999999956
2  290 23 0 0 0.822783999999956
0

0101000
+495 0 -493 0 *
Ve
1e-07
2449.750875 2069.412605 0
0 0

0101101
*
Ed
 1e-07 1 1 0
1  380 0 0 4.37130500000012
2  291 22 0 0 4.37130500000012
2  292 23 0 0 4.37130500000012
0

0101000
+493 0 -491 0 *
Ve
1e-07
2448.830322 2072.623599 0
0 0

0101101
*
Ed
 1e-07 1 1 0
1  381 0 0 3.34034433761639
2  293 22 0 0 3.34034433761639
2  294 23 0 0 3.34034433761639
0

0101000
+491 0 -489 0 *
Ed
 1e-07 1 1 0
1  382 0 0 3.34034446724827
2  295 22 0 0 3.34034446724827
2  296 23 0 0 3.34034446724827
0

0101000
+489 0 -514 0 *
Wi

0101100
+512 0 +510 0 +508 0 +506 0 +504 0 +502 0 +500 0 +498 0 +496 0 +494 0 
+492 0 +490 0 +488 0 +487 0 *
Ve
1e-07
2474.130648 2103.853201 0
0 0

0101101
*
Ve
1e-07
2474.130648 2103.059895 0
0 0

0101101
*
Ed
 1e-07 1 1 0
1  383 0 0 0.79330600000003
2  297 24 0 0 0.79330600000003
2  298 25 0 0 0.79330600000003
0

0101000
+485 0 -484 0 *
Ve
1e-07
2476.355074 2103.059895 0
0 0

0101101
*
Ed
 1e-07 1 1 0
1  384 0 0 2.22442600000022
2  299 24 0 0 2.22442600000022
2  300 25 0 0 2.22442600000022
0

0101000
+484 0 -482 0 *
Ve
1e-07
2476.355074 2103.853201 0
0 0

0101101
*
Ed
 1e-07 1 1 0
1  385 0 0 0.79330600000003
2  301 24 0 0 0.79330600000003
2  302 25 0 0 0.79330600000003
0

0101000
+482 0 -480 0 *
Ed
 1e-07 1 1 0
1  386 0 0 2.22442600000022
2  303 24 0 0 2.22442600000022
2  304 25 0 0 2.22442600000022
0

0101000
+480 0 -485 0 *
Wi

0101100
+483 0 +481 0 +479 0 +478 0 *
Ve
1e-07
2480.003133 2103.853201 0
0 0

0101101
*
Ve
1e-07
2480.003133 2103.059895 0
0 0

0101101
*
Ed
 1e-07 1 1 0
1  387 0 0 0.79330600000003
2  305 26 0 0 0.79330600000003
2  306 27 0 0 0.79330600000003
0

0101000
+476 0 -475 0 *
Ve
1e-07
2482.227559 2103.059895 0
0 0

0101101
*
Ed
 1e-07 1 1 0
1  388 0 0 2.22442599999977
2  307 26 0 0 2.22442599999977
2  308 27 0 0 2.22442599999977
0

0101000
+475 0 -473 0 *
Ve
1e-07
2482.227559 2103.853201 0
0 0

0101101
*
Ed
 1e-07 1 1 0
1  389 0 0 0.79330600000003
2  309 26 0 0 0.79330600000003
2  310 27 0 0 0.79330600000003
0

0101000
+473 0 -471 0 *
Ed
 1e-07 1 1 0
1  390 0 0 2.22442599999977
2  311 26 0 0 2.22442599999977
2  312 27 0 0 2.22442599999977
0

0101000
+471 0 -476 0 *
Wi

0101100
+474 0 +472 0 +470 0 +469 0 *
Ve
1e-07
2506.715381 2090.793456 0
0 0

0101101
*
Ve
1e-07
2507.621548 2090.793456 0
0 0

0101101
*
Ed
 1e-07 1 1 0
1  391 0 0 0.906167000000096
2  313 28 0 0 0.906167000000096
2  314 29 0 0 0.906167000000096
0

0101000
+467 0 -466 0 *
Ve
1e-07
2507.621548 2094.2908 0
0 0

0101101
*
Ed
 1e-07 1 1 0
1  392 0 0 3.49734400000034
2  315 28 0 0 3.49734400000034
2  316 29 0 0 3.49734400000034
0

0101000
+466 0 -464 0 *
Ve
1e-07
2518.483626 2094.2908 0
0 0

0101101
*
Ed
 1e-07 1 1 0
1  393 0 0 10.8620780000001
2  317 28 0 0 10.8620780000001
2  318 29 0 0 10.8620780000001
0

0101000
+464 0 -462 0 *
Ve
1e-07
2518.483626 2090.697932 0
0 0

0101101
*
Ed
 1e-07 1 1 0
1  394 0 0 3.59286800000018
2  319 28 0 0 3.59286800000018
2  320 29 0 0 3.59286800000018
0

0101000
+462 0 -460 0 *
Ve
1e-07
2519.323407 2090.697932 0
0 0

0101101
*
Ed
 1e-07 1 1 0
1  395 0 0 0.839780999999675
2  321 28 0 0 0.839780999999675
2  322 29 0 0 0.839780999999675
0

0101000
+460 0 -458 0 *
Ve
1e-07
2519.323407 2094.2908 0
0 0

0101101
*
Ed
 1e-07 1 1 0
1  396 0 0 3.59286800000018
2  323 28 0 0 3.59286800000018
2  324 29 0 0 3.59286800000018
0

0101000
+458 0 -456 0 *
Ve
1e-07
2530.185484 2094.2908 0
0 0

0101101
*
Ed
 1e-07 1 1 0
1  397 0 0 10.8620770000002
2  325 28 0 0 10.8620770000002
2  326 29 0 0 10.8620770000002
0

0101000
+456 0 -454 0 *
Ve
1e-07
2530.185484 2090.697932 0
0 0

0101101
*
Ed
 1e-07 1 1 0
1  398 0 0 3.59286800000018
2  327 28 0 0 3.59286800000018
2  328 29 0 0 3.59286800000018
0

0101000
+454 0 -452 0 *
Ve
1e-07
2531.025266 2090.697932 0
0 0

0101101
*
Ed
 1e-07 1 1 0
1  399 0 0 0.839782000000014
2  329 28 0 0 0.839782000000014
2  330 29 0 0 0.839782000000014
0

0101000
+452 0 -450 0 *
Ve
1e-07
2531.025266 2094.2908 0
0 0

0101101
*
Ed
 1e-07 1 1 0
1  400 0 0 3.59286800000018
2  331 28 0 0 3.59286800000018
2  332 29 0 0 3.59286800000018
0

0101000
+450 0 -448 0 *
Ve
1e-07
2541.887343 2094.2908 0
0 0

0101101
*
Ed
 1e-07 1 1 0
1  401 0 0 10.8620769999998
2  333 28 0 0 10.8620769999998
2  334 29 0 0 10.8620769999998
0

0101000
+448 0 -446 0 *
Ve
1e-07
2541.887343 2090.697932 0
0 0

0101101
*
Ed
 1e-07 1 1 0
1  402 0 0 3.59286800000018
2  335 28 0 0 3.59286800000018
2  336 29 0 0 3.59286800000018
0

0101000
+446 0 -444 0 *
Ve
1e-07
2542.992896 2090.697932 0
0 0

0101101
*
Ed
 1e-07 1 1 0
1  403 0 0 1.10555300000033
2  337 28 0 0 1.10555300000033
2  338 29 0 0 1.10555300000033
0

0101000
+444 0 -442 0 *
Ve
1e-07
2542.992896 2095.863521 0
0 0

0101101
*
Ed
 1e-07 1 1 0
1  404 0 0 5.16558900000018
2  339 28 0 0 5.16558900000018
2  340 29 0 0 5.16558900000018
0

0101000
+442 0 -440 0 *
Ve
1e-07
2544.974932 2095.863521 0
0 0

0101101
*
Ed
 1e-07 1 1 0
1  405 0 0 1.98203599999988
2  341 28 0 0 1.98203599999988
2  342 29 0 0 1.98203599999988
0

0101000
+440 0 -438 0 *
Ve
1e-07
2544.974932 2103.853201 0
0 0

0101101
*
Ed
 1e-07 1 1 0
1  406 0 0 7.98967999999968
2  343 28 0 0 7.98967999999968
2  344 29 0 0 7.98967999999968
0

0101000
+438 0 -436 0 *
Ve
1e-07
2485.435292 2103.853201 0
0 0

0101101
*
Ed
 1e-07 1 1 0
1  407 0 0 59.53964
2  345 28 0 0 59.53964
2  346 29 0 0 59.53964
0

0101000
+436 0 -434 0 *
Ve
1e-07
2485.435292 2103.059895 0
0 0

0101101
*
Ed
 1e-07 1 1 0
1  408 0 0 0.79330600000003
2  347 28 0 0 0.79330600000003
2  348 29 0 0 0.79330600000003
0

0101000
+434 0 -432 0 *
Ve
1e-07
2498.534999 2103.059895 0
0 0

0101101
*
Ed
 1e-07 1 1 0
1  409 0 0 13.0997069999999
2  349 28 0 0 13.0997069999999
2  350 29 0 0 13.0997069999999
0

0101000
+432 0 -430 0 *
Ve
1e-07
2498.534999 2090.793456 0
0 0

0101101
*
Ed
 1e-07 1 1 0
1  410 0 0 12.266439
2  351 28 0 0 12.266439
2  352 29 0 0 12.266439
0

0101000
+430 0 -428 0 *
Ve
1e-07
2499.46785 2090.793456 0
0 0

0101101
*
Ed
 1e-07 1 1 0
1  411 0 0 0.932851000000028
2  353 28 0 0 0.932851000000028
2  354 29 0 0 0.932851000000028
0

0101000
+428 0 -426 0 *
Ve
1e-07
2499.46785 2096.097031 0
0 0

0101101
*
Ed
 1e-07 1 1 0
1  412 0 0 5.30357499999991
2  355 28 0 0 5.30357499999991
2  356 29 0 0 5.30357499999991
0

0101000
+426 0 -424 0 *
Ve
1e-07
2506.715381 2096.097031 0
0 0

0101101
*
Ed
 1e-07 1 1 0
1  413 0 0 7.24753099999998
2  357 28 0 0 7.24753099999998
2  358 29 0 0 7.24753099999998
0

0101000
+424 0 -422 0 *
Ed
 1e-07 1 1 0
1  414 0 0 5.30357499999991
2  359 28 0 0 5.30357499999991
2  360 29 0 0 5.30357499999991
0

0101000
+422 0 -467 0 *
Wi

0101100
+465 0 +463 0 +461 0 +459 0 +457 0 +455 0 +453 0 +451 0 +449 0 +447 0 
+445 0 +443 0 +441 0 +439 0 +437 0 +435 0 +433 0 +431 0 +429 0 +427 0 
+425 0 +423 0 +421 0 +420 0 *
Ve
1e-07
2552.82818 2112.074097 0
0 0

0101101
*
Ve
1e-07
2547.281243 2112.074097 0
0 0

0101101
*
Ed
 1e-07 1 1 0
1  415 0 0 5.54693700000007
2  361 30 0 0 5.54693700000007
2  362 31 0 0 5.54693700000007
0

0101000
+418 0 -417 0 *
Ve
1e-07
2547.281243 2110.83927 0
0 0

0101101
*
Ed
 1e-07 1 1 0
1  416 0 0 1.23482700000022
2  363 30 0 0 1.23482700000022
2  364 31 0 0 1.23482700000022
0

0101000
+417 0 -415 0 *
Ve
1e-07
2552.82818 2110.83927 0
0 0

0101101
*
Ed
 1e-07 1 1 0
1  417 0 0 5.54693700000007
2  365 30 0 0 5.54693700000007
2  366 31 0 0 5.54693700000007
0

0101000
+415 0 -413 0 *
Ve
1e-07
2552.82818 2107.212764 0
0 0

0101101
*
Ed
 1e-07 1 1 0
1  418 0 0 3.62650600000006
2  367 30 0 0 3.62650600000006
2  368 31 0 0 3.62650600000006
0

0101000
+413 0 -411 0 *
Ve
1e-07
2553.949031 2107.212764 0
0 0

0101101
*
Ed
 1e-07 1 1 0
1  419 0 0 1.12085100000013
2  369 30 0 0 1.12085100000013
2  370 31 0 0 1.12085100000013
0

0101000
+411 0 -409 0 *
Ve
1e-07
2553.949031 2109.488212 0
0 0

0101101
*
Ed
 1e-07 1 1 0
1  420 0 0 2.27544800000032
2  371 30 0 0 2.27544800000032
2  372 31 0 0 2.27544800000032
0

0101000
+409 0 -407 0 *
Ve
1e-07
2556.702514 2109.488212 0
0 0

0101101
*
Ed
 1e-07 1 1 0
1  421 0 0 2.75348299999996
2  373 30 0 0 2.75348299999996
2  374 31 0 0 2.75348299999996
0

0101000
+407 0 -405 0 *
Ve
1e-07
2556.702514 2110.43118 0
0 0

0101101
*
Ed
 1e-07 1 1 0
1  422 0 0 0.942967999999837
2  375 30 0 0 0.942967999999837
2  376 31 0 0 0.942967999999837
0

0101000
+405 0 -403 0 *
Ve
1e-07
2553.949031 2110.43118 0
0 0

0101101
*
Ed
 1e-07 1 1 0
1  423 0 0 2.75348299999996
2  377 30 0 0 2.75348299999996
2  378 31 0 0 2.75348299999996
0

0101000
+403 0 -401 0 *
Ve
1e-07
2553.949031 2112.745741 0
0 0

0101101
*
Ed
 1e-07 1 1 0
1  424 0 0 2.31456100000014
2  379 30 0 0 2.31456100000014
2  380 31 0 0 2.31456100000014
0

0101000
+401 0 -399 0 *
Ve
1e-07
2552.82818 2112.745741 0
0 0

0101101
*
Ed
 1e-07 1 1 0
1  425 0 0 1.12085100000013
2  381 30 0 0 1.12085100000013
2  382 31 0 0 1.12085100000013
0

0101000
+399 0 -397 0 *
Ed
 1e-07 1 1 0
1  426 0 0 0.671644000000015
2  383 30 0 0 0.671644000000015
2  384 31 0 0 0.671644000000015
0

0101000
+397 0 -418 0 *
Wi

0101100
+416 0 +414 0 +412 0 +410 0 +408 0 +406 0 +404 0 +402 0 +400 0 +398 0 
+396 0 +395 0 *
Ve
1e-07
2553.949031 2123.880811 0
0 0

0101101
*
Ve
1e-07
2552.82818 2123.880811 0
0 0

0101101
*
Ed
 1e-07 1 1 0
1  427 0 0 1.12085100000013
2  385 32 0 0 1.12085100000013
2  386 33 0 0 1.12085100000013
0

0101000
+393 0 -392 0 *
Ve
1e-07
2552.82818 2114.590424 0
0 0

0101101
*
Ed
 1e-07 1 1 0
1  428 0 0 9.29038700000001
2  387 32 0 0 9.29038700000001
2  388 33 0 0 9.29038700000001
0

0101000
+392 0 -390 0 *
Ve
1e-07
2553.949031 2114.590424 0
0 0

0101101
*
Ed
 1e-07 1 1 0
1  429 0 0 1.12085100000013
2  389 32 0 0 1.12085100000013
2  390 33 0 0 1.12085100000013
0

0101000
+390 0 -388 0 *
Ed
 1e-07 1 1 0
1  430 0 0 9.29038700000001
2  391 32 0 0 9.29038700000001
2  392 33 0 0 9.29038700000001
0

0101000
+388 0 -393 0 *
Wi

0101100
+391 0 +389 0 +387 0 +386 0 *
Ve
1e-07
2539.231324 2110.945259 0
0 0

0101101
*
Ve
1e-07
2544.99393 2110.945259 0
0 0

0101101
*
Ed
 1e-07 1 1 0
1  431 0 0 5.76260600000023
2  393 34 0 0 5.76260600000023
2  394 35 0 0 5.76260600000023
0

0101000
+384 0 -383 0 *
Ve
1e-07
2544.99393 2112.074097 0
0 0

0101101
*
Ed
 1e-07 1 1 0
1  432 0 0 1.12883800000009
2  395 34 0 0 1.12883800000009
2  396 35 0 0 1.12883800000009
0

0101000
+383 0 -381 0 *
Ve
1e-07
2539.231324 2112.074097 0
0 0

0101101
*
Ed
 1e-07 1 1 0
1  433 0 0 5.76260600000023
2  397 34 0 0 5.76260600000023
2  398 35 0 0 5.76260600000023
0

0101000
+381 0 -379 0 *
Ve
1e-07
2539.231324 2117.535731 0
0 0

0101101
*
Ed
 1e-07 1 1 0
1  434 0 0 5.46163399999978
2  399 34 0 0 5.46163399999978
2  400 35 0 0 5.46163399999978
0

0101000
+379 0 -377 0 *
Ve
1e-07
2537.875417 2117.535731 0
0 0

0101101
*
Ed
 1e-07 1 1 0
1  435 0 0 1.35590699999966
2  401 34 0 0 1.35590699999966
2  402 35 0 0 1.35590699999966
0

0101000
+377 0 -375 0 *
Ve
1e-07
2537.875417 2115.804846 0
0 0

0101101
*
Ed
 1e-07 1 1 0
1  436 0 0 1.73088499999994
2  403 34 0 0 1.73088499999994
2  404 35 0 0 1.73088499999994
0

0101000
+375 0 -373 0 *
Ve
1e-07
2534.033681 2115.804846 0
0 0

0101101
*
Ed
 1e-07 1 1 0
1  437 0 0 3.84173600000031
2  405 34 0 0 3.84173600000031
2  406 35 0 0 3.84173600000031
0

0101000
+373 0 -371 0 *
Ve
1e-07
2534.033681 2114.450597 0
0 0

0101101
*
Ed
 1e-07 1 1 0
1  438 0 0 1.35424899999998
2  407 34 0 0 1.35424899999998
2  408 35 0 0 1.35424899999998
0

0101000
+371 0 -369 0 *
Ve
1e-07
2537.875417 2114.450597 0
0 0

0101101
*
Ed
 1e-07 1 1 0
1  439 0 0 3.84173600000031
2  409 34 0 0 3.84173600000031
2  410 35 0 0 3.84173600000031
0

0101000
+369 0 -367 0 *
Ve
1e-07
2537.875417 2107.227942 0
0 0

0101101
*
Ed
 1e-07 1 1 0
1  440 0 0 7.22265500000003
2  411 34 0 0 7.22265500000003
2  412 35 0 0 7.22265500000003
0

0101000
+367 0 -365 0 *
Ve
1e-07
2539.231324 2107.227942 0
0 0

0101101
*
Ed
 1e-07 1 1 0
1  441 0 0 1.35590699999966
2  413 34 0 0 1.35590699999966
2  414 35 0 0 1.35590699999966
0

0101000
+365 0 -363 0 *
Ed
 1e-07 1 1 0
1  442 0 0 3.71731700000009
2  415 34 0 0 3.71731700000009
2  416 35 0 0 3.71731700000009
0

0101000
+363 0 -384 0 *
Wi

0101100
+382 0 +380 0 +378 0 +376 0 +374 0 +372 0 +370 0 +368 0 +366 0 +364 0 
+362 0 +361 0 *
Ve
1e-07
2552.82818 2126.751683 0
0 0

0101101
*
Ve
1e-07
2552.82818 2126.067236 0
0 0

0101101
*
Ed
 1e-07 1 1 0
1  443 0 0 0.684447000000091
2  417 36 0 0 0.684447000000091
2  418 37 0 0 0.684447000000091
0

0101000
+359 0 -358 0 *
Ve
1e-07
2553.949031 2126.067236 0
0 0

0101101
*
Ed
 1e-07 1 1 0
1  444 0 0 1.12085100000013
2  419 36 0 0 1.12085100000013
2  420 37 0 0 1.12085100000013
0

0101000
+358 0 -356 0 *
Ve
1e-07
2553.949031 2128.376162 0
0 0

0101101
*
Ed
 1e-07 1 1 0
1  445 0 0 2.30892600000016
2  421 36 0 0 2.30892600000016
2  422 37 0 0 2.30892600000016
0

0101000
+356 0 -354 0 *
Ve
1e-07
2556.611052 2128.376162 0
0 0

0101101
*
Ed
 1e-07 1 1 0
1  446 0 0 2.6620210000001
2  423 36 0 0 2.6620210000001
2  424 37 0 0 2.6620210000001
0

0101000
+354 0 -352 0 *
Ve
1e-07
2556.611052 2129.215772 0
0 0

0101101
*
Ed
 1e-07 1 1 0
1  447 0 0 0.839609999999993
2  425 36 0 0 0.839609999999993
2  426 37 0 0 0.839609999999993
0

0101000
+352 0 -350 0 *
Ve
1e-07
2553.949031 2129.215772 0
0 0

0101101
*
Ed
 1e-07 1 1 0
1  448 0 0 2.6620210000001
2  427 36 0 0 2.6620210000001
2  428 37 0 0 2.6620210000001
0

0101000
+350 0 -348 0 *
Ve
1e-07
2553.949031 2131.314796 0
0 0

0101101
*
Ed
 1e-07 1 1 0
1  449 0 0 2.0990240000001
2  429 36 0 0 2.0990240000001
2  430 37 0 0 2.0990240000001
0

0101000
+348 0 -346 0 *
Ve
1e-07
2552.82818 2131.314796 0
0 0

0101101
*
Ed
 1e-07 1 1 0
1  450 0 0 1.12085100000013
2  431 36 0 0 1.12085100000013
2  432 37 0 0 1.12085100000013
0

0101000
+346 0 -344 0 *
Ve
1e-07
2552.82818 2127.636591 0
0 0

0101101
*
Ed
 1e-07 1 1 0
1  451 0 0 3.67820500000016
2  433 36 0 0 3.67820500000016
2  434 37 0 0 3.67820500000016
0

0101000
+344 0 -342 0 *
Ve
1e-07
2547.223926 2127.636591 0
0 0

0101101
*
Ed
 1e-07 1 1 0
1  452 0 0 5.60425399999986
2  435 36 0 0 5.60425399999986
2  436 37 0 0 5.60425399999986
0

0101000
+342 0 -340 0 *
Ve
1e-07
2547.223926 2126.751683 0
0 0

0101101
*
Ed
 1e-07 1 1 0
1  453 0 0 0.884907999999996
2  437 36 0 0 0.884907999999996
2  438 37 0 0 0.884907999999996
0

0101000
+340 0 -338 0 *
Ed
 1e-07 1 1 0
1  454 0 0 5.60425399999986
2  439 36 0 0 5.60425399999986
2  440 37 0 0 5.60425399999986
0

0101000
+338 0 -359 0 *
Wi

0101100
+357 0 +355 0 +353 0 +351 0 +349 0 +347 0 +345 0 +343 0 +341 0 +339 0 
+337 0 +336 0 *
Ve
1e-07
2539.231324 2127.636591 0
0 0

0101101
*
Ve
1e-07
2539.231324 2131.247918 0
0 0

0101101
*
Ed
 1e-07 1 1 0
1  455 0 0 3.61132700000007
2  441 38 0 0 3.61132700000007
2  442 39 0 0 3.61132700000007
0

0101000
+334 0 -333 0 *
Ve
1e-07
2537.875417 2131.247918 0
0 0

0101101
*
Ed
 1e-07 1 1 0
1  456 0 0 1.35590699999966
2  443 38 0 0 1.35590699999966
2  444 39 0 0 1.35590699999966
0

0101000
+333 0 -331 0 *
Ve
1e-07
2537.875417 2124.164024 0
0 0

0101101
*
Ed
 1e-07 1 1 0
1  457 0 0 7.08389399999987
2  445 38 0 0 7.08389399999987
2  446 39 0 0 7.08389399999987
0

0101000
+331 0 -329 0 *
Ve
1e-07
2534.033681 2124.164024 0
0 0

0101101
*
Ed
 1e-07 1 1 0
1  458 0 0 3.84173600000031
2  447 38 0 0 3.84173600000031
2  448 39 0 0 3.84173600000031
0

0101000
+329 0 -327 0 *
Ve
1e-07
2534.033681 2123.036771 0
0 0

0101101
*
Ed
 1e-07 1 1 0
1  459 0 0 1.12725300000011
2  449 38 0 0 1.12725300000011
2  450 39 0 0 1.12725300000011
0

0101000
+327 0 -325 0 *
Ve
1e-07
2537.875417 2123.036771 0
0 0

0101101
*
Ed
 1e-07 1 1 0
1  460 0 0 3.84173600000031
2  451 38 0 0 3.84173600000031
2  452 39 0 0 3.84173600000031
0

0101000
+325 0 -323 0 *
Ve
1e-07
2537.875417 2120.657567 0
0 0

0101101
*
Ed
 1e-07 1 1 0
1  461 0 0 2.37920399999985
2  453 38 0 0 2.37920399999985
2  454 39 0 0 2.37920399999985
0

0101000
+323 0 -321 0 *
Ve
1e-07
2539.231324 2120.657567 0
0 0

0101101
*
Ed
 1e-07 1 1 0
1  462 0 0 1.35590699999966
2  455 38 0 0 1.35590699999966
2  456 39 0 0 1.35590699999966
0

0101000
+321 0 -319 0 *
Ve
1e-07
2539.231324 2126.751683 0
0 0

0101101
*
Ed
 1e-07 1 1 0
1  463 0 0 6.09411599999976
2  457 38 0 0 6.09411599999976
2  458 39 0 0 6.09411599999976
0

0101000
+319 0 -317 0 *
Ve
1e-07
2544.99393 2126.751683 0
0 0

0101101
*
Ed
 1e-07 1 1 0
1  464 0 0 5.76260600000023
2  459 38 0 0 5.76260600000023
2  460 39 0 0 5.76260600000023
0

0101000
+317 0 -315 0 *
Ve
1e-07
2544.99393 2127.636591 0
0 0

0101101
*
Ed
 1e-07 1 1 0
1  465 0 0 0.884907999999996
2  461 38 0 0 0.884907999999996
2  462 39 0 0 0.884907999999996
0

0101000
+315 0 -313 0 *
Ed
 1e-07 1 1 0
1  466 0 0 5.76260600000023
2  463 38 0 0 5.76260600000023
2  464 39 0 0 5.76260600000023
0

0101000
+313 0 -334 0 *
Wi

0101100
+332 0 +330 0 +328 0 +326 0 +324 0 +322 0 +320 0 +318 0 +316 0 +314 0 
+312 0 +311 0 *
Ve
1e-07
2510.192316 2115.649624 0
0 0

0101101
*
Ve
1e-07
2506.91554 2115.649624 0
0 0

0101101
*
Ed
 1e-07 1 1 0
1  467 0 0 3.27677600000015
2  465 40 0 0 3.27677600000015
2  466 41 0 0 3.27677600000015
0

0101000
+309 0 -308 0 *
Ve
1e-07
2506.91554 2114.656394 0
0 0

0101101
*
Ed
 1e-07 1 1 0
1  468 0 0 0.99323000000004
2  467 40 0 0 0.99323000000004
2  468 41 0 0 0.99323000000004
0

0101000
+308 0 -306 0 *
Ve
1e-07
2510.192316 2114.656394 0
0 0

0101101
*
Ed
 1e-07 1 1 0
1  469 0 0 3.27677600000015
2  469 40 0 0 3.27677600000015
2  470 41 0 0 3.27677600000015
0

0101000
+306 0 -304 0 *
Ve
1e-07
2510.192316 2107.227942 0
0 0

0101101
*
Ed
 1e-07 1 1 0
1  470 0 0 7.42845200000011
2  471 40 0 0 7.42845200000011
2  472 41 0 0 7.42845200000011
0

0101000
+304 0 -302 0 *
Ve
1e-07
2511.548223 2107.227942 0
0 0

0101101
*
Ed
 1e-07 1 1 0
1  471 0 0 1.35590699999966
2  473 40 0 0 1.35590699999966
2  474 41 0 0 1.35590699999966
0

0101000
+302 0 -300 0 *
Ve
1e-07
2511.548223 2117.610509 0
0 0

0101101
*
Ed
 1e-07 1 1 0
1  472 0 0 10.3825670000001
2  475 40 0 0 10.3825670000001
2  476 41 0 0 10.3825670000001
0

0101000
+300 0 -298 0 *
Ve
1e-07
2510.192316 2117.610509 0
0 0

0101101
*
Ed
 1e-07 1 1 0
1  473 0 0 1.35590699999966
2  477 40 0 0 1.35590699999966
2  478 41 0 0 1.35590699999966
0

0101000
+298 0 -296 0 *
Ed
 1e-07 1 1 0
1  474 0 0 1.96088499999996
2  479 40 0 0 1.96088499999996
2  480 41 0 0 1.96088499999996
0

0101000
+296 0 -309 0 *
Wi

0101100
+307 0 +305 0 +303 0 +301 0 +299 0 +297 0 +295 0 +294 0 *
Ve
1e-07
2452.300395 2114.656394 0
0 0

0101101
*
Ve
1e-07
2456.450765 2114.656394 0
0 0

0101101
*
Ed
 1e-07 1 1 0
1  475 0 0 4.15036999999984
2  481 42 0 0 4.15036999999984
2  482 43 0 0 4.15036999999984
0

0101000
+292 0 -291 0 *
Ve
1e-07
2456.450765 2106.967264 0
0 0

0101101
*
Ed
 1e-07 1 1 0
1  476 0 0 7.6891300000002
2  483 42 0 0 7.6891300000002
2  484 43 0 0 7.6891300000002
0

0101000
+291 0 -289 0 *
Ve
1e-07
2457.242728 2106.967264 0
0 0

0101101
*
Ed
 1e-07 1 1 0
1  477 0 0 0.791963000000123
2  485 42 0 0 0.791963000000123
2  486 43 0 0 0.791963000000123
0

0101000
+289 0 -287 0 *
Ve
1e-07
2457.242728 2108.751905 0
0 0

0101101
*
Ed
 1e-07 1 1 0
1  478 0 0 1.78464100000019
2  487 42 0 0 1.78464100000019
2  488 43 0 0 1.78464100000019
0

0101000
+287 0 -285 0 *
Ve
1e-07
2458.108419 2108.751905 0
0 0

0101101
*
Ed
 1e-07 1 1 0
1  479 0 0 0.86569099999997
2  489 42 0 0 0.86569099999997
2  490 43 0 0 0.86569099999997
0

0101000
+285 0 -283 0 *
Ve
1e-07
2458.108419 2109.616537 0
0 0

0101101
*
Ed
 1e-07 1 1 0
1  480 0 0 0.864631999999801
2  491 42 0 0 0.864631999999801
2  492 43 0 0 0.864631999999801
0

0101000
+283 0 -281 0 *
Ve
1e-07
2457.242728 2109.616537 0
0 0

0101101
*
Ed
 1e-07 1 1 0
1  481 0 0 0.86569099999997
2  493 42 0 0 0.86569099999997
2  494 43 0 0 0.86569099999997
0

0101000
+281 0 -279 0 *
Ve
1e-07
2457.242728 2112.25594 0
0 0

0101101
*
Ed
 1e-07 1 1 0
1  482 0 0 2.63940300000013
2  495 42 0 0 2.63940300000013
2  496 43 0 0 2.63940300000013
0

0101000
+279 0 -277 0 *
Ve
1e-07
2460.568805 2112.25594 0
0 0

0101101
*
Ed
 1e-07 1 1 0
1  483 0 0 3.32607699999971
2  497 42 0 0 3.32607699999971
2  498 43 0 0 3.32607699999971
0

0101000
+277 0 -275 0 *
Ve
1e-07
2460.568805 2109.616537 0
0 0

0101101
*
Ed
 1e-07 1 1 0
1  484 0 0 2.63940300000013
2  499 42 0 0 2.63940300000013
2  500 43 0 0 2.63940300000013
0

0101000
+275 0 -273 0 *
Ve
1e-07
2459.293049 2109.616537 0
0 0

0101101
*
Ed
 1e-07 1 1 0
1  485 0 0 1.275756
2  501 42 0 0 1.275756
2  502 43 0 0 1.275756
0

0101000
+273 0 -271 0 *
Ve
1e-07
2459.293049 2108.751905 0
0 0

0101101
*
Ed
 1e-07 1 1 0
1  486 0 0 0.864631999999801
2  503 42 0 0 0.864631999999801
2  504 43 0 0 0.864631999999801
0

0101000
+271 0 -269 0 *
Ve
1e-07
2467.904399 2108.751905 0
0 0

0101101
*
Ed
 1e-07 1 1 0
1  487 0 0 8.61135000000013
2  505 42 0 0 8.61135000000013
2  506 43 0 0 8.61135000000013
0

0101000
+269 0 -267 0 *
Ve
1e-07
2468.58784 2109.161467 0
0 0

0101101
*
Ed
 1e-07 1 1 0
1  488 0 0 0.796763849785514
2  507 42 0 0 0.796763849785514
2  508 43 0 0 0.796763849785514
0

0101000
+267 0 -265 0 *
Ve
1e-07
2490.197147 2109.161467 0
0 0

0101101
*
Ed
 1e-07 1 1 0
1  489 0 0 21.6093069999997
2  509 42 0 0 21.6093069999997
2  510 43 0 0 21.6093069999997
0

0101000
+265 0 -263 0 *
Ve
1e-07
2490.92615 2108.751905 0
0 0

0101101
*
Ed
 1e-07 1 1 0
1  490 0 0 0.836173669672
2  511 42 0 0 0.836173669672
2  512 43 0 0 0.836173669672
0

0101000
+263 0 -261 0 *
Ve
1e-07
2497.16824 2108.751905 0
0 0

0101101
*
Ed
 1e-07 1 1 0
1  491 0 0 6.24209000000019
2  513 42 0 0 6.24209000000019
2  514 43 0 0 6.24209000000019
0

0101000
+261 0 -259 0 *
Ve
1e-07
2497.16824 2109.616537 0
0 0

0101101
*
Ed
 1e-07 1 1 0
1  492 0 0 0.864631999999801
2  515 42 0 0 0.864631999999801
2  516 43 0 0 0.864631999999801
0

0101000
+259 0 -257 0 *
Ve
1e-07
2495.98361 2109.616537 0
0 0

0101101
*
Ed
 1e-07 1 1 0
1  493 0 0 1.18462999999974
2  517 42 0 0 1.18462999999974
2  518 43 0 0 1.18462999999974
0

0101000
+257 0 -255 0 *
Ve
1e-07
2495.98361 2112.25594 0
0 0

0101101
*
Ed
 1e-07 1 1 0
1  494 0 0 2.63940300000013
2  519 42 0 0 2.63940300000013
2  520 43 0 0 2.63940300000013
0

0101000
+255 0 -253 0 *
Ve
1e-07
2499.218561 2112.25594 0
0 0

0101101
*
Ed
 1e-07 1 1 0
1  495 0 0 3.23495099999991
2  521 42 0 0 3.23495099999991
2  522 43 0 0 3.23495099999991
0

0101000
+253 0 -251 0 *
Ve
1e-07
2499.218561 2109.616537 0
0 0

0101101
*
Ed
 1e-07 1 1 0
1  496 0 0 2.63940300000013
2  523 42 0 0 2.63940300000013
2  524 43 0 0 2.63940300000013
0

0101000
+251 0 -249 0 *
Ve
1e-07
2498.35287 2109.616537 0
0 0

0101101
*
Ed
 1e-07 1 1 0
1  497 0 0 0.86569099999997
2  525 42 0 0 0.86569099999997
2  526 43 0 0 0.86569099999997
0

0101000
+249 0 -247 0 *
Ve
1e-07
2498.35287 2108.751905 0
0 0

0101101
*
Ed
 1e-07 1 1 0
1  498 0 0 0.864631999999801
2  527 42 0 0 0.864631999999801
2  528 43 0 0 0.864631999999801
0

0101000
+247 0 -245 0 *
Ve
1e-07
2499.127436 2108.751905 0
0 0

0101101
*
Ed
 1e-07 1 1 0
1  499 0 0 0.77456600000005
2  529 42 0 0 0.77456600000005
2  530 43 0 0 0.77456600000005
0

0101000
+245 0 -243 0 *
Ve
1e-07
2499.127436 2106.967264 0
0 0

0101101
*
Ed
 1e-07 1 1 0
1  500 0 0 1.78464100000019
2  531 42 0 0 1.78464100000019
2  532 43 0 0 1.78464100000019
0

0101000
+243 0 -241 0 *
Ve
1e-07
2499.751286 2106.967264 0
0 0

0101101
*
Ed
 1e-07 1 1 0
1  501 0 0 0.623849999999948
2  533 42 0 0 0.623849999999948
2  534 43 0 0 0.623849999999948
0

0101000
+241 0 -239 0 *
Ve
1e-07
2499.751286 2114.656394 0
0 0

0101101
*
Ed
 1e-07 1 1 0
1  502 0 0 7.6891300000002
2  535 42 0 0 7.6891300000002
2  536 43 0 0 7.6891300000002
0

0101000
+239 0 -237 0 *
Ve
1e-07
2504.481793 2114.656394 0
0 0

0101101
*
Ed
 1e-07 1 1 0
1  503 0 0 4.73050699999976
2  537 42 0 0 4.73050699999976
2  538 43 0 0 4.73050699999976
0

0101000
+237 0 -235 0 *
Ve
1e-07
2504.481793 2115.649624 0
0 0

0101101
*
Ed
 1e-07 1 1 0
1  504 0 0 0.99323000000004
2  539 42 0 0 0.99323000000004
2  540 43 0 0 0.99323000000004
0

0101000
+235 0 -233 0 *
Ve
1e-07
2499.751286 2115.649624 0
0 0

0101101
*
Ed
 1e-07 1 1 0
1  505 0 0 4.73050699999976
2  541 42 0 0 4.73050699999976
2  542 43 0 0 4.73050699999976
0

0101000
+233 0 -231 0 *
Ve
1e-07
2499.751286 2123.036771 0
0 0

0101101
*
Ed
 1e-07 1 1 0
1  506 0 0 7.38714699999991
2  543 42 0 0 7.38714699999991
2  544 43 0 0 7.38714699999991
0

0101000
+231 0 -229 0 *
Ve
1e-07
2504.481793 2123.036771 0
0 0

0101101
*
Ed
 1e-07 1 1 0
1  507 0 0 4.73050699999976
2  545 42 0 0 4.73050699999976
2  546 43 0 0 4.73050699999976
0

0101000
+229 0 -227 0 *
Ve
1e-07
2504.481793 2124.164024 0
0 0

0101101
*
Ed
 1e-07 1 1 0
1  508 0 0 1.12725300000011
2  547 42 0 0 1.12725300000011
2  548 43 0 0 1.12725300000011
0

0101000
+227 0 -225 0 *
Ve
1e-07
2499.751286 2124.164024 0
0 0

0101101
*
Ed
 1e-07 1 1 0
1  509 0 0 4.73050699999976
2  549 42 0 0 4.73050699999976
2  550 43 0 0 4.73050699999976
0

0101000
+225 0 -223 0 *
Ve
1e-07
2499.751286 2130.637032 0
0 0

0101101
*
Ed
 1e-07 1 1 0
1  510 0 0 6.47300799999994
2  551 42 0 0 6.47300799999994
2  552 43 0 0 6.47300799999994
0

0101000
+223 0 -221 0 *
Ve
1e-07
2498.667344 2129.782918 0
0 0

0101101
*
Ed
 1e-07 1 1 0
1  511 0 0 1.3800148493262
2  553 42 0 0 1.3800148493262
2  554 43 0 0 1.3800148493262
0

0101000
+221 0 -219 0 *
Ve
1e-07
2494.802212 2129.782918 0
0 0

0101101
*
Ed
 1e-07 1 1 0
1  512 0 0 3.8651319999999
2  555 42 0 0 3.8651319999999
2  556 43 0 0 3.8651319999999
0

0101000
+219 0 -217 0 *
Ve
1e-07
2493.525019 2130.250846 0
0 0

0101101
*
Ed
 1e-07 1 1 0
1  513 0 0 1.36021269382136
2  557 42 0 0 1.36021269382136
2  558 43 0 0 1.36021269382136
0

0101000
+217 0 -215 0 *
Ve
1e-07
2456.450765 2130.250846 0
0 0

0101101
*
Ed
 1e-07 1 1 0
1  514 0 0 37.0742540000001
2  559 42 0 0 37.0742540000001
2  560 43 0 0 37.0742540000001
0

0101000
+215 0 -213 0 *
Ve
1e-07
2456.450765 2124.030001 0
0 0

0101101
*
Ed
 1e-07 1 1 0
1  515 0 0 6.22084499999983
2  561 42 0 0 6.22084499999983
2  562 43 0 0 6.22084499999983
0

0101000
+213 0 -211 0 *
Ve
1e-07
2452.362226 2124.030001 0
0 0

0101101
*
Ed
 1e-07 1 1 0
1  516 0 0 4.08853899999986
2  563 42 0 0 4.08853899999986
2  564 43 0 0 4.08853899999986
0

0101000
+211 0 -209 0 *
Ve
1e-07
2452.362226 2123.036771 0
0 0

0101101
*
Ed
 1e-07 1 1 0
1  517 0 0 0.99323000000004
2  565 42 0 0 0.99323000000004
2  566 43 0 0 0.99323000000004
0

0101000
+209 0 -207 0 *
Ve
1e-07
2456.450765 2123.036771 0
0 0

0101101
*
Ed
 1e-07 1 1 0
1  518 0 0 4.08853899999986
2  567 42 0 0 4.08853899999986
2  568 43 0 0 4.08853899999986
0

0101000
+207 0 -205 0 *
Ve
1e-07
2456.450765 2115.649624 0
0 0

0101101
*
Ed
 1e-07 1 1 0
1  519 0 0 7.38714699999991
2  569 42 0 0 7.38714699999991
2  570 43 0 0 7.38714699999991
0

0101000
+205 0 -203 0 *
Ve
1e-07
2452.300395 2115.649624 0
0 0

0101101
*
Ed
 1e-07 1 1 0
1  520 0 0 4.15036999999984
2  571 42 0 0 4.15036999999984
2  572 43 0 0 4.15036999999984
0

0101000
+203 0 -201 0 *
Ed
 1e-07 1 1 0
1  521 0 0 0.99323000000004
2  573 42 0 0 0.99323000000004
2  574 43 0 0 0.99323000000004
0

0101000
+201 0 -292 0 *
Wi

0101100
+290 0 +288 0 +286 0 +284 0 +282 0 +280 0 +278 0 +276 0 +274 0 +272 0 
+270 0 +268 0 +266 0 +264 0 +262 0 +260 0 +258 0 +256 0 +254 0 +252 0 
+250 0 +248 0 +246 0 +244 0 +242 0 +240 0 +238 0 +236 0 +234 0 +232 0 
+230 0 +228 0 +226 0 +224 0 +222 0 +220 0 +218 0 +216 0 +214 0 +212 0 
+210 0 +208 0 +206 0 +204 0 +202 0 +200 0 +199 0 *
Ve
1e-07
2434.010203 2120.890053 0
0 0

0101101
*
Ve
1e-07
2434.010203 2124.252087 0
0 0

0101101
*
Ed
 1e-07 1 1 0
1  522 0 0 3.36203399999977
2  575 44 0 0 3.36203399999977
2  576 45 0 0 3.36203399999977
0

0101000
+197 0 -196 0 *
Ve
1e-07
2441.367903 2124.252087 0
0 0

0101101
*
Ed
 1e-07 1 1 0
1  523 0 0 7.35770000000002
2  577 44 0 0 7.35770000000002
2  578 45 0 0 7.35770000000002
0

0101000
+196 0 -194 0 *
Ve
1e-07
2441.367903 2120.890053 0
0 0

0101101
*
Ed
 1e-07 1 1 0
1  524 0 0 3.36203399999977
2  579 44 0 0 3.36203399999977
2  580 45 0 0 3.36203399999977
0

0101000
+194 0 -192 0 *
Ve
1e-07
2442.089398 2120.890053 0
0 0

0101101
*
Ed
 1e-07 1 1 0
1  525 0 0 0.721495000000232
2  581 44 0 0 0.721495000000232
2  582 45 0 0 0.721495000000232
0

0101000
+192 0 -190 0 *
Ve
1e-07
2442.089398 2125.034539 0
0 0

0101101
*
Ed
 1e-07 1 1 0
1  526 0 0 4.14448600000014
2  583 44 0 0 4.14448600000014
2  584 45 0 0 4.14448600000014
0

0101000
+190 0 -188 0 *
Ve
1e-07
2433.182581 2125.034539 0
0 0

0101101
*
Ed
 1e-07 1 1 0
1  527 0 0 8.90681700000005
2  585 44 0 0 8.90681700000005
2  586 45 0 0 8.90681700000005
0

0101000
+188 0 -186 0 *
Ve
1e-07
2433.182581 2120.890053 0
0 0

0101101
*
Ed
 1e-07 1 1 0
1  528 0 0 4.14448600000014
2  587 44 0 0 4.14448600000014
2  588 45 0 0 4.14448600000014
0

0101000
+186 0 -184 0 *
Ed
 1e-07 1 1 0
1  529 0 0 0.827621999999792
2  589 44 0 0 0.827621999999792
2  590 45 0 0 0.827621999999792
0

0101000
+184 0 -197 0 *
Wi

0101100
+195 0 +193 0 +191 0 +189 0 +187 0 +185 0 +183 0 +182 0 *
Ve
1e-07
2445.993728 2123.036771 0
0 0

0101101
*
Ve
1e-07
2450.234147 2123.036771 0
0 0

0101101
*
Ed
 1e-07 1 1 0
1  530 0 0 4.2404190000002
2  591 46 0 0 4.2404190000002
2  592 47 0 0 4.2404190000002
0

0101000
+180 0 -179 0 *
Ve
1e-07
2450.234147 2124.030001 0
0 0

0101101
*
Ed
 1e-07 1 1 0
1  531 0 0 0.99323000000004
2  593 46 0 0 0.99323000000004
2  594 47 0 0 0.99323000000004
0

0101000
+179 0 -177 0 *
Ve
1e-07
2445.993728 2124.030001 0
0 0

0101101
*
Ed
 1e-07 1 1 0
1  532 0 0 4.2404190000002
2  595 46 0 0 4.2404190000002
2  596 47 0 0 4.2404190000002
0

0101000
+177 0 -175 0 *
Ve
1e-07
2445.993728 2131.168841 0
0 0

0101101
*
Ed
 1e-07 1 1 0
1  533 0 0 7.13884000000007
2  597 46 0 0 7.13884000000007
2  598 47 0 0 7.13884000000007
0

0101000
+175 0 -173 0 *
Ve
1e-07
2445.123588 2131.168841 0
0 0

0101101
*
Ed
 1e-07 1 1 0
1  534 0 0 0.870139999999992
2  599 46 0 0 0.870139999999992
2  600 47 0 0 0.870139999999992
0

0101000
+173 0 -171 0 *
Ve
1e-07
2445.123588 2120.988234 0
0 0

0101101
*
Ed
 1e-07 1 1 0
1  535 0 0 10.1806070000002
2  601 46 0 0 10.1806070000002
2  602 47 0 0 10.1806070000002
0

0101000
+171 0 -169 0 *
Ve
1e-07
2445.993728 2120.988234 0
0 0

0101101
*
Ed
 1e-07 1 1 0
1  536 0 0 0.870139999999992
2  603 46 0 0 0.870139999999992
2  604 47 0 0 0.870139999999992
0

0101000
+169 0 -167 0 *
Ed
 1e-07 1 1 0
1  537 0 0 2.04853700000012
2  605 46 0 0 2.04853700000012
2  606 47 0 0 2.04853700000012
0

0101000
+167 0 -180 0 *
Wi

0101100
+178 0 +176 0 +174 0 +172 0 +170 0 +168 0 +166 0 +165 0 *
Ve
1e-07
2445.993728 2115.649624 0
0 0

0101101
*
Ve
1e-07
2445.993728 2117.884391 0
0 0

0101101
*
Ed
 1e-07 1 1 0
1  538 0 0 2.23476699999992
2  607 48 0 0 2.23476699999992
2  608 49 0 0 2.23476699999992
0

0101000
+163 0 -162 0 *
Ve
1e-07
2445.123588 2117.884391 0
0 0

0101101
*
Ed
 1e-07 1 1 0
1  539 0 0 0.870139999999992
2  609 48 0 0 0.870139999999992
2  610 49 0 0 0.870139999999992
0

0101000
+162 0 -160 0 *
Ve
1e-07
2445.123588 2107.269247 0
0 0

0101101
*
Ed
 1e-07 1 1 0
1  540 0 0 10.6151439999999
2  611 48 0 0 10.6151439999999
2  612 49 0 0 10.6151439999999
0

0101000
+160 0 -158 0 *
Ve
1e-07
2445.993728 2107.269247 0
0 0

0101101
*
Ed
 1e-07 1 1 0
1  541 0 0 0.870139999999992
2  613 48 0 0 0.870139999999992
2  614 49 0 0 0.870139999999992
0

0101000
+158 0 -156 0 *
Ve
1e-07
2445.993728 2114.656394 0
0 0

0101101
*
Ed
 1e-07 1 1 0
1  542 0 0 7.38714699999991
2  615 48 0 0 7.38714699999991
2  616 49 0 0 7.38714699999991
0

0101000
+156 0 -154 0 *
Ve
1e-07
2450.157974 2114.656394 0
0 0

0101101
*
Ed
 1e-07 1 1 0
1  543 0 0 4.16424600000028
2  617 48 0 0 4.16424600000028
2  618 49 0 0 4.16424600000028
0

0101000
+154 0 -152 0 *
Ve
1e-07
2450.157974 2115.649624 0
0 0

0101101
*
Ed
 1e-07 1 1 0
1  544 0 0 0.99323000000004
2  619 48 0 0 0.99323000000004
2  620 49 0 0 0.99323000000004
0

0101000
+152 0 -150 0 *
Ed
 1e-07 1 1 0
1  545 0 0 4.16424600000028
2  621 48 0 0 4.16424600000028
2  622 49 0 0 4.16424600000028
0

0101000
+150 0 -163 0 *
Wi

0101100
+161 0 +159 0 +157 0 +155 0 +153 0 +151 0 +149 0 +148 0 *
Ve
1e-07
2429.213423 2115.649624 0
0 0

0101101
*
Ve
1e-07
2425.049177 2115.649624 0
0 0

0101101
*
Ed
 1e-07 1 1 0
1  546 0 0 4.16424600000028
2  623 50 0 0 4.16424600000028
2  624 51 0 0 4.16424600000028
0

0101000
+146 0 -145 0 *
Ve
1e-07
2425.049177 2114.656394 0
0 0

0101101
*
Ed
 1e-07 1 1 0
1  547 0 0 0.99323000000004
2  625 50 0 0 0.99323000000004
2  626 51 0 0 0.99323000000004
0

0101000
+145 0 -143 0 *
Ve
1e-07
2429.213423 2114.656394 0
0 0

0101101
*
Ed
 1e-07 1 1 0
1  548 0 0 4.16424600000028
2  627 50 0 0 4.16424600000028
2  628 51 0 0 4.16424600000028
0

0101000
+143 0 -141 0 *
Ve
1e-07
2429.213423 2107.269247 0
0 0

0101101
*
Ed
 1e-07 1 1 0
1  549 0 0 7.38714699999991
2  629 50 0 0 7.38714699999991
2  630 51 0 0 7.38714699999991
0

0101000
+141 0 -139 0 *
Ve
1e-07
2430.083564 2107.269247 0
0 0

0101101
*
Ed
 1e-07 1 1 0
1  550 0 0 0.870140999999876
2  631 50 0 0 0.870140999999876
2  632 51 0 0 0.870140999999876
0

0101000
+139 0 -137 0 *
Ve
1e-07
2430.083564 2117.884391 0
0 0

0101101
*
Ed
 1e-07 1 1 0
1  551 0 0 10.6151439999999
2  633 50 0 0 10.6151439999999
2  634 51 0 0 10.6151439999999
0

0101000
+137 0 -135 0 *
Ve
1e-07
2429.213423 2117.884391 0
0 0

0101101
*
Ed
 1e-07 1 1 0
1  552 0 0 0.870140999999876
2  635 50 0 0 0.870140999999876
2  636 51 0 0 0.870140999999876
0

0101000
+135 0 -133 0 *
Ed
 1e-07 1 1 0
1  553 0 0 2.23476699999992
2  637 50 0 0 2.23476699999992
2  638 51 0 0 2.23476699999992
0

0101000
+133 0 -146 0 *
Wi

0101100
+144 0 +142 0 +140 0 +138 0 +136 0 +134 0 +132 0 +131 0 *
Ve
1e-07
2402.158755 2109.606044 0
0 0

0101101
*
Ve
1e-07
2402.158755 2107.20717 0
0 0

0101101
*
Ed
 1e-07 1 1 0
1  554 0 0 2.39887399999998
2  639 52 0 0 2.39887399999998
2  640 53 0 0 2.39887399999998
0

0101000
+129 0 -128 0 *
Ve
1e-07
2403.110942 2107.20717 0
0 0

0101101
*
Ed
 1e-07 1 1 0
1  555 0 0 0.952186999999867
2  641 52 0 0 0.952186999999867
2  642 53 0 0 0.952186999999867
0

0101000
+128 0 -126 0 *
Ve
1e-07
2403.110942 2111.118013 0
0 0

0101101
*
Ed
 1e-07 1 1 0
1  556 0 0 3.91084299999966
2  643 52 0 0 3.91084299999966
2  644 53 0 0 3.91084299999966
0

0101000
+126 0 -124 0 *
Ve
1e-07
2417.715132 2111.118013 0
0 0

0101101
*
Ed
 1e-07 1 1 0
1  557 0 0 14.60419
2  645 52 0 0 14.60419
2  646 53 0 0 14.60419
0

0101000
+124 0 -122 0 *
Ve
1e-07
2417.715132 2107.269247 0
0 0

0101101
*
Ed
 1e-07 1 1 0
1  558 0 0 3.84876599999961
2  647 52 0 0 3.84876599999961
2  648 53 0 0 3.84876599999961
0

0101000
+122 0 -120 0 *
Ve
1e-07
2418.52312 2107.269247 0
0 0

0101101
*
Ed
 1e-07 1 1 0
1  559 0 0 0.807988000000023
2  649 52 0 0 0.807988000000023
2  650 53 0 0 0.807988000000023
0

0101000
+120 0 -118 0 *
Ve
1e-07
2418.52312 2114.656394 0
0 0

0101101
*
Ed
 1e-07 1 1 0
1  560 0 0 7.38714699999991
2  651 52 0 0 7.38714699999991
2  652 53 0 0 7.38714699999991
0

0101000
+118 0 -116 0 *
Ve
1e-07
2422.811672 2114.656394 0
0 0

0101101
*
Ed
 1e-07 1 1 0
1  561 0 0 4.28855199999998
2  653 52 0 0 4.28855199999998
2  654 53 0 0 4.28855199999998
0

0101000
+116 0 -114 0 *
Ve
1e-07
2422.811672 2115.649624 0
0 0

0101101
*
Ed
 1e-07 1 1 0
1  562 0 0 0.99323000000004
2  655 52 0 0 0.99323000000004
2  656 53 0 0 0.99323000000004
0

0101000
+114 0 -112 0 *
Ve
1e-07
2418.52312 2115.649624 0
0 0

0101101
*
Ed
 1e-07 1 1 0
1  563 0 0 4.28855199999998
2  657 52 0 0 4.28855199999998
2  658 53 0 0 4.28855199999998
0

0101000
+112 0 -110 0 *
Ve
1e-07
2418.52312 2117.884391 0
0 0

0101101
*
Ed
 1e-07 1 1 0
1  564 0 0 2.23476699999992
2  659 52 0 0 2.23476699999992
2  660 53 0 0 2.23476699999992
0

0101000
+110 0 -108 0 *
Ve
1e-07
2417.715132 2117.884391 0
0 0

0101101
*
Ed
 1e-07 1 1 0
1  565 0 0 0.807988000000023
2  661 52 0 0 0.807988000000023
2  662 53 0 0 0.807988000000023
0

0101000
+108 0 -106 0 *
Ve
1e-07
2417.715132 2111.862935 0
0 0

0101101
*
Ed
 1e-07 1 1 0
1  566 0 0 6.02145599999994
2  663 52 0 0 6.02145599999994
2  664 53 0 0 6.02145599999994
0

0101000
+106 0 -104 0 *
Ve
1e-07
2403.109196 2111.862935 0
0 0

0101101
*
Ed
 1e-07 1 1 0
1  567 0 0 14.6059359999999
2  665 52 0 0 14.6059359999999
2  666 53 0 0 14.6059359999999
0

0101000
+104 0 -102 0 *
Ve
1e-07
2403.106311 2113.0939 0
0 0

0101101
*
Ed
 1e-07 1 1 0
1  568 0 0 1.2309683807675
2  667 52 0 0 1.2309683807675
2  668 53 0 0 1.2309683807675
0

0101000
+102 0 -100 0 *
Ve
1e-07
2402.140717 2112.305478 0
0 0

0101101
*
Ed
 1e-07 1 1 0
1  569 0 0 1.24658775179247
2  669 52 0 0 1.24658775179247
2  670 53 0 0 1.24658775179247
0

0101000
+100 0 -98 0 *
Ve
1e-07
2402.140717 2110.467096 0
0 0

0101101
*
Ed
 1e-07 1 1 0
1  570 0 0 1.83838200000037
2  671 52 0 0 1.83838200000037
2  672 53 0 0 1.83838200000037
0

0101000
+98 0 -96 0 *
Ve
1e-07
2399.709599 2110.467096 0
0 0

0101101
*
Ed
 1e-07 1 1 0
1  571 0 0 2.43111800000042
2  673 52 0 0 2.43111800000042
2  674 53 0 0 2.43111800000042
0

0101000
+96 0 -94 0 *
Ve
1e-07
2399.709599 2109.606044 0
0 0

0101101
*
Ed
 1e-07 1 1 0
1  572 0 0 0.861051999999745
2  675 52 0 0 0.861051999999745
2  676 53 0 0 0.861051999999745
0

0101000
+94 0 -92 0 *
Ed
 1e-07 1 1 0
1  573 0 0 2.44915600000013
2  677 52 0 0 2.44915600000013
2  678 53 0 0 2.44915600000013
0

0101000
+92 0 -129 0 *
Wi

0101100
+127 0 +125 0 +123 0 +121 0 +119 0 +117 0 +115 0 +113 0 +111 0 +109 0 
+107 0 +105 0 +103 0 +101 0 +99 0 +97 0 +95 0 +93 0 +91 0 +90 0 
*
Ve
1e-07
2429.213423 2123.036771 0
0 0

0101101
*
Ve
1e-07
2429.213423 2120.988234 0
0 0

0101101
*
Ed
 1e-07 1 1 0
1  574 0 0 2.04853700000012
2  679 54 0 0 2.04853700000012
2  680 55 0 0 2.04853700000012
0

0101000
+88 0 -87 0 *
Ve
1e-07
2430.083564 2120.988234 0
0 0

0101101
*
Ed
 1e-07 1 1 0
1  575 0 0 0.870140999999876
2  681 54 0 0 0.870140999999876
2  682 55 0 0 0.870140999999876
0

0101000
+87 0 -85 0 *
Ve
1e-07
2430.083564 2131.168841 0
0 0

0101101
*
Ed
 1e-07 1 1 0
1  576 0 0 10.1806070000002
2  683 54 0 0 10.1806070000002
2  684 55 0 0 10.1806070000002
0

0101000
+85 0 -83 0 *
Ve
1e-07
2429.213423 2131.168841 0
0 0

0101101
*
Ed
 1e-07 1 1 0
1  577 0 0 0.870140999999876
2  685 54 0 0 0.870140999999876
2  686 55 0 0 0.870140999999876
0

0101000
+83 0 -81 0 *
Ve
1e-07
2429.213423 2124.030001 0
0 0

0101101
*
Ed
 1e-07 1 1 0
1  578 0 0 7.13884000000007
2  687 54 0 0 7.13884000000007
2  688 55 0 0 7.13884000000007
0

0101000
+81 0 -79 0 *
Ve
1e-07
2424.973004 2124.030001 0
0 0

0101101
*
Ed
 1e-07 1 1 0
1  579 0 0 4.2404190000002
2  689 54 0 0 4.2404190000002
2  690 55 0 0 4.2404190000002
0

0101000
+79 0 -77 0 *
Ve
1e-07
2424.973004 2123.036771 0
0 0

0101101
*
Ed
 1e-07 1 1 0
1  580 0 0 0.99323000000004
2  691 54 0 0 0.99323000000004
2  692 55 0 0 0.99323000000004
0

0101000
+77 0 -75 0 *
Ed
 1e-07 1 1 0
1  581 0 0 4.2404190000002
2  693 54 0 0 4.2404190000002
2  694 55 0 0 4.2404190000002
0

0101000
+75 0 -88 0 *
Wi

0101100
+86 0 +84 0 +82 0 +80 0 +78 0 +76 0 +74 0 +73 0 *
Ve
1e-07
2417.715132 2126.820362 0
0 0

0101101
*
Ve
1e-07
2417.715132 2120.988234 0
0 0

0101101
*
Ed
 1e-07 1 1 0
1  582 0 0 5.83212800000001
2  695 56 0 0 5.83212800000001
2  696 57 0 0 5.83212800000001
0

0101000
+71 0 -70 0 *
Ve
1e-07
2418.52312 2120.988234 0
0 0

0101101
*
Ed
 1e-07 1 1 0
1  583 0 0 0.807988000000023
2  697 56 0 0 0.807988000000023
2  698 57 0 0 0.807988000000023
0

0101000
+70 0 -68 0 *
Ve
1e-07
2418.52312 2123.036771 0
0 0

0101101
*
Ed
 1e-07 1 1 0
1  584 0 0 2.04853700000012
2  699 56 0 0 2.04853700000012
2  700 57 0 0 2.04853700000012
0

0101000
+68 0 -66 0 *
Ve
1e-07
2422.811672 2123.036771 0
0 0

0101101
*
Ed
 1e-07 1 1 0
1  585 0 0 4.28855199999998
2  701 56 0 0 4.28855199999998
2  702 57 0 0 4.28855199999998
0

0101000
+66 0 -64 0 *
Ve
1e-07
2422.811672 2124.030001 0
0 0

0101101
*
Ed
 1e-07 1 1 0
1  586 0 0 0.99323000000004
2  703 56 0 0 0.99323000000004
2  704 57 0 0 0.99323000000004
0

0101000
+64 0 -62 0 *
Ve
1e-07
2418.52312 2124.030001 0
0 0

0101101
*
Ed
 1e-07 1 1 0
1  587 0 0 4.28855199999998
2  705 56 0 0 4.28855199999998
2  706 57 0 0 4.28855199999998
0

0101000
+62 0 -60 0 *
Ve
1e-07
2418.52312 2131.168841 0
0 0

0101101
*
Ed
 1e-07 1 1 0
1  588 0 0 7.13884000000007
2  707 56 0 0 7.13884000000007
2  708 57 0 0 7.13884000000007
0

0101000
+60 0 -58 0 *
Ve
1e-07
2417.715132 2131.168841 0
0 0

0101101
*
Ed
 1e-07 1 1 0
1  589 0 0 0.807988000000023
2  709 56 0 0 0.807988000000023
2  710 57 0 0 0.807988000000023
0

0101000
+58 0 -56 0 *
Ve
1e-07
2417.715132 2127.764579 0
0 0

0101101
*
Ed
 1e-07 1 1 0
1  590 0 0 3.40426200000002
2  711 56 0 0 3.40426200000002
2  712 57 0 0 3.40426200000002
0

0101000
+56 0 -54 0 *
Ve
1e-07
2411.465963 2127.764579 0
0 0

0101101
*
Ed
 1e-07 1 1 0
1  591 0 0 6.24916899999971
2  713 56 0 0 6.24916899999971
2  714 57 0 0 6.24916899999971
0

0101000
+54 0 -52 0 *
Ve
1e-07
2411.465963 2126.820362 0
0 0

0101101
*
Ed
 1e-07 1 1 0
1  592 0 0 0.944217000000208
2  715 56 0 0 0.944217000000208
2  716 57 0 0 0.944217000000208
0

0101000
+52 0 -50 0 *
Ed
 1e-07 1 1 0
1  593 0 0 6.24916899999971
2  717 56 0 0 6.24916899999971
2  718 57 0 0 6.24916899999971
0

0101000
+50 0 -71 0 *
Wi

0101100
+69 0 +67 0 +65 0 +63 0 +61 0 +59 0 +57 0 +55 0 +53 0 +51 0 
+49 0 +48 0 *
Ve
1e-07
2403.106311 2123.613923 0
0 0

0101101
*
Ve
1e-07
2402.140717 2123.613923 0
0 0

0101101
*
Ed
 1e-07 1 1 0
1  594 0 0 0.965593999999783
2  719 58 0 0 0.965593999999783
2  720 59 0 0 0.965593999999783
0

0101000
+46 0 -45 0 *
Ve
1e-07
2402.140717 2114.692817 0
0 0

0101101
*
Ed
 1e-07 1 1 0
1  595 0 0 8.92110599999978
2  721 58 0 0 8.92110599999978
2  722 59 0 0 8.92110599999978
0

0101000
+45 0 -43 0 *
Ve
1e-07
2403.106311 2114.692817 0
0 0

0101101
*
Ed
 1e-07 1 1 0
1  596 0 0 0.965593999999783
2  723 58 0 0 0.965593999999783
2  724 59 0 0 0.965593999999783
0

0101000
+43 0 -41 0 *
Ed
 1e-07 1 1 0
1  597 0 0 8.92110599999978
2  725 58 0 0 8.92110599999978
2  726 59 0 0 8.92110599999978
0

0101000
+41 0 -46 0 *
Wi

0101100
+44 0 +42 0 +40 0 +39 0 *
Ve
1e-07
2474.505869 2066.991968 0
0 0

0101101
*
Ve
1e-07
2474.505869 2066.131282 0
0 0

0101101
*
Ed
 1e-07 1 1 0
1  598 0 0 0.860685999999987
2  727 60 0 0 0.860685999999987
2  728 61 0 0 0.860685999999987
0

0101000
+37 0 -36 0 *
Ve
1e-07
2476.444783 2066.131282 0
0 0

0101101
*
Ed
 1e-07 1 1 0
1  599 0 0 1.93891399999984
2  729 60 0 0 1.93891399999984
2  730 61 0 0 1.93891399999984
0

0101000
+36 0 -34 0 *
Ve
1e-07
2476.444783 2066.991968 0
0 0

0101101
*
Ed
 1e-07 1 1 0
1  600 0 0 0.860685999999987
2  731 60 0 0 0.860685999999987
2  732 61 0 0 0.860685999999987
0

0101000
+34 0 -32 0 *
Ed
 1e-07 1 1 0
1  601 0 0 1.93891399999984
2  733 60 0 0 1.93891399999984
2  734 61 0 0 1.93891399999984
0

0101000
+32 0 -37 0 *
Wi

0101100
+35 0 +33 0 +31 0 +30 0 *
Ve
1e-07
2480.430328 2066.991968 0
0 0

0101101
*
Ve
1e-07
2480.430328 2066.131282 0
0 0

0101101
*
Ed
 1e-07 1 1 0
1  602 0 0 0.860685999999987
2  735 62 0 0 0.860685999999987
2  736 63 0 0 0.860685999999987
0

0101000
+28 0 -27 0 *
Ve
1e-07
2482.369241 2066.131282 0
0 0

0101101
*
Ed
 1e-07 1 1 0
1  603 0 0 1.93891299999996
2  737 62 0 0 1.93891299999996
2  738 63 0 0 1.93891299999996
0

0101000
+27 0 -25 0 *
Ve
1e-07
2482.369241 2066.991968 0
0 0

0101101
*
Ed
 1e-07 1 1 0
1  604 0 0 0.860685999999987
2  739 62 0 0 0.860685999999987
2  740 63 0 0 0.860685999999987
0

0101000
+25 0 -23 0 *
Ed
 1e-07 1 1 0
1  605 0 0 1.93891299999996
2  741 62 0 0 1.93891299999996
2  742 63 0 0 1.93891299999996
0

0101000
+23 0 -28 0 *
Wi

0101100
+26 0 +24 0 +22 0 +21 0 *
Ve
1e-07
2480.430328 2087.755991 0
0 0

0101101
*
Ve
1e-07
2480.430328 2086.895306 0
0 0

0101101
*
Ed
 1e-07 1 1 0
1  606 0 0 0.860685000000103
2  743 64 0 0 0.860685000000103
2  744 65 0 0 0.860685000000103
0

0101000
+19 0 -18 0 *
Ve
1e-07
2482.369241 2086.895306 0
0 0

0101101
*
Ed
 1e-07 1 1 0
1  607 0 0 1.93891299999996
2  745 64 0 0 1.93891299999996
2  746 65 0 0 1.93891299999996
0

0101000
+18 0 -16 0 *
Ve
1e-07
2482.369241 2087.755991 0
0 0

0101101
*
Ed
 1e-07 1 1 0
1  608 0 0 0.860685000000103
2  747 64 0 0 0.860685000000103
2  748 65 0 0 0.860685000000103
0

0101000
+16 0 -14 0 *
Ed
 1e-07 1 1 0
1  609 0 0 1.93891299999996
2  749 64 0 0 1.93891299999996
2  750 65 0 0 1.93891299999996
0

0101000
+14 0 -19 0 *
Wi

0101100
+17 0 +15 0 +13 0 +12 0 *
Ve
1e-07
2474.505869 2087.755991 0
0 0

0101101
*
Ve
1e-07
2474.505869 2086.895306 0
0 0

0101101
*
Ed
 1e-07 1 1 0
1  610 0 0 0.860685000000103
2  751 66 0 0 0.860685000000103
2  752 67 0 0 0.860685000000103
0

0101000
+10 0 -9 0 *
Ve
1e-07
2476.444783 2086.895306 0
0 0

0101101
*
Ed
 1e-07 1 1 0
1  611 0 0 1.93891399999984
2  753 66 0 0 1.93891399999984
2  754 67 0 0 1.93891399999984
0

0101000
+9 0 -7 0 *
Ve
1e-07
2476.444783 2087.755991 0
0 0

0101101
*
Ed
 1e-07 1 1 0
1  612 0 0 0.860685000000103
2  755 66 0 0 0.860685000000103
2  756 67 0 0 0.860685000000103
0

0101000
+7 0 -5 0 *
Ed
 1e-07 1 1 0
1  613 0 0 1.93891399999984
2  757 66 0 0 1.93891399999984
2  758 67 0 0 1.93891399999984
0

0101000
+5 0 -10 0 *
Wi

0101100
+8 0 +6 0 +4 0 +3 0 *
Fa
0  1e-07 1 0

1111000
+793 0 +776 0 +759 0 +742 0 +711 0 +674 0 +637 0 +608 0 +577 0 +546 0 
+515 0 +486 0 +477 0 +468 0 +419 0 +394 0 +385 0 +360 0 +335 0 +310 0 
+293 0 +198 0 +181 0 +164 0 +147 0 +130 0 +89 0 +72 0 +47 0 +38 0 
+29 0 +20 0 +11 0 +2 0 *

+1 0 