  0
SECTION
  2
HEADER
  9
$ACADVER
  1
AC1021
  9
$ACADMAINTVER
 70
    25
  9
$DWGCODEPAGE
  3
ANSI_1252
  9
$LASTSAVEDBY
  1
cutro
  9
$INSBASE
 10
0.0
 20
0.0
 30
0.0
  9
$EXTMIN
 10
2399.709598718944
 20
2065.041299750872
 30
0.0
  9
$EXTMAX
 10
2556.702513695645
 20
2131.314795773912
 30
0.0
  9
$LIMMIN
 10
0.0
 20
0.0
  9
$LIMMAX
 10
12.0
 20
9.0
  9
$ORTHOMODE
 70
     0
  9
$REGENMODE
 70
     1
  9
$FILLMODE
 70
     1
  9
$QTEXTMODE
 70
     0
  9
$MIRRTEXT
 70
     0
  9
$LTSCALE
 40
1.0
  9
$ATTMODE
 70
     1
  9
$TEXTSIZE
 40
0.2
  9
$TRACEWID
 40
0.05
  9
$TEXTSTYLE
  7
Standard
  9
$CLAYER
  8
Interior Walls
  9
$CELTYPE
  6
ByLayer
  9
$CECOLOR
 62
   256
  9
$CELTSCALE
 40
1.0
  9
$DISPSILH
 70
     0
  9
$DIMSCALE
 40
1.0
  9
$DIMASZ
 40
0.18
  9
$DIMEXO
 40
0.0625
  9
$DIMDLI
 40
0.38
  9
$DIMRND
 40
0.0
  9
$DIMDLE
 40
0.0
  9
$DIMEXE
 40
0.18
  9
$DIMTP
 40
0.0
  9
$DIMTM
 40
0.0
  9
$DIMTXT
 40
0.18
  9
$DIMCEN
 40
0.09
  9
$DIMTSZ
 40
0.0
  9
$DIMTOL
 70
     0
  9
$DIMLIM
 70
     0
  9
$DIMTIH
 70
     1
  9
$DIMTOH
 70
     1
  9
$DIMSE1
 70
     0
  9
$DIMSE2
 70
     0
  9
$DIMTAD
 70
     0
  9
$DIMZIN
 70
     0
  9
$DIMBLK
  1

  9
$DIMASO
 70
     1
  9
$DIMSHO
 70
     1
  9
$DIMPOST
  1

  9
$DIMAPOST
  1

  9
$DIMALT
 70
     0
  9
$DIMALTD
 70
     2
  9
$DIMALTF
 40
25.4
  9
$DIMLFAC
 40
1.0
  9
$DIMTOFL
 70
     0
  9
$DIMTVP
 40
0.0
  9
$DIMTIX
 70
     0
  9
$DIMSOXD
 70
     0
  9
$DIMSAH
 70
     0
  9
$DIMBLK1
  1

  9
$DIMBLK2
  1

  9
$DIMSTYLE
  2
STANDARD_ACAD
  9
$DIMCLRD
 70
     0
  9
$DIMCLRE
 70
     0
  9
$DIMCLRT
 70
     0
  9
$DIMTFAC
 40
1.0
  9
$DIMGAP
 40
0.09
  9
$DIMJUST
 70
     0
  9
$DIMSD1
 70
     0
  9
$DIMSD2
 70
     0
  9
$DIMTOLJ
 70
     1
  9
$DIMTZIN
 70
     0
  9
$DIMALTZ
 70
     0
  9
$DIMALTTZ
 70
     0
  9
$DIMUPT
 70
     0
  9
$DIMDEC
 70
     4
  9
$DIMTDEC
 70
     4
  9
$DIMALTU
 70
     2
  9
$DIMALTTD
 70
     2
  9
$DIMTXSTY
  7
Standard
  9
$DIMAUNIT
 70
     0
  9
$DIMADEC
 70
     0
  9
$DIMALTRND
 40
0.0
  9
$DIMAZIN
 70
     0
  9
$DIMDSEP
 70
    46
  9
$DIMATFIT
 70
     3
  9
$DIMFRAC
 70
     0
  9
$DIMLDRBLK
  1

  9
$DIMLUNIT
 70
     2
  9
$DIMLWD
 70
    -2
  9
$DIMLWE
 70
    -2
  9
$DIMTMOVE
 70
     2
  9
$DIMFXL
 40
1.0
  9
$DIMFXLON
 70
     0
  9
$DIMJOGANG
 40
0.7853981633974483
  9
$DIMTFILL
 70
     0
  9
$DIMTFILLCLR
 70
     0
  9
$DIMARCSYM
 70
     0
  9
$DIMLTYPE
  6

  9
$DIMLTEX1
  6

  9
$DIMLTEX2
  6

  9
$LUNITS
 70
     2
  9
$LUPREC
 70
     3
  9
$SKETCHINC
 40
0.1
  9
$FILLETRAD
 40
0.0
  9
$AUNITS
 70
     0
  9
$AUPREC
 70
     0
  9
$MENU
  1
.
  9
$ELEVATION
 40
0.0
  9
$PELEVATION
 40
0.0
  9
$THICKNESS
 40
0.0
  9
$LIMCHECK
 70
     0
  9
$CHAMFERA
 40
0.0
  9
$CHAMFERB
 40
0.0
  9
$CHAMFERC
 40
0.0
  9
$CHAMFERD
 40
0.0
  9
$SKPOLY
 70
     0
  9
$TDCREATE
 40
2461180.142578889
  9
$TDUCREATE
 40
2461180.059245556
  9
$TDUPDATE
 40
2461180.14259978
  9
$TDUUPDATE
 40
2461180.059266447
  9
$TDINDWG
 40
0.0000000116
  9
$TDUSRTIMER
 40
0.0000000116
  9
$USRTIMER
 70
     1
  9
$ANGBASE
 50
0.0
  9
$ANGDIR
 70
     0
  9
$PDMODE
 70
     0
  9
$PDSIZE
 40
0.0
  9
$PLINEWID
 40
0.0
  9
$SPLFRAME
 70
     0
  9
$SPLINETYPE
 70
     6
  9
$SPLINESEGS
 70
     8
  9
$HANDSEED
  5
262
  9
$SURFTAB1
 70
     6
  9
$SURFTAB2
 70
     6
  9
$SURFTYPE
 70
     6
  9
$SURFU
 70
     6
  9
$SURFV
 70
     6
  9
$UCSBASE
  2

  9
$UCSNAME
  2

  9
$UCSORG
 10
0.0
 20
0.0
 30
0.0
  9
$UCSXDIR
 10
1.0
 20
0.0
 30
0.0
  9
$UCSYDIR
 10
0.0
 20
1.0
 30
0.0
  9
$UCSORTHOREF
  2

  9
$UCSORTHOVIEW
 70
     0
  9
$UCSORGTOP
 10
0.0
 20
0.0
 30
0.0
  9
$UCSORGBOTTOM
 10
0.0
 20
0.0
 30
0.0
  9
$UCSORGLEFT
 10
0.0
 20
0.0
 30
0.0
  9
$UCSORGRIGHT
 10
0.0
 20
0.0
 30
0.0
  9
$UCSORGFRONT
 10
0.0
 20
0.0
 30
0.0
  9
$UCSORGBACK
 10
0.0
 20
0.0
 30
0.0
  9
$PUCSBASE
  2

  9
$PUCSNAME
  2

  9
$PUCSORG
 10
0.0
 20
0.0
 30
0.0
  9
$PUCSXDIR
 10
1.0
 20
0.0
 30
0.0
  9
$PUCSYDIR
 10
0.0
 20
1.0
 30
0.0
  9
$PUCSORTHOREF
  2

  9
$PUCSORTHOVIEW
 70
     0
  9
$PUCSORGTOP
 10
0.0
 20
0.0
 30
0.0
  9
$PUCSORGBOTTOM
 10
0.0
 20
0.0
 30
0.0
  9
$PUCSORGLEFT
 10
0.0
 20
0.0
 30
0.0
  9
$PUCSORGRIGHT
 10
0.0
 20
0.0
 30
0.0
  9
$PUCSORGFRONT
 10
0.0
 20
0.0
 30
0.0
  9
$PUCSORGBACK
 10
0.0
 20
0.0
 30
0.0
  9
$USERI1
 70
     0
  9
$USERI2
 70
     0
  9
$USERI3
 70
     0
  9
$USERI4
 70
     0
  9
$USERI5
 70
     0
  9
$USERR1
 40
0.0
  9
$USERR2
 40
0.0
  9
$USERR3
 40
0.0
  9
$USERR4
 40
0.0
  9
$USERR5
 40
0.0
  9
$WORLDVIEW
 70
     1
  9
$SHADEDGE
 70
     3
  9
$SHADEDIF
 70
    70
  9
$TILEMODE
 70
     1
  9
$MAXACTVP
 70
    64
  9
$PINSBASE
 10
0.0
 20
0.0
 30
0.0
  9
$PLIMCHECK
 70
     0
  9
$PEXTMIN
 10
1.000000000000000E+20
 20
1.000000000000000E+20
 30
1.000000000000000E+20
  9
$PEXTMAX
 10
-1.000000000000000E+20
 20
-1.000000000000000E+20
 30
-1.000000000000000E+20
  9
$PLIMMIN
 10
0.0
 20
0.0
  9
$PLIMMAX
 10
12.0
 20
9.0
  9
$UNITMODE
 70
     0
  9
$VISRETAIN
 70
     1
  9
$PLINEGEN
 70
     0
  9
$PSLTSCALE
 70
     1
  9
$TREEDEPTH
 70
  3020
  9
$CMLSTYLE
  2
Standard
  9
$CMLJUST
 70
     0
  9
$CMLSCALE
 40
1.0
  9
$PROXYGRAPHICS
 70
     1
  9
$MEASUREMENT
 70
     1
  9
$CELWEIGHT
370
    -1
  9
$ENDCAPS
280
     0
  9
$JOINSTYLE
280
     0
  9
$LWDISPLAY
290
     0
  9
$INSUNITS
 70
     6
  9
$HYPERLINKBASE
  1

  9
$STYLESHEET
  1

  9
$XEDIT
290
     1
  9
$CEPSNTYPE
380
     0
  9
$PSTYLEMODE
290
     1
  9
$FINGERPRINTGUID
  2
{b2918dd2-5556-455c-939c-1a99c13e6912}
  9
$VERSIONGUID
  2
{FAEB1C32-E019-11D5-929B-00C0DF256EC4}
  9
$EXTNAMES
290
     1
  9
$PSVPSCALE
 40
0.0
  9
$OLESTARTUP
290
     0
  9
$SORTENTS
280
   127
  9
$INDEXCTL
280
     0
  9
$HIDETEXT
280
     1
  9
$XCLIPFRAME
290
     0
  9
$HALOGAP
280
     0
  9
$OBSCOLOR
 70
   257
  9
$OBSLTYPE
280
     0
  9
$INTERSECTIONDISPLAY
280
     0
  9
$INTERSECTIONCOLOR
 70
   257
  9
$DIMASSOC
280
     2
  9
$PROJECTNAME
  1

  9
$CAMERADISPLAY
290
     0
  9
$LENSLENGTH
 40
50.0
  9
$CAMERAHEIGHT
 40
0.0
  9
$STEPSPERSEC
 40
2.0
  9
$STEPSIZE
 40
6.0
  9
$3DDWFPREC
 40
2.0
  9
$PSOLWIDTH
 40
0.25
  9
$PSOLHEIGHT
 40
4.0
  9
$LOFTANG1
 40
1.570796326794897
  9
$LOFTANG2
 40
1.570796326794897
  9
$LOFTMAG1
 40
0.0
  9
$LOFTMAG2
 40
0.0
  9
$LOFTPARAM
 70
     7
  9
$LOFTNORMALS
280
     1
  9
$LATITUDE
 40
37.795
  9
$LONGITUDE
 40
-122.394
  9
$NORTHDIRECTION
 40
0.0
  9
$TIMEZONE
 70
 -8000
  9
$LIGHTGLYPHDISPLAY
280
     1
  9
$TILEMODELIGHTSYNCH
280
     1
  9
$CMATERIAL
347
44
  9
$SOLIDHIST
280
     0
  9
$SHOWHIST
280
     1
  9
$DWFFRAME
280
     2
  9
$DGNFRAME
280
     2
  9
$REALWORLDSCALE
290
     1
  9
$INTERFERECOLOR
 62
   256
  9
$CSHADOW
280
     0
  9
$SHADOWPLANELOCATION
 40
0.0
  0
ENDSEC
  0
SECTION
  2
CLASSES
  0
CLASS
  1
ACDBDICTIONARYWDFLT
  2
AcDbDictionaryWithDefault
  3
ObjectDBX Classes
 90
        0
 91
        3
280
     0
281
     0
  0
CLASS
  1
VISUALSTYLE
  2
AcDbVisualStyle
  3
ObjectDBX Classes
 90
     4095
 91
        3
280
     0
281
     0
  0
CLASS
  1
MATERIAL
  2
AcDbMaterial
  3
ObjectDBX Classes
 90
     1153
 91
        3
280
     0
281
     0
  0
CLASS
  1
SCALE
  2
AcDbScale
  3
ObjectDBX Classes
 90
     1153
 91
        3
280
     0
281
     0
  0
CLASS
  1
TABLESTYLE
  2
AcDbTableStyle
  3
ObjectDBX Classes
 90
     4095
 91
        3
280
     0
281
     0
  0
CLASS
  1
MLEADERSTYLE
  2
AcDbMLeaderStyle
  3
ACDB_MLEADERSTYLE_CLASS
 90
     4095
 91
        3
280
     0
281
     0
  0
CLASS
  1
SUN
  2
AcDbSun
  3
SCENEOE
 90
     1153
 91
        3
280
     0
281
     0
  0
CLASS
  1
DICTIONARYVAR
  2
AcDbDictionaryVar
  3
ObjectDBX Classes
 90
        0
 91
        3
280
     0
281
     0
  0
CLASS
  1
CELLSTYLEMAP
  2
AcDbCellStyleMap
  3
ObjectDBX Classes
 90
     1152
 91
        3
280
     0
281
     0
  0
ENDSEC
  0
SECTION
  2
TABLES
  0
TABLE
  2
VPORT
  5
8
330
0
100
AcDbSymbolTable
 70
     1
  0
VPORT
  5
29
330
8
100
AcDbSymbolTableRecord
100
AcDbViewportTableRecord
  2
*Active
 70
     0
 10
0.0
 20
0.0
 11
1.0
 21
1.0
 12
10.42990654205607
 22
4.5
 13
0.0
 23
0.0
 14
0.5
 24
0.5
 15
0.5
 25
0.5
 16
0.0
 26
0.0
 36
1.0
 17
0.0
 27
0.0
 37
0.0
 40
9.0
 41
1.972972972850329
 42
50.0
 43
0.0
 44
0.0
 50
0.0
 51
0.0
 71
     0
 72
   100
 73
     1
 74
     3
 75
     0
 76
     0
 77
     0
 78
     0
281
     0
 65
     1
110
0.0
120
0.0
130
0.0
111
1.0
121
0.0
131
0.0
112
0.0
122
1.0
132
0.0
 79
     0
146
0.0
348
2F
 60
     3
 61
     5
292
     1
282
     1
141
0.0
142
0.0
 63
   250
361
5D
  0
ENDTAB
  0
TABLE
  2
LTYPE
  5
5
330
0
100
AcDbSymbolTable
 70
     1
  0
LTYPE
  5
14
330
5
100
AcDbSymbolTableRecord
100
AcDbLinetypeTableRecord
  2
ByBlock
 70
     0
  3

 72
    65
 73
     0
 40
0.0
  0
LTYPE
  5
15
330
5
100
AcDbSymbolTableRecord
100
AcDbLinetypeTableRecord
  2
ByLayer
 70
     0
  3

 72
    65
 73
     0
 40
0.0
  0
LTYPE
  5
16
330
5
100
AcDbSymbolTableRecord
100
AcDbLinetypeTableRecord
  2
Continuous
 70
     0
  3
Solid line
 72
    65
 73
     0
 40
0.0
  0
ENDTAB
  0
TABLE
  2
LAYER
  5
2
330
0
100
AcDbSymbolTable
 70
     2
  0
LAYER
  5
10
330
2
100
AcDbSymbolTableRecord
100
AcDbLayerTableRecord
  2
0
 70
     0
 62
     7
  6
Continuous
370
    -3
390
F
347
46
  0
LAYER
  5
5F
330
2
100
AcDbSymbolTableRecord
100
AcDbLayerTableRecord
  2
Interior Walls
 70
     0
 62
     1
420
 16711680
  6
Continuous
370
    -3
390
F
347
46
  0
ENDTAB
  0
TABLE
  2
STYLE
  5
3
330
0
100
AcDbSymbolTable
 70
     1
  0
STYLE
  5
11
330
3
100
AcDbSymbolTableRecord
100
AcDbTextStyleTableRecord
  2
Standard
 70
     0
 40
0.0
 41
1.0
 50
0.0
 71
     0
 42
0.2
  3
txt
  4

  0
ENDTAB
  0
TABLE
  2
VIEW
  5
6
330
0
100
AcDbSymbolTable
 70
     0
  0
ENDTAB
  0
TABLE
  2
UCS
  5
7
330
0
100
AcDbSymbolTable
 70
     0
  0
ENDTAB
  0
TABLE
  2
APPID
  5
9
330
0
100
AcDbSymbolTable
 70
     3
  0
APPID
  5
12
330
9
100
AcDbSymbolTableRecord
100
AcDbRegAppTableRecord
  2
ACAD
 70
     0
  0
APPID
  5
5E
330
9
100
AcDbSymbolTableRecord
100
AcDbRegAppTableRecord
  2
Rhino
 70
     0
  0
APPID
  5
25A
330
9
100
AcDbSymbolTableRecord
100
AcDbRegAppTableRecord
  2
ACAD_MLEADERVER
 70
     0
  0
ENDTAB
  0
TABLE
  2
DIMSTYLE
  5
A
330
0
100
AcDbSymbolTable
 70
     1
100
AcDbDimStyleTable
  0
DIMSTYLE
105
27
330
A
100
AcDbSymbolTableRecord
100
AcDbDimStyleTableRecord
  2
STANDARD_ACAD
 70
     0
178
     0
340
11
  0
ENDTAB
  0
TABLE
  2
BLOCK_RECORD
  5
1
330
0
100
AcDbSymbolTable
 70
     1
  0
BLOCK_RECORD
  5
1F
330
1
100
AcDbSymbolTableRecord
100
AcDbBlockTableRecord
  2
*Model_Space
340
22
 70
     0
280
     1
281
     0
  0
BLOCK_RECORD
  5
1B
330
1
100
AcDbSymbolTableRecord
100
AcDbBlockTableRecord
  2
*Paper_Space
340
1E
 70
     0
280
     1
281
     0
  0
BLOCK_RECORD
  5
23
330
1
100
AcDbSymbolTableRecord
100
AcDbBlockTableRecord
  2
*Paper_Space0
340
26
 70
     0
280
     1
281
     0
  0
ENDTAB
  0
ENDSEC
  0
SECTION
  2
BLOCKS
  0
BLOCK
  5
20
330
1F
100
AcDbEntity
  8
0
100
AcDbBlockBegin
  2
*Model_Space
 70
     0
 10
0.0
 20
0.0
 30
0.0
  3
*Model_Space
  1

  0
ENDBLK
  5
21
330
1F
100
AcDbEntity
  8
0
100
AcDbBlockEnd
  0
BLOCK
  5
1C
330
1B
100
AcDbEntity
 67
     1
  8
0
100
AcDbBlockBegin
  2
*Paper_Space
 70
     0
 10
0.0
 20
0.0
 30
0.0
  3
*Paper_Space
  1

  0
ENDBLK
  5
1D
330
1B
100
AcDbEntity
 67
     1
  8
0
100
AcDbBlockEnd
  0
BLOCK
  5
24
330
23
100
AcDbEntity
  8
0
100
AcDbBlockBegin
  2
*Paper_Space0
 70
     0
 10
0.0
 20
0.0
 30
0.0
  3
*Paper_Space0
  1

  0
ENDBLK
  5
25
330
23
100
AcDbEntity
  8
0
100
AcDbBlockEnd
  0
ENDSEC
  0
SECTION
  2
ENTITIES
  0
POLYLINE
  5
60
330
1F
100
AcDbEntity
  8
Interior Walls
100
AcDb2dPolyline
 66
     1
 10
0.0
 20
0.0
 30
0.0
 70
     1
  0
VERTEX
  5
61
330
60
100
AcDbEntity
  8
Interior Walls
100
AcDbVertex
100
AcDb2dVertex
 10
2531.754371341554
 20
2073.51332800166
 30
0.0
  0
VERTEX
  5
62
330
60
100
AcDbEntity
  8
Interior Walls
100
AcDbVertex
100
AcDb2dVertex
 10
2531.754371341554
 20
2072.685705987828
 30
0.0
  0
VERTEX
  5
63
330
60
100
AcDbEntity
  8
Interior Walls
100
AcDbVertex
100
AcDb2dVertex
 10
2527.609885612388
 20
2072.685705987828
 30
0.0
  0
VERTEX
  5
64
330
60
100
AcDbEntity
  8
Interior Walls
100
AcDbVertex
100
AcDb2dVertex
 10
2527.609885612388
 20
2081.592523319751
 30
0.0
  0
VERTEX
  5
65
330
60
100
AcDbEntity
  8
Interior Walls
100
AcDbVertex
100
AcDb2dVertex
 10
2531.754371341554
 20
2081.592523319751
 30
0.0
  0
VERTEX
  5
66
330
60
100
AcDbEntity
  8
Interior Walls
100
AcDbVertex
100
AcDb2dVertex
 10
2531.754371341554
 20
2080.871028601302
 30
0.0
  0
VERTEX
  5
67
330
60
100
AcDbEntity
  8
Interior Walls
100
AcDbVertex
100
AcDb2dVertex
 10
2528.392337042984
 20
2080.871028601302
 30
0.0
  0
VERTEX
  5
68
330
60
100
AcDbEntity
  8
Interior Walls
100
AcDbVertex
100
AcDb2dVertex
 10
2528.392337042984
 20
2073.51332800166
 30
0.0
  0
SEQEND
  5
69
330
60
100
AcDbEntity
  8
Interior Walls
  0
POLYLINE
  5
6A
330
1F
100
AcDbEntity
  8
Interior Walls
100
AcDb2dPolyline
 66
     1
 10
0.0
 20
0.0
 30
0.0
 70
     1
  0
VERTEX
  5
6B
330
6A
100
AcDbEntity
  8
Interior Walls
100
AcDbVertex
100
AcDb2dVertex
 10
2517.555582407075
 20
2073.51332800166
 30
0.0
  0
VERTEX
  5
6C
330
6A
100
AcDbEntity
  8
Interior Walls
100
AcDbVertex
100
AcDb2dVertex
 10
2517.555582407075
 20
2072.685705987828
 30
0.0
  0
VERTEX
  5
6D
330
6A
100
AcDbEntity
  8
Interior Walls
100
AcDbVertex
100
AcDb2dVertex
 10
2521.700068136241
 20
2072.685705987828
 30
0.0
  0
VERTEX
  5
6E
330
6A
100
AcDbEntity
  8
Interior Walls
100
AcDbVertex
100
AcDb2dVertex
 10
2521.700068136241
 20
2081.592523319751
 30
0.0
  0
VERTEX
  5
6F
330
6A
100
AcDbEntity
  8
Interior Walls
100
AcDbVertex
100
AcDb2dVertex
 10
2517.555582407075
 20
2081.592523319751
 30
0.0
  0
VERTEX
  5
70
330
6A
100
AcDbEntity
  8
Interior Walls
100
AcDbVertex
100
AcDb2dVertex
 10
2517.555582407075
 20
2080.871028601302
 30
0.0
  0
VERTEX
  5
71
330
6A
100
AcDbEntity
  8
Interior Walls
100
AcDbVertex
100
AcDb2dVertex
 10
2520.917616705646
 20
2080.871028601302
 30
0.0
  0
VERTEX
  5
72
330
6A
100
AcDbEntity
  8
Interior Walls
100
AcDbVertex
100
AcDb2dVertex
 10
2520.917616705646
 20
2073.51332800166
 30
0.0
  0
SEQEND
  5
73
330
6A
100
AcDbEntity
  8
Interior Walls
  0
POLYLINE
  5
74
330
1F
100
AcDbEntity
  8
Interior Walls
100
AcDb2dPolyline
 66
     1
 10
0.0
 20
0.0
 30
0.0
 70
     1
  0
VERTEX
  5
75
330
74
100
AcDbEntity
  8
Interior Walls
100
AcDbVertex
100
AcDb2dVertex
 10
2434.01020251797
 20
2117.884391189391
 30
0.0
  0
VERTEX
  5
76
330
74
100
AcDbEntity
  8
Interior Walls
100
AcDbVertex
100
AcDb2dVertex
 10
2433.182580504138
 20
2117.884391189391
 30
0.0
  0
VERTEX
  5
77
330
74
100
AcDbEntity
  8
Interior Walls
100
AcDbVertex
100
AcDb2dVertex
 10
2433.182580504138
 20
2113.739905460225
 30
0.0
  0
VERTEX
  5
78
330
74
100
AcDbEntity
  8
Interior Walls
100
AcDbVertex
100
AcDb2dVertex
 10
2442.08939783606
 20
2113.739905460225
 30
0.0
  0
VERTEX
  5
79
330
74
100
AcDbEntity
  8
Interior Walls
100
AcDbVertex
100
AcDb2dVertex
 10
2442.08939783606
 20
2117.884391189391
 30
0.0
  0
VERTEX
  5
7A
330
74
100
AcDbEntity
  8
Interior Walls
100
AcDbVertex
100
AcDb2dVertex
 10
2441.367903117611
 20
2117.884391189391
 30
0.0
  0
VERTEX
  5
7B
330
74
100
AcDbEntity
  8
Interior Walls
100
AcDbVertex
100
AcDb2dVertex
 10
2441.367903117611
 20
2114.522356890821
 30
0.0
  0
VERTEX
  5
7C
330
74
100
AcDbEntity
  8
Interior Walls
100
AcDbVertex
100
AcDb2dVertex
 10
2434.01020251797
 20
2114.522356890821
 30
0.0
  0
SEQEND
  5
7D
330
74
100
AcDbEntity
  8
Interior Walls
  0
POLYLINE
  5
7E
330
1F
100
AcDbEntity
  8
Interior Walls
100
AcDb2dPolyline
 66
     1
 10
0.0
 20
0.0
 30
0.0
 70
     1
  0
VERTEX
  5
7F
330
7E
100
AcDbEntity
  8
Interior Walls
100
AcDbVertex
100
AcDb2dVertex
 10
2506.292824516426
 20
2087.931475380256
 30
0.0
  0
VERTEX
  5
80
330
7E
100
AcDbEntity
  8
Interior Walls
100
AcDbVertex
100
AcDb2dVertex
 10
2506.715381410848
 20
2087.931475380256
 30
0.0
  0
VERTEX
  5
81
330
7E
100
AcDbEntity
  8
Interior Walls
100
AcDbVertex
100
AcDb2dVertex
 10
2506.715381410848
 20
2089.010160497155
 30
0.0
  0
VERTEX
  5
82
330
7E
100
AcDbEntity
  8
Interior Walls
100
AcDbVertex
100
AcDb2dVertex
 10
2507.621548473303
 20
2089.010160497155
 30
0.0
  0
VERTEX
  5
83
330
7E
100
AcDbEntity
  8
Interior Walls
100
AcDbVertex
100
AcDb2dVertex
 10
2507.621548473303
 20
2086.013805814143
 30
0.0
  0
VERTEX
  5
84
330
7E
100
AcDbEntity
  8
Interior Walls
100
AcDbVertex
100
AcDb2dVertex
 10
2518.483625752106
 20
2086.013805814143
 30
0.0
  0
VERTEX
  5
85
330
7E
100
AcDbEntity
  8
Interior Walls
100
AcDbVertex
100
AcDb2dVertex
 10
2518.483625752106
 20
2089.346800946626
 30
0.0
  0
VERTEX
  5
86
330
7E
100
AcDbEntity
  8
Interior Walls
100
AcDbVertex
100
AcDb2dVertex
 10
2519.32340709373
 20
2089.346800946626
 30
0.0
  0
VERTEX
  5
87
330
7E
100
AcDbEntity
  8
Interior Walls
100
AcDbVertex
100
AcDb2dVertex
 10
2519.32340709373
 20
2086.013805814143
 30
0.0
  0
VERTEX
  5
88
330
7E
100
AcDbEntity
  8
Interior Walls
100
AcDbVertex
100
AcDb2dVertex
 10
2523.700068136241
 20
2086.013805814143
 30
0.0
  0
VERTEX
  5
89
330
7E
100
AcDbEntity
  8
Interior Walls
100
AcDbVertex
100
AcDb2dVertex
 10
2523.700068136241
 20
2084.712730803934
 30
0.0
  0
VERTEX
  5
8A
330
7E
100
AcDbEntity
  8
Interior Walls
100
AcDbVertex
100
AcDb2dVertex
 10
2509.133259711233
 20
2084.712730803934
 30
0.0
  0
VERTEX
  5
8B
330
7E
100
AcDbEntity
  8
Interior Walls
100
AcDbVertex
100
AcDb2dVertex
 10
2509.133259711233
 20
2077.960337804874
 30
0.0
  0
VERTEX
  5
8C
330
7E
100
AcDbEntity
  8
Interior Walls
100
AcDbVertex
100
AcDb2dVertex
 10
2508.164543208811
 20
2077.960337804874
 30
0.0
  0
VERTEX
  5
8D
330
7E
100
AcDbEntity
  8
Interior Walls
100
AcDbVertex
100
AcDb2dVertex
 10
2507.71674925975
 20
2083.037523132803
 30
0.0
  0
SEQEND
  5
8E
330
7E
100
AcDbEntity
  8
Interior Walls
  0
POLYLINE
  5
8F
330
1F
100
AcDbEntity
  8
Interior Walls
100
AcDb2dPolyline
 66
     1
 10
0.0
 20
0.0
 30
0.0
 70
     1
  0
VERTEX
  5
90
330
8F
100
AcDbEntity
  8
Interior Walls
100
AcDbVertex
100
AcDb2dVertex
 10
2525.609885612389
 20
2086.013805814143
 30
0.0
  0
VERTEX
  5
91
330
8F
100
AcDbEntity
  8
Interior Walls
100
AcDbVertex
100
AcDb2dVertex
 10
2525.609885612389
 20
2084.712730803934
 30
0.0
  0
VERTEX
  5
92
330
8F
100
AcDbEntity
  8
Interior Walls
100
AcDbVertex
100
AcDb2dVertex
 10
2540.423958526863
 20
2084.712730803934
 30
0.0
  0
VERTEX
  5
93
330
8F
100
AcDbEntity
  8
Interior Walls
100
AcDbVertex
100
AcDb2dVertex
 10
2540.423958526863
 20
2078.011315142577
 30
0.0
  0
VERTEX
  5
94
330
8F
100
AcDbEntity
  8
Interior Walls
100
AcDbVertex
100
AcDb2dVertex
 10
2541.677098334978
 20
2078.011315142577
 30
0.0
  0
VERTEX
  5
95
330
8F
100
AcDbEntity
  8
Interior Walls
100
AcDbVertex
100
AcDb2dVertex
 10
2541.677098334978
 20
2084.712730803934
 30
0.0
  0
VERTEX
  5
96
330
8F
100
AcDbEntity
  8
Interior Walls
100
AcDbVertex
100
AcDb2dVertex
 10
2543.150075548681
 20
2084.712730803934
 30
0.0
  0
VERTEX
  5
97
330
8F
100
AcDbEntity
  8
Interior Walls
100
AcDbVertex
100
AcDb2dVertex
 10
2543.150075548681
 20
2085.510986805759
 30
0.0
  0
VERTEX
  5
98
330
8F
100
AcDbEntity
  8
Interior Walls
100
AcDbVertex
100
AcDb2dVertex
 10
2545.624489932639
 20
2085.510986805759
 30
0.0
  0
VERTEX
  5
99
330
8F
100
AcDbEntity
  8
Interior Walls
100
AcDbVertex
100
AcDb2dVertex
 10
2545.624489932639
 20
2086.82517338115
 30
0.0
  0
VERTEX
  5
9A
330
8F
100
AcDbEntity
  8
Interior Walls
100
AcDbVertex
100
AcDb2dVertex
 10
2542.992896335598
 20
2086.82517338115
 30
0.0
  0
VERTEX
  5
9B
330
8F
100
AcDbEntity
  8
Interior Walls
100
AcDbVertex
100
AcDb2dVertex
 10
2542.992896335598
 20
2089.346800946626
 30
0.0
  0
VERTEX
  5
9C
330
8F
100
AcDbEntity
  8
Interior Walls
100
AcDbVertex
100
AcDb2dVertex
 10
2541.887342992959
 20
2089.346800946626
 30
0.0
  0
VERTEX
  5
9D
330
8F
100
AcDbEntity
  8
Interior Walls
100
AcDbVertex
100
AcDb2dVertex
 10
2541.887342992959
 20
2086.013805814143
 30
0.0
  0
VERTEX
  5
9E
330
8F
100
AcDbEntity
  8
Interior Walls
100
AcDbVertex
100
AcDb2dVertex
 10
2531.025265714157
 20
2086.013805814143
 30
0.0
  0
VERTEX
  5
9F
330
8F
100
AcDbEntity
  8
Interior Walls
100
AcDbVertex
100
AcDb2dVertex
 10
2531.025265714157
 20
2089.346800946626
 30
0.0
  0
VERTEX
  5
A0
330
8F
100
AcDbEntity
  8
Interior Walls
100
AcDbVertex
100
AcDb2dVertex
 10
2530.185484372533
 20
2089.346800946626
 30
0.0
  0
VERTEX
  5
A1
330
8F
100
AcDbEntity
  8
Interior Walls
100
AcDbVertex
100
AcDb2dVertex
 10
2530.185484372533
 20
2086.013805814143
 30
0.0
  0
SEQEND
  5
A2
330
8F
100
AcDbEntity
  8
Interior Walls
  0
POLYLINE
  5
A3
330
1F
100
AcDbEntity
  8
Interior Walls
100
AcDb2dPolyline
 66
     1
 10
0.0
 20
0.0
 30
0.0
 70
     1
  0
VERTEX
  5
A4
330
A3
100
AcDbEntity
  8
Interior Walls
100
AcDbVertex
100
AcDb2dVertex
 10
2540.423958526864
 20
2069.565498503645
 30
0.0
  0
VERTEX
  5
A5
330
A3
100
AcDbEntity
  8
Interior Walls
100
AcDbVertex
100
AcDb2dVertex
 10
2525.609885612389
 20
2069.565498503645
 30
0.0
  0
VERTEX
  5
A6
330
A3
100
AcDbEntity
  8
Interior Walls
100
AcDbVertex
100
AcDb2dVertex
 10
2525.609885612389
 20
2068.374294883356
 30
0.0
  0
VERTEX
  5
A7
330
A3
100
AcDbEntity
  8
Interior Walls
100
AcDbVertex
100
AcDb2dVertex
 10
2530.185484372533
 20
2068.374294883356
 30
0.0
  0
VERTEX
  5
A8
330
A3
100
AcDbEntity
  8
Interior Walls
100
AcDbVertex
100
AcDb2dVertex
 10
2530.185484372533
 20
2065.041299750873
 30
0.0
  0
VERTEX
  5
A9
330
A3
100
AcDbEntity
  8
Interior Walls
100
AcDbVertex
100
AcDb2dVertex
 10
2531.025265714157
 20
2065.041299750873
 30
0.0
  0
VERTEX
  5
AA
330
A3
100
AcDbEntity
  8
Interior Walls
100
AcDbVertex
100
AcDb2dVertex
 10
2531.025265714157
 20
2068.374294883356
 30
0.0
  0
VERTEX
  5
AB
330
A3
100
AcDbEntity
  8
Interior Walls
100
AcDbVertex
100
AcDb2dVertex
 10
2541.887342992959
 20
2068.374294883356
 30
0.0
  0
VERTEX
  5
AC
330
A3
100
AcDbEntity
  8
Interior Walls
100
AcDbVertex
100
AcDb2dVertex
 10
2541.887342992959
 20
2065.041299750873
 30
0.0
  0
VERTEX
  5
AD
330
A3
100
AcDbEntity
  8
Interior Walls
100
AcDbVertex
100
AcDb2dVertex
 10
2542.992896335598
 20
2065.041299750873
 30
0.0
  0
VERTEX
  5
AE
330
A3
100
AcDbEntity
  8
Interior Walls
100
AcDbVertex
100
AcDb2dVertex
 10
2542.992896335598
 20
2067.562927316349
 30
0.0
  0
VERTEX
  5
AF
330
A3
100
AcDbEntity
  8
Interior Walls
100
AcDbVertex
100
AcDb2dVertex
 10
2545.624489932639
 20
2067.562927316349
 30
0.0
  0
VERTEX
  5
B0
330
A3
100
AcDbEntity
  8
Interior Walls
100
AcDbVertex
100
AcDb2dVertex
 10
2545.624489932639
 20
2068.877113891741
 30
0.0
  0
VERTEX
  5
B1
330
A3
100
AcDbEntity
  8
Interior Walls
100
AcDbVertex
100
AcDb2dVertex
 10
2542.867582354786
 20
2068.877113891741
 30
0.0
  0
VERTEX
  5
B2
330
A3
100
AcDbEntity
  8
Interior Walls
100
AcDbVertex
100
AcDb2dVertex
 10
2542.867582354786
 20
2069.565498503645
 30
0.0
  0
VERTEX
  5
B3
330
A3
100
AcDbEntity
  8
Interior Walls
100
AcDbVertex
100
AcDb2dVertex
 10
2541.677098334978
 20
2069.565498503645
 30
0.0
  0
VERTEX
  5
B4
330
A3
100
AcDbEntity
  8
Interior Walls
100
AcDbVertex
100
AcDb2dVertex
 10
2541.677098334978
 20
2076.199016364326
 30
0.0
  0
VERTEX
  5
B5
330
A3
100
AcDbEntity
  8
Interior Walls
100
AcDbVertex
100
AcDb2dVertex
 10
2540.423958526864
 20
2076.199016364326
 30
0.0
  0
SEQEND
  5
B6
330
A3
100
AcDbEntity
  8
Interior Walls
  0
POLYLINE
  5
B7
330
1F
100
AcDbEntity
  8
Interior Walls
100
AcDb2dPolyline
 66
     1
 10
0.0
 20
0.0
 30
0.0
 70
     1
  0
VERTEX
  5
B8
330
B7
100
AcDbEntity
  8
Interior Walls
100
AcDbVertex
100
AcDb2dVertex
 10
2508.06565785328
 20
2075.925728720641
 30
0.0
  0
VERTEX
  5
B9
330
B7
100
AcDbEntity
  8
Interior Walls
100
AcDbVertex
100
AcDb2dVertex
 10
2507.561833821485
 20
2072.623598834754
 30
0.0
  0
VERTEX
  5
BA
330
B7
100
AcDbEntity
  8
Interior Walls
100
AcDbVertex
100
AcDb2dVertex
 10
2506.641280261108
 20
2069.412604972916
 30
0.0
  0
VERTEX
  5
BB
330
B7
100
AcDbEntity
  8
Interior Walls
100
AcDbVertex
100
AcDb2dVertex
 10
2506.641280261108
 20
2066.021537831991
 30
0.0
  0
VERTEX
  5
BC
330
B7
100
AcDbEntity
  8
Interior Walls
100
AcDbVertex
100
AcDb2dVertex
 10
2506.641280261107
 20
2065.041299750872
 30
0.0
  0
VERTEX
  5
BD
330
B7
100
AcDbEntity
  8
Interior Walls
100
AcDbVertex
100
AcDb2dVertex
 10
2507.621548473303
 20
2065.041299750872
 30
0.0
  0
VERTEX
  5
BE
330
B7
100
AcDbEntity
  8
Interior Walls
100
AcDbVertex
100
AcDb2dVertex
 10
2507.621548473303
 20
2068.374294883356
 30
0.0
  0
VERTEX
  5
BF
330
B7
100
AcDbEntity
  8
Interior Walls
100
AcDbVertex
100
AcDb2dVertex
 10
2518.483625752106
 20
2068.374294883356
 30
0.0
  0
VERTEX
  5
C0
330
B7
100
AcDbEntity
  8
Interior Walls
100
AcDbVertex
100
AcDb2dVertex
 10
2518.483625752106
 20
2065.041299750873
 30
0.0
  0
VERTEX
  5
C1
330
B7
100
AcDbEntity
  8
Interior Walls
100
AcDbVertex
100
AcDb2dVertex
 10
2519.32340709373
 20
2065.041299750873
 30
0.0
  0
VERTEX
  5
C2
330
B7
100
AcDbEntity
  8
Interior Walls
100
AcDbVertex
100
AcDb2dVertex
 10
2519.32340709373
 20
2068.374294883356
 30
0.0
  0
VERTEX
  5
C3
330
B7
100
AcDbEntity
  8
Interior Walls
100
AcDbVertex
100
AcDb2dVertex
 10
2523.700068136241
 20
2068.374294883356
 30
0.0
  0
VERTEX
  5
C4
330
B7
100
AcDbEntity
  8
Interior Walls
100
AcDbVertex
100
AcDb2dVertex
 10
2523.700068136241
 20
2069.565498503645
 30
0.0
  0
VERTEX
  5
C5
330
B7
100
AcDbEntity
  8
Interior Walls
100
AcDbVertex
100
AcDb2dVertex
 10
2509.133259711233
 20
2069.565498503645
 30
0.0
  0
VERTEX
  5
C6
330
B7
100
AcDbEntity
  8
Interior Walls
100
AcDbVertex
100
AcDb2dVertex
 10
2509.133259711233
 20
2075.925728720641
 30
0.0
  0
SEQEND
  5
C7
330
B7
100
AcDbEntity
  8
Interior Walls
  0
POLYLINE
  5
C8
330
1F
100
AcDbEntity
  8
Interior Walls
100
AcDb2dPolyline
 66
     1
 10
0.0
 20
0.0
 30
0.0
 70
     1
  0
VERTEX
  5
C9
330
C8
100
AcDbEntity
  8
Interior Walls
100
AcDbVertex
100
AcDb2dVertex
 10
2503.118968069861
 20
2084.559837273204
 30
0.0
  0
VERTEX
  5
CA
330
C8
100
AcDbEntity
  8
Interior Walls
100
AcDbVertex
100
AcDb2dVertex
 10
2503.615999280601
 20
2076.966490086975
 30
0.0
  0
VERTEX
  5
CB
330
C8
100
AcDbEntity
  8
Interior Walls
100
AcDbVertex
100
AcDb2dVertex
 10
2502.696879485006
 20
2069.412604972916
 30
0.0
  0
VERTEX
  5
CC
330
C8
100
AcDbEntity
  8
Interior Walls
100
AcDbVertex
100
AcDb2dVertex
 10
2502.696879485006
 20
2066.021537831991
 30
0.0
  0
VERTEX
  5
CD
330
C8
100
AcDbEntity
  8
Interior Walls
100
AcDbVertex
100
AcDb2dVertex
 10
2487.194915207721
 20
2066.021537831991
 30
0.0
  0
VERTEX
  5
CE
330
C8
100
AcDbEntity
  8
Interior Walls
100
AcDbVertex
100
AcDb2dVertex
 10
2484.164866763839
 20
2066.021537831991
 30
0.0
  0
VERTEX
  5
CF
330
C8
100
AcDbEntity
  8
Interior Walls
100
AcDbVertex
100
AcDb2dVertex
 10
2484.164866763839
 20
2067.099553017067
 30
0.0
  0
VERTEX
  5
D0
330
C8
100
AcDbEntity
  8
Interior Walls
100
AcDbVertex
100
AcDb2dVertex
 10
2485.918433987071
 20
2067.099553017067
 30
0.0
  0
VERTEX
  5
D1
330
C8
100
AcDbEntity
  8
Interior Walls
100
AcDbVertex
100
AcDb2dVertex
 10
2485.918433987071
 20
2086.84103360953
 30
0.0
  0
VERTEX
  5
D2
330
C8
100
AcDbEntity
  8
Interior Walls
100
AcDbVertex
100
AcDb2dVertex
 10
2484.164866763839
 20
2086.84103360953
 30
0.0
  0
VERTEX
  5
D3
330
C8
100
AcDbEntity
  8
Interior Walls
100
AcDbVertex
100
AcDb2dVertex
 10
2484.164866763839
 20
2087.931475380256
 30
0.0
  0
VERTEX
  5
D4
330
C8
100
AcDbEntity
  8
Interior Walls
100
AcDbVertex
100
AcDb2dVertex
 10
2498.534999243395
 20
2087.931475380256
 30
0.0
  0
VERTEX
  5
D5
330
C8
100
AcDbEntity
  8
Interior Walls
100
AcDbVertex
100
AcDb2dVertex
 10
2498.534999243395
 20
2089.010160497155
 30
0.0
  0
VERTEX
  5
D6
330
C8
100
AcDbEntity
  8
Interior Walls
100
AcDbVertex
100
AcDb2dVertex
 10
2499.467849834111
 20
2089.010160497155
 30
0.0
  0
VERTEX
  5
D7
330
C8
100
AcDbEntity
  8
Interior Walls
100
AcDbVertex
100
AcDb2dVertex
 10
2499.467849834111
 20
2087.931475380256
 30
0.0
  0
VERTEX
  5
D8
330
C8
100
AcDbEntity
  8
Interior Walls
100
AcDbVertex
100
AcDb2dVertex
 10
2503.118968069861
 20
2087.931475380256
 30
0.0
  0
SEQEND
  5
D9
330
C8
100
AcDbEntity
  8
Interior Walls
  0
LINE
  5
DA
330
1F
100
AcDbEntity
  8
Interior Walls
100
AcDbLine
 10
2432.650634065952
 20
2085.860912283413
 30
0.0
 11
2432.650634065951
 21
2084.559837273204
 31
0.0
  0
POLYLINE
  5
DB
330
1F
100
AcDbEntity
  8
Interior Walls
100
AcDb2dPolyline
 66
     1
 10
0.0
 20
0.0
 30
0.0
  0
VERTEX
  5
DC
330
DB
100
AcDbEntity
  8
Interior Walls
100
AcDbVertex
100
AcDb2dVertex
 10
2432.650634065951
 20
2084.559837273204
 30
0.0
  0
VERTEX
  5
DD
330
DB
100
AcDbEntity
  8
Interior Walls
100
AcDbVertex
100
AcDb2dVertex
 10
2447.464706980426
 20
2084.559837273204
 30
0.0
  0
VERTEX
  5
DE
330
DB
100
AcDbEntity
  8
Interior Walls
100
AcDbVertex
100
AcDb2dVertex
 10
2447.464706980426
 20
2077.960337804874
 30
0.0
  0
VERTEX
  5
DF
330
DB
100
AcDbEntity
  8
Interior Walls
100
AcDbVertex
100
AcDb2dVertex
 10
2448.227612164861
 20
2077.960337804874
 30
0.0
  0
VERTEX
  5
E0
330
DB
100
AcDbEntity
  8
Interior Walls
100
AcDbVertex
100
AcDb2dVertex
 10
2448.675406113921
 20
2083.037523132805
 30
0.0
  0
VERTEX
  5
E1
330
DB
100
AcDbEntity
  8
Interior Walls
100
AcDbVertex
100
AcDb2dVertex
 10
2450.099330857244
 20
2087.931475380256
 30
0.0
  0
VERTEX
  5
E2
330
DB
100
AcDbEntity
  8
Interior Walls
100
AcDbVertex
100
AcDb2dVertex
 10
2449.600233887036
 20
2087.931475380256
 30
0.0
  0
VERTEX
  5
E3
330
DB
100
AcDbEntity
  8
Interior Walls
100
AcDbVertex
100
AcDb2dVertex
 10
2449.600233887036
 20
2089.010160497155
 30
0.0
  0
VERTEX
  5
E4
330
DB
100
AcDbEntity
  8
Interior Walls
100
AcDbVertex
100
AcDb2dVertex
 10
2448.928091446522
 20
2089.010160497155
 30
0.0
  0
VERTEX
  5
E5
330
DB
100
AcDbEntity
  8
Interior Walls
100
AcDbVertex
100
AcDb2dVertex
 10
2448.928091446522
 20
2085.860912283413
 30
0.0
  0
VERTEX
  5
E6
330
DB
100
AcDbEntity
  8
Interior Walls
100
AcDbVertex
100
AcDb2dVertex
 10
2438.066014167721
 20
2085.860912283413
 30
0.0
  0
VERTEX
  5
E7
330
DB
100
AcDbEntity
  8
Interior Walls
100
AcDbVertex
100
AcDb2dVertex
 10
2438.066014167721
 20
2089.193907415896
 30
0.0
  0
VERTEX
  5
E8
330
DB
100
AcDbEntity
  8
Interior Walls
100
AcDbVertex
100
AcDb2dVertex
 10
2437.226232826096
 20
2089.193907415896
 30
0.0
  0
SEQEND
  5
E9
330
DB
100
AcDbEntity
  8
Interior Walls
  0
POLYLINE
  5
EA
330
1F
100
AcDbEntity
  8
Interior Walls
100
AcDb2dPolyline
 66
     1
 10
0.0
 20
0.0
 30
0.0
  0
VERTEX
  5
EB
330
EA
100
AcDbEntity
  8
Interior Walls
100
AcDbVertex
100
AcDb2dVertex
 10
2437.226232826096
 20
2089.193907415896
 30
0.0
  0
VERTEX
  5
EC
330
EA
100
AcDbEntity
  8
Interior Walls
100
AcDbVertex
100
AcDb2dVertex
 10
2437.226232826096
 20
2085.860912283413
 30
0.0
  0
VERTEX
  5
ED
330
EA
100
AcDbEntity
  8
Interior Walls
100
AcDbVertex
100
AcDb2dVertex
 10
2432.650634065951
 20
2085.860912283413
 30
0.0
  0
SEQEND
  5
EE
330
EA
100
AcDbEntity
  8
Interior Walls
  0
POLYLINE
  5
EF
330
1F
100
AcDbEntity
  8
Interior Walls
100
AcDb2dPolyline
 66
     1
 10
0.0
 20
0.0
 30
0.0
 70
     1
  0
VERTEX
  5
F0
330
EF
100
AcDbEntity
  8
Interior Walls
100
AcDbVertex
100
AcDb2dVertex
 10
2453.515407478
 20
2084.559837273204
 30
0.0
  0
VERTEX
  5
F1
330
EF
100
AcDbEntity
  8
Interior Walls
100
AcDbVertex
100
AcDb2dVertex
 10
2453.515407478
 20
2087.931475380256
 30
0.0
  0
VERTEX
  5
F2
330
EF
100
AcDbEntity
  8
Interior Walls
100
AcDbVertex
100
AcDb2dVertex
 10
2456.985337883713
 20
2087.931475380256
 30
0.0
  0
VERTEX
  5
F3
330
EF
100
AcDbEntity
  8
Interior Walls
100
AcDbVertex
100
AcDb2dVertex
 10
2456.985337883713
 20
2089.010160497155
 30
0.0
  0
VERTEX
  5
F4
330
EF
100
AcDbEntity
  8
Interior Walls
100
AcDbVertex
100
AcDb2dVertex
 10
2458.062331729339
 20
2089.010160497155
 30
0.0
  0
VERTEX
  5
F5
330
EF
100
AcDbEntity
  8
Interior Walls
100
AcDbVertex
100
AcDb2dVertex
 10
2458.062331729339
 20
2087.931475380256
 30
0.0
  0
VERTEX
  5
F6
330
EF
100
AcDbEntity
  8
Interior Walls
100
AcDbVertex
100
AcDb2dVertex
 10
2472.105884054801
 20
2087.931475380256
 30
0.0
  0
VERTEX
  5
F7
330
EF
100
AcDbEntity
  8
Interior Walls
100
AcDbVertex
100
AcDb2dVertex
 10
2472.105884054801
 20
2086.84103360953
 30
0.0
  0
VERTEX
  5
F8
330
EF
100
AcDbEntity
  8
Interior Walls
100
AcDbVertex
100
AcDb2dVertex
 10
2470.629069893901
 20
2086.84103360953
 30
0.0
  0
VERTEX
  5
F9
330
EF
100
AcDbEntity
  8
Interior Walls
100
AcDbVertex
100
AcDb2dVertex
 10
2470.629069893901
 20
2067.099553017067
 30
0.0
  0
VERTEX
  5
FA
330
EF
100
AcDbEntity
  8
Interior Walls
100
AcDbVertex
100
AcDb2dVertex
 10
2472.215010373739
 20
2067.099553017067
 30
0.0
  0
VERTEX
  5
FB
330
EF
100
AcDbEntity
  8
Interior Walls
100
AcDbVertex
100
AcDb2dVertex
 10
2472.215010373739
 20
2066.021537831991
 30
0.0
  0
VERTEX
  5
FC
330
EF
100
AcDbEntity
  8
Interior Walls
100
AcDbVertex
100
AcDb2dVertex
 10
2469.198750001917
 20
2066.021537831991
 30
0.0
  0
VERTEX
  5
FD
330
EF
100
AcDbEntity
  8
Interior Walls
100
AcDbVertex
100
AcDb2dVertex
 10
2453.543568628855
 20
2066.021537831991
 30
0.0
  0
VERTEX
  5
FE
330
EF
100
AcDbEntity
  8
Interior Walls
100
AcDbVertex
100
AcDb2dVertex
 10
2453.543568628855
 20
2069.412604972916
 30
0.0
  0
VERTEX
  5
FF
330
EF
100
AcDbEntity
  8
Interior Walls
100
AcDbVertex
100
AcDb2dVertex
 10
2452.623949915727
 20
2076.984537581434
 30
0.0
  0
SEQEND
  5
100
330
EF
100
AcDbEntity
  8
Interior Walls
  0
POLYLINE
  5
101
330
1F
100
AcDbEntity
  8
Interior Walls
100
AcDb2dPolyline
 66
     1
 10
0.0
 20
0.0
 30
0.0
 70
     1
  0
VERTEX
  5
102
330
101
100
AcDbEntity
  8
Interior Walls
100
AcDbVertex
100
AcDb2dVertex
 10
2448.326497520392
 20
2075.925728720641
 30
0.0
  0
VERTEX
  5
103
330
101
100
AcDbEntity
  8
Interior Walls
100
AcDbVertex
100
AcDb2dVertex
 10
2448.830321552188
 20
2072.623598834754
 30
0.0
  0
VERTEX
  5
104
330
101
100
AcDbEntity
  8
Interior Walls
100
AcDbVertex
100
AcDb2dVertex
 10
2449.750875112566
 20
2069.412604972916
 30
0.0
  0
VERTEX
  5
105
330
101
100
AcDbEntity
  8
Interior Walls
100
AcDbVertex
100
AcDb2dVertex
 10
2449.750875112566
 20
2066.021537831991
 30
0.0
  0
VERTEX
  5
106
330
101
100
AcDbEntity
  8
Interior Walls
100
AcDbVertex
100
AcDb2dVertex
 10
2449.750875112566
 20
2065.041299750872
 30
0.0
  0
VERTEX
  5
107
330
101
100
AcDbEntity
  8
Interior Walls
100
AcDbVertex
100
AcDb2dVertex
 10
2448.928091446522
 20
2065.041299750872
 30
0.0
  0
VERTEX
  5
108
330
101
100
AcDbEntity
  8
Interior Walls
100
AcDbVertex
100
AcDb2dVertex
 10
2448.928091446522
 20
2068.374294883356
 30
0.0
  0
VERTEX
  5
109
330
101
100
AcDbEntity
  8
Interior Walls
100
AcDbVertex
100
AcDb2dVertex
 10
2438.066014167721
 20
2068.374294883356
 30
0.0
  0
VERTEX
  5
10A
330
101
100
AcDbEntity
  8
Interior Walls
100
AcDbVertex
100
AcDb2dVertex
 10
2438.066014167721
 20
2065.041299750873
 30
0.0
  0
VERTEX
  5
10B
330
101
100
AcDbEntity
  8
Interior Walls
100
AcDbVertex
100
AcDb2dVertex
 10
2437.226232826096
 20
2065.041299750873
 30
0.0
  0
VERTEX
  5
10C
330
101
100
AcDbEntity
  8
Interior Walls
100
AcDbVertex
100
AcDb2dVertex
 10
2437.226232826096
 20
2068.374294883356
 30
0.0
  0
VERTEX
  5
10D
330
101
100
AcDbEntity
  8
Interior Walls
100
AcDbVertex
100
AcDb2dVertex
 10
2432.650634065951
 20
2068.374294883356
 30
0.0
  0
VERTEX
  5
10E
330
101
100
AcDbEntity
  8
Interior Walls
100
AcDbVertex
100
AcDb2dVertex
 10
2432.650634065951
 20
2069.412604972916
 30
0.0
  0
VERTEX
  5
10F
330
101
100
AcDbEntity
  8
Interior Walls
100
AcDbVertex
100
AcDb2dVertex
 10
2447.464706980426
 20
2069.412604972916
 30
0.0
  0
VERTEX
  5
110
330
101
100
AcDbEntity
  8
Interior Walls
100
AcDbVertex
100
AcDb2dVertex
 10
2447.464706980426
 20
2075.925728720641
 30
0.0
  0
SEQEND
  5
111
330
101
100
AcDbEntity
  8
Interior Walls
  0
POLYLINE
  5
112
330
1F
100
AcDbEntity
  8
Interior Walls
100
AcDb2dPolyline
 66
     1
 10
0.0
 20
0.0
 30
0.0
 70
     1
  0
VERTEX
  5
113
330
112
100
AcDbEntity
  8
Interior Walls
100
AcDbVertex
100
AcDb2dVertex
 10
2474.130648387551
 20
2103.853200724569
 30
0.0
  0
VERTEX
  5
114
330
112
100
AcDbEntity
  8
Interior Walls
100
AcDbVertex
100
AcDb2dVertex
 10
2476.355074393967
 20
2103.853200724569
 30
0.0
  0
VERTEX
  5
115
330
112
100
AcDbEntity
  8
Interior Walls
100
AcDbVertex
100
AcDb2dVertex
 10
2476.355074393967
 20
2103.059895156195
 30
0.0
  0
VERTEX
  5
116
330
112
100
AcDbEntity
  8
Interior Walls
100
AcDbVertex
100
AcDb2dVertex
 10
2474.130648387551
 20
2103.059895156195
 30
0.0
  0
SEQEND
  5
117
330
112
100
AcDbEntity
  8
Interior Walls
  0
POLYLINE
  5
118
330
1F
100
AcDbEntity
  8
Interior Walls
100
AcDb2dPolyline
 66
     1
 10
0.0
 20
0.0
 30
0.0
 70
     1
  0
VERTEX
  5
119
330
118
100
AcDbEntity
  8
Interior Walls
100
AcDbVertex
100
AcDb2dVertex
 10
2480.003133144718
 20
2103.853200720539
 30
0.0
  0
VERTEX
  5
11A
330
118
100
AcDbEntity
  8
Interior Walls
100
AcDbVertex
100
AcDb2dVertex
 10
2482.227559151134
 20
2103.853200720539
 30
0.0
  0
VERTEX
  5
11B
330
118
100
AcDbEntity
  8
Interior Walls
100
AcDbVertex
100
AcDb2dVertex
 10
2482.227559151134
 20
2103.059895152165
 30
0.0
  0
VERTEX
  5
11C
330
118
100
AcDbEntity
  8
Interior Walls
100
AcDbVertex
100
AcDb2dVertex
 10
2480.003133144718
 20
2103.059895152165
 30
0.0
  0
SEQEND
  5
11D
330
118
100
AcDbEntity
  8
Interior Walls
  0
POLYLINE
  5
11E
330
1F
100
AcDbEntity
  8
Interior Walls
100
AcDb2dPolyline
 66
     1
 10
0.0
 20
0.0
 30
0.0
 70
     1
  0
VERTEX
  5
11F
330
11E
100
AcDbEntity
  8
Interior Walls
100
AcDbVertex
100
AcDb2dVertex
 10
2506.715381410848
 20
2090.793456121656
 30
0.0
  0
VERTEX
  5
120
330
11E
100
AcDbEntity
  8
Interior Walls
100
AcDbVertex
100
AcDb2dVertex
 10
2507.621548473303
 20
2090.793456121656
 30
0.0
  0
VERTEX
  5
121
330
11E
100
AcDbEntity
  8
Interior Walls
100
AcDbVertex
100
AcDb2dVertex
 10
2507.621548473303
 20
2094.290799812698
 30
0.0
  0
VERTEX
  5
122
330
11E
100
AcDbEntity
  8
Interior Walls
100
AcDbVertex
100
AcDb2dVertex
 10
2518.483625752106
 20
2094.290799812698
 30
0.0
  0
VERTEX
  5
123
330
11E
100
AcDbEntity
  8
Interior Walls
100
AcDbVertex
100
AcDb2dVertex
 10
2518.483625752106
 20
2090.697932033762
 30
0.0
  0
VERTEX
  5
124
330
11E
100
AcDbEntity
  8
Interior Walls
100
AcDbVertex
100
AcDb2dVertex
 10
2519.32340709373
 20
2090.697932033762
 30
0.0
  0
VERTEX
  5
125
330
11E
100
AcDbEntity
  8
Interior Walls
100
AcDbVertex
100
AcDb2dVertex
 10
2519.32340709373
 20
2094.290799812698
 30
0.0
  0
VERTEX
  5
126
330
11E
100
AcDbEntity
  8
Interior Walls
100
AcDbVertex
100
AcDb2dVertex
 10
2530.185484372533
 20
2094.290799812698
 30
0.0
  0
VERTEX
  5
127
330
11E
100
AcDbEntity
  8
Interior Walls
100
AcDbVertex
100
AcDb2dVertex
 10
2530.185484372533
 20
2090.697932033762
 30
0.0
  0
VERTEX
  5
128
330
11E
100
AcDbEntity
  8
Interior Walls
100
AcDbVertex
100
AcDb2dVertex
 10
2531.025265714157
 20
2090.697932033762
 30
0.0
  0
VERTEX
  5
129
330
11E
100
AcDbEntity
  8
Interior Walls
100
AcDbVertex
100
AcDb2dVertex
 10
2531.025265714157
 20
2094.290799812698
 30
0.0
  0
VERTEX
  5
12A
330
11E
100
AcDbEntity
  8
Interior Walls
100
AcDbVertex
100
AcDb2dVertex
 10
2541.887342992959
 20
2094.290799812698
 30
0.0
  0
VERTEX
  5
12B
330
11E
100
AcDbEntity
  8
Interior Walls
100
AcDbVertex
100
AcDb2dVertex
 10
2541.887342992959
 20
2090.697932033762
 30
0.0
  0
VERTEX
  5
12C
330
11E
100
AcDbEntity
  8
Interior Walls
100
AcDbVertex
100
AcDb2dVertex
 10
2542.992896335598
 20
2090.697932033762
 30
0.0
  0
VERTEX
  5
12D
330
11E
100
AcDbEntity
  8
Interior Walls
100
AcDbVertex
100
AcDb2dVertex
 10
2542.992896335598
 20
2095.863520686019
 30
0.0
  0
VERTEX
  5
12E
330
11E
100
AcDbEntity
  8
Interior Walls
100
AcDbVertex
100
AcDb2dVertex
 10
2544.974932093535
 20
2095.863520686019
 30
0.0
  0
VERTEX
  5
12F
330
11E
100
AcDbEntity
  8
Interior Walls
100
AcDbVertex
100
AcDb2dVertex
 10
2544.974932093535
 20
2103.853200720539
 30
0.0
  0
VERTEX
  5
130
330
11E
100
AcDbEntity
  8
Interior Walls
100
AcDbVertex
100
AcDb2dVertex
 10
2485.435291775928
 20
2103.853200720539
 30
0.0
  0
VERTEX
  5
131
330
11E
100
AcDbEntity
  8
Interior Walls
100
AcDbVertex
100
AcDb2dVertex
 10
2485.435291775928
 20
2103.059895152165
 30
0.0
  0
VERTEX
  5
132
330
11E
100
AcDbEntity
  8
Interior Walls
100
AcDbVertex
100
AcDb2dVertex
 10
2498.534999243395
 20
2103.059895152165
 30
0.0
  0
VERTEX
  5
133
330
11E
100
AcDbEntity
  8
Interior Walls
100
AcDbVertex
100
AcDb2dVertex
 10
2498.534999243395
 20
2090.793456121656
 30
0.0
  0
VERTEX
  5
134
330
11E
100
AcDbEntity
  8
Interior Walls
100
AcDbVertex
100
AcDb2dVertex
 10
2499.467849834111
 20
2090.793456121656
 30
0.0
  0
VERTEX
  5
135
330
11E
100
AcDbEntity
  8
Interior Walls
100
AcDbVertex
100
AcDb2dVertex
 10
2499.467849834111
 20
2096.097031237485
 30
0.0
  0
VERTEX
  5
136
330
11E
100
AcDbEntity
  8
Interior Walls
100
AcDbVertex
100
AcDb2dVertex
 10
2506.715381410848
 20
2096.097031237485
 30
0.0
  0
SEQEND
  5
137
330
11E
100
AcDbEntity
  8
Interior Walls
  0
POLYLINE
  5
138
330
1F
100
AcDbEntity
  8
Interior Walls
100
AcDb2dPolyline
 66
     1
 10
0.0
 20
0.0
 30
0.0
 70
     1
  0
VERTEX
  5
139
330
138
100
AcDbEntity
  8
Interior Walls
100
AcDbVertex
100
AcDb2dVertex
 10
2552.828180141032
 20
2112.074097122211
 30
0.0
  0
VERTEX
  5
13A
330
138
100
AcDbEntity
  8
Interior Walls
100
AcDbVertex
100
AcDb2dVertex
 10
2547.281242840003
 20
2112.074097122211
 30
0.0
  0
VERTEX
  5
13B
330
138
100
AcDbEntity
  8
Interior Walls
100
AcDbVertex
100
AcDb2dVertex
 10
2547.281242840003
 20
2110.839269879532
 30
0.0
  0
VERTEX
  5
13C
330
138
100
AcDbEntity
  8
Interior Walls
100
AcDbVertex
100
AcDb2dVertex
 10
2552.828180141032
 20
2110.839269879532
 30
0.0
  0
VERTEX
  5
13D
330
138
100
AcDbEntity
  8
Interior Walls
100
AcDbVertex
100
AcDb2dVertex
 10
2552.828180141032
 20
2107.212763504138
 30
0.0
  0
VERTEX
  5
13E
330
138
100
AcDbEntity
  8
Interior Walls
100
AcDbVertex
100
AcDb2dVertex
 10
2553.949030775915
 20
2107.212763504139
 30
0.0
  0
VERTEX
  5
13F
330
138
100
AcDbEntity
  8
Interior Walls
100
AcDbVertex
100
AcDb2dVertex
 10
2553.949030775915
 20
2109.488211583436
 30
0.0
  0
VERTEX
  5
140
330
138
100
AcDbEntity
  8
Interior Walls
100
AcDbVertex
100
AcDb2dVertex
 10
2556.702513695645
 20
2109.488211583436
 30
0.0
  0
VERTEX
  5
141
330
138
100
AcDbEntity
  8
Interior Walls
100
AcDbVertex
100
AcDb2dVertex
 10
2556.702513695645
 20
2110.431180482767
 30
0.0
  0
VERTEX
  5
142
330
138
100
AcDbEntity
  8
Interior Walls
100
AcDbVertex
100
AcDb2dVertex
 10
2553.949030775915
 20
2110.431180482767
 30
0.0
  0
VERTEX
  5
143
330
138
100
AcDbEntity
  8
Interior Walls
100
AcDbVertex
100
AcDb2dVertex
 10
2553.949030775915
 20
2112.745740598359
 30
0.0
  0
VERTEX
  5
144
330
138
100
AcDbEntity
  8
Interior Walls
100
AcDbVertex
100
AcDb2dVertex
 10
2552.828180141032
 20
2112.745740598359
 30
0.0
  0
SEQEND
  5
145
330
138
100
AcDbEntity
  8
Interior Walls
  0
POLYLINE
  5
146
330
1F
100
AcDbEntity
  8
Interior Walls
100
AcDb2dPolyline
 66
     1
 10
0.0
 20
0.0
 30
0.0
 70
     1
  0
VERTEX
  5
147
330
146
100
AcDbEntity
  8
Interior Walls
100
AcDbVertex
100
AcDb2dVertex
 10
2553.949030775916
 20
2123.880810893275
 30
0.0
  0
VERTEX
  5
148
330
146
100
AcDbEntity
  8
Interior Walls
100
AcDbVertex
100
AcDb2dVertex
 10
2552.828180141032
 20
2123.880810893275
 30
0.0
  0
VERTEX
  5
149
330
146
100
AcDbEntity
  8
Interior Walls
100
AcDbVertex
100
AcDb2dVertex
 10
2552.828180141032
 20
2114.590423872589
 30
0.0
  0
VERTEX
  5
14A
330
146
100
AcDbEntity
  8
Interior Walls
100
AcDbVertex
100
AcDb2dVertex
 10
2553.949030775915
 20
2114.590423872589
 30
0.0
  0
SEQEND
  5
14B
330
146
100
AcDbEntity
  8
Interior Walls
  0
POLYLINE
  5
14C
330
1F
100
AcDbEntity
  8
Interior Walls
100
AcDb2dPolyline
 66
     1
 10
0.0
 20
0.0
 30
0.0
 70
     1
  0
VERTEX
  5
14D
330
14C
100
AcDbEntity
  8
Interior Walls
100
AcDbVertex
100
AcDb2dVertex
 10
2539.231324269882
 20
2110.94525855318
 30
0.0
  0
VERTEX
  5
14E
330
14C
100
AcDbEntity
  8
Interior Walls
100
AcDbVertex
100
AcDb2dVertex
 10
2544.993929736442
 20
2110.94525855318
 30
0.0
  0
VERTEX
  5
14F
330
14C
100
AcDbEntity
  8
Interior Walls
100
AcDbVertex
100
AcDb2dVertex
 10
2544.993929736442
 20
2112.074097122211
 30
0.0
  0
VERTEX
  5
150
330
14C
100
AcDbEntity
  8
Interior Walls
100
AcDbVertex
100
AcDb2dVertex
 10
2539.231324269882
 20
2112.074097122211
 30
0.0
  0
VERTEX
  5
151
330
14C
100
AcDbEntity
  8
Interior Walls
100
AcDbVertex
100
AcDb2dVertex
 10
2539.231324269882
 20
2117.535731175791
 30
0.0
  0
VERTEX
  5
152
330
14C
100
AcDbEntity
  8
Interior Walls
100
AcDbVertex
100
AcDb2dVertex
 10
2537.875417268954
 20
2117.535731175791
 30
0.0
  0
VERTEX
  5
153
330
14C
100
AcDbEntity
  8
Interior Walls
100
AcDbVertex
100
AcDb2dVertex
 10
2537.875417268954
 20
2115.804845523881
 30
0.0
  0
VERTEX
  5
154
330
14C
100
AcDbEntity
  8
Interior Walls
100
AcDbVertex
100
AcDb2dVertex
 10
2534.033681003865
 20
2115.804845523881
 30
0.0
  0
VERTEX
  5
155
330
14C
100
AcDbEntity
  8
Interior Walls
100
AcDbVertex
100
AcDb2dVertex
 10
2534.033681003865
 20
2114.450597410962
 30
0.0
  0
VERTEX
  5
156
330
14C
100
AcDbEntity
  8
Interior Walls
100
AcDbVertex
100
AcDb2dVertex
 10
2537.875417268954
 20
2114.450597410962
 30
0.0
  0
VERTEX
  5
157
330
14C
100
AcDbEntity
  8
Interior Walls
100
AcDbVertex
100
AcDb2dVertex
 10
2537.875417268954
 20
2107.227942018236
 30
0.0
  0
VERTEX
  5
158
330
14C
100
AcDbEntity
  8
Interior Walls
100
AcDbVertex
100
AcDb2dVertex
 10
2539.231324269882
 20
2107.227942018236
 30
0.0
  0
SEQEND
  5
159
330
14C
100
AcDbEntity
  8
Interior Walls
  0
POLYLINE
  5
15A
330
1F
100
AcDbEntity
  8
Interior Walls
100
AcDb2dPolyline
 66
     1
 10
0.0
 20
0.0
 30
0.0
 70
     1
  0
VERTEX
  5
15B
330
15A
100
AcDbEntity
  8
Interior Walls
100
AcDbVertex
100
AcDb2dVertex
 10
2552.828180141032
 20
2126.751682649868
 30
0.0
  0
VERTEX
  5
15C
330
15A
100
AcDbEntity
  8
Interior Walls
100
AcDbVertex
100
AcDb2dVertex
 10
2547.223925541379
 20
2126.751682649868
 30
0.0
  0
VERTEX
  5
15D
330
15A
100
AcDbEntity
  8
Interior Walls
100
AcDbVertex
100
AcDb2dVertex
 10
2547.223925541379
 20
2127.636590615528
 30
0.0
  0
VERTEX
  5
15E
330
15A
100
AcDbEntity
  8
Interior Walls
100
AcDbVertex
100
AcDb2dVertex
 10
2552.828180141032
 20
2127.636590615528
 30
0.0
  0
VERTEX
  5
15F
330
15A
100
AcDbEntity
  8
Interior Walls
100
AcDbVertex
100
AcDb2dVertex
 10
2552.828180141032
 20
2131.314795773912
 30
0.0
  0
VERTEX
  5
160
330
15A
100
AcDbEntity
  8
Interior Walls
100
AcDbVertex
100
AcDb2dVertex
 10
2553.949030775915
 20
2131.314795773912
 30
0.0
  0
VERTEX
  5
161
330
15A
100
AcDbEntity
  8
Interior Walls
100
AcDbVertex
100
AcDb2dVertex
 10
2553.949030775915
 20
2129.21577194395
 30
0.0
  0
VERTEX
  5
162
330
15A
100
AcDbEntity
  8
Interior Walls
100
AcDbVertex
100
AcDb2dVertex
 10
2556.611052013614
 20
2129.21577194395
 30
0.0
  0
VERTEX
  5
163
330
15A
100
AcDbEntity
  8
Interior Walls
100
AcDbVertex
100
AcDb2dVertex
 10
2556.611052013614
 20
2128.376162345992
 30
0.0
  0
VERTEX
  5
164
330
15A
100
AcDbEntity
  8
Interior Walls
100
AcDbVertex
100
AcDb2dVertex
 10
2553.949030775915
 20
2128.376162345992
 30
0.0
  0
VERTEX
  5
165
330
15A
100
AcDbEntity
  8
Interior Walls
100
AcDbVertex
100
AcDb2dVertex
 10
2553.949030775915
 20
2126.067236034074
 30
0.0
  0
VERTEX
  5
166
330
15A
100
AcDbEntity
  8
Interior Walls
100
AcDbVertex
100
AcDb2dVertex
 10
2552.828180141032
 20
2126.067236034074
 30
0.0
  0
SEQEND
  5
167
330
15A
100
AcDbEntity
  8
Interior Walls
  0
POLYLINE
  5
168
330
1F
100
AcDbEntity
  8
Interior Walls
100
AcDb2dPolyline
 66
     1
 10
0.0
 20
0.0
 30
0.0
 70
     1
  0
VERTEX
  5
169
330
168
100
AcDbEntity
  8
Interior Walls
100
AcDbVertex
100
AcDb2dVertex
 10
2539.231324269882
 20
2127.636590615528
 30
0.0
  0
VERTEX
  5
16A
330
168
100
AcDbEntity
  8
Interior Walls
100
AcDbVertex
100
AcDb2dVertex
 10
2539.231324269882
 20
2131.247918476825
 30
0.0
  0
VERTEX
  5
16B
330
168
100
AcDbEntity
  8
Interior Walls
100
AcDbVertex
100
AcDb2dVertex
 10
2537.875417268954
 20
2131.247918476825
 30
0.0
  0
VERTEX
  5
16C
330
168
100
AcDbEntity
  8
Interior Walls
100
AcDbVertex
100
AcDb2dVertex
 10
2537.875417268954
 20
2124.164024074337
 30
0.0
  0
VERTEX
  5
16D
330
168
100
AcDbEntity
  8
Interior Walls
100
AcDbVertex
100
AcDb2dVertex
 10
2534.033681003865
 20
2124.164024074337
 30
0.0
  0
VERTEX
  5
16E
330
168
100
AcDbEntity
  8
Interior Walls
100
AcDbVertex
100
AcDb2dVertex
 10
2534.033681003865
 20
2123.036771098552
 30
0.0
  0
VERTEX
  5
16F
330
168
100
AcDbEntity
  8
Interior Walls
100
AcDbVertex
100
AcDb2dVertex
 10
2537.875417268954
 20
2123.036771098552
 30
0.0
  0
VERTEX
  5
170
330
168
100
AcDbEntity
  8
Interior Walls
100
AcDbVertex
100
AcDb2dVertex
 10
2537.875417268954
 20
2120.657566966397
 30
0.0
  0
VERTEX
  5
171
330
168
100
AcDbEntity
  8
Interior Walls
100
AcDbVertex
100
AcDb2dVertex
 10
2539.231324269882
 20
2120.657566966397
 30
0.0
  0
VERTEX
  5
172
330
168
100
AcDbEntity
  8
Interior Walls
100
AcDbVertex
100
AcDb2dVertex
 10
2539.231324269882
 20
2126.751682649868
 30
0.0
  0
VERTEX
  5
173
330
168
100
AcDbEntity
  8
Interior Walls
100
AcDbVertex
100
AcDb2dVertex
 10
2544.993929736442
 20
2126.751682649868
 30
0.0
  0
VERTEX
  5
174
330
168
100
AcDbEntity
  8
Interior Walls
100
AcDbVertex
100
AcDb2dVertex
 10
2544.993929736442
 20
2127.636590615528
 30
0.0
  0
SEQEND
  5
175
330
168
100
AcDbEntity
  8
Interior Walls
  0
POLYLINE
  5
176
330
1F
100
AcDbEntity
  8
Interior Walls
100
AcDb2dPolyline
 66
     1
 10
0.0
 20
0.0
 30
0.0
 70
     1
  0
VERTEX
  5
177
330
176
100
AcDbEntity
  8
Interior Walls
100
AcDbVertex
100
AcDb2dVertex
 10
2510.192315762475
 20
2115.649624158254
 30
0.0
  0
VERTEX
  5
178
330
176
100
AcDbEntity
  8
Interior Walls
100
AcDbVertex
100
AcDb2dVertex
 10
2506.915540272694
 20
2115.649624158254
 30
0.0
  0
VERTEX
  5
179
330
176
100
AcDbEntity
  8
Interior Walls
100
AcDbVertex
100
AcDb2dVertex
 10
2506.915540272694
 20
2114.656394262308
 30
0.0
  0
VERTEX
  5
17A
330
176
100
AcDbEntity
  8
Interior Walls
100
AcDbVertex
100
AcDb2dVertex
 10
2510.192315762475
 20
2114.656394262308
 30
0.0
  0
VERTEX
  5
17B
330
176
100
AcDbEntity
  8
Interior Walls
100
AcDbVertex
100
AcDb2dVertex
 10
2510.192315762475
 20
2107.227942018236
 30
0.0
  0
VERTEX
  5
17C
330
176
100
AcDbEntity
  8
Interior Walls
100
AcDbVertex
100
AcDb2dVertex
 10
2511.548222763403
 20
2107.227942018236
 30
0.0
  0
VERTEX
  5
17D
330
176
100
AcDbEntity
  8
Interior Walls
100
AcDbVertex
100
AcDb2dVertex
 10
2511.548222763403
 20
2117.610509124662
 30
0.0
  0
VERTEX
  5
17E
330
176
100
AcDbEntity
  8
Interior Walls
100
AcDbVertex
100
AcDb2dVertex
 10
2510.192315762475
 20
2117.610509124662
 30
0.0
  0
SEQEND
  5
17F
330
176
100
AcDbEntity
  8
Interior Walls
  0
POLYLINE
  5
180
330
1F
100
AcDbEntity
  8
Interior Walls
100
AcDb2dPolyline
 66
     1
 10
0.0
 20
0.0
 30
0.0
 70
     1
  0
VERTEX
  5
181
330
180
100
AcDbEntity
  8
Interior Walls
100
AcDbVertex
100
AcDb2dVertex
 10
2452.300394687483
 20
2114.656394262308
 30
0.0
  0
VERTEX
  5
182
330
180
100
AcDbEntity
  8
Interior Walls
100
AcDbVertex
100
AcDb2dVertex
 10
2452.300394687483
 20
2115.649624158253
 30
0.0
  0
VERTEX
  5
183
330
180
100
AcDbEntity
  8
Interior Walls
100
AcDbVertex
100
AcDb2dVertex
 10
2456.450764919549
 20
2115.649624158253
 30
0.0
  0
VERTEX
  5
184
330
180
100
AcDbEntity
  8
Interior Walls
100
AcDbVertex
100
AcDb2dVertex
 10
2456.450764919549
 20
2123.036771098552
 30
0.0
  0
VERTEX
  5
185
330
180
100
AcDbEntity
  8
Interior Walls
100
AcDbVertex
100
AcDb2dVertex
 10
2452.362225709121
 20
2123.036771098552
 30
0.0
  0
VERTEX
  5
186
330
180
100
AcDbEntity
  8
Interior Walls
100
AcDbVertex
100
AcDb2dVertex
 10
2452.362225709121
 20
2124.030000994498
 30
0.0
  0
VERTEX
  5
187
330
180
100
AcDbEntity
  8
Interior Walls
100
AcDbVertex
100
AcDb2dVertex
 10
2456.450764919549
 20
2124.030000994498
 30
0.0
  0
VERTEX
  5
188
330
180
100
AcDbEntity
  8
Interior Walls
100
AcDbVertex
100
AcDb2dVertex
 10
2456.450764919549
 20
2130.250845731996
 30
0.0
  0
VERTEX
  5
189
330
180
100
AcDbEntity
  8
Interior Walls
100
AcDbVertex
100
AcDb2dVertex
 10
2493.525019473446
 20
2130.250845731996
 30
0.0
  0
VERTEX
  5
18A
330
180
100
AcDbEntity
  8
Interior Walls
100
AcDbVertex
100
AcDb2dVertex
 10
2494.802212039265
 20
2129.782918076529
 30
0.0
  0
VERTEX
  5
18B
330
180
100
AcDbEntity
  8
Interior Walls
100
AcDbVertex
100
AcDb2dVertex
 10
2498.667344269034
 20
2129.782918076529
 30
0.0
  0
VERTEX
  5
18C
330
180
100
AcDbEntity
  8
Interior Walls
100
AcDbVertex
100
AcDb2dVertex
 10
2499.751286274918
 20
2130.637031939817
 30
0.0
  0
VERTEX
  5
18D
330
180
100
AcDbEntity
  8
Interior Walls
100
AcDbVertex
100
AcDb2dVertex
 10
2499.751286274918
 20
2124.164024074337
 30
0.0
  0
VERTEX
  5
18E
330
180
100
AcDbEntity
  8
Interior Walls
100
AcDbVertex
100
AcDb2dVertex
 10
2504.481792702012
 20
2124.164024074337
 30
0.0
  0
VERTEX
  5
18F
330
180
100
AcDbEntity
  8
Interior Walls
100
AcDbVertex
100
AcDb2dVertex
 10
2504.481792702012
 20
2123.036771098552
 30
0.0
  0
VERTEX
  5
190
330
180
100
AcDbEntity
  8
Interior Walls
100
AcDbVertex
100
AcDb2dVertex
 10
2499.751286274918
 20
2123.036771098552
 30
0.0
  0
VERTEX
  5
191
330
180
100
AcDbEntity
  8
Interior Walls
100
AcDbVertex
100
AcDb2dVertex
 10
2499.751286274918
 20
2115.649624158254
 30
0.0
  0
VERTEX
  5
192
330
180
100
AcDbEntity
  8
Interior Walls
100
AcDbVertex
100
AcDb2dVertex
 10
2504.481792702012
 20
2115.649624158254
 30
0.0
  0
VERTEX
  5
193
330
180
100
AcDbEntity
  8
Interior Walls
100
AcDbVertex
100
AcDb2dVertex
 10
2504.481792702012
 20
2114.656394262308
 30
0.0
  0
VERTEX
  5
194
330
180
100
AcDbEntity
  8
Interior Walls
100
AcDbVertex
100
AcDb2dVertex
 10
2499.751286274918
 20
2114.656394262308
 30
0.0
  0
VERTEX
  5
195
330
180
100
AcDbEntity
  8
Interior Walls
100
AcDbVertex
100
AcDb2dVertex
 10
2499.751286274918
 20
2106.967264051872
 30
0.0
  0
VERTEX
  5
196
330
180
100
AcDbEntity
  8
Interior Walls
100
AcDbVertex
100
AcDb2dVertex
 10
2499.127436165469
 20
2106.967264051872
 30
0.0
  0
VERTEX
  5
197
330
180
100
AcDbEntity
  8
Interior Walls
100
AcDbVertex
100
AcDb2dVertex
 10
2499.127436165469
 20
2108.751904879541
 30
0.0
  0
VERTEX
  5
198
330
180
100
AcDbEntity
  8
Interior Walls
100
AcDbVertex
100
AcDb2dVertex
 10
2498.352870179383
 20
2108.751904879541
 30
0.0
  0
VERTEX
  5
199
330
180
100
AcDbEntity
  8
Interior Walls
100
AcDbVertex
100
AcDb2dVertex
 10
2498.352870179383
 20
2109.616536891665
 30
0.0
  0
VERTEX
  5
19A
330
180
100
AcDbEntity
  8
Interior Walls
100
AcDbVertex
100
AcDb2dVertex
 10
2499.21856149176
 20
2109.616536891665
 30
0.0
  0
VERTEX
  5
19B
330
180
100
AcDbEntity
  8
Interior Walls
100
AcDbVertex
100
AcDb2dVertex
 10
2499.21856149176
 20
2112.255939771872
 30
0.0
  0
VERTEX
  5
19C
330
180
100
AcDbEntity
  8
Interior Walls
100
AcDbVertex
100
AcDb2dVertex
 10
2495.983609557979
 20
2112.255939771872
 30
0.0
  0
VERTEX
  5
19D
330
180
100
AcDbEntity
  8
Interior Walls
100
AcDbVertex
100
AcDb2dVertex
 10
2495.983609557979
 20
2109.616536891665
 30
0.0
  0
VERTEX
  5
19E
330
180
100
AcDbEntity
  8
Interior Walls
100
AcDbVertex
100
AcDb2dVertex
 10
2497.16824022499
 20
2109.616536891665
 30
0.0
  0
VERTEX
  5
19F
330
180
100
AcDbEntity
  8
Interior Walls
100
AcDbVertex
100
AcDb2dVertex
 10
2497.16824022499
 20
2108.751904879541
 30
0.0
  0
VERTEX
  5
1A0
330
180
100
AcDbEntity
  8
Interior Walls
100
AcDbVertex
100
AcDb2dVertex
 10
2490.926150385772
 20
2108.751904879541
 30
0.0
  0
VERTEX
  5
1A1
330
180
100
AcDbEntity
  8
Interior Walls
100
AcDbVertex
100
AcDb2dVertex
 10
2490.197147062831
 20
2109.161467133817
 30
0.0
  0
VERTEX
  5
1A2
330
180
100
AcDbEntity
  8
Interior Walls
100
AcDbVertex
100
AcDb2dVertex
 10
2468.587839943145
 20
2109.161467133817
 30
0.0
  0
VERTEX
  5
1A3
330
180
100
AcDbEntity
  8
Interior Walls
100
AcDbVertex
100
AcDb2dVertex
 10
2467.904399283349
 20
2108.751904879541
 30
0.0
  0
VERTEX
  5
1A4
330
180
100
AcDbEntity
  8
Interior Walls
100
AcDbVertex
100
AcDb2dVertex
 10
2459.293048822726
 20
2108.751904879541
 30
0.0
  0
VERTEX
  5
1A5
330
180
100
AcDbEntity
  8
Interior Walls
100
AcDbVertex
100
AcDb2dVertex
 10
2459.293048822726
 20
2109.616536891665
 30
0.0
  0
VERTEX
  5
1A6
330
180
100
AcDbEntity
  8
Interior Walls
100
AcDbVertex
100
AcDb2dVertex
 10
2460.568804816028
 20
2109.616536891665
 30
0.0
  0
VERTEX
  5
1A7
330
180
100
AcDbEntity
  8
Interior Walls
100
AcDbVertex
100
AcDb2dVertex
 10
2460.568804816028
 20
2112.255939771872
 30
0.0
  0
VERTEX
  5
1A8
330
180
100
AcDbEntity
  8
Interior Walls
100
AcDbVertex
100
AcDb2dVertex
 10
2457.242727555957
 20
2112.255939771872
 30
0.0
  0
VERTEX
  5
1A9
330
180
100
AcDbEntity
  8
Interior Walls
100
AcDbVertex
100
AcDb2dVertex
 10
2457.242727555957
 20
2109.616536891665
 30
0.0
  0
VERTEX
  5
1AA
330
180
100
AcDbEntity
  8
Interior Walls
100
AcDbVertex
100
AcDb2dVertex
 10
2458.108418868333
 20
2109.616536891665
 30
0.0
  0
VERTEX
  5
1AB
330
180
100
AcDbEntity
  8
Interior Walls
100
AcDbVertex
100
AcDb2dVertex
 10
2458.108418868334
 20
2108.751904879542
 30
0.0
  0
VERTEX
  5
1AC
330
180
100
AcDbEntity
  8
Interior Walls
100
AcDbVertex
100
AcDb2dVertex
 10
2457.242727555957
 20
2108.751904879542
 30
0.0
  0
VERTEX
  5
1AD
330
180
100
AcDbEntity
  8
Interior Walls
100
AcDbVertex
100
AcDb2dVertex
 10
2457.242727555957
 20
2106.967264051872
 30
0.0
  0
VERTEX
  5
1AE
330
180
100
AcDbEntity
  8
Interior Walls
100
AcDbVertex
100
AcDb2dVertex
 10
2456.450764919549
 20
2106.967264051872
 30
0.0
  0
VERTEX
  5
1AF
330
180
100
AcDbEntity
  8
Interior Walls
100
AcDbVertex
100
AcDb2dVertex
 10
2456.450764919549
 20
2114.656394262308
 30
0.0
  0
SEQEND
  5
1B0
330
180
100
AcDbEntity
  8
Interior Walls
  0
POLYLINE
  5
1B1
330
1F
100
AcDbEntity
  8
Interior Walls
100
AcDb2dPolyline
 66
     1
 10
0.0
 20
0.0
 30
0.0
 70
     1
  0
VERTEX
  5
1B2
330
1B1
100
AcDbEntity
  8
Interior Walls
100
AcDbVertex
100
AcDb2dVertex
 10
2434.01020251797
 20
2120.890052994681
 30
0.0
  0
VERTEX
  5
1B3
330
1B1
100
AcDbEntity
  8
Interior Walls
100
AcDbVertex
100
AcDb2dVertex
 10
2433.182580504138
 20
2120.890052994681
 30
0.0
  0
VERTEX
  5
1B4
330
1B1
100
AcDbEntity
  8
Interior Walls
100
AcDbVertex
100
AcDb2dVertex
 10
2433.182580504138
 20
2125.034538723847
 30
0.0
  0
VERTEX
  5
1B5
330
1B1
100
AcDbEntity
  8
Interior Walls
100
AcDbVertex
100
AcDb2dVertex
 10
2442.08939783606
 20
2125.034538723847
 30
0.0
  0
VERTEX
  5
1B6
330
1B1
100
AcDbEntity
  8
Interior Walls
100
AcDbVertex
100
AcDb2dVertex
 10
2442.08939783606
 20
2120.890052994681
 30
0.0
  0
VERTEX
  5
1B7
330
1B1
100
AcDbEntity
  8
Interior Walls
100
AcDbVertex
100
AcDb2dVertex
 10
2441.367903117611
 20
2120.890052994681
 30
0.0
  0
VERTEX
  5
1B8
330
1B1
100
AcDbEntity
  8
Interior Walls
100
AcDbVertex
100
AcDb2dVertex
 10
2441.367903117611
 20
2124.252087293252
 30
0.0
  0
VERTEX
  5
1B9
330
1B1
100
AcDbEntity
  8
Interior Walls
100
AcDbVertex
100
AcDb2dVertex
 10
2434.01020251797
 20
2124.252087293252
 30
0.0
  0
SEQEND
  5
1BA
330
1B1
100
AcDbEntity
  8
Interior Walls
  0
POLYLINE
  5
1BB
330
1F
100
AcDbEntity
  8
Interior Walls
100
AcDb2dPolyline
 66
     1
 10
0.0
 20
0.0
 30
0.0
 70
     1
  0
VERTEX
  5
1BC
330
1BB
100
AcDbEntity
  8
Interior Walls
100
AcDbVertex
100
AcDb2dVertex
 10
2445.993728338228
 20
2123.036771098552
 30
0.0
  0
VERTEX
  5
1BD
330
1BB
100
AcDbEntity
  8
Interior Walls
100
AcDbVertex
100
AcDb2dVertex
 10
2445.993728338228
 20
2120.98823449685
 30
0.0
  0
VERTEX
  5
1BE
330
1BB
100
AcDbEntity
  8
Interior Walls
100
AcDbVertex
100
AcDb2dVertex
 10
2445.123587584735
 20
2120.98823449685
 30
0.0
  0
VERTEX
  5
1BF
330
1BB
100
AcDbEntity
  8
Interior Walls
100
AcDbVertex
100
AcDb2dVertex
 10
2445.123587584735
 20
2131.16884069555
 30
0.0
  0
VERTEX
  5
1C0
330
1BB
100
AcDbEntity
  8
Interior Walls
100
AcDbVertex
100
AcDb2dVertex
 10
2445.993728338228
 20
2131.16884069555
 30
0.0
  0
VERTEX
  5
1C1
330
1BB
100
AcDbEntity
  8
Interior Walls
100
AcDbVertex
100
AcDb2dVertex
 10
2445.993728338228
 20
2124.030000994498
 30
0.0
  0
VERTEX
  5
1C2
330
1BB
100
AcDbEntity
  8
Interior Walls
100
AcDbVertex
100
AcDb2dVertex
 10
2450.234146984393
 20
2124.030000994498
 30
0.0
  0
VERTEX
  5
1C3
330
1BB
100
AcDbEntity
  8
Interior Walls
100
AcDbVertex
100
AcDb2dVertex
 10
2450.234146984393
 20
2123.036771098552
 30
0.0
  0
SEQEND
  5
1C4
330
1BB
100
AcDbEntity
  8
Interior Walls
  0
POLYLINE
  5
1C5
330
1F
100
AcDbEntity
  8
Interior Walls
100
AcDb2dPolyline
 66
     1
 10
0.0
 20
0.0
 30
0.0
 70
     1
  0
VERTEX
  5
1C6
330
1C5
100
AcDbEntity
  8
Interior Walls
100
AcDbVertex
100
AcDb2dVertex
 10
2445.993728338228
 20
2115.649624158253
 30
0.0
  0
VERTEX
  5
1C7
330
1C5
100
AcDbEntity
  8
Interior Walls
100
AcDbVertex
100
AcDb2dVertex
 10
2450.157973909739
 20
2115.649624158253
 30
0.0
  0
VERTEX
  5
1C8
330
1C5
100
AcDbEntity
  8
Interior Walls
100
AcDbVertex
100
AcDb2dVertex
 10
2450.157973909739
 20
2114.656394262308
 30
0.0
  0
VERTEX
  5
1C9
330
1C5
100
AcDbEntity
  8
Interior Walls
100
AcDbVertex
100
AcDb2dVertex
 10
2445.993728338228
 20
2114.656394262308
 30
0.0
  0
VERTEX
  5
1CA
330
1C5
100
AcDbEntity
  8
Interior Walls
100
AcDbVertex
100
AcDb2dVertex
 10
2445.993728338228
 20
2107.269247009024
 30
0.0
  0
VERTEX
  5
1CB
330
1C5
100
AcDbEntity
  8
Interior Walls
100
AcDbVertex
100
AcDb2dVertex
 10
2445.123587584735
 20
2107.269247009024
 30
0.0
  0
VERTEX
  5
1CC
330
1C5
100
AcDbEntity
  8
Interior Walls
100
AcDbVertex
100
AcDb2dVertex
 10
2445.123587584735
 20
2117.884391189391
 30
0.0
  0
VERTEX
  5
1CD
330
1C5
100
AcDbEntity
  8
Interior Walls
100
AcDbVertex
100
AcDb2dVertex
 10
2445.993728338228
 20
2117.884391189391
 30
0.0
  0
SEQEND
  5
1CE
330
1C5
100
AcDbEntity
  8
Interior Walls
  0
POLYLINE
  5
1CF
330
1F
100
AcDbEntity
  8
Interior Walls
100
AcDb2dPolyline
 66
     1
 10
0.0
 20
0.0
 30
0.0
 70
     1
  0
VERTEX
  5
1D0
330
1CF
100
AcDbEntity
  8
Interior Walls
100
AcDbVertex
100
AcDb2dVertex
 10
2429.213422830738
 20
2115.649624158253
 30
0.0
  0
VERTEX
  5
1D1
330
1CF
100
AcDbEntity
  8
Interior Walls
100
AcDbVertex
100
AcDb2dVertex
 10
2425.049177259227
 20
2115.649624158253
 30
0.0
  0
VERTEX
  5
1D2
330
1CF
100
AcDbEntity
  8
Interior Walls
100
AcDbVertex
100
AcDb2dVertex
 10
2425.049177259227
 20
2114.656394262308
 30
0.0
  0
VERTEX
  5
1D3
330
1CF
100
AcDbEntity
  8
Interior Walls
100
AcDbVertex
100
AcDb2dVertex
 10
2429.213422830738
 20
2114.656394262308
 30
0.0
  0
VERTEX
  5
1D4
330
1CF
100
AcDbEntity
  8
Interior Walls
100
AcDbVertex
100
AcDb2dVertex
 10
2429.213422830738
 20
2107.269247009024
 30
0.0
  0
VERTEX
  5
1D5
330
1CF
100
AcDbEntity
  8
Interior Walls
100
AcDbVertex
100
AcDb2dVertex
 10
2430.08356358423
 20
2107.269247009024
 30
0.0
  0
VERTEX
  5
1D6
330
1CF
100
AcDbEntity
  8
Interior Walls
100
AcDbVertex
100
AcDb2dVertex
 10
2430.08356358423
 20
2117.884391189391
 30
0.0
  0
VERTEX
  5
1D7
330
1CF
100
AcDbEntity
  8
Interior Walls
100
AcDbVertex
100
AcDb2dVertex
 10
2429.213422830738
 20
2117.884391189391
 30
0.0
  0
SEQEND
  5
1D8
330
1CF
100
AcDbEntity
  8
Interior Walls
  0
POLYLINE
  5
1D9
330
1F
100
AcDbEntity
  8
Interior Walls
100
AcDb2dPolyline
 66
     1
 10
0.0
 20
0.0
 30
0.0
 70
     1
  0
VERTEX
  5
1DA
330
1D9
100
AcDbEntity
  8
Interior Walls
100
AcDbVertex
100
AcDb2dVertex
 10
2402.158755299591
 20
2109.606043692339
 30
0.0
  0
VERTEX
  5
1DB
330
1D9
100
AcDbEntity
  8
Interior Walls
100
AcDbVertex
100
AcDb2dVertex
 10
2399.709598718944
 20
2109.606043692339
 30
0.0
  0
VERTEX
  5
1DC
330
1D9
100
AcDbEntity
  8
Interior Walls
100
AcDbVertex
100
AcDb2dVertex
 10
2399.709598718944
 20
2110.467095973394
 30
0.0
  0
VERTEX
  5
1DD
330
1D9
100
AcDbEntity
  8
Interior Walls
100
AcDbVertex
100
AcDb2dVertex
 10
2402.140717451367
 20
2110.467095973394
 30
0.0
  0
VERTEX
  5
1DE
330
1D9
100
AcDbEntity
  8
Interior Walls
100
AcDbVertex
100
AcDb2dVertex
 10
2402.140717451367
 20
2112.305478201745
 30
0.0
  0
VERTEX
  5
1DF
330
1D9
100
AcDbEntity
  8
Interior Walls
100
AcDbVertex
100
AcDb2dVertex
 10
2403.106311129974
 20
2113.093900133323
 30
0.0
  0
VERTEX
  5
1E0
330
1D9
100
AcDbEntity
  8
Interior Walls
100
AcDbVertex
100
AcDb2dVertex
 10
2403.109196049763
 20
2111.862935003908
 30
0.0
  0
VERTEX
  5
1E1
330
1D9
100
AcDbEntity
  8
Interior Walls
100
AcDbVertex
100
AcDb2dVertex
 10
2417.715132333664
 20
2111.862935003908
 30
0.0
  0
VERTEX
  5
1E2
330
1D9
100
AcDbEntity
  8
Interior Walls
100
AcDbVertex
100
AcDb2dVertex
 10
2417.715132333664
 20
2117.884391189391
 30
0.0
  0
VERTEX
  5
1E3
330
1D9
100
AcDbEntity
  8
Interior Walls
100
AcDbVertex
100
AcDb2dVertex
 10
2418.523120355173
 20
2117.884391189391
 30
0.0
  0
VERTEX
  5
1E4
330
1D9
100
AcDbEntity
  8
Interior Walls
100
AcDbVertex
100
AcDb2dVertex
 10
2418.523120355173
 20
2115.649624158253
 30
0.0
  0
VERTEX
  5
1E5
330
1D9
100
AcDbEntity
  8
Interior Walls
100
AcDbVertex
100
AcDb2dVertex
 10
2422.811672225892
 20
2115.649624158253
 30
0.0
  0
VERTEX
  5
1E6
330
1D9
100
AcDbEntity
  8
Interior Walls
100
AcDbVertex
100
AcDb2dVertex
 10
2422.811672225892
 20
2114.656394262308
 30
0.0
  0
VERTEX
  5
1E7
330
1D9
100
AcDbEntity
  8
Interior Walls
100
AcDbVertex
100
AcDb2dVertex
 10
2418.523120355173
 20
2114.656394262308
 30
0.0
  0
VERTEX
  5
1E8
330
1D9
100
AcDbEntity
  8
Interior Walls
100
AcDbVertex
100
AcDb2dVertex
 10
2418.523120355173
 20
2107.269247009022
 30
0.0
  0
VERTEX
  5
1E9
330
1D9
100
AcDbEntity
  8
Interior Walls
100
AcDbVertex
100
AcDb2dVertex
 10
2417.715132333664
 20
2107.269247009022
 30
0.0
  0
VERTEX
  5
1EA
330
1D9
100
AcDbEntity
  8
Interior Walls
100
AcDbVertex
100
AcDb2dVertex
 10
2417.715132333664
 20
2111.118012660195
 30
0.0
  0
VERTEX
  5
1EB
330
1D9
100
AcDbEntity
  8
Interior Walls
100
AcDbVertex
100
AcDb2dVertex
 10
2403.110941867869
 20
2111.118012660195
 30
0.0
  0
VERTEX
  5
1EC
330
1D9
100
AcDbEntity
  8
Interior Walls
100
AcDbVertex
100
AcDb2dVertex
 10
2403.110941867869
 20
2107.207170199211
 30
0.0
  0
VERTEX
  5
1ED
330
1D9
100
AcDbEntity
  8
Interior Walls
100
AcDbVertex
100
AcDb2dVertex
 10
2402.158755299591
 20
2107.207170199211
 30
0.0
  0
SEQEND
  5
1EE
330
1D9
100
AcDbEntity
  8
Interior Walls
  0
POLYLINE
  5
1EF
330
1F
100
AcDbEntity
  8
Interior Walls
100
AcDb2dPolyline
 66
     1
 10
0.0
 20
0.0
 30
0.0
 70
     1
  0
VERTEX
  5
1F0
330
1EF
100
AcDbEntity
  8
Interior Walls
100
AcDbVertex
100
AcDb2dVertex
 10
2429.213422830738
 20
2123.036771098552
 30
0.0
  0
VERTEX
  5
1F1
330
1EF
100
AcDbEntity
  8
Interior Walls
100
AcDbVertex
100
AcDb2dVertex
 10
2429.213422830738
 20
2120.98823449685
 30
0.0
  0
VERTEX
  5
1F2
330
1EF
100
AcDbEntity
  8
Interior Walls
100
AcDbVertex
100
AcDb2dVertex
 10
2430.08356358423
 20
2120.98823449685
 30
0.0
  0
VERTEX
  5
1F3
330
1EF
100
AcDbEntity
  8
Interior Walls
100
AcDbVertex
100
AcDb2dVertex
 10
2430.08356358423
 20
2131.16884069555
 30
0.0
  0
VERTEX
  5
1F4
330
1EF
100
AcDbEntity
  8
Interior Walls
100
AcDbVertex
100
AcDb2dVertex
 10
2429.213422830738
 20
2131.16884069555
 30
0.0
  0
VERTEX
  5
1F5
330
1EF
100
AcDbEntity
  8
Interior Walls
100
AcDbVertex
100
AcDb2dVertex
 10
2429.213422830738
 20
2124.030000994498
 30
0.0
  0
VERTEX
  5
1F6
330
1EF
100
AcDbEntity
  8
Interior Walls
100
AcDbVertex
100
AcDb2dVertex
 10
2424.973004184574
 20
2124.030000994498
 30
0.0
  0
VERTEX
  5
1F7
330
1EF
100
AcDbEntity
  8
Interior Walls
100
AcDbVertex
100
AcDb2dVertex
 10
2424.973004184574
 20
2123.036771098552
 30
0.0
  0
SEQEND
  5
1F8
330
1EF
100
AcDbEntity
  8
Interior Walls
  0
POLYLINE
  5
1F9
330
1F
100
AcDbEntity
  8
Interior Walls
100
AcDb2dPolyline
 66
     1
 10
0.0
 20
0.0
 30
0.0
 70
     1
  0
VERTEX
  5
1FA
330
1F9
100
AcDbEntity
  8
Interior Walls
100
AcDbVertex
100
AcDb2dVertex
 10
2417.715132333664
 20
2126.820362327822
 30
0.0
  0
VERTEX
  5
1FB
330
1F9
100
AcDbEntity
  8
Interior Walls
100
AcDbVertex
100
AcDb2dVertex
 10
2417.715132333664
 20
2120.98823449685
 30
0.0
  0
VERTEX
  5
1FC
330
1F9
100
AcDbEntity
  8
Interior Walls
100
AcDbVertex
100
AcDb2dVertex
 10
2418.523120355173
 20
2120.98823449685
 30
0.0
  0
VERTEX
  5
1FD
330
1F9
100
AcDbEntity
  8
Interior Walls
100
AcDbVertex
100
AcDb2dVertex
 10
2418.523120355173
 20
2123.036771098552
 30
0.0
  0
VERTEX
  5
1FE
330
1F9
100
AcDbEntity
  8
Interior Walls
100
AcDbVertex
100
AcDb2dVertex
 10
2422.811672225892
 20
2123.036771098552
 30
0.0
  0
VERTEX
  5
1FF
330
1F9
100
AcDbEntity
  8
Interior Walls
100
AcDbVertex
100
AcDb2dVertex
 10
2422.811672225892
 20
2124.030000994498
 30
0.0
  0
VERTEX
  5
200
330
1F9
100
AcDbEntity
  8
Interior Walls
100
AcDbVertex
100
AcDb2dVertex
 10
2418.523120355173
 20
2124.030000994498
 30
0.0
  0
VERTEX
  5
201
330
1F9
100
AcDbEntity
  8
Interior Walls
100
AcDbVertex
100
AcDb2dVertex
 10
2418.523120355173
 20
2131.16884069555
 30
0.0
  0
VERTEX
  5
202
330
1F9
100
AcDbEntity
  8
Interior Walls
100
AcDbVertex
100
AcDb2dVertex
 10
2417.715132333664
 20
2131.16884069555
 30
0.0
  0
VERTEX
  5
203
330
1F9
100
AcDbEntity
  8
Interior Walls
100
AcDbVertex
100
AcDb2dVertex
 10
2417.715132333664
 20
2127.764579405936
 30
0.0
  0
VERTEX
  5
204
330
1F9
100
AcDbEntity
  8
Interior Walls
100
AcDbVertex
100
AcDb2dVertex
 10
2411.465963415873
 20
2127.764579405936
 30
0.0
  0
VERTEX
  5
205
330
1F9
100
AcDbEntity
  8
Interior Walls
100
AcDbVertex
100
AcDb2dVertex
 10
2411.465963415873
 20
2126.820362327822
 30
0.0
  0
SEQEND
  5
206
330
1F9
100
AcDbEntity
  8
Interior Walls
  0
POLYLINE
  5
207
330
1F
100
AcDbEntity
  8
Interior Walls
100
AcDb2dPolyline
 66
     1
 10
0.0
 20
0.0
 30
0.0
 70
     1
  0
VERTEX
  5
208
330
207
100
AcDbEntity
  8
Interior Walls
100
AcDbVertex
100
AcDb2dVertex
 10
2403.106311129974
 20
2123.613923178403
 30
0.0
  0
VERTEX
  5
209
330
207
100
AcDbEntity
  8
Interior Walls
100
AcDbVertex
100
AcDb2dVertex
 10
2402.140717451367
 20
2123.613923178403
 30
0.0
  0
VERTEX
  5
20A
330
207
100
AcDbEntity
  8
Interior Walls
100
AcDbVertex
100
AcDb2dVertex
 10
2402.140717451367
 20
2114.692816634392
 30
0.0
  0
VERTEX
  5
20B
330
207
100
AcDbEntity
  8
Interior Walls
100
AcDbVertex
100
AcDb2dVertex
 10
2403.106311129974
 20
2114.692816634392
 30
0.0
  0
SEQEND
  5
20C
330
207
100
AcDbEntity
  8
Interior Walls
  0
POLYLINE
  5
20D
330
1F
100
AcDbEntity
  8
Interior Walls
100
AcDb2dPolyline
 66
     1
 10
0.0
 20
0.0
 30
0.0
 70
     1
  0
VERTEX
  5
20E
330
20D
100
AcDbEntity
  8
Interior Walls
100
AcDbVertex
100
AcDb2dVertex
 10
2474.505869207276
 20
2066.99196756897
 30
0.0
  0
VERTEX
  5
20F
330
20D
100
AcDbEntity
  8
Interior Walls
100
AcDbVertex
100
AcDb2dVertex
 10
2476.444782536711
 20
2066.99196756897
 30
0.0
  0
VERTEX
  5
210
330
20D
100
AcDbEntity
  8
Interior Walls
100
AcDbVertex
100
AcDb2dVertex
 10
2476.444782536711
 20
2066.131282419266
 30
0.0
  0
VERTEX
  5
211
330
20D
100
AcDbEntity
  8
Interior Walls
100
AcDbVertex
100
AcDb2dVertex
 10
2474.505869207276
 20
2066.131282419266
 30
0.0
  0
SEQEND
  5
212
330
20D
100
AcDbEntity
  8
Interior Walls
  0
POLYLINE
  5
213
330
1F
100
AcDbEntity
  8
Interior Walls
100
AcDb2dPolyline
 66
     1
 10
0.0
 20
0.0
 30
0.0
 70
     1
  0
VERTEX
  5
214
330
213
100
AcDbEntity
  8
Interior Walls
100
AcDbVertex
100
AcDb2dVertex
 10
2480.430327623621
 20
2066.99196756897
 30
0.0
  0
VERTEX
  5
215
330
213
100
AcDbEntity
  8
Interior Walls
100
AcDbVertex
100
AcDb2dVertex
 10
2482.369240953055
 20
2066.99196756897
 30
0.0
  0
VERTEX
  5
216
330
213
100
AcDbEntity
  8
Interior Walls
100
AcDbVertex
100
AcDb2dVertex
 10
2482.369240953055
 20
2066.131282419266
 30
0.0
  0
VERTEX
  5
217
330
213
100
AcDbEntity
  8
Interior Walls
100
AcDbVertex
100
AcDb2dVertex
 10
2480.430327623621
 20
2066.131282419266
 30
0.0
  0
SEQEND
  5
218
330
213
100
AcDbEntity
  8
Interior Walls
  0
POLYLINE
  5
219
330
1F
100
AcDbEntity
  8
Interior Walls
100
AcDb2dPolyline
 66
     1
 10
0.0
 20
0.0
 30
0.0
 70
     1
  0
VERTEX
  5
21A
330
219
100
AcDbEntity
  8
Interior Walls
100
AcDbVertex
100
AcDb2dVertex
 10
2480.430327623621
 20
2087.755990663247
 30
0.0
  0
VERTEX
  5
21B
330
219
100
AcDbEntity
  8
Interior Walls
100
AcDbVertex
100
AcDb2dVertex
 10
2482.369240953055
 20
2087.755990663247
 30
0.0
  0
VERTEX
  5
21C
330
219
100
AcDbEntity
  8
Interior Walls
100
AcDbVertex
100
AcDb2dVertex
 10
2482.369240953055
 20
2086.895305513543
 30
0.0
  0
VERTEX
  5
21D
330
219
100
AcDbEntity
  8
Interior Walls
100
AcDbVertex
100
AcDb2dVertex
 10
2480.430327623621
 20
2086.895305513543
 30
0.0
  0
SEQEND
  5
21E
330
219
100
AcDbEntity
  8
Interior Walls
  0
POLYLINE
  5
21F
330
1F
100
AcDbEntity
  8
Interior Walls
100
AcDb2dPolyline
 66
     1
 10
0.0
 20
0.0
 30
0.0
 70
     1
  0
VERTEX
  5
220
330
21F
100
AcDbEntity
  8
Interior Walls
100
AcDbVertex
100
AcDb2dVertex
 10
2474.505869207276
 20
2087.755990663247
 30
0.0
  0
VERTEX
  5
221
330
21F
100
AcDbEntity
  8
Interior Walls
100
AcDbVertex
100
AcDb2dVertex
 10
2476.444782536711
 20
2087.755990663247
 30
0.0
  0
VERTEX
  5
222
330
21F
100
AcDbEntity
  8
Interior Walls
100
AcDbVertex
100
AcDb2dVertex
 10
2476.444782536711
 20
2086.895305513543
 30
0.0
  0
VERTEX
  5
223
330
21F
100
AcDbEntity
  8
Interior Walls
100
AcDbVertex
100
AcDb2dVertex
 10
2474.505869207276
 20
2086.895305513543
 30
0.0
  0
SEQEND
  5
224
330
21F
100
AcDbEntity
  8
Interior Walls
  0
ENDSEC
  0
SECTION
  2
OBJECTS
  0
DICTIONARY
  5
C
330
0
100
AcDbDictionary
281
     1
  3
ACAD_DETAILVIEWSTYLE
350
260
  3
ACAD_GROUP
350
D
  3
ACAD_LAYOUT
350
1A
  3
ACAD_MATERIAL
350
43
  3
ACAD_MLEADERSTYLE
350
5B
  3
ACAD_MLINESTYLE
350
17
  3
ACAD_PLOTSETTINGS
350
19
  3
ACAD_PLOTSTYLENAME
350
E
  3
ACAD_SCALELIST
350
47
  3
ACAD_SECTIONVIEWSTYLE
350
261
  3
ACAD_TABLESTYLE
350
59
  3
ACAD_VISUALSTYLE
350
2A
  3
ACDB_RECOMPOSE_DATA
350
25D
  3
AcDbVariableDictionary
350
225
  0
SUN
  5
5D
330
29
100
AcDbSun
 90
        1
290
     0
 63
     7
421
 16777215
 40
1.0
291
     1
 91
  2455826
 92
 54000000
292
     0
 70
     2
 71
   256
280
     1
  0
DICTIONARY
  5
260
102
{ACAD_REACTORS
330
C
102
}
330
C
100
AcDbDictionary
281
     1
  0
DICTIONARY
  5
D
102
{ACAD_REACTORS
330
C
102
}
330
C
100
AcDbDictionary
281
     1
  0
DICTIONARY
  5
1A
102
{ACAD_REACTORS
330
C
102
}
330
C
100
AcDbDictionary
281
     1
  3
Layout1
350
1E
  3
Layout2
350
26
  3
Model
350
22
  0
DICTIONARY
  5
43
102
{ACAD_REACTORS
330
C
102
}
330
C
100
AcDbDictionary
281
     1
  3
ByBlock
350
45
  3
ByLayer
350
44
  3
Global
350
46
  0
DICTIONARY
  5
5B
102
{ACAD_REACTORS
330
C
102
}
330
C
100
AcDbDictionary
281
     1
  3
Standard
350
5C
  0
DICTIONARY
  5
17
102
{ACAD_REACTORS
330
C
102
}
330
C
100
AcDbDictionary
281
     1
  3
Standard
350
18
  0
DICTIONARY
  5
19
102
{ACAD_REACTORS
330
C
102
}
330
C
100
AcDbDictionary
281
     1
  0
ACDBDICTIONARYWDFLT
  5
E
102
{ACAD_REACTORS
330
C
102
}
330
C
100
AcDbDictionary
281
     1
  3
Normal
350
F
100
AcDbDictionaryWithDefault
340
F
  0
DICTIONARY
  5
47
102
{ACAD_REACTORS
330
C
102
}
330
C
100
AcDbDictionary
281
     1
  3
A0
350
48
  3
A1
350
49
  3
A2
350
4A
  3
A3
350
4B
  3
A4
350
4C
  3
A5
350
4D
  3
A6
350
4E
  3
A7
350
4F
  3
A8
350
50
  3
A9
350
51
  3
B1
350
52
  3
B2
350
53
  3
B3
350
54
  3
B4
350
55
  3
B5
350
56
  3
B6
350
57
  3
B7
350
58
  0
DICTIONARY
  5
261
102
{ACAD_REACTORS
330
C
102
}
330
C
100
AcDbDictionary
281
     1
  0
DICTIONARY
  5
59
102
{ACAD_REACTORS
330
C
102
}
330
C
100
AcDbDictionary
281
     1
  3
Standard
350
5A
  0
DICTIONARY
  5
2A
102
{ACAD_REACTORS
330
C
102
}
330
C
100
AcDbDictionary
281
     1
  3
2dWireframe
350
2F
  3
Basic
350
32
  3
Brighten
350
36
  3
ColorChange
350
3A
  3
Conceptual
350
34
  3
Dim
350
35
  3
EdgeColorOff
350
3D
  3
Facepattern
350
39
  3
Flat
350
2B
  3
FlatWithEdges
350
2C
  3
Gouraud
350
2D
  3
GouraudWithEdges
350
2E
  3
Hidden
350
31
  3
JitterOff
350
3B
  3
Linepattern
350
38
  3
OverhangOff
350
3C
  3
Realistic
350
33
  3
Shaded
350
42
  3
Shaded with edges
350
41
  3
Shades of Gray
350
3E
  3
Sketchy
350
3F
  3
Thicken
350
37
  3
Wireframe
350
30
  3
X-Ray
350
40
  0
XRECORD
  5
25D
102
{ACAD_REACTORS
330
C
102
}
330
C
100
AcDbXrecord
280
     1
 90
        1
330
5A
  0
DICTIONARY
  5
225
102
{ACAD_REACTORS
330
C
102
}
330
C
100
AcDbDictionary
281
     1
  3
CANNOSCALE
350
226
  3
CMLEADERSTYLE
350
25F
  3
CTABLESTYLE
350
25E
  3
XCLIPFRAME
350
227
  0
LAYOUT
  5
1E
102
{ACAD_REACTORS
330
1A
102
}
330
1A
100
AcDbPlotSettings
  1

  2
none_device
  4

  6

 40
0.0
 41
0.0
 42
0.0
 43
0.0
 44
0.0
 45
0.0
 46
0.0
 47
0.0
 48
0.0
 49
0.0
140
0.0
141
0.0
142
1.0
143
1.0
 70
   688
 72
     0
 73
     0
 74
     5
  7

 75
    16
 76
     0
 77
     2
 78
   300
147
1.0
148
0.0
149
0.0
100
AcDbLayout
  1
Layout1
 70
     1
 71
     1
 10
0.0
 20
0.0
 11
12.0
 21
9.0
 12
0.0
 22
0.0
 32
0.0
 14
1.000000000000000E+20
 24
1.000000000000000E+20
 34
1.000000000000000E+20
 15
-1.000000000000000E+20
 25
-1.000000000000000E+20
 35
-1.000000000000000E+20
146
0.0
 13
0.0
 23
0.0
 33
0.0
 16
1.0
 26
0.0
 36
0.0
 17
0.0
 27
1.0
 37
0.0
 76
     0
330
1B
  0
LAYOUT
  5
26
102
{ACAD_REACTORS
330
1A
102
}
330
1A
100
AcDbPlotSettings
  1

  2
none_device
  4

  6

 40
0.0
 41
0.0
 42
0.0
 43
0.0
 44
0.0
 45
0.0
 46
0.0
 47
0.0
 48
0.0
 49
0.0
140
0.0
141
0.0
142
1.0
143
1.0
 70
   688
 72
     0
 73
     0
 74
     5
  7

 75
    16
 76
     0
 77
     2
 78
   300
147
1.0
148
0.0
149
0.0
100
AcDbLayout
  1
Layout2
 70
     1
 71
     2
 10
0.0
 20
0.0
 11
0.0
 21
0.0
 12
0.0
 22
0.0
 32
0.0
 14
0.0
 24
0.0
 34
0.0
 15
0.0
 25
0.0
 35
0.0
146
0.0
 13
0.0
 23
0.0
 33
0.0
 16
1.0
 26
0.0
 36
0.0
 17
0.0
 27
1.0
 37
0.0
 76
     0
330
23
  0
LAYOUT
  5
22
102
{ACAD_REACTORS
330
1A
102
}
330
1A
100
AcDbPlotSettings
  1

  2
none_device
  4
Letter_(8.50_x_11.00_Inches)
  6

 40
6.35
 41
6.35
 42
6.35000508
 43
6.35000508
 44
215.9
 45
279.4
 46
0.0
 47
0.0
 48
0.0
 49
0.0
140
0.0
141
0.0
142
1.0
143
1.0
 70
  1712
 72
     0
 73
     0
 74
     0
  7

 75
     0
 76
     0
 77
     2
 78
   300
147
1.0
148
0.0
149
0.0
100
AcDbLayout
  1
Model
 70
     1
 71
     0
 10
0.0
 20
0.0
 11
12.0
 21
9.0
 12
0.0
 22
0.0
 32
0.0
 14
2399.709598718944
 24
2065.041299750872
 34
0.0
 15
2556.702513695645
 25
2131.314795773912
 35
0.0
146
0.0
 13
0.0
 23
0.0
 33
0.0
 16
1.0
 26
0.0
 36
0.0
 17
0.0
 27
1.0
 37
0.0
 76
     0
330
1F
331
29
  0
MATERIAL
  5
45
102
{ACAD_REACTORS
330
43
102
}
330
43
100
AcDbMaterial
  1
ByBlock
 72
     1
 94
      127
  0
MATERIAL
  5
44
102
{ACAD_REACTORS
330
43
102
}
330
43
100
AcDbMaterial
  1
ByLayer
 72
     1
 94
      127
  0
MATERIAL
  5
46
102
{ACAD_REACTORS
330
43
102
}
330
43
100
AcDbMaterial
  1
Global
 72
     1
 94
      127
  0
MLEADERSTYLE
  5
5C
102
{ACAD_REACTORS
330
5B
102
}
102
{ACAD_XDICTIONARY
360
25B
102
}
330
5B
100
AcDbMLeaderStyle
170
     2
171
     1
172
     0
 90
        2
 40
0.0
 41
0.0
173
     1
 91
-1056964608
340
14
 92
       -2
290
     1
 42
0.09
291
     1
 43
0.36
  3
Standard
341
0
 44
0.18
300

342
11
174
     1
178
     6
175
     1
176
     0
 93
-1056964608
 45
0.18
292
     0
297
     0
 46
0.18
343
0
 94
-1056964608
 47
1.0
 49
1.0
140
1.0
293
     1
141
0.0
294
     1
177
     0
142
1.0
295
     0
296
     0
143
0.125
1001
ACAD_MLEADERVER
1070
     2
  0
MLINESTYLE
  5
18
102
{ACAD_REACTORS
330
17
102
}
330
17
100
AcDbMlineStyle
  2
Standard
 70
     0
  3

 62
   256
 51
90.0
 52
90.0
 71
     2
 49
0.5
 62
   256
  6
BYLAYER
 49
-0.5
 62
   256
  6
BYLAYER
  0
ACDBPLACEHOLDER
  5
F
102
{ACAD_REACTORS
330
E
102
}
330
E
  0
SCALE
  5
48
102
{ACAD_REACTORS
330
47
102
}
330
47
100
AcDbScale
 70
     0
300
1:1
140
1.0
141
1.0
290
     1
  0
SCALE
  5
49
102
{ACAD_REACTORS
330
47
102
}
330
47
100
AcDbScale
 70
     0
300
1/128" = 1'-0"
140
0.0078125
141
12.0
290
     0
  0
SCALE
  5
4A
102
{ACAD_REACTORS
330
47
102
}
330
47
100
AcDbScale
 70
     0
300
1/64" = 1'-0"
140
0.015625
141
12.0
290
     0
  0
SCALE
  5
4B
102
{ACAD_REACTORS
330
47
102
}
330
47
100
AcDbScale
 70
     0
300
1/32" = 1'-0"
140
0.03125
141
12.0
290
     0
  0
SCALE
  5
4C
102
{ACAD_REACTORS
330
47
102
}
330
47
100
AcDbScale
 70
     0
300
1/16" = 1'-0"
140
0.0625
141
12.0
290
     0
  0
SCALE
  5
4D
102
{ACAD_REACTORS
330
47
102
}
330
47
100
AcDbScale
 70
     0
300
3/32" = 1'-0"
140
0.09375
141
12.0
290
     0
  0
SCALE
  5
4E
102
{ACAD_REACTORS
330
47
102
}
330
47
100
AcDbScale
 70
     0
300
1/8" = 1'-0"
140
0.125
141
12.0
290
     0
  0
SCALE
  5
4F
102
{ACAD_REACTORS
330
47
102
}
330
47
100
AcDbScale
 70
     0
300
3/16" = 1'-0"
140
0.1875
141
12.0
290
     0
  0
SCALE
  5
50
102
{ACAD_REACTORS
330
47
102
}
330
47
100
AcDbScale
 70
     0
300
1/4" = 1'-0"
140
0.25
141
12.0
290
     0
  0
SCALE
  5
51
102
{ACAD_REACTORS
330
47
102
}
330
47
100
AcDbScale
 70
     0
300
3/8" = 1'-0"
140
0.375
141
12.0
290
     0
  0
SCALE
  5
52
102
{ACAD_REACTORS
330
47
102
}
330
47
100
AcDbScale
 70
     0
300
1/2" = 1'-0"
140
0.5
141
12.0
290
     0
  0
SCALE
  5
53
102
{ACAD_REACTORS
330
47
102
}
330
47
100
AcDbScale
 70
     0
300
3/4" = 1'-0"
140
0.75
141
12.0
290
     0
  0
SCALE
  5
54
102
{ACAD_REACTORS
330
47
102
}
330
47
100
AcDbScale
 70
     0
300
1" = 1'-0"
140
1.0
141
12.0
290
     0
  0
SCALE
  5
55
102
{ACAD_REACTORS
330
47
102
}
330
47
100
AcDbScale
 70
     0
300
1-1/2" = 1'-0"
140
1.5
141
12.0
290
     0
  0
SCALE
  5
56
102
{ACAD_REACTORS
330
47
102
}
330
47
100
AcDbScale
 70
     0
300
3" = 1'-0"
140
3.0
141
12.0
290
     0
  0
SCALE
  5
57
102
{ACAD_REACTORS
330
47
102
}
330
47
100
AcDbScale
 70
     0
300
6" = 1'-0"
140
6.0
141
12.0
290
     0
  0
SCALE
  5
58
102
{ACAD_REACTORS
330
47
102
}
330
47
100
AcDbScale
 70
     0
300
1'-0" = 1'-0"
140
12.0
141
12.0
290
     0
  0
TABLESTYLE
  5
5A
102
{ACAD_REACTORS
330
59
102
}
102
{ACAD_XDICTIONARY
360
258
102
}
330
59
100
AcDbTableStyle
  3
Standard
 70
     0
 71
     0
 40
0.06
 41
0.06
280
     0
281
     0
  7
Standard
140
0.18
170
     2
 62
     0
 63
   257
283
     0
 90
        4
 91
        0
  1

274
    -2
284
     1
 64
     0
275
    -2
285
     1
 65
     0
276
    -2
286
     1
 66
     0
277
    -2
287
     1
 67
     0
278
    -2
288
     1
 68
     0
279
    -2
289
     1
 69
     0
  7
Standard
140
0.25
170
     5
 62
     0
 63
   257
283
     0
 90
        4
 91
        0
  1

274
    -2
284
     1
 64
     0
275
    -2
285
     1
 65
     0
276
    -2
286
     1
 66
     0
277
    -2
287
     1
 67
     0
278
    -2
288
     1
 68
     0
279
    -2
289
     1
 69
     0
  7
Standard
140
0.18
170
     5
 62
     0
 63
   257
283
     0
 90
        4
 91
        0
  1

274
    -2
284
     1
 64
     0
275
    -2
285
     1
 65
     0
276
    -2
286
     1
 66
     0
277
    -2
287
     1
 67
     0
278
    -2
288
     1
 68
     0
279
    -2
289
     1
 69
     0
  0
VISUALSTYLE
  5
2F
102
{ACAD_REACTORS
330
2A
102
}
102
{ACAD_XDICTIONARY
360
230
102
}
330
2A
100
AcDbVisualStyle
  2
2dWireframe
 70
     4
 71
     0
 72
     2
 73
     0
 90
        0
 40
0.6
 41
30.0
 62
     5
 63
     7
421
 16777215
 74
     1
 91
        4
 64
     7
 65
   257
 75
     1
175
     1
 42
1.0
 92
        0
 66
   257
 43
1.0
 76
     1
 77
     6
 78
     2
 67
     7
 79
     5
170
     0
171
     0
290
     0
174
     0
 93
        1
 44
0.0
173
     0
291
     0
 45
0.0
  0
VISUALSTYLE
  5
32
102
{ACAD_REACTORS
330
2A
102
}
102
{ACAD_XDICTIONARY
360
236
102
}
330
2A
100
AcDbVisualStyle
  2
Basic
 70
     7
 71
     1
 72
     0
 73
     1
 90
        0
 40
0.6
 41
30.0
 62
     5
 63
     7
421
 16777215
 74
     0
 91
        4
 64
     7
 65
   257
 75
     1
175
     1
 42
1.0
 92
        8
 66
     7
 43
1.0
 76
     1
 77
     6
 78
     2
 67
     7
 79
     5
170
     0
171
     0
290
     0
174
     0
 93
        1
 44
0.0
173
     0
291
     1
 45
0.0
  0
VISUALSTYLE
  5
36
102
{ACAD_REACTORS
330
2A
102
}
102
{ACAD_XDICTIONARY
360
23E
102
}
330
2A
100
AcDbVisualStyle
  2
Brighten
 70
    12
 71
     2
 72
     2
 73
     0
 90
        0
 40
0.6
 41
30.0
 62
     5
 63
     7
421
 16777215
 74
     1
 91
        4
 64
     7
 65
   257
 75
     1
175
     1
 42
1.0
 92
        8
 66
     7
 43
1.0
 76
     1
 77
     6
 78
     2
 67
     7
 79
     5
170
     0
171
     0
290
     0
174
     0
 93
        1
 44
50.0
173
     0
291
     1
 45
0.0
  0
VISUALSTYLE
  5
3A
102
{ACAD_REACTORS
330
2A
102
}
102
{ACAD_XDICTIONARY
360
246
102
}
330
2A
100
AcDbVisualStyle
  2
ColorChange
 70
    16
 71
     2
 72
     2
 73
     3
 90
        0
 40
0.6
 41
30.0
 62
     5
 63
     8
421
  8421504
 74
     1
 91
        4
 64
     7
 65
   257
 75
     1
175
     1
 42
1.0
 92
        8
 66
     8
424
  8421504
 43
1.0
 76
     1
 77
     6
 78
     2
 67
     7
 79
     5
170
     0
171
     0
290
     0
174
     0
 93
        1
 44
0.0
173
     0
291
     1
 45
0.0
  0
VISUALSTYLE
  5
34
102
{ACAD_REACTORS
330
2A
102
}
102
{ACAD_XDICTIONARY
360
23A
102
}
330
2A
100
AcDbVisualStyle
  2
Conceptual
 70
     9
 71
     3
 72
     2
 73
     0
 90
        0
 40
0.6
 41
30.0
 62
     5
 63
     7
421
 16777215
 74
     2
 91
        2
 64
     7
 65
   257
 75
     1
175
     1
 42
179.0
 92
        8
 66
     7
 43
1.0
 76
     1
 77
     6
 78
     2
 67
     7
 79
     3
170
     0
171
     0
290
     0
174
     0
 93
        1
 44
0.0
173
     0
291
     0
 45
0.0
  0
VISUALSTYLE
  5
35
102
{ACAD_REACTORS
330
2A
102
}
102
{ACAD_XDICTIONARY
360
23C
102
}
330
2A
100
AcDbVisualStyle
  2
Dim
 70
    11
 71
     2
 72
     2
 73
     0
 90
        0
 40
0.6
 41
30.0
 62
     5
 63
     7
421
 16777215
 74
     1
 91
        4
 64
     7
 65
   257
 75
     1
175
     1
 42
1.0
 92
        8
 66
     7
 43
1.0
 76
     1
 77
     6
 78
     2
 67
     7
 79
     5
170
     0
171
     0
290
     0
174
     0
 93
        1
 44
-50.0
173
     0
291
     1
 45
0.0
  0
VISUALSTYLE
  5
3D
102
{ACAD_REACTORS
330
2A
102
}
102
{ACAD_XDICTIONARY
360
24C
102
}
330
2A
100
AcDbVisualStyle
  2
EdgeColorOff
 70
    22
 71
     2
 72
     2
 73
     0
 90
        0
 40
0.6
 41
30.0
 62
     5
 63
     7
421
 16777215
 74
     1
 91
        4
 64
     7
 65
   257
 75
     1
175
     1
 42
1.0
 92
        8
 66
     7
 43
1.0
 76
     1
 77
     6
 78
     2
 67
     7
 79
     5
170
     0
171
     0
290
     0
174
     0
 93
        1
 44
0.0
173
     0
291
     1
 45
0.0
  0
VISUALSTYLE
  5
39
102
{ACAD_REACTORS
330
2A
102
}
102
{ACAD_XDICTIONARY
360
244
102
}
330
2A
100
AcDbVisualStyle
  2
Facepattern
 70
    15
 71
     2
 72
     2
 73
     0
 90
        0
 40
0.6
 41
30.0
 62
     5
 63
     7
421
 16777215
 74
     1
 91
        4
 64
     7
 65
   257
 75
     1
175
     1
 42
1.0
 92
        8
 66
     7
 43
1.0
 76
     1
 77
     6
 78
     2
 67
     7
 79
     5
170
     0
171
     0
290
     0
174
     0
 93
        1
 44
0.0
173
     0
291
     1
 45
0.0
  0
VISUALSTYLE
  5
2B
102
{ACAD_REACTORS
330
2A
102
}
102
{ACAD_XDICTIONARY
360
228
102
}
330
2A
100
AcDbVisualStyle
  2
Flat
 70
     0
 71
     2
 72
     1
 73
     1
 90
        2
 40
0.6
 41
30.0
 62
     5
 63
     7
421
 16777215
 74
     0
 91
        0
 64
     7
 65
   257
 75
     1
175
     1
 42
1.0
 92
        8
 66
     7
 43
1.0
 76
     1
 77
     6
 78
     2
 67
     7
 79
     5
170
     0
171
     0
290
     0
174
     0
 93
       13
 44
0.0
173
     0
291
     1
 45
0.0
  0
VISUALSTYLE
  5
2C
102
{ACAD_REACTORS
330
2A
102
}
102
{ACAD_XDICTIONARY
360
22A
102
}
330
2A
100
AcDbVisualStyle
  2
FlatWithEdges
 70
     1
 71
     2
 72
     1
 73
     1
 90
        2
 40
0.6
 41
30.0
 62
     5
 63
     7
421
 16777215
 74
     1
 91
        0
 64
     7
 65
   257
 75
     1
175
     1
 42
1.0
 92
        0
 66
   257
 43
1.0
 76
     1
 77
     6
 78
     2
 67
     7
 79
     5
170
     0
171
     0
290
     0
174
     0
 93
       13
 44
0.0
173
     0
291
     1
 45
0.0
  0
VISUALSTYLE
  5
2D
102
{ACAD_REACTORS
330
2A
102
}
102
{ACAD_XDICTIONARY
360
22C
102
}
330
2A
100
AcDbVisualStyle
  2
Gouraud
 70
     2
 71
     2
 72
     2
 73
     1
 90
        2
 40
0.6
 41
30.0
 62
     5
 63
     7
421
 16777215
 74
     0
 91
        0
 64
     7
 65
   257
 75
     1
175
     1
 42
1.0
 92
        0
 66
     7
 43
1.0
 76
     1
 77
     6
 78
     2
 67
     7
 79
     5
170
     0
171
     0
290
     0
174
     0
 93
       13
 44
0.0
173
     0
291
     1
 45
0.0
  0
VISUALSTYLE
  5
2E
102
{ACAD_REACTORS
330
2A
102
}
102
{ACAD_XDICTIONARY
360
22E
102
}
330
2A
100
AcDbVisualStyle
  2
GouraudWithEdges
 70
     3
 71
     2
 72
     2
 73
     1
 90
        2
 40
0.6
 41
30.0
 62
     5
 63
     7
421
 16777215
 74
     1
 91
        0
 64
     7
 65
   257
 75
     1
175
     1
 42
1.0
 92
        0
 66
   257
 43
1.0
 76
     1
 77
     6
 78
     2
 67
     7
 79
     5
170
     0
171
     0
290
     0
174
     0
 93
       13
 44
0.0
173
     0
291
     1
 45
0.0
  0
VISUALSTYLE
  5
31
102
{ACAD_REACTORS
330
2A
102
}
102
{ACAD_XDICTIONARY
360
234
102
}
330
2A
100
AcDbVisualStyle
  2
Hidden
 70
     6
 71
     1
 72
     2
 73
     2
 90
        0
 40
0.6
 41
30.0
 62
     5
 63
     7
421
 16777215
 74
     2
 91
        2
 64
     7
 65
   257
 75
     2
175
     1
 42
40.0
 92
        0
 66
   257
 43
1.0
 76
     1
 77
     6
 78
     2
 67
     7
 79
     3
170
     0
171
     0
290
     0
174
     0
 93
        1
 44
0.0
173
     0
291
     0
 45
0.0
  0
VISUALSTYLE
  5
3B
102
{ACAD_REACTORS
330
2A
102
}
102
{ACAD_XDICTIONARY
360
248
102
}
330
2A
100
AcDbVisualStyle
  2
JitterOff
 70
    20
 71
     2
 72
     2
 73
     0
 90
        0
 40
0.6
 41
30.0
 62
     5
 63
     7
421
 16777215
 74
     1
 91
        4
 64
     7
 65
   257
 75
     1
175
     1
 42
1.0
 92
       10
 66
     7
 43
1.0
 76
     1
 77
     6
 78
     2
 67
     7
 79
     5
170
     0
171
     0
290
     0
174
     0
 93
        1
 44
0.0
173
     0
291
     1
 45
0.0
  0
VISUALSTYLE
  5
38
102
{ACAD_REACTORS
330
2A
102
}
102
{ACAD_XDICTIONARY
360
242
102
}
330
2A
100
AcDbVisualStyle
  2
Linepattern
 70
    14
 71
     2
 72
     2
 73
     0
 90
        0
 40
0.6
 41
30.0
 62
     5
 63
     7
421
 16777215
 74
     1
 91
        4
 64
     7
 65
   257
 75
     7
175
     7
 42
1.0
 92
        8
 66
     7
 43
1.0
 76
     1
 77
     6
 78
     2
 67
     7
 79
     5
170
     0
171
     0
290
     0
174
     0
 93
        1
 44
0.0
173
     0
291
     1
 45
0.0
  0
VISUALSTYLE
  5
3C
102
{ACAD_REACTORS
330
2A
102
}
102
{ACAD_XDICTIONARY
360
24A
102
}
330
2A
100
AcDbVisualStyle
  2
OverhangOff
 70
    21
 71
     2
 72
     2
 73
     0
 90
        0
 40
0.6
 41
30.0
 62
     5
 63
     7
421
 16777215
 74
     1
 91
        4
 64
     7
 65
   257
 75
     1
175
     1
 42
1.0
 92
        9
 66
     7
 43
1.0
 76
     1
 77
     6
 78
     2
 67
     7
 79
     5
170
     0
171
     0
290
     0
174
     0
 93
        1
 44
0.0
173
     0
291
     1
 45
0.0
  0
VISUALSTYLE
  5
33
102
{ACAD_REACTORS
330
2A
102
}
102
{ACAD_XDICTIONARY
360
238
102
}
330
2A
100
AcDbVisualStyle
  2
Realistic
 70
     8
 71
     2
 72
     3
 73
     0
 90
        2
 40
0.6
 41
30.0
 62
     5
 63
     7
421
 16777215
 74
     0
 91
        0
 64
     7
 65
   257
 75
     1
175
     1
 42
1.0
 92
        8
 66
   257
 43
1.0
 76
     1
 77
     6
 78
     2
 67
     7
 79
     3
170
     0
171
     0
290
     0
174
     0
 93
       13
 44
0.0
173
     0
291
     0
 45
0.0
  0
VISUALSTYLE
  5
42
102
{ACAD_REACTORS
330
2A
102
}
102
{ACAD_XDICTIONARY
360
256
102
}
330
2A
100
AcDbVisualStyle
  2
Shaded
 70
    27
 71
     2
 72
     2
 73
     1
 90
        2
 40
0.6
 41
30.0
 62
     5
 63
     7
421
 16777215
 74
     0
 91
        4
 64
     7
 65
   257
 75
     1
175
     1
 42
1.0
 92
        8
 66
   257
 43
1.0
 76
     1
 77
     6
 78
     2
 67
     8
425
  7895160
 79
     3
170
     0
171
     0
290
     0
174
     0
 93
        5
 44
0.0
173
     0
291
     0
 45
0.0
  0
VISUALSTYLE
  5
41
102
{ACAD_REACTORS
330
2A
102
}
102
{ACAD_XDICTIONARY
360
254
102
}
330
2A
100
AcDbVisualStyle
  2
Shaded with edges
 70
    26
 71
     2
 72
     2
 73
     1
 90
        2
 40
0.6
 41
30.0
 62
     5
 63
     7
421
 16777215
 74
     1
 91
       10
 64
     7
 65
   257
 75
     2
175
     1
 42
1.0
 92
        8
 66
   257
 43
1.0
 76
     1
 77
     6
 78
     2
 67
     7
 79
     3
170
     0
171
     0
290
     0
174
     0
 93
        5
 44
0.0
173
     0
291
     0
 45
0.0
  0
VISUALSTYLE
  5
3E
102
{ACAD_REACTORS
330
2A
102
}
102
{ACAD_XDICTIONARY
360
24E
102
}
330
2A
100
AcDbVisualStyle
  2
Shades of Gray
 70
    23
 71
     2
 72
     2
 73
     3
 90
        0
 40
0.6
 41
30.0
 62
     5
 63
     7
421
 16777215
 74
     2
 91
        2
 64
     7
 65
     7
 75
     1
175
     1
 42
40.0
 92
        8
 66
     7
 43
1.0
 76
     1
 77
     6
 78
     2
 67
     7
 79
     3
170
     0
171
     0
290
     0
174
     0
 93
        1
 44
0.0
173
     0
291
     0
 45
0.0
  0
VISUALSTYLE
  5
3F
102
{ACAD_REACTORS
330
2A
102
}
102
{ACAD_XDICTIONARY
360
250
102
}
330
2A
100
AcDbVisualStyle
  2
Sketchy
 70
    24
 71
     1
 72
     2
 73
     2
 90
        0
 40
0.6
 41
30.0
 62
     5
 63
     7
421
 16777215
 74
     2
 91
        2
 64
     7
 65
     7
 75
     1
175
     1
 42
40.0
 92
       11
 66
     7
 43
1.0
 76
     1
 77
     6
 78
     2
 67
     7
 79
     6
170
     0
171
     0
290
     0
174
     0
 93
        1
 44
0.0
173
     0
291
     0
 45
0.0
  0
VISUALSTYLE
  5
37
102
{ACAD_REACTORS
330
2A
102
}
102
{ACAD_XDICTIONARY
360
240
102
}
330
2A
100
AcDbVisualStyle
  2
Thicken
 70
    13
 71
     2
 72
     2
 73
     0
 90
        0
 40
0.6
 41
30.0
 62
     5
 63
     7
421
 16777215
 74
     1
 91
        4
 64
     7
 65
   257
 75
     1
175
     1
 42
1.0
 92
       12
 66
     7
 43
1.0
 76
     1
 77
     6
 78
     2
 67
     7
 79
     5
170
     0
171
     0
290
     0
174
     0
 93
        1
 44
0.0
173
     0
291
     1
 45
0.0
  0
VISUALSTYLE
  5
30
102
{ACAD_REACTORS
330
2A
102
}
102
{ACAD_XDICTIONARY
360
232
102
}
330
2A
100
AcDbVisualStyle
  2
Wireframe
 70
     5
 71
     0
 72
     2
 73
     0
 90
        0
 40
0.6
 41
30.0
 62
     5
 63
     7
421
 16777215
 74
     1
 91
        4
 64
     7
 65
   257
 75
     1
175
     1
 42
1.0
 92
        0
 66
   257
 43
1.0
 76
     1
 77
     6
 78
     2
 67
     7
 79
     3
170
     0
171
     0
290
     0
174
     0
 93
        1
 44
0.0
173
     0
291
     0
 45
0.0
  0
VISUALSTYLE
  5
40
102
{ACAD_REACTORS
330
2A
102
}
102
{ACAD_XDICTIONARY
360
252
102
}
330
2A
100
AcDbVisualStyle
  2
X-Ray
 70
    25
 71
     2
 72
     2
 73
     1
 90
        1
 40
0.5
 41
30.0
 62
     5
 63
     7
421
 16777215
 74
     1
 91
        0
 64
     7
 65
   257
 75
     1
175
     1
 42
1.0
 92
        8
 66
     7
 43
1.0
 76
     1
 77
     6
 78
     2
 67
     7
 79
     3
170
     0
171
     0
290
     0
174
     0
 93
       13
 44
0.0
173
     0
291
     0
 45
0.0
  0
DICTIONARYVAR
  5
226
102
{ACAD_REACTORS
330
225
102
}
330
225
100
DictionaryVariables
280
     0
  1
1:1
  0
DICTIONARYVAR
  5
25F
102
{ACAD_REACTORS
330
225
102
}
330
225
100
DictionaryVariables
280
     0
  1
Standard
  0
DICTIONARYVAR
  5
25E
102
{ACAD_REACTORS
330
225
102
}
330
225
100
DictionaryVariables
280
     0
  1
Standard
  0
DICTIONARYVAR
  5
227
102
{ACAD_REACTORS
330
225
102
}
330
225
100
DictionaryVariables
280
     0
  1
2
  0
DICTIONARY
  5
25B
330
5C
100
AcDbDictionary
280
     1
281
     1
  3
ACAD_XREC_ROUNDTRIP
360
25C
  0
DICTIONARY
  5
258
330
5A
100
AcDbDictionary
280
     1
281
     1
  3
ACAD_ROUNDTRIP_2008_TABLESTYLE_CELLSTYLEMAP
360
259
  0
DICTIONARY
  5
230
330
2F
100
AcDbDictionary
280
     1
281
     1
  3
ACAD_XREC_ROUNDTRIP
360
231
  0
DICTIONARY
  5
236
330
32
100
AcDbDictionary
280
     1
281
     1
  3
ACAD_XREC_ROUNDTRIP
360
237
  0
DICTIONARY
  5
23E
330
36
100
AcDbDictionary
280
     1
281
     1
  3
ACAD_XREC_ROUNDTRIP
360
23F
  0
DICTIONARY
  5
246
330
3A
100
AcDbDictionary
280
     1
281
     1
  3
ACAD_XREC_ROUNDTRIP
360
247
  0
DICTIONARY
  5
23A
330
34
100
AcDbDictionary
280
     1
281
     1
  3
ACAD_XREC_ROUNDTRIP
360
23B
  0
DICTIONARY
  5
23C
330
35
100
AcDbDictionary
280
     1
281
     1
  3
ACAD_XREC_ROUNDTRIP
360
23D
  0
DICTIONARY
  5
24C
330
3D
100
AcDbDictionary
280
     1
281
     1
  3
ACAD_XREC_ROUNDTRIP
360
24D
  0
DICTIONARY
  5
244
330
39
100
AcDbDictionary
280
     1
281
     1
  3
ACAD_XREC_ROUNDTRIP
360
245
  0
DICTIONARY
  5
228
330
2B
100
AcDbDictionary
280
     1
281
     1
  3
ACAD_XREC_ROUNDTRIP
360
229
  0
DICTIONARY
  5
22A
330
2C
100
AcDbDictionary
280
     1
281
     1
  3
ACAD_XREC_ROUNDTRIP
360
22B
  0
DICTIONARY
  5
22C
330
2D
100
AcDbDictionary
280
     1
281
     1
  3
ACAD_XREC_ROUNDTRIP
360
22D
  0
DICTIONARY
  5
22E
330
2E
100
AcDbDictionary
280
     1
281
     1
  3
ACAD_XREC_ROUNDTRIP
360
22F
  0
DICTIONARY
  5
234
330
31
100
AcDbDictionary
280
     1
281
     1
  3
ACAD_XREC_ROUNDTRIP
360
235
  0
DICTIONARY
  5
248
330
3B
100
AcDbDictionary
280
     1
281
     1
  3
ACAD_XREC_ROUNDTRIP
360
249
  0
DICTIONARY
  5
242
330
38
100
AcDbDictionary
280
     1
281
     1
  3
ACAD_XREC_ROUNDTRIP
360
243
  0
DICTIONARY
  5
24A
330
3C
100
AcDbDictionary
280
     1
281
     1
  3
ACAD_XREC_ROUNDTRIP
360
24B
  0
DICTIONARY
  5
238
330
33
100
AcDbDictionary
280
     1
281
     1
  3
ACAD_XREC_ROUNDTRIP
360
239
  0
DICTIONARY
  5
256
330
42
100
AcDbDictionary
280
     1
281
     1
  3
ACAD_XREC_ROUNDTRIP
360
257
  0
DICTIONARY
  5
254
330
41
100
AcDbDictionary
280
     1
281
     1
  3
ACAD_XREC_ROUNDTRIP
360
255
  0
DICTIONARY
  5
24E
330
3E
100
AcDbDictionary
280
     1
281
     1
  3
ACAD_XREC_ROUNDTRIP
360
24F
  0
DICTIONARY
  5
250
330
3F
100
AcDbDictionary
280
     1
281
     1
  3
ACAD_XREC_ROUNDTRIP
360
251
  0
DICTIONARY
  5
240
330
37
100
AcDbDictionary
280
     1
281
     1
  3
ACAD_XREC_ROUNDTRIP
360
241
  0
DICTIONARY
  5
232
330
30
100
AcDbDictionary
280
     1
281
     1
  3
ACAD_XREC_ROUNDTRIP
360
233
  0
DICTIONARY
  5
252
330
40
100
AcDbDictionary
280
     1
281
     1
  3
ACAD_XREC_ROUNDTRIP
360
253
  0
XRECORD
  5
25C
102
{ACAD_REACTORS
330
25B
102
}
330
25B
100
AcDbXrecord
280
     1
102
ACAD_ROUNDTRIP_2010_MLEADER_STYLE
  0
CELLSTYLEMAP
  5
259
102
{ACAD_REACTORS
330
258
102
}
330
258
100
AcDbCellStyleMap
 90
        3
300
CELLSTYLE
  1
TABLEFORMAT_BEGIN
 90
        5
170
     1
 91
        0
 92
    32768
 62
   257
 93
        1
300
CONTENTFORMAT
  1
CONTENTFORMAT_BEGIN
 90
        0
 91
        0
 92
        4
 93
        0
300

 40
0.0
140
1.0
 94
        5
 62
     0
340
11
144
0.25
309
CONTENTFORMAT_END
171
     1
301
MARGIN
  1
CELLMARGIN_BEGIN
 40
0.06
 40
0.06
 40
0.06
 40
0.06
 40
0.06
 40
0.06
309
CELLMARGIN_END
 94
        6
 95
        1
302
GRIDFORMAT
  1
GRIDFORMAT_BEGIN
 90
        0
 91
        1
 62
     0
 92
       -2
340
14
 93
        0
 40
0.045
309
GRIDFORMAT_END
 95
        2
302
GRIDFORMAT
  1
GRIDFORMAT_BEGIN
 90
        0
 91
        1
 62
     0
 92
       -2
340
14
 93
        0
 40
0.045
309
GRIDFORMAT_END
 95
        4
302
GRIDFORMAT
  1
GRIDFORMAT_BEGIN
 90
        0
 91
        1
 62
     0
 92
       -2
340
14
 93
        0
 40
0.045
309
GRIDFORMAT_END
 95
        8
302
GRIDFORMAT
  1
GRIDFORMAT_BEGIN
 90
        0
 91
        1
 62
     0
 92
       -2
340
14
 93
        0
 40
0.045
309
GRIDFORMAT_END
 95
       16
302
GRIDFORMAT
  1
GRIDFORMAT_BEGIN
 90
        0
 91
        1
 62
     0
 92
       -2
340
14
 93
        0
 40
0.045
309
GRIDFORMAT_END
 95
       32
302
GRIDFORMAT
  1
GRIDFORMAT_BEGIN
 90
        0
 91
        1
 62
     0
 92
       -2
340
14
 93
        0
 40
0.045
309
GRIDFORMAT_END
309
TABLEFORMAT_END
  1
CELLSTYLE_BEGIN
 90
        1
 91
        1
300
_TITLE
309
CELLSTYLE_END
300
CELLSTYLE
  1
TABLEFORMAT_BEGIN
 90
        5
170
     1
 91
        0
 92
        0
 62
   257
 93
        1
300
CONTENTFORMAT
  1
CONTENTFORMAT_BEGIN
 90
        0
 91
        0
 92
        4
 93
        0
300

 40
0.0
140
1.0
 94
        5
 62
     0
340
11
144
0.18
309
CONTENTFORMAT_END
171
     1
301
MARGIN
  1
CELLMARGIN_BEGIN
 40
0.06
 40
0.06
 40
0.06
 40
0.06
 40
0.06
 40
0.06
309
CELLMARGIN_END
 94
        6
 95
        1
302
GRIDFORMAT
  1
GRIDFORMAT_BEGIN
 90
        0
 91
        1
 62
     0
 92
       -2
340
14
 93
        0
 40
0.045
309
GRIDFORMAT_END
 95
        2
302
GRIDFORMAT
  1
GRIDFORMAT_BEGIN
 90
        0
 91
        1
 62
     0
 92
       -2
340
14
 93
        0
 40
0.045
309
GRIDFORMAT_END
 95
        4
302
GRIDFORMAT
  1
GRIDFORMAT_BEGIN
 90
        0
 91
        1
 62
     0
 92
       -2
340
14
 93
        0
 40
0.045
309
GRIDFORMAT_END
 95
        8
302
GRIDFORMAT
  1
GRIDFORMAT_BEGIN
 90
        0
 91
        1
 62
     0
 92
       -2
340
14
 93
        0
 40
0.045
309
GRIDFORMAT_END
 95
       16
302
GRIDFORMAT
  1
GRIDFORMAT_BEGIN
 90
        0
 91
        1
 62
     0
 92
       -2
340
14
 93
        0
 40
0.045
309
GRIDFORMAT_END
 95
       32
302
GRIDFORMAT
  1
GRIDFORMAT_BEGIN
 90
        0
 91
        1
 62
     0
 92
       -2
340
14
 93
        0
 40
0.045
309
GRIDFORMAT_END
309
TABLEFORMAT_END
  1
CELLSTYLE_BEGIN
 90
        2
 91
        1
300
_HEADER
309
CELLSTYLE_END
300
CELLSTYLE
  1
TABLEFORMAT_BEGIN
 90
        5
170
     1
 91
        0
 92
        0
 62
   257
 93
        1
300
CONTENTFORMAT
  1
CONTENTFORMAT_BEGIN
 90
        0
 91
        0
 92
        4
 93
        0
300

 40
0.0
140
1.0
 94
        2
 62
     0
340
11
144
0.18
309
CONTENTFORMAT_END
171
     1
301
MARGIN
  1
CELLMARGIN_BEGIN
 40
0.06
 40
0.06
 40
0.06
 40
0.06
 40
0.06
 40
0.06
309
CELLMARGIN_END
 94
        6
 95
        1
302
GRIDFORMAT
  1
GRIDFORMAT_BEGIN
 90
        0
 91
        1
 62
     0
 92
       -2
340
14
 93
        0
 40
0.045
309
GRIDFORMAT_END
 95
        2
302
GRIDFORMAT
  1
GRIDFORMAT_BEGIN
 90
        0
 91
        1
 62
     0
 92
       -2
340
14
 93
        0
 40
0.045
309
GRIDFORMAT_END
 95
        4
302
GRIDFORMAT
  1
GRIDFORMAT_BEGIN
 90
        0
 91
        1
 62
     0
 92
       -2
340
14
 93
        0
 40
0.045
309
GRIDFORMAT_END
 95
        8
302
GRIDFORMAT
  1
GRIDFORMAT_BEGIN
 90
        0
 91
        1
 62
     0
 92
       -2
340
14
 93
        0
 40
0.045
309
GRIDFORMAT_END
 95
       16
302
GRIDFORMAT
  1
GRIDFORMAT_BEGIN
 90
        0
 91
        1
 62
     0
 92
       -2
340
14
 93
        0
 40
0.045
309
GRIDFORMAT_END
 95
       32
302
GRIDFORMAT
  1
GRIDFORMAT_BEGIN
 90
        0
 91
        1
 62
     0
 92
       -2
340
14
 93
        0
 40
0.045
309
GRIDFORMAT_END
309
TABLEFORMAT_END
  1
CELLSTYLE_BEGIN
 90
        3
 91
        2
300
_DATA
309
CELLSTYLE_END
  0
XRECORD
  5
231
102
{ACAD_REACTORS
330
230
102
}
330
230
100
AcDbXrecord
280
     1
102
RTVSPropertyOp0
 70
     1
102
RTVSPropertyOp1
 70
     1
102
RTVSPropertyOp2
 70
     1
102
RTVSPropertyOp3
 70
     1
102
RTVSPropertyOp4
 70
     1
102
RTVSPropertyOp5
 70
     1
102
RTVSPropertyOp6
 70
     1
102
RTVSPropertyOp7
 70
     1
102
RTVSPropertyOp8
 70
     1
102
RTVSPropertyOp9
 70
     1
102
RTVSPropertyOp10
 70
     1
102
RTVSPropertyOp11
 70
     1
102
RTVSPropertyOp12
 70
     1
102
RTVSPropertyOp13
 70
     1
102
RTVSPropertyOp14
 70
     1
102
RTVSPropertyOp15
 70
     1
102
RTVSPropertyOp16
 70
     1
102
RTVSPropertyOp17
 70
     1
102
RTVSPropertyOp18
 70
     1
102
RTVSPropertyOp19
 70
     1
102
RTVSPropertyOp20
 70
     1
102
RTVSPropertyOp21
 70
     1
102
RTVSPropertyOp22
 70
     1
102
RTVSPropertyOp23
 70
     1
102
RTVSPropertyOp24
 70
     1
102
RTVSPropertyOp25
 70
     1
102
RTVSPropertyOp26
 70
     1
102
RTVSPropertyOp27
 70
     1
102
RTVSPropertyOp28
 70
     1
102
RTVSPropertyOp29
 70
     1
102
RTVSPropertyOp30
 70
     1
102
RTVSPropertyOp31
 70
     1
102
RTVSPropertyOp32
 70
     1
102
RTVSPropertyOp33
 70
     1
102
RTVSPropertyOp34
 70
     1
102
RTVSPropertyOp35
 70
     1
102
RTVSPropertyOp36
 70
     1
102
RTVSPropertyOp37
 70
     1
102
RTVSPropertyOp38
 70
     1
102
RTVSPropertyOp39
 70
     1
102
RTVSPropertyOp40
 70
     1
102
RTVSPropertyOp41
 70
     1
102
RTVSPropertyOp42
 70
     1
102
RTVSPropertyOp43
 70
     1
102
RTVSPropertyOp44
 70
     1
102
RTVSPropertyOp45
 70
     1
102
RTVSPropertyOp46
 70
     1
102
RTVSPropertyOp47
 70
     1
102
RTVSPropertyOp48
 70
     1
102
RTVSPropertyOp49
 70
     1
102
RTVSPropertyOp50
 70
     1
102
RTVSPropertyOp51
 70
     0
102
RTVSPropertyOp52
 70
     0
102
RTVSPropertyOp53
 70
     1
102
RTVSPropertyOp54
 70
     1
102
RTVSPropertyOp55
 70
     1
102
RTVSPropertyOp56
 70
     1
102
RTVSPropertyOp57
 70
     1
102
RTVSPost2010Prop28
280
     1
102
RTVSPost2010PropOp28
 70
     1
102
RTVSPost2010Prop29
280
     1
102
RTVSPost2010PropOp29
 70
     1
102
RTVSPost2010Prop30
280
     0
102
RTVSPost2010PropOp30
 70
     1
102
RTVSPost2010Prop31
280
     0
102
RTVSPost2010PropOp31
 70
     1
102
RTVSPost2010Prop32
280
     0
102
RTVSPost2010PropOp32
 70
     1
102
RTVSPost2010Prop33
280
     0
102
RTVSPost2010PropOp33
 70
     1
102
RTVSPost2010Prop34
280
     0
102
RTVSPost2010PropOp34
 70
     1
102
RTVSPost2010Prop35
280
     0
102
RTVSPost2010PropOp35
 70
     1
102
RTVSPost2010Prop36
280
     0
102
RTVSPost2010PropOp36
 70
     1
102
RTVSPost2010Prop37
 90
       50
102
RTVSPost2010PropOp37
 70
     1
102
RTVSPost2010Prop38
140
0.0
102
RTVSPost2010PropOp38
 70
     1
102
RTVSPost2010Prop39
140
1.0
102
RTVSPost2010PropOp39
 70
     1
102
RTVSPost2010Prop40
 90
        0
102
RTVSPost2010PropOp40
 70
     1
102
RTVSPost2010Prop41ColorIndex
 90
       18
102
RTVSPost2010Prop41ColorRGB
 90
        0
102
RTVSPost2010PropOp41
 70
     1
102
RTVSPost2010Prop42
 90
       50
102
RTVSPost2010PropOp42
 70
     1
102
RTVSPost2010Prop43
 90
        3
102
RTVSPost2010PropOp43
 70
     1
102
RTVSPost2010Prop44ColorIndex
 90
        5
102
RTVSPost2010Prop44ColorRGB
 90
      255
102
RTVSPost2010PropOp44
 70
     1
102
RTVSPost2010Prop45
280
     0
102
RTVSPost2010PropOp45
 70
     1
102
RTVSPost2010Prop46
 90
       50
102
RTVSPost2010PropOp46
 70
     1
102
RTVSPost2010Prop47
 90
       50
102
RTVSPost2010PropOp47
 70
     1
102
RTVSPost2010Prop48
 90
       50
102
RTVSPost2010PropOp48
 70
     1
102
RTVSPost2010Prop49
280
     0
102
RTVSPost2010PropOp49
 70
     1
102
RTVSPost2010Prop50
 90
       50
102
RTVSPost2010PropOp50
 70
     1
102
RTVSPost2010Prop51ColorIndex
 90
      256
102
RTVSPost2010Prop51ColorRGB
 90
-16777216
102
RTVSPost2010PropOp51
 70
     0
102
RTVSPost2010Prop52
140
1.0
102
RTVSPost2010PropOp52
 70
     0
102
RTVSPost2010Prop53
 90
        2
102
RTVSPost2010PropOp53
 70
     1
102
RTVSPost2010Prop54
  1
strokes_ogs.tif
102
RTVSPost2010PropOp54
 70
     1
102
RTVSPost2010Prop55
280
     0
102
RTVSPost2010PropOp55
 70
     1
102
RTVSPost2010Prop56
140
1.0
102
RTVSPost2010PropOp56
 70
     1
102
RTVSPost2010Prop57
140
1.0
102
RTVSPost2010PropOp57
 70
     1
  0
XRECORD
  5
237
102
{ACAD_REACTORS
330
236
102
}
330
236
100
AcDbXrecord
280
     1
102
RTVSPropertyOp0
 70
     1
102
RTVSPropertyOp1
 70
     1
102
RTVSPropertyOp2
 70
     1
102
RTVSPropertyOp3
 70
     1
102
RTVSPropertyOp4
 70
     1
102
RTVSPropertyOp5
 70
     1
102
RTVSPropertyOp6
 70
     1
102
RTVSPropertyOp7
 70
     1
102
RTVSPropertyOp8
 70
     1
102
RTVSPropertyOp9
 70
     1
102
RTVSPropertyOp10
 70
     1
102
RTVSPropertyOp11
 70
     1
102
RTVSPropertyOp12
 70
     1
102
RTVSPropertyOp13
 70
     1
102
RTVSPropertyOp14
 70
     1
102
RTVSPropertyOp15
 70
     1
102
RTVSPropertyOp16
 70
     1
102
RTVSPropertyOp17
 70
     1
102
RTVSPropertyOp18
 70
     1
102
RTVSPropertyOp19
 70
     1
102
RTVSPropertyOp20
 70
     1
102
RTVSPropertyOp21
 70
     1
102
RTVSPropertyOp22
 70
     1
102
RTVSPropertyOp23
 70
     1
102
RTVSPropertyOp24
 70
     1
102
RTVSPropertyOp25
 70
     1
102
RTVSPropertyOp26
 70
     1
102
RTVSPropertyOp27
 70
     1
102
RTVSPropertyOp28
 70
     1
102
RTVSPropertyOp29
 70
     1
102
RTVSPropertyOp30
 70
     1
102
RTVSPropertyOp31
 70
     1
102
RTVSPropertyOp32
 70
     1
102
RTVSPropertyOp33
 70
     1
102
RTVSPropertyOp34
 70
     1
102
RTVSPropertyOp35
 70
     1
102
RTVSPropertyOp36
 70
     1
102
RTVSPropertyOp37
 70
     1
102
RTVSPropertyOp38
 70
     1
102
RTVSPropertyOp39
 70
     1
102
RTVSPropertyOp40
 70
     1
102
RTVSPropertyOp41
 70
     1
102
RTVSPropertyOp42
 70
     1
102
RTVSPropertyOp43
 70
     1
102
RTVSPropertyOp44
 70
     1
102
RTVSPropertyOp45
 70
     1
102
RTVSPropertyOp46
 70
     1
102
RTVSPropertyOp47
 70
     1
102
RTVSPropertyOp48
 70
     1
102
RTVSPropertyOp49
 70
     1
102
RTVSPropertyOp50
 70
     1
102
RTVSPropertyOp51
 70
     0
102
RTVSPropertyOp52
 70
     0
102
RTVSPropertyOp53
 70
     1
102
RTVSPropertyOp54
 70
     1
102
RTVSPropertyOp55
 70
     1
102
RTVSPropertyOp56
 70
     1
102
RTVSPropertyOp57
 70
     1
102
RTVSPost2010Prop28
280
     0
102
RTVSPost2010PropOp28
 70
     1
102
RTVSPost2010Prop29
280
     1
102
RTVSPost2010PropOp29
 70
     1
102
RTVSPost2010Prop30
280
     1
102
RTVSPost2010PropOp30
 70
     1
102
RTVSPost2010Prop31
280
     0
102
RTVSPost2010PropOp31
 70
     1
102
RTVSPost2010Prop32
280
     0
102
RTVSPost2010PropOp32
 70
     1
102
RTVSPost2010Prop33
280
     0
102
RTVSPost2010PropOp33
 70
     1
102
RTVSPost2010Prop34
280
     0
102
RTVSPost2010PropOp34
 70
     1
102
RTVSPost2010Prop35
280
     0
102
RTVSPost2010PropOp35
 70
     1
102
RTVSPost2010Prop36
280
     0
102
RTVSPost2010PropOp36
 70
     1
102
RTVSPost2010Prop37
 90
       50
102
RTVSPost2010PropOp37
 70
     1
102
RTVSPost2010Prop38
140
0.0
102
RTVSPost2010PropOp38
 70
     1
102
RTVSPost2010Prop39
140
1.0
102
RTVSPost2010PropOp39
 70
     1
102
RTVSPost2010Prop40
 90
        0
102
RTVSPost2010PropOp40
 70
     1
102
RTVSPost2010Prop41ColorIndex
 90
       18
102
RTVSPost2010Prop41ColorRGB
 90
        0
102
RTVSPost2010PropOp41
 70
     1
102
RTVSPost2010Prop42
 90
       50
102
RTVSPost2010PropOp42
 70
     1
102
RTVSPost2010Prop43
 90
        3
102
RTVSPost2010PropOp43
 70
     1
102
RTVSPost2010Prop44ColorIndex
 90
        5
102
RTVSPost2010Prop44ColorRGB
 90
      255
102
RTVSPost2010PropOp44
 70
     1
102
RTVSPost2010Prop45
280
     0
102
RTVSPost2010PropOp45
 70
     1
102
RTVSPost2010Prop46
 90
       50
102
RTVSPost2010PropOp46
 70
     1
102
RTVSPost2010Prop47
 90
       50
102
RTVSPost2010PropOp47
 70
     1
102
RTVSPost2010Prop48
 90
       50
102
RTVSPost2010PropOp48
 70
     1
102
RTVSPost2010Prop49
280
     0
102
RTVSPost2010PropOp49
 70
     1
102
RTVSPost2010Prop50
 90
       50
102
RTVSPost2010PropOp50
 70
     1
102
RTVSPost2010Prop51ColorIndex
 90
      256
102
RTVSPost2010Prop51ColorRGB
 90
-16777216
102
RTVSPost2010PropOp51
 70
     0
102
RTVSPost2010Prop52
140
1.0
102
RTVSPost2010PropOp52
 70
     0
102
RTVSPost2010Prop53
 90
        2
102
RTVSPost2010PropOp53
 70
     1
102
RTVSPost2010Prop54
  1
strokes_ogs.tif
102
RTVSPost2010PropOp54
 70
     1
102
RTVSPost2010Prop55
280
     0
102
RTVSPost2010PropOp55
 70
     1
102
RTVSPost2010Prop56
140
1.0
102
RTVSPost2010PropOp56
 70
     1
102
RTVSPost2010Prop57
140
1.0
102
RTVSPost2010PropOp57
 70
     1
  0
XRECORD
  5
23F
102
{ACAD_REACTORS
330
23E
102
}
330
23E
100
AcDbXrecord
280
     1
102
RTVSPropertyOp0
 70
     1
102
RTVSPropertyOp1
 70
     1
102
RTVSPropertyOp2
 70
     1
102
RTVSPropertyOp3
 70
     1
102
RTVSPropertyOp4
 70
     1
102
RTVSPropertyOp5
 70
     1
102
RTVSPropertyOp6
 70
     1
102
RTVSPropertyOp7
 70
     1
102
RTVSPropertyOp8
 70
     1
102
RTVSPropertyOp9
 70
     1
102
RTVSPropertyOp10
 70
     1
102
RTVSPropertyOp11
 70
     1
102
RTVSPropertyOp12
 70
     1
102
RTVSPropertyOp13
 70
     1
102
RTVSPropertyOp14
 70
     1
102
RTVSPropertyOp15
 70
     1
102
RTVSPropertyOp16
 70
     1
102
RTVSPropertyOp17
 70
     1
102
RTVSPropertyOp18
 70
     1
102
RTVSPropertyOp19
 70
     1
102
RTVSPropertyOp20
 70
     1
102
RTVSPropertyOp21
 70
     1
102
RTVSPropertyOp22
 70
     1
102
RTVSPropertyOp23
 70
     1
102
RTVSPropertyOp24
 70
     1
102
RTVSPropertyOp25
 70
     1
102
RTVSPropertyOp26
 70
     1
102
RTVSPropertyOp27
 70
     1
102
RTVSPropertyOp28
 70
     1
102
RTVSPropertyOp29
 70
     1
102
RTVSPropertyOp30
 70
     1
102
RTVSPropertyOp31
 70
     1
102
RTVSPropertyOp32
 70
     1
102
RTVSPropertyOp33
 70
     1
102
RTVSPropertyOp34
 70
     1
102
RTVSPropertyOp35
 70
     1
102
RTVSPropertyOp36
 70
     1
102
RTVSPropertyOp37
 70
     1
102
RTVSPropertyOp38
 70
     1
102
RTVSPropertyOp39
 70
     1
102
RTVSPropertyOp40
 70
     1
102
RTVSPropertyOp41
 70
     1
102
RTVSPropertyOp42
 70
     1
102
RTVSPropertyOp43
 70
     1
102
RTVSPropertyOp44
 70
     1
102
RTVSPropertyOp45
 70
     1
102
RTVSPropertyOp46
 70
     1
102
RTVSPropertyOp47
 70
     1
102
RTVSPropertyOp48
 70
     1
102
RTVSPropertyOp49
 70
     1
102
RTVSPropertyOp50
 70
     1
102
RTVSPropertyOp51
 70
     0
102
RTVSPropertyOp52
 70
     0
102
RTVSPropertyOp53
 70
     1
102
RTVSPropertyOp54
 70
     1
102
RTVSPropertyOp55
 70
     1
102
RTVSPropertyOp56
 70
     1
102
RTVSPropertyOp57
 70
     1
102
RTVSPost2010Prop28
280
     0
102
RTVSPost2010PropOp28
 70
     1
102
RTVSPost2010Prop29
280
     1
102
RTVSPost2010PropOp29
 70
     1
102
RTVSPost2010Prop30
280
     1
102
RTVSPost2010PropOp30
 70
     1
102
RTVSPost2010Prop31
280
     0
102
RTVSPost2010PropOp31
 70
     1
102
RTVSPost2010Prop32
280
     0
102
RTVSPost2010PropOp32
 70
     1
102
RTVSPost2010Prop33
280
     0
102
RTVSPost2010PropOp33
 70
     1
102
RTVSPost2010Prop34
280
     0
102
RTVSPost2010PropOp34
 70
     1
102
RTVSPost2010Prop35
280
     0
102
RTVSPost2010PropOp35
 70
     1
102
RTVSPost2010Prop36
280
     0
102
RTVSPost2010PropOp36
 70
     1
102
RTVSPost2010Prop37
 90
       50
102
RTVSPost2010PropOp37
 70
     1
102
RTVSPost2010Prop38
140
0.0
102
RTVSPost2010PropOp38
 70
     1
102
RTVSPost2010Prop39
140
1.0
102
RTVSPost2010PropOp39
 70
     1
102
RTVSPost2010Prop40
 90
        0
102
RTVSPost2010PropOp40
 70
     1
102
RTVSPost2010Prop41ColorIndex
 90
       18
102
RTVSPost2010Prop41ColorRGB
 90
        0
102
RTVSPost2010PropOp41
 70
     1
102
RTVSPost2010Prop42
 90
       50
102
RTVSPost2010PropOp42
 70
     1
102
RTVSPost2010Prop43
 90
        3
102
RTVSPost2010PropOp43
 70
     1
102
RTVSPost2010Prop44ColorIndex
 90
        5
102
RTVSPost2010Prop44ColorRGB
 90
      255
102
RTVSPost2010PropOp44
 70
     1
102
RTVSPost2010Prop45
280
     0
102
RTVSPost2010PropOp45
 70
     1
102
RTVSPost2010Prop46
 90
       50
102
RTVSPost2010PropOp46
 70
     1
102
RTVSPost2010Prop47
 90
       50
102
RTVSPost2010PropOp47
 70
     1
102
RTVSPost2010Prop48
 90
       50
102
RTVSPost2010PropOp48
 70
     1
102
RTVSPost2010Prop49
280
     0
102
RTVSPost2010PropOp49
 70
     1
102
RTVSPost2010Prop50
 90
       50
102
RTVSPost2010PropOp50
 70
     1
102
RTVSPost2010Prop51ColorIndex
 90
      256
102
RTVSPost2010Prop51ColorRGB
 90
-16777216
102
RTVSPost2010PropOp51
 70
     0
102
RTVSPost2010Prop52
140
1.0
102
RTVSPost2010PropOp52
 70
     0
102
RTVSPost2010Prop53
 90
        2
102
RTVSPost2010PropOp53
 70
     1
102
RTVSPost2010Prop54
  1
strokes_ogs.tif
102
RTVSPost2010PropOp54
 70
     1
102
RTVSPost2010Prop55
280
     0
102
RTVSPost2010PropOp55
 70
     1
102
RTVSPost2010Prop56
140
1.0
102
RTVSPost2010PropOp56
 70
     1
102
RTVSPost2010Prop57
140
1.0
102
RTVSPost2010PropOp57
 70
     1
  0
XRECORD
  5
247
102
{ACAD_REACTORS
330
246
102
}
330
246
100
AcDbXrecord
280
     1
102
RTVSPropertyOp0
 70
     1
102
RTVSPropertyOp1
 70
     1
102
RTVSPropertyOp2
 70
     1
102
RTVSPropertyOp3
 70
     1
102
RTVSPropertyOp4
 70
     1
102
RTVSPropertyOp5
 70
     1
102
RTVSPropertyOp6
 70
     1
102
RTVSPropertyOp7
 70
     1
102
RTVSPropertyOp8
 70
     1
102
RTVSPropertyOp9
 70
     1
102
RTVSPropertyOp10
 70
     1
102
RTVSPropertyOp11
 70
     1
102
RTVSPropertyOp12
 70
     1
102
RTVSPropertyOp13
 70
     1
102
RTVSPropertyOp14
 70
     1
102
RTVSPropertyOp15
 70
     1
102
RTVSPropertyOp16
 70
     1
102
RTVSPropertyOp17
 70
     1
102
RTVSPropertyOp18
 70
     1
102
RTVSPropertyOp19
 70
     1
102
RTVSPropertyOp20
 70
     1
102
RTVSPropertyOp21
 70
     1
102
RTVSPropertyOp22
 70
     1
102
RTVSPropertyOp23
 70
     1
102
RTVSPropertyOp24
 70
     1
102
RTVSPropertyOp25
 70
     1
102
RTVSPropertyOp26
 70
     1
102
RTVSPropertyOp27
 70
     1
102
RTVSPropertyOp28
 70
     1
102
RTVSPropertyOp29
 70
     1
102
RTVSPropertyOp30
 70
     1
102
RTVSPropertyOp31
 70
     1
102
RTVSPropertyOp32
 70
     1
102
RTVSPropertyOp33
 70
     1
102
RTVSPropertyOp34
 70
     1
102
RTVSPropertyOp35
 70
     1
102
RTVSPropertyOp36
 70
     1
102
RTVSPropertyOp37
 70
     1
102
RTVSPropertyOp38
 70
     1
102
RTVSPropertyOp39
 70
     1
102
RTVSPropertyOp40
 70
     1
102
RTVSPropertyOp41
 70
     1
102
RTVSPropertyOp42
 70
     1
102
RTVSPropertyOp43
 70
     1
102
RTVSPropertyOp44
 70
     1
102
RTVSPropertyOp45
 70
     1
102
RTVSPropertyOp46
 70
     1
102
RTVSPropertyOp47
 70
     1
102
RTVSPropertyOp48
 70
     1
102
RTVSPropertyOp49
 70
     1
102
RTVSPropertyOp50
 70
     1
102
RTVSPropertyOp51
 70
     0
102
RTVSPropertyOp52
 70
     0
102
RTVSPropertyOp53
 70
     1
102
RTVSPropertyOp54
 70
     1
102
RTVSPropertyOp55
 70
     1
102
RTVSPropertyOp56
 70
     1
102
RTVSPropertyOp57
 70
     1
102
RTVSPost2010Prop28
280
     0
102
RTVSPost2010PropOp28
 70
     1
102
RTVSPost2010Prop29
280
     1
102
RTVSPost2010PropOp29
 70
     1
102
RTVSPost2010Prop30
280
     1
102
RTVSPost2010PropOp30
 70
     1
102
RTVSPost2010Prop31
280
     0
102
RTVSPost2010PropOp31
 70
     1
102
RTVSPost2010Prop32
280
     0
102
RTVSPost2010PropOp32
 70
     1
102
RTVSPost2010Prop33
280
     0
102
RTVSPost2010PropOp33
 70
     1
102
RTVSPost2010Prop34
280
     0
102
RTVSPost2010PropOp34
 70
     1
102
RTVSPost2010Prop35
280
     0
102
RTVSPost2010PropOp35
 70
     1
102
RTVSPost2010Prop36
280
     0
102
RTVSPost2010PropOp36
 70
     1
102
RTVSPost2010Prop37
 90
       50
102
RTVSPost2010PropOp37
 70
     1
102
RTVSPost2010Prop38
140
0.0
102
RTVSPost2010PropOp38
 70
     1
102
RTVSPost2010Prop39
140
1.0
102
RTVSPost2010PropOp39
 70
     1
102
RTVSPost2010Prop40
 90
        0
102
RTVSPost2010PropOp40
 70
     1
102
RTVSPost2010Prop41ColorIndex
 90
       18
102
RTVSPost2010Prop41ColorRGB
 90
        0
102
RTVSPost2010PropOp41
 70
     1
102
RTVSPost2010Prop42
 90
       50
102
RTVSPost2010PropOp42
 70
     1
102
RTVSPost2010Prop43
 90
        3
102
RTVSPost2010PropOp43
 70
     1
102
RTVSPost2010Prop44ColorIndex
 90
        5
102
RTVSPost2010Prop44ColorRGB
 90
      255
102
RTVSPost2010PropOp44
 70
     1
102
RTVSPost2010Prop45
280
     0
102
RTVSPost2010PropOp45
 70
     1
102
RTVSPost2010Prop46
 90
       50
102
RTVSPost2010PropOp46
 70
     1
102
RTVSPost2010Prop47
 90
       50
102
RTVSPost2010PropOp47
 70
     1
102
RTVSPost2010Prop48
 90
       50
102
RTVSPost2010PropOp48
 70
     1
102
RTVSPost2010Prop49
280
     0
102
RTVSPost2010PropOp49
 70
     1
102
RTVSPost2010Prop50
 90
       50
102
RTVSPost2010PropOp50
 70
     1
102
RTVSPost2010Prop51ColorIndex
 90
      256
102
RTVSPost2010Prop51ColorRGB
 90
-16777216
102
RTVSPost2010PropOp51
 70
     0
102
RTVSPost2010Prop52
140
1.0
102
RTVSPost2010PropOp52
 70
     0
102
RTVSPost2010Prop53
 90
        2
102
RTVSPost2010PropOp53
 70
     1
102
RTVSPost2010Prop54
  1
strokes_ogs.tif
102
RTVSPost2010PropOp54
 70
     1
102
RTVSPost2010Prop55
280
     0
102
RTVSPost2010PropOp55
 70
     1
102
RTVSPost2010Prop56
140
1.0
102
RTVSPost2010PropOp56
 70
     1
102
RTVSPost2010Prop57
140
1.0
102
RTVSPost2010PropOp57
 70
     1
  0
XRECORD
  5
23B
102
{ACAD_REACTORS
330
23A
102
}
330
23A
100
AcDbXrecord
280
     1
102
RTVSPropertyOp0
 70
     1
102
RTVSPropertyOp1
 70
     1
102
RTVSPropertyOp2
 70
     1
102
RTVSPropertyOp3
 70
     1
102
RTVSPropertyOp4
 70
     1
102
RTVSPropertyOp5
 70
     1
102
RTVSPropertyOp6
 70
     1
102
RTVSPropertyOp7
 70
     1
102
RTVSPropertyOp8
 70
     1
102
RTVSPropertyOp9
 70
     1
102
RTVSPropertyOp10
 70
     1
102
RTVSPropertyOp11
 70
     1
102
RTVSPropertyOp12
 70
     1
102
RTVSPropertyOp13
 70
     1
102
RTVSPropertyOp14
 70
     1
102
RTVSPropertyOp15
 70
     1
102
RTVSPropertyOp16
 70
     1
102
RTVSPropertyOp17
 70
     1
102
RTVSPropertyOp18
 70
     1
102
RTVSPropertyOp19
 70
     1
102
RTVSPropertyOp20
 70
     1
102
RTVSPropertyOp21
 70
     1
102
RTVSPropertyOp22
 70
     1
102
RTVSPropertyOp23
 70
     1
102
RTVSPropertyOp24
 70
     1
102
RTVSPropertyOp25
 70
     1
102
RTVSPropertyOp26
 70
     1
102
RTVSPropertyOp27
 70
     1
102
RTVSPropertyOp28
 70
     1
102
RTVSPropertyOp29
 70
     1
102
RTVSPropertyOp30
 70
     1
102
RTVSPropertyOp31
 70
     1
102
RTVSPropertyOp32
 70
     1
102
RTVSPropertyOp33
 70
     1
102
RTVSPropertyOp34
 70
     1
102
RTVSPropertyOp35
 70
     1
102
RTVSPropertyOp36
 70
     1
102
RTVSPropertyOp37
 70
     1
102
RTVSPropertyOp38
 70
     1
102
RTVSPropertyOp39
 70
     1
102
RTVSPropertyOp40
 70
     1
102
RTVSPropertyOp41
 70
     1
102
RTVSPropertyOp42
 70
     1
102
RTVSPropertyOp43
 70
     1
102
RTVSPropertyOp44
 70
     1
102
RTVSPropertyOp45
 70
     1
102
RTVSPropertyOp46
 70
     1
102
RTVSPropertyOp47
 70
     1
102
RTVSPropertyOp48
 70
     1
102
RTVSPropertyOp49
 70
     1
102
RTVSPropertyOp50
 70
     1
102
RTVSPropertyOp51
 70
     0
102
RTVSPropertyOp52
 70
     0
102
RTVSPropertyOp53
 70
     1
102
RTVSPropertyOp54
 70
     1
102
RTVSPropertyOp55
 70
     1
102
RTVSPropertyOp56
 70
     1
102
RTVSPropertyOp57
 70
     1
102
RTVSPost2010Prop28
280
     0
102
RTVSPost2010PropOp28
 70
     1
102
RTVSPost2010Prop29
280
     1
102
RTVSPost2010PropOp29
 70
     1
102
RTVSPost2010Prop30
280
     1
102
RTVSPost2010PropOp30
 70
     1
102
RTVSPost2010Prop31
280
     0
102
RTVSPost2010PropOp31
 70
     1
102
RTVSPost2010Prop32
280
     0
102
RTVSPost2010PropOp32
 70
     1
102
RTVSPost2010Prop33
280
     0
102
RTVSPost2010PropOp33
 70
     1
102
RTVSPost2010Prop34
280
     0
102
RTVSPost2010PropOp34
 70
     1
102
RTVSPost2010Prop35
280
     0
102
RTVSPost2010PropOp35
 70
     1
102
RTVSPost2010Prop36
280
     0
102
RTVSPost2010PropOp36
 70
     1
102
RTVSPost2010Prop37
 90
       50
102
RTVSPost2010PropOp37
 70
     1
102
RTVSPost2010Prop38
140
0.0
102
RTVSPost2010PropOp38
 70
     1
102
RTVSPost2010Prop39
140
1.0
102
RTVSPost2010PropOp39
 70
     1
102
RTVSPost2010Prop40
 90
        0
102
RTVSPost2010PropOp40
 70
     1
102
RTVSPost2010Prop41ColorIndex
 90
       18
102
RTVSPost2010Prop41ColorRGB
 90
        0
102
RTVSPost2010PropOp41
 70
     1
102
RTVSPost2010Prop42
 90
       50
102
RTVSPost2010PropOp42
 70
     1
102
RTVSPost2010Prop43
 90
        3
102
RTVSPost2010PropOp43
 70
     1
102
RTVSPost2010Prop44ColorIndex
 90
        5
102
RTVSPost2010Prop44ColorRGB
 90
      255
102
RTVSPost2010PropOp44
 70
     1
102
RTVSPost2010Prop45
280
     0
102
RTVSPost2010PropOp45
 70
     1
102
RTVSPost2010Prop46
 90
       50
102
RTVSPost2010PropOp46
 70
     1
102
RTVSPost2010Prop47
 90
       50
102
RTVSPost2010PropOp47
 70
     1
102
RTVSPost2010Prop48
 90
       50
102
RTVSPost2010PropOp48
 70
     1
102
RTVSPost2010Prop49
280
     0
102
RTVSPost2010PropOp49
 70
     1
102
RTVSPost2010Prop50
 90
       50
102
RTVSPost2010PropOp50
 70
     1
102
RTVSPost2010Prop51ColorIndex
 90
      256
102
RTVSPost2010Prop51ColorRGB
 90
-16777216
102
RTVSPost2010PropOp51
 70
     0
102
RTVSPost2010Prop52
140
1.0
102
RTVSPost2010PropOp52
 70
     0
102
RTVSPost2010Prop53
 90
        2
102
RTVSPost2010PropOp53
 70
     1
102
RTVSPost2010Prop54
  1
strokes_ogs.tif
102
RTVSPost2010PropOp54
 70
     1
102
RTVSPost2010Prop55
280
     0
102
RTVSPost2010PropOp55
 70
     1
102
RTVSPost2010Prop56
140
1.0
102
RTVSPost2010PropOp56
 70
     1
102
RTVSPost2010Prop57
140
1.0
102
RTVSPost2010PropOp57
 70
     1
  0
XRECORD
  5
23D
102
{ACAD_REACTORS
330
23C
102
}
330
23C
100
AcDbXrecord
280
     1
102
RTVSPropertyOp0
 70
     1
102
RTVSPropertyOp1
 70
     1
102
RTVSPropertyOp2
 70
     1
102
RTVSPropertyOp3
 70
     1
102
RTVSPropertyOp4
 70
     1
102
RTVSPropertyOp5
 70
     1
102
RTVSPropertyOp6
 70
     1
102
RTVSPropertyOp7
 70
     1
102
RTVSPropertyOp8
 70
     1
102
RTVSPropertyOp9
 70
     1
102
RTVSPropertyOp10
 70
     1
102
RTVSPropertyOp11
 70
     1
102
RTVSPropertyOp12
 70
     1
102
RTVSPropertyOp13
 70
     1
102
RTVSPropertyOp14
 70
     1
102
RTVSPropertyOp15
 70
     1
102
RTVSPropertyOp16
 70
     1
102
RTVSPropertyOp17
 70
     1
102
RTVSPropertyOp18
 70
     1
102
RTVSPropertyOp19
 70
     1
102
RTVSPropertyOp20
 70
     1
102
RTVSPropertyOp21
 70
     1
102
RTVSPropertyOp22
 70
     1
102
RTVSPropertyOp23
 70
     1
102
RTVSPropertyOp24
 70
     1
102
RTVSPropertyOp25
 70
     1
102
RTVSPropertyOp26
 70
     1
102
RTVSPropertyOp27
 70
     1
102
RTVSPropertyOp28
 70
     1
102
RTVSPropertyOp29
 70
     1
102
RTVSPropertyOp30
 70
     1
102
RTVSPropertyOp31
 70
     1
102
RTVSPropertyOp32
 70
     1
102
RTVSPropertyOp33
 70
     1
102
RTVSPropertyOp34
 70
     1
102
RTVSPropertyOp35
 70
     1
102
RTVSPropertyOp36
 70
     1
102
RTVSPropertyOp37
 70
     1
102
RTVSPropertyOp38
 70
     1
102
RTVSPropertyOp39
 70
     1
102
RTVSPropertyOp40
 70
     1
102
RTVSPropertyOp41
 70
     1
102
RTVSPropertyOp42
 70
     1
102
RTVSPropertyOp43
 70
     1
102
RTVSPropertyOp44
 70
     1
102
RTVSPropertyOp45
 70
     1
102
RTVSPropertyOp46
 70
     1
102
RTVSPropertyOp47
 70
     1
102
RTVSPropertyOp48
 70
     1
102
RTVSPropertyOp49
 70
     1
102
RTVSPropertyOp50
 70
     1
102
RTVSPropertyOp51
 70
     0
102
RTVSPropertyOp52
 70
     0
102
RTVSPropertyOp53
 70
     1
102
RTVSPropertyOp54
 70
     1
102
RTVSPropertyOp55
 70
     1
102
RTVSPropertyOp56
 70
     1
102
RTVSPropertyOp57
 70
     1
102
RTVSPost2010Prop28
280
     0
102
RTVSPost2010PropOp28
 70
     1
102
RTVSPost2010Prop29
280
     1
102
RTVSPost2010PropOp29
 70
     1
102
RTVSPost2010Prop30
280
     1
102
RTVSPost2010PropOp30
 70
     1
102
RTVSPost2010Prop31
280
     0
102
RTVSPost2010PropOp31
 70
     1
102
RTVSPost2010Prop32
280
     0
102
RTVSPost2010PropOp32
 70
     1
102
RTVSPost2010Prop33
280
     0
102
RTVSPost2010PropOp33
 70
     1
102
RTVSPost2010Prop34
280
     0
102
RTVSPost2010PropOp34
 70
     1
102
RTVSPost2010Prop35
280
     0
102
RTVSPost2010PropOp35
 70
     1
102
RTVSPost2010Prop36
280
     0
102
RTVSPost2010PropOp36
 70
     1
102
RTVSPost2010Prop37
 90
       50
102
RTVSPost2010PropOp37
 70
     1
102
RTVSPost2010Prop38
140
0.0
102
RTVSPost2010PropOp38
 70
     1
102
RTVSPost2010Prop39
140
1.0
102
RTVSPost2010PropOp39
 70
     1
102
RTVSPost2010Prop40
 90
        0
102
RTVSPost2010PropOp40
 70
     1
102
RTVSPost2010Prop41ColorIndex
 90
       18
102
RTVSPost2010Prop41ColorRGB
 90
        0
102
RTVSPost2010PropOp41
 70
     1
102
RTVSPost2010Prop42
 90
       50
102
RTVSPost2010PropOp42
 70
     1
102
RTVSPost2010Prop43
 90
        3
102
RTVSPost2010PropOp43
 70
     1
102
RTVSPost2010Prop44ColorIndex
 90
        5
102
RTVSPost2010Prop44ColorRGB
 90
      255
102
RTVSPost2010PropOp44
 70
     1
102
RTVSPost2010Prop45
280
     0
102
RTVSPost2010PropOp45
 70
     1
102
RTVSPost2010Prop46
 90
       50
102
RTVSPost2010PropOp46
 70
     1
102
RTVSPost2010Prop47
 90
       50
102
RTVSPost2010PropOp47
 70
     1
102
RTVSPost2010Prop48
 90
       50
102
RTVSPost2010PropOp48
 70
     1
102
RTVSPost2010Prop49
280
     0
102
RTVSPost2010PropOp49
 70
     1
102
RTVSPost2010Prop50
 90
       50
102
RTVSPost2010PropOp50
 70
     1
102
RTVSPost2010Prop51ColorIndex
 90
      256
102
RTVSPost2010Prop51ColorRGB
 90
-16777216
102
RTVSPost2010PropOp51
 70
     0
102
RTVSPost2010Prop52
140
1.0
102
RTVSPost2010PropOp52
 70
     0
102
RTVSPost2010Prop53
 90
        2
102
RTVSPost2010PropOp53
 70
     1
102
RTVSPost2010Prop54
  1
strokes_ogs.tif
102
RTVSPost2010PropOp54
 70
     1
102
RTVSPost2010Prop55
280
     0
102
RTVSPost2010PropOp55
 70
     1
102
RTVSPost2010Prop56
140
1.0
102
RTVSPost2010PropOp56
 70
     1
102
RTVSPost2010Prop57
140
1.0
102
RTVSPost2010PropOp57
 70
     1
  0
XRECORD
  5
24D
102
{ACAD_REACTORS
330
24C
102
}
330
24C
100
AcDbXrecord
280
     1
102
RTVSPropertyOp0
 70
     0
102
RTVSPropertyOp1
 70
     0
102
RTVSPropertyOp2
 70
     0
102
RTVSPropertyOp3
 70
     0
102
RTVSPropertyOp4
 70
     0
102
RTVSPropertyOp5
 70
     0
102
RTVSPropertyOp6
 70
     0
102
RTVSPropertyOp7
 70
     0
102
RTVSPropertyOp8
 70
     0
102
RTVSPropertyOp9
 70
     0
102
RTVSPropertyOp10
 70
     0
102
RTVSPropertyOp11
 70
     0
102
RTVSPropertyOp12
 70
     0
102
RTVSPropertyOp13
 70
     0
102
RTVSPropertyOp14
 70
     2
102
RTVSPropertyOp15
 70
     0
102
RTVSPropertyOp16
 70
     0
102
RTVSPropertyOp17
 70
     0
102
RTVSPropertyOp18
 70
     0
102
RTVSPropertyOp19
 70
     0
102
RTVSPropertyOp20
 70
     0
102
RTVSPropertyOp21
 70
     0
102
RTVSPropertyOp22
 70
     0
102
RTVSPropertyOp23
 70
     0
102
RTVSPropertyOp24
 70
     0
102
RTVSPropertyOp25
 70
     0
102
RTVSPropertyOp26
 70
     0
102
RTVSPropertyOp27
 70
     0
102
RTVSPropertyOp28
 70
     0
102
RTVSPropertyOp29
 70
     0
102
RTVSPropertyOp30
 70
     0
102
RTVSPropertyOp31
 70
     0
102
RTVSPropertyOp32
 70
     0
102
RTVSPropertyOp33
 70
     0
102
RTVSPropertyOp34
 70
     0
102
RTVSPropertyOp35
 70
     0
102
RTVSPropertyOp36
 70
     0
102
RTVSPropertyOp37
 70
     0
102
RTVSPropertyOp38
 70
     0
102
RTVSPropertyOp39
 70
     0
102
RTVSPropertyOp40
 70
     0
102
RTVSPropertyOp41
 70
     0
102
RTVSPropertyOp42
 70
     0
102
RTVSPropertyOp43
 70
     0
102
RTVSPropertyOp44
 70
     0
102
RTVSPropertyOp45
 70
     0
102
RTVSPropertyOp46
 70
     0
102
RTVSPropertyOp47
 70
     0
102
RTVSPropertyOp48
 70
     0
102
RTVSPropertyOp49
 70
     0
102
RTVSPropertyOp50
 70
     0
102
RTVSPropertyOp51
 70
     0
102
RTVSPropertyOp52
 70
     0
102
RTVSPropertyOp53
 70
     0
102
RTVSPropertyOp54
 70
     0
102
RTVSPropertyOp55
 70
     0
102
RTVSPropertyOp56
 70
     0
102
RTVSPropertyOp57
 70
     0
102
RTVSPost2010Prop28
280
     0
102
RTVSPost2010PropOp28
 70
     0
102
RTVSPost2010Prop29
280
     1
102
RTVSPost2010PropOp29
 70
     0
102
RTVSPost2010Prop30
280
     1
102
RTVSPost2010PropOp30
 70
     0
102
RTVSPost2010Prop31
280
     0
102
RTVSPost2010PropOp31
 70
     0
102
RTVSPost2010Prop32
280
     0
102
RTVSPost2010PropOp32
 70
     0
102
RTVSPost2010Prop33
280
     0
102
RTVSPost2010PropOp33
 70
     0
102
RTVSPost2010Prop34
280
     0
102
RTVSPost2010PropOp34
 70
     0
102
RTVSPost2010Prop35
280
     0
102
RTVSPost2010PropOp35
 70
     0
102
RTVSPost2010Prop36
280
     0
102
RTVSPost2010PropOp36
 70
     0
102
RTVSPost2010Prop37
 90
       50
102
RTVSPost2010PropOp37
 70
     0
102
RTVSPost2010Prop38
140
0.0
102
RTVSPost2010PropOp38
 70
     0
102
RTVSPost2010Prop39
140
1.0
102
RTVSPost2010PropOp39
 70
     0
102
RTVSPost2010Prop40
 90
        0
102
RTVSPost2010PropOp40
 70
     0
102
RTVSPost2010Prop41ColorIndex
 90
       18
102
RTVSPost2010Prop41ColorRGB
 90
        0
102
RTVSPost2010PropOp41
 70
     0
102
RTVSPost2010Prop42
 90
       50
102
RTVSPost2010PropOp42
 70
     0
102
RTVSPost2010Prop43
 90
        3
102
RTVSPost2010PropOp43
 70
     0
102
RTVSPost2010Prop44ColorIndex
 90
        5
102
RTVSPost2010Prop44ColorRGB
 90
      255
102
RTVSPost2010PropOp44
 70
     0
102
RTVSPost2010Prop45
280
     0
102
RTVSPost2010PropOp45
 70
     0
102
RTVSPost2010Prop46
 90
       50
102
RTVSPost2010PropOp46
 70
     0
102
RTVSPost2010Prop47
 90
       50
102
RTVSPost2010PropOp47
 70
     0
102
RTVSPost2010Prop48
 90
       50
102
RTVSPost2010PropOp48
 70
     0
102
RTVSPost2010Prop49
280
     0
102
RTVSPost2010PropOp49
 70
     0
102
RTVSPost2010Prop50
 90
       50
102
RTVSPost2010PropOp50
 70
     0
102
RTVSPost2010Prop51ColorIndex
 90
      256
102
RTVSPost2010Prop51ColorRGB
 90
-16777216
102
RTVSPost2010PropOp51
 70
     0
102
RTVSPost2010Prop52
140
1.0
102
RTVSPost2010PropOp52
 70
     0
102
RTVSPost2010Prop53
 90
        2
102
RTVSPost2010PropOp53
 70
     0
102
RTVSPost2010Prop54
  1
strokes_ogs.tif
102
RTVSPost2010PropOp54
 70
     0
102
RTVSPost2010Prop55
280
     0
102
RTVSPost2010PropOp55
 70
     0
102
RTVSPost2010Prop56
140
1.0
102
RTVSPost2010PropOp56
 70
     0
102
RTVSPost2010Prop57
140
1.0
102
RTVSPost2010PropOp57
 70
     0
  0
XRECORD
  5
245
102
{ACAD_REACTORS
330
244
102
}
330
244
100
AcDbXrecord
280
     1
102
RTVSPropertyOp0
 70
     1
102
RTVSPropertyOp1
 70
     1
102
RTVSPropertyOp2
 70
     1
102
RTVSPropertyOp3
 70
     1
102
RTVSPropertyOp4
 70
     1
102
RTVSPropertyOp5
 70
     1
102
RTVSPropertyOp6
 70
     1
102
RTVSPropertyOp7
 70
     1
102
RTVSPropertyOp8
 70
     1
102
RTVSPropertyOp9
 70
     1
102
RTVSPropertyOp10
 70
     1
102
RTVSPropertyOp11
 70
     1
102
RTVSPropertyOp12
 70
     1
102
RTVSPropertyOp13
 70
     1
102
RTVSPropertyOp14
 70
     1
102
RTVSPropertyOp15
 70
     1
102
RTVSPropertyOp16
 70
     1
102
RTVSPropertyOp17
 70
     1
102
RTVSPropertyOp18
 70
     1
102
RTVSPropertyOp19
 70
     1
102
RTVSPropertyOp20
 70
     1
102
RTVSPropertyOp21
 70
     1
102
RTVSPropertyOp22
 70
     1
102
RTVSPropertyOp23
 70
     1
102
RTVSPropertyOp24
 70
     1
102
RTVSPropertyOp25
 70
     1
102
RTVSPropertyOp26
 70
     1
102
RTVSPropertyOp27
 70
     1
102
RTVSPropertyOp28
 70
     1
102
RTVSPropertyOp29
 70
     1
102
RTVSPropertyOp30
 70
     1
102
RTVSPropertyOp31
 70
     1
102
RTVSPropertyOp32
 70
     1
102
RTVSPropertyOp33
 70
     1
102
RTVSPropertyOp34
 70
     1
102
RTVSPropertyOp35
 70
     1
102
RTVSPropertyOp36
 70
     1
102
RTVSPropertyOp37
 70
     1
102
RTVSPropertyOp38
 70
     1
102
RTVSPropertyOp39
 70
     1
102
RTVSPropertyOp40
 70
     1
102
RTVSPropertyOp41
 70
     1
102
RTVSPropertyOp42
 70
     1
102
RTVSPropertyOp43
 70
     1
102
RTVSPropertyOp44
 70
     1
102
RTVSPropertyOp45
 70
     1
102
RTVSPropertyOp46
 70
     1
102
RTVSPropertyOp47
 70
     1
102
RTVSPropertyOp48
 70
     1
102
RTVSPropertyOp49
 70
     1
102
RTVSPropertyOp50
 70
     1
102
RTVSPropertyOp51
 70
     0
102
RTVSPropertyOp52
 70
     0
102
RTVSPropertyOp53
 70
     1
102
RTVSPropertyOp54
 70
     1
102
RTVSPropertyOp55
 70
     1
102
RTVSPropertyOp56
 70
     1
102
RTVSPropertyOp57
 70
     1
102
RTVSPost2010Prop28
280
     0
102
RTVSPost2010PropOp28
 70
     1
102
RTVSPost2010Prop29
280
     1
102
RTVSPost2010PropOp29
 70
     1
102
RTVSPost2010Prop30
280
     1
102
RTVSPost2010PropOp30
 70
     1
102
RTVSPost2010Prop31
280
     0
102
RTVSPost2010PropOp31
 70
     1
102
RTVSPost2010Prop32
280
     0
102
RTVSPost2010PropOp32
 70
     1
102
RTVSPost2010Prop33
280
     0
102
RTVSPost2010PropOp33
 70
     1
102
RTVSPost2010Prop34
280
     0
102
RTVSPost2010PropOp34
 70
     1
102
RTVSPost2010Prop35
280
     0
102
RTVSPost2010PropOp35
 70
     1
102
RTVSPost2010Prop36
280
     0
102
RTVSPost2010PropOp36
 70
     1
102
RTVSPost2010Prop37
 90
       50
102
RTVSPost2010PropOp37
 70
     1
102
RTVSPost2010Prop38
140
0.0
102
RTVSPost2010PropOp38
 70
     1
102
RTVSPost2010Prop39
140
1.0
102
RTVSPost2010PropOp39
 70
     1
102
RTVSPost2010Prop40
 90
        0
102
RTVSPost2010PropOp40
 70
     1
102
RTVSPost2010Prop41ColorIndex
 90
       18
102
RTVSPost2010Prop41ColorRGB
 90
        0
102
RTVSPost2010PropOp41
 70
     1
102
RTVSPost2010Prop42
 90
       50
102
RTVSPost2010PropOp42
 70
     1
102
RTVSPost2010Prop43
 90
        3
102
RTVSPost2010PropOp43
 70
     1
102
RTVSPost2010Prop44ColorIndex
 90
        5
102
RTVSPost2010Prop44ColorRGB
 90
      255
102
RTVSPost2010PropOp44
 70
     1
102
RTVSPost2010Prop45
280
     0
102
RTVSPost2010PropOp45
 70
     1
102
RTVSPost2010Prop46
 90
       50
102
RTVSPost2010PropOp46
 70
     1
102
RTVSPost2010Prop47
 90
       50
102
RTVSPost2010PropOp47
 70
     1
102
RTVSPost2010Prop48
 90
       50
102
RTVSPost2010PropOp48
 70
     1
102
RTVSPost2010Prop49
280
     0
102
RTVSPost2010PropOp49
 70
     1
102
RTVSPost2010Prop50
 90
       50
102
RTVSPost2010PropOp50
 70
     1
102
RTVSPost2010Prop51ColorIndex
 90
      256
102
RTVSPost2010Prop51ColorRGB
 90
-16777216
102
RTVSPost2010PropOp51
 70
     0
102
RTVSPost2010Prop52
140
1.0
102
RTVSPost2010PropOp52
 70
     0
102
RTVSPost2010Prop53
 90
        2
102
RTVSPost2010PropOp53
 70
     1
102
RTVSPost2010Prop54
  1
strokes_ogs.tif
102
RTVSPost2010PropOp54
 70
     1
102
RTVSPost2010Prop55
280
     0
102
RTVSPost2010PropOp55
 70
     1
102
RTVSPost2010Prop56
140
1.0
102
RTVSPost2010PropOp56
 70
     1
102
RTVSPost2010Prop57
140
1.0
102
RTVSPost2010PropOp57
 70
     1
  0
XRECORD
  5
229
102
{ACAD_REACTORS
330
228
102
}
330
228
100
AcDbXrecord
280
     1
102
RTVSPropertyOp0
 70
     1
102
RTVSPropertyOp1
 70
     1
102
RTVSPropertyOp2
 70
     1
102
RTVSPropertyOp3
 70
     1
102
RTVSPropertyOp4
 70
     1
102
RTVSPropertyOp5
 70
     1
102
RTVSPropertyOp6
 70
     1
102
RTVSPropertyOp7
 70
     1
102
RTVSPropertyOp8
 70
     1
102
RTVSPropertyOp9
 70
     1
102
RTVSPropertyOp10
 70
     1
102
RTVSPropertyOp11
 70
     1
102
RTVSPropertyOp12
 70
     1
102
RTVSPropertyOp13
 70
     1
102
RTVSPropertyOp14
 70
     1
102
RTVSPropertyOp15
 70
     1
102
RTVSPropertyOp16
 70
     1
102
RTVSPropertyOp17
 70
     1
102
RTVSPropertyOp18
 70
     1
102
RTVSPropertyOp19
 70
     1
102
RTVSPropertyOp20
 70
     1
102
RTVSPropertyOp21
 70
     1
102
RTVSPropertyOp22
 70
     1
102
RTVSPropertyOp23
 70
     1
102
RTVSPropertyOp24
 70
     1
102
RTVSPropertyOp25
 70
     1
102
RTVSPropertyOp26
 70
     1
102
RTVSPropertyOp27
 70
     1
102
RTVSPropertyOp28
 70
     1
102
RTVSPropertyOp29
 70
     1
102
RTVSPropertyOp30
 70
     1
102
RTVSPropertyOp31
 70
     1
102
RTVSPropertyOp32
 70
     1
102
RTVSPropertyOp33
 70
     1
102
RTVSPropertyOp34
 70
     1
102
RTVSPropertyOp35
 70
     1
102
RTVSPropertyOp36
 70
     1
102
RTVSPropertyOp37
 70
     1
102
RTVSPropertyOp38
 70
     1
102
RTVSPropertyOp39
 70
     1
102
RTVSPropertyOp40
 70
     1
102
RTVSPropertyOp41
 70
     1
102
RTVSPropertyOp42
 70
     1
102
RTVSPropertyOp43
 70
     1
102
RTVSPropertyOp44
 70
     1
102
RTVSPropertyOp45
 70
     1
102
RTVSPropertyOp46
 70
     1
102
RTVSPropertyOp47
 70
     1
102
RTVSPropertyOp48
 70
     1
102
RTVSPropertyOp49
 70
     1
102
RTVSPropertyOp50
 70
     1
102
RTVSPropertyOp51
 70
     0
102
RTVSPropertyOp52
 70
     0
102
RTVSPropertyOp53
 70
     1
102
RTVSPropertyOp54
 70
     1
102
RTVSPropertyOp55
 70
     1
102
RTVSPropertyOp56
 70
     1
102
RTVSPropertyOp57
 70
     1
102
RTVSPost2010Prop28
280
     0
102
RTVSPost2010PropOp28
 70
     1
102
RTVSPost2010Prop29
280
     1
102
RTVSPost2010PropOp29
 70
     1
102
RTVSPost2010Prop30
280
     1
102
RTVSPost2010PropOp30
 70
     1
102
RTVSPost2010Prop31
280
     0
102
RTVSPost2010PropOp31
 70
     1
102
RTVSPost2010Prop32
280
     0
102
RTVSPost2010PropOp32
 70
     1
102
RTVSPost2010Prop33
280
     0
102
RTVSPost2010PropOp33
 70
     1
102
RTVSPost2010Prop34
280
     0
102
RTVSPost2010PropOp34
 70
     1
102
RTVSPost2010Prop35
280
     0
102
RTVSPost2010PropOp35
 70
     1
102
RTVSPost2010Prop36
280
     0
102
RTVSPost2010PropOp36
 70
     1
102
RTVSPost2010Prop37
 90
       50
102
RTVSPost2010PropOp37
 70
     1
102
RTVSPost2010Prop38
140
0.0
102
RTVSPost2010PropOp38
 70
     1
102
RTVSPost2010Prop39
140
1.0
102
RTVSPost2010PropOp39
 70
     1
102
RTVSPost2010Prop40
 90
        0
102
RTVSPost2010PropOp40
 70
     1
102
RTVSPost2010Prop41ColorIndex
 90
       18
102
RTVSPost2010Prop41ColorRGB
 90
        0
102
RTVSPost2010PropOp41
 70
     1
102
RTVSPost2010Prop42
 90
       50
102
RTVSPost2010PropOp42
 70
     1
102
RTVSPost2010Prop43
 90
        3
102
RTVSPost2010PropOp43
 70
     1
102
RTVSPost2010Prop44ColorIndex
 90
        5
102
RTVSPost2010Prop44ColorRGB
 90
      255
102
RTVSPost2010PropOp44
 70
     1
102
RTVSPost2010Prop45
280
     0
102
RTVSPost2010PropOp45
 70
     1
102
RTVSPost2010Prop46
 90
       50
102
RTVSPost2010PropOp46
 70
     1
102
RTVSPost2010Prop47
 90
       50
102
RTVSPost2010PropOp47
 70
     1
102
RTVSPost2010Prop48
 90
       50
102
RTVSPost2010PropOp48
 70
     1
102
RTVSPost2010Prop49
280
     0
102
RTVSPost2010PropOp49
 70
     1
102
RTVSPost2010Prop50
 90
       50
102
RTVSPost2010PropOp50
 70
     1
102
RTVSPost2010Prop51ColorIndex
 90
      256
102
RTVSPost2010Prop51ColorRGB
 90
-16777216
102
RTVSPost2010PropOp51
 70
     0
102
RTVSPost2010Prop52
140
1.0
102
RTVSPost2010PropOp52
 70
     0
102
RTVSPost2010Prop53
 90
        2
102
RTVSPost2010PropOp53
 70
     1
102
RTVSPost2010Prop54
  1
strokes_ogs.tif
102
RTVSPost2010PropOp54
 70
     1
102
RTVSPost2010Prop55
280
     0
102
RTVSPost2010PropOp55
 70
     1
102
RTVSPost2010Prop56
140
1.0
102
RTVSPost2010PropOp56
 70
     1
102
RTVSPost2010Prop57
140
1.0
102
RTVSPost2010PropOp57
 70
     1
  0
XRECORD
  5
22B
102
{ACAD_REACTORS
330
22A
102
}
330
22A
100
AcDbXrecord
280
     1
102
RTVSPropertyOp0
 70
     1
102
RTVSPropertyOp1
 70
     1
102
RTVSPropertyOp2
 70
     1
102
RTVSPropertyOp3
 70
     1
102
RTVSPropertyOp4
 70
     1
102
RTVSPropertyOp5
 70
     1
102
RTVSPropertyOp6
 70
     1
102
RTVSPropertyOp7
 70
     1
102
RTVSPropertyOp8
 70
     1
102
RTVSPropertyOp9
 70
     1
102
RTVSPropertyOp10
 70
     1
102
RTVSPropertyOp11
 70
     1
102
RTVSPropertyOp12
 70
     1
102
RTVSPropertyOp13
 70
     1
102
RTVSPropertyOp14
 70
     1
102
RTVSPropertyOp15
 70
     1
102
RTVSPropertyOp16
 70
     1
102
RTVSPropertyOp17
 70
     1
102
RTVSPropertyOp18
 70
     1
102
RTVSPropertyOp19
 70
     1
102
RTVSPropertyOp20
 70
     1
102
RTVSPropertyOp21
 70
     1
102
RTVSPropertyOp22
 70
     1
102
RTVSPropertyOp23
 70
     1
102
RTVSPropertyOp24
 70
     1
102
RTVSPropertyOp25
 70
     1
102
RTVSPropertyOp26
 70
     1
102
RTVSPropertyOp27
 70
     1
102
RTVSPropertyOp28
 70
     1
102
RTVSPropertyOp29
 70
     1
102
RTVSPropertyOp30
 70
     1
102
RTVSPropertyOp31
 70
     1
102
RTVSPropertyOp32
 70
     1
102
RTVSPropertyOp33
 70
     1
102
RTVSPropertyOp34
 70
     1
102
RTVSPropertyOp35
 70
     1
102
RTVSPropertyOp36
 70
     1
102
RTVSPropertyOp37
 70
     1
102
RTVSPropertyOp38
 70
     1
102
RTVSPropertyOp39
 70
     1
102
RTVSPropertyOp40
 70
     1
102
RTVSPropertyOp41
 70
     1
102
RTVSPropertyOp42
 70
     1
102
RTVSPropertyOp43
 70
     1
102
RTVSPropertyOp44
 70
     1
102
RTVSPropertyOp45
 70
     1
102
RTVSPropertyOp46
 70
     1
102
RTVSPropertyOp47
 70
     1
102
RTVSPropertyOp48
 70
     1
102
RTVSPropertyOp49
 70
     1
102
RTVSPropertyOp50
 70
     1
102
RTVSPropertyOp51
 70
     0
102
RTVSPropertyOp52
 70
     0
102
RTVSPropertyOp53
 70
     1
102
RTVSPropertyOp54
 70
     1
102
RTVSPropertyOp55
 70
     1
102
RTVSPropertyOp56
 70
     1
102
RTVSPropertyOp57
 70
     1
102
RTVSPost2010Prop28
280
     0
102
RTVSPost2010PropOp28
 70
     1
102
RTVSPost2010Prop29
280
     1
102
RTVSPost2010PropOp29
 70
     1
102
RTVSPost2010Prop30
280
     1
102
RTVSPost2010PropOp30
 70
     1
102
RTVSPost2010Prop31
280
     0
102
RTVSPost2010PropOp31
 70
     1
102
RTVSPost2010Prop32
280
     0
102
RTVSPost2010PropOp32
 70
     1
102
RTVSPost2010Prop33
280
     0
102
RTVSPost2010PropOp33
 70
     1
102
RTVSPost2010Prop34
280
     0
102
RTVSPost2010PropOp34
 70
     1
102
RTVSPost2010Prop35
280
     0
102
RTVSPost2010PropOp35
 70
     1
102
RTVSPost2010Prop36
280
     0
102
RTVSPost2010PropOp36
 70
     1
102
RTVSPost2010Prop37
 90
       50
102
RTVSPost2010PropOp37
 70
     1
102
RTVSPost2010Prop38
140
0.0
102
RTVSPost2010PropOp38
 70
     1
102
RTVSPost2010Prop39
140
1.0
102
RTVSPost2010PropOp39
 70
     1
102
RTVSPost2010Prop40
 90
        0
102
RTVSPost2010PropOp40
 70
     1
102
RTVSPost2010Prop41ColorIndex
 90
       18
102
RTVSPost2010Prop41ColorRGB
 90
        0
102
RTVSPost2010PropOp41
 70
     1
102
RTVSPost2010Prop42
 90
       50
102
RTVSPost2010PropOp42
 70
     1
102
RTVSPost2010Prop43
 90
        3
102
RTVSPost2010PropOp43
 70
     1
102
RTVSPost2010Prop44ColorIndex
 90
        5
102
RTVSPost2010Prop44ColorRGB
 90
      255
102
RTVSPost2010PropOp44
 70
     1
102
RTVSPost2010Prop45
280
     0
102
RTVSPost2010PropOp45
 70
     1
102
RTVSPost2010Prop46
 90
       50
102
RTVSPost2010PropOp46
 70
     1
102
RTVSPost2010Prop47
 90
       50
102
RTVSPost2010PropOp47
 70
     1
102
RTVSPost2010Prop48
 90
       50
102
RTVSPost2010PropOp48
 70
     1
102
RTVSPost2010Prop49
280
     0
102
RTVSPost2010PropOp49
 70
     1
102
RTVSPost2010Prop50
 90
       50
102
RTVSPost2010PropOp50
 70
     1
102
RTVSPost2010Prop51ColorIndex
 90
      256
102
RTVSPost2010Prop51ColorRGB
 90
-16777216
102
RTVSPost2010PropOp51
 70
     0
102
RTVSPost2010Prop52
140
1.0
102
RTVSPost2010PropOp52
 70
     0
102
RTVSPost2010Prop53
 90
        2
102
RTVSPost2010PropOp53
 70
     1
102
RTVSPost2010Prop54
  1
strokes_ogs.tif
102
RTVSPost2010PropOp54
 70
     1
102
RTVSPost2010Prop55
280
     0
102
RTVSPost2010PropOp55
 70
     1
102
RTVSPost2010Prop56
140
1.0
102
RTVSPost2010PropOp56
 70
     1
102
RTVSPost2010Prop57
140
1.0
102
RTVSPost2010PropOp57
 70
     1
  0
XRECORD
  5
22D
102
{ACAD_REACTORS
330
22C
102
}
330
22C
100
AcDbXrecord
280
     1
102
RTVSPropertyOp0
 70
     1
102
RTVSPropertyOp1
 70
     1
102
RTVSPropertyOp2
 70
     1
102
RTVSPropertyOp3
 70
     1
102
RTVSPropertyOp4
 70
     1
102
RTVSPropertyOp5
 70
     1
102
RTVSPropertyOp6
 70
     1
102
RTVSPropertyOp7
 70
     1
102
RTVSPropertyOp8
 70
     1
102
RTVSPropertyOp9
 70
     1
102
RTVSPropertyOp10
 70
     1
102
RTVSPropertyOp11
 70
     1
102
RTVSPropertyOp12
 70
     1
102
RTVSPropertyOp13
 70
     1
102
RTVSPropertyOp14
 70
     1
102
RTVSPropertyOp15
 70
     1
102
RTVSPropertyOp16
 70
     1
102
RTVSPropertyOp17
 70
     1
102
RTVSPropertyOp18
 70
     1
102
RTVSPropertyOp19
 70
     1
102
RTVSPropertyOp20
 70
     1
102
RTVSPropertyOp21
 70
     1
102
RTVSPropertyOp22
 70
     1
102
RTVSPropertyOp23
 70
     1
102
RTVSPropertyOp24
 70
     1
102
RTVSPropertyOp25
 70
     1
102
RTVSPropertyOp26
 70
     1
102
RTVSPropertyOp27
 70
     1
102
RTVSPropertyOp28
 70
     1
102
RTVSPropertyOp29
 70
     1
102
RTVSPropertyOp30
 70
     1
102
RTVSPropertyOp31
 70
     1
102
RTVSPropertyOp32
 70
     1
102
RTVSPropertyOp33
 70
     1
102
RTVSPropertyOp34
 70
     1
102
RTVSPropertyOp35
 70
     1
102
RTVSPropertyOp36
 70
     1
102
RTVSPropertyOp37
 70
     1
102
RTVSPropertyOp38
 70
     1
102
RTVSPropertyOp39
 70
     1
102
RTVSPropertyOp40
 70
     1
102
RTVSPropertyOp41
 70
     1
102
RTVSPropertyOp42
 70
     1
102
RTVSPropertyOp43
 70
     1
102
RTVSPropertyOp44
 70
     1
102
RTVSPropertyOp45
 70
     1
102
RTVSPropertyOp46
 70
     1
102
RTVSPropertyOp47
 70
     1
102
RTVSPropertyOp48
 70
     1
102
RTVSPropertyOp49
 70
     1
102
RTVSPropertyOp50
 70
     1
102
RTVSPropertyOp51
 70
     0
102
RTVSPropertyOp52
 70
     0
102
RTVSPropertyOp53
 70
     1
102
RTVSPropertyOp54
 70
     1
102
RTVSPropertyOp55
 70
     1
102
RTVSPropertyOp56
 70
     1
102
RTVSPropertyOp57
 70
     1
102
RTVSPost2010Prop28
280
     0
102
RTVSPost2010PropOp28
 70
     1
102
RTVSPost2010Prop29
280
     1
102
RTVSPost2010PropOp29
 70
     1
102
RTVSPost2010Prop30
280
     1
102
RTVSPost2010PropOp30
 70
     1
102
RTVSPost2010Prop31
280
     0
102
RTVSPost2010PropOp31
 70
     1
102
RTVSPost2010Prop32
280
     0
102
RTVSPost2010PropOp32
 70
     1
102
RTVSPost2010Prop33
280
     0
102
RTVSPost2010PropOp33
 70
     1
102
RTVSPost2010Prop34
280
     0
102
RTVSPost2010PropOp34
 70
     1
102
RTVSPost2010Prop35
280
     0
102
RTVSPost2010PropOp35
 70
     1
102
RTVSPost2010Prop36
280
     0
102
RTVSPost2010PropOp36
 70
     1
102
RTVSPost2010Prop37
 90
       50
102
RTVSPost2010PropOp37
 70
     1
102
RTVSPost2010Prop38
140
0.0
102
RTVSPost2010PropOp38
 70
     1
102
RTVSPost2010Prop39
140
1.0
102
RTVSPost2010PropOp39
 70
     1
102
RTVSPost2010Prop40
 90
        0
102
RTVSPost2010PropOp40
 70
     1
102
RTVSPost2010Prop41ColorIndex
 90
       18
102
RTVSPost2010Prop41ColorRGB
 90
        0
102
RTVSPost2010PropOp41
 70
     1
102
RTVSPost2010Prop42
 90
       50
102
RTVSPost2010PropOp42
 70
     1
102
RTVSPost2010Prop43
 90
        3
102
RTVSPost2010PropOp43
 70
     1
102
RTVSPost2010Prop44ColorIndex
 90
        5
102
RTVSPost2010Prop44ColorRGB
 90
      255
102
RTVSPost2010PropOp44
 70
     1
102
RTVSPost2010Prop45
280
     0
102
RTVSPost2010PropOp45
 70
     1
102
RTVSPost2010Prop46
 90
       50
102
RTVSPost2010PropOp46
 70
     1
102
RTVSPost2010Prop47
 90
       50
102
RTVSPost2010PropOp47
 70
     1
102
RTVSPost2010Prop48
 90
       50
102
RTVSPost2010PropOp48
 70
     1
102
RTVSPost2010Prop49
280
     0
102
RTVSPost2010PropOp49
 70
     1
102
RTVSPost2010Prop50
 90
       50
102
RTVSPost2010PropOp50
 70
     1
102
RTVSPost2010Prop51ColorIndex
 90
      256
102
RTVSPost2010Prop51ColorRGB
 90
-16777216
102
RTVSPost2010PropOp51
 70
     0
102
RTVSPost2010Prop52
140
1.0
102
RTVSPost2010PropOp52
 70
     0
102
RTVSPost2010Prop53
 90
        2
102
RTVSPost2010PropOp53
 70
     1
102
RTVSPost2010Prop54
  1
strokes_ogs.tif
102
RTVSPost2010PropOp54
 70
     1
102
RTVSPost2010Prop55
280
     0
102
RTVSPost2010PropOp55
 70
     1
102
RTVSPost2010Prop56
140
1.0
102
RTVSPost2010PropOp56
 70
     1
102
RTVSPost2010Prop57
140
1.0
102
RTVSPost2010PropOp57
 70
     1
  0
XRECORD
  5
22F
102
{ACAD_REACTORS
330
22E
102
}
330
22E
100
AcDbXrecord
280
     1
102
RTVSPropertyOp0
 70
     1
102
RTVSPropertyOp1
 70
     1
102
RTVSPropertyOp2
 70
     1
102
RTVSPropertyOp3
 70
     1
102
RTVSPropertyOp4
 70
     1
102
RTVSPropertyOp5
 70
     1
102
RTVSPropertyOp6
 70
     1
102
RTVSPropertyOp7
 70
     1
102
RTVSPropertyOp8
 70
     1
102
RTVSPropertyOp9
 70
     1
102
RTVSPropertyOp10
 70
     1
102
RTVSPropertyOp11
 70
     1
102
RTVSPropertyOp12
 70
     1
102
RTVSPropertyOp13
 70
     1
102
RTVSPropertyOp14
 70
     1
102
RTVSPropertyOp15
 70
     1
102
RTVSPropertyOp16
 70
     1
102
RTVSPropertyOp17
 70
     1
102
RTVSPropertyOp18
 70
     1
102
RTVSPropertyOp19
 70
     1
102
RTVSPropertyOp20
 70
     1
102
RTVSPropertyOp21
 70
     1
102
RTVSPropertyOp22
 70
     1
102
RTVSPropertyOp23
 70
     1
102
RTVSPropertyOp24
 70
     1
102
RTVSPropertyOp25
 70
     1
102
RTVSPropertyOp26
 70
     1
102
RTVSPropertyOp27
 70
     1
102
RTVSPropertyOp28
 70
     1
102
RTVSPropertyOp29
 70
     1
102
RTVSPropertyOp30
 70
     1
102
RTVSPropertyOp31
 70
     1
102
RTVSPropertyOp32
 70
     1
102
RTVSPropertyOp33
 70
     1
102
RTVSPropertyOp34
 70
     1
102
RTVSPropertyOp35
 70
     1
102
RTVSPropertyOp36
 70
     1
102
RTVSPropertyOp37
 70
     1
102
RTVSPropertyOp38
 70
     1
102
RTVSPropertyOp39
 70
     1
102
RTVSPropertyOp40
 70
     1
102
RTVSPropertyOp41
 70
     1
102
RTVSPropertyOp42
 70
     1
102
RTVSPropertyOp43
 70
     1
102
RTVSPropertyOp44
 70
     1
102
RTVSPropertyOp45
 70
     1
102
RTVSPropertyOp46
 70
     1
102
RTVSPropertyOp47
 70
     1
102
RTVSPropertyOp48
 70
     1
102
RTVSPropertyOp49
 70
     1
102
RTVSPropertyOp50
 70
     1
102
RTVSPropertyOp51
 70
     0
102
RTVSPropertyOp52
 70
     0
102
RTVSPropertyOp53
 70
     1
102
RTVSPropertyOp54
 70
     1
102
RTVSPropertyOp55
 70
     1
102
RTVSPropertyOp56
 70
     1
102
RTVSPropertyOp57
 70
     1
102
RTVSPost2010Prop28
280
     0
102
RTVSPost2010PropOp28
 70
     1
102
RTVSPost2010Prop29
280
     1
102
RTVSPost2010PropOp29
 70
     1
102
RTVSPost2010Prop30
280
     1
102
RTVSPost2010PropOp30
 70
     1
102
RTVSPost2010Prop31
280
     0
102
RTVSPost2010PropOp31
 70
     1
102
RTVSPost2010Prop32
280
     0
102
RTVSPost2010PropOp32
 70
     1
102
RTVSPost2010Prop33
280
     0
102
RTVSPost2010PropOp33
 70
     1
102
RTVSPost2010Prop34
280
     0
102
RTVSPost2010PropOp34
 70
     1
102
RTVSPost2010Prop35
280
     0
102
RTVSPost2010PropOp35
 70
     1
102
RTVSPost2010Prop36
280
     0
102
RTVSPost2010PropOp36
 70
     1
102
RTVSPost2010Prop37
 90
       50
102
RTVSPost2010PropOp37
 70
     1
102
RTVSPost2010Prop38
140
0.0
102
RTVSPost2010PropOp38
 70
     1
102
RTVSPost2010Prop39
140
1.0
102
RTVSPost2010PropOp39
 70
     1
102
RTVSPost2010Prop40
 90
        0
102
RTVSPost2010PropOp40
 70
     1
102
RTVSPost2010Prop41ColorIndex
 90
       18
102
RTVSPost2010Prop41ColorRGB
 90
        0
102
RTVSPost2010PropOp41
 70
     1
102
RTVSPost2010Prop42
 90
       50
102
RTVSPost2010PropOp42
 70
     1
102
RTVSPost2010Prop43
 90
        3
102
RTVSPost2010PropOp43
 70
     1
102
RTVSPost2010Prop44ColorIndex
 90
        5
102
RTVSPost2010Prop44ColorRGB
 90
      255
102
RTVSPost2010PropOp44
 70
     1
102
RTVSPost2010Prop45
280
     0
102
RTVSPost2010PropOp45
 70
     1
102
RTVSPost2010Prop46
 90
       50
102
RTVSPost2010PropOp46
 70
     1
102
RTVSPost2010Prop47
 90
       50
102
RTVSPost2010PropOp47
 70
     1
102
RTVSPost2010Prop48
 90
       50
102
RTVSPost2010PropOp48
 70
     1
102
RTVSPost2010Prop49
280
     0
102
RTVSPost2010PropOp49
 70
     1
102
RTVSPost2010Prop50
 90
       50
102
RTVSPost2010PropOp50
 70
     1
102
RTVSPost2010Prop51ColorIndex
 90
      256
102
RTVSPost2010Prop51ColorRGB
 90
-16777216
102
RTVSPost2010PropOp51
 70
     0
102
RTVSPost2010Prop52
140
1.0
102
RTVSPost2010PropOp52
 70
     0
102
RTVSPost2010Prop53
 90
        2
102
RTVSPost2010PropOp53
 70
     1
102
RTVSPost2010Prop54
  1
strokes_ogs.tif
102
RTVSPost2010PropOp54
 70
     1
102
RTVSPost2010Prop55
280
     0
102
RTVSPost2010PropOp55
 70
     1
102
RTVSPost2010Prop56
140
1.0
102
RTVSPost2010PropOp56
 70
     1
102
RTVSPost2010Prop57
140
1.0
102
RTVSPost2010PropOp57
 70
     1
  0
XRECORD
  5
235
102
{ACAD_REACTORS
330
234
102
}
330
234
100
AcDbXrecord
280
     1
102
RTVSPropertyOp0
 70
     1
102
RTVSPropertyOp1
 70
     1
102
RTVSPropertyOp2
 70
     1
102
RTVSPropertyOp3
 70
     1
102
RTVSPropertyOp4
 70
     1
102
RTVSPropertyOp5
 70
     1
102
RTVSPropertyOp6
 70
     1
102
RTVSPropertyOp7
 70
     1
102
RTVSPropertyOp8
 70
     1
102
RTVSPropertyOp9
 70
     1
102
RTVSPropertyOp10
 70
     1
102
RTVSPropertyOp11
 70
     1
102
RTVSPropertyOp12
 70
     1
102
RTVSPropertyOp13
 70
     1
102
RTVSPropertyOp14
 70
     1
102
RTVSPropertyOp15
 70
     1
102
RTVSPropertyOp16
 70
     1
102
RTVSPropertyOp17
 70
     1
102
RTVSPropertyOp18
 70
     1
102
RTVSPropertyOp19
 70
     1
102
RTVSPropertyOp20
 70
     1
102
RTVSPropertyOp21
 70
     1
102
RTVSPropertyOp22
 70
     1
102
RTVSPropertyOp23
 70
     1
102
RTVSPropertyOp24
 70
     1
102
RTVSPropertyOp25
 70
     1
102
RTVSPropertyOp26
 70
     1
102
RTVSPropertyOp27
 70
     1
102
RTVSPropertyOp28
 70
     1
102
RTVSPropertyOp29
 70
     1
102
RTVSPropertyOp30
 70
     1
102
RTVSPropertyOp31
 70
     1
102
RTVSPropertyOp32
 70
     1
102
RTVSPropertyOp33
 70
     1
102
RTVSPropertyOp34
 70
     1
102
RTVSPropertyOp35
 70
     1
102
RTVSPropertyOp36
 70
     1
102
RTVSPropertyOp37
 70
     1
102
RTVSPropertyOp38
 70
     1
102
RTVSPropertyOp39
 70
     1
102
RTVSPropertyOp40
 70
     1
102
RTVSPropertyOp41
 70
     1
102
RTVSPropertyOp42
 70
     1
102
RTVSPropertyOp43
 70
     1
102
RTVSPropertyOp44
 70
     1
102
RTVSPropertyOp45
 70
     1
102
RTVSPropertyOp46
 70
     1
102
RTVSPropertyOp47
 70
     1
102
RTVSPropertyOp48
 70
     1
102
RTVSPropertyOp49
 70
     1
102
RTVSPropertyOp50
 70
     1
102
RTVSPropertyOp51
 70
     0
102
RTVSPropertyOp52
 70
     0
102
RTVSPropertyOp53
 70
     1
102
RTVSPropertyOp54
 70
     1
102
RTVSPropertyOp55
 70
     1
102
RTVSPropertyOp56
 70
     1
102
RTVSPropertyOp57
 70
     1
102
RTVSPost2010Prop28
280
     0
102
RTVSPost2010PropOp28
 70
     1
102
RTVSPost2010Prop29
280
     1
102
RTVSPost2010PropOp29
 70
     1
102
RTVSPost2010Prop30
280
     1
102
RTVSPost2010PropOp30
 70
     1
102
RTVSPost2010Prop31
280
     0
102
RTVSPost2010PropOp31
 70
     1
102
RTVSPost2010Prop32
280
     0
102
RTVSPost2010PropOp32
 70
     1
102
RTVSPost2010Prop33
280
     0
102
RTVSPost2010PropOp33
 70
     1
102
RTVSPost2010Prop34
280
     0
102
RTVSPost2010PropOp34
 70
     1
102
RTVSPost2010Prop35
280
     0
102
RTVSPost2010PropOp35
 70
     1
102
RTVSPost2010Prop36
280
     0
102
RTVSPost2010PropOp36
 70
     1
102
RTVSPost2010Prop37
 90
       50
102
RTVSPost2010PropOp37
 70
     1
102
RTVSPost2010Prop38
140
0.0
102
RTVSPost2010PropOp38
 70
     1
102
RTVSPost2010Prop39
140
1.0
102
RTVSPost2010PropOp39
 70
     1
102
RTVSPost2010Prop40
 90
        0
102
RTVSPost2010PropOp40
 70
     1
102
RTVSPost2010Prop41ColorIndex
 90
       18
102
RTVSPost2010Prop41ColorRGB
 90
        0
102
RTVSPost2010PropOp41
 70
     1
102
RTVSPost2010Prop42
 90
       50
102
RTVSPost2010PropOp42
 70
     1
102
RTVSPost2010Prop43
 90
        3
102
RTVSPost2010PropOp43
 70
     1
102
RTVSPost2010Prop44ColorIndex
 90
        5
102
RTVSPost2010Prop44ColorRGB
 90
      255
102
RTVSPost2010PropOp44
 70
     1
102
RTVSPost2010Prop45
280
     0
102
RTVSPost2010PropOp45
 70
     1
102
RTVSPost2010Prop46
 90
       50
102
RTVSPost2010PropOp46
 70
     1
102
RTVSPost2010Prop47
 90
       50
102
RTVSPost2010PropOp47
 70
     1
102
RTVSPost2010Prop48
 90
       50
102
RTVSPost2010PropOp48
 70
     1
102
RTVSPost2010Prop49
280
     0
102
RTVSPost2010PropOp49
 70
     1
102
RTVSPost2010Prop50
 90
       50
102
RTVSPost2010PropOp50
 70
     1
102
RTVSPost2010Prop51ColorIndex
 90
      256
102
RTVSPost2010Prop51ColorRGB
 90
-16777216
102
RTVSPost2010PropOp51
 70
     0
102
RTVSPost2010Prop52
140
1.0
102
RTVSPost2010PropOp52
 70
     0
102
RTVSPost2010Prop53
 90
        2
102
RTVSPost2010PropOp53
 70
     1
102
RTVSPost2010Prop54
  1
strokes_ogs.tif
102
RTVSPost2010PropOp54
 70
     1
102
RTVSPost2010Prop55
280
     0
102
RTVSPost2010PropOp55
 70
     1
102
RTVSPost2010Prop56
140
1.0
102
RTVSPost2010PropOp56
 70
     1
102
RTVSPost2010Prop57
140
1.0
102
RTVSPost2010PropOp57
 70
     1
  0
XRECORD
  5
249
102
{ACAD_REACTORS
330
248
102
}
330
248
100
AcDbXrecord
280
     1
102
RTVSPropertyOp0
 70
     0
102
RTVSPropertyOp1
 70
     0
102
RTVSPropertyOp2
 70
     0
102
RTVSPropertyOp3
 70
     0
102
RTVSPropertyOp4
 70
     0
102
RTVSPropertyOp5
 70
     0
102
RTVSPropertyOp6
 70
     0
102
RTVSPropertyOp7
 70
     0
102
RTVSPropertyOp8
 70
     0
102
RTVSPropertyOp9
 70
     0
102
RTVSPropertyOp10
 70
     0
102
RTVSPropertyOp11
 70
     0
102
RTVSPropertyOp12
 70
     0
102
RTVSPropertyOp13
 70
     0
102
RTVSPropertyOp14
 70
     2
102
RTVSPropertyOp15
 70
     0
102
RTVSPropertyOp16
 70
     0
102
RTVSPropertyOp17
 70
     0
102
RTVSPropertyOp18
 70
     0
102
RTVSPropertyOp19
 70
     0
102
RTVSPropertyOp20
 70
     0
102
RTVSPropertyOp21
 70
     0
102
RTVSPropertyOp22
 70
     0
102
RTVSPropertyOp23
 70
     0
102
RTVSPropertyOp24
 70
     0
102
RTVSPropertyOp25
 70
     0
102
RTVSPropertyOp26
 70
     0
102
RTVSPropertyOp27
 70
     0
102
RTVSPropertyOp28
 70
     0
102
RTVSPropertyOp29
 70
     0
102
RTVSPropertyOp30
 70
     0
102
RTVSPropertyOp31
 70
     0
102
RTVSPropertyOp32
 70
     0
102
RTVSPropertyOp33
 70
     0
102
RTVSPropertyOp34
 70
     0
102
RTVSPropertyOp35
 70
     0
102
RTVSPropertyOp36
 70
     0
102
RTVSPropertyOp37
 70
     0
102
RTVSPropertyOp38
 70
     0
102
RTVSPropertyOp39
 70
     0
102
RTVSPropertyOp40
 70
     0
102
RTVSPropertyOp41
 70
     0
102
RTVSPropertyOp42
 70
     0
102
RTVSPropertyOp43
 70
     0
102
RTVSPropertyOp44
 70
     0
102
RTVSPropertyOp45
 70
     0
102
RTVSPropertyOp46
 70
     0
102
RTVSPropertyOp47
 70
     0
102
RTVSPropertyOp48
 70
     0
102
RTVSPropertyOp49
 70
     0
102
RTVSPropertyOp50
 70
     0
102
RTVSPropertyOp51
 70
     0
102
RTVSPropertyOp52
 70
     0
102
RTVSPropertyOp53
 70
     0
102
RTVSPropertyOp54
 70
     0
102
RTVSPropertyOp55
 70
     0
102
RTVSPropertyOp56
 70
     0
102
RTVSPropertyOp57
 70
     0
102
RTVSPost2010Prop28
280
     0
102
RTVSPost2010PropOp28
 70
     0
102
RTVSPost2010Prop29
280
     1
102
RTVSPost2010PropOp29
 70
     0
102
RTVSPost2010Prop30
280
     1
102
RTVSPost2010PropOp30
 70
     0
102
RTVSPost2010Prop31
280
     0
102
RTVSPost2010PropOp31
 70
     0
102
RTVSPost2010Prop32
280
     0
102
RTVSPost2010PropOp32
 70
     0
102
RTVSPost2010Prop33
280
     0
102
RTVSPost2010PropOp33
 70
     0
102
RTVSPost2010Prop34
280
     0
102
RTVSPost2010PropOp34
 70
     0
102
RTVSPost2010Prop35
280
     0
102
RTVSPost2010PropOp35
 70
     0
102
RTVSPost2010Prop36
280
     0
102
RTVSPost2010PropOp36
 70
     0
102
RTVSPost2010Prop37
 90
       50
102
RTVSPost2010PropOp37
 70
     0
102
RTVSPost2010Prop38
140
0.0
102
RTVSPost2010PropOp38
 70
     0
102
RTVSPost2010Prop39
140
1.0
102
RTVSPost2010PropOp39
 70
     0
102
RTVSPost2010Prop40
 90
        0
102
RTVSPost2010PropOp40
 70
     0
102
RTVSPost2010Prop41ColorIndex
 90
       18
102
RTVSPost2010Prop41ColorRGB
 90
        0
102
RTVSPost2010PropOp41
 70
     0
102
RTVSPost2010Prop42
 90
       50
102
RTVSPost2010PropOp42
 70
     0
102
RTVSPost2010Prop43
 90
        3
102
RTVSPost2010PropOp43
 70
     0
102
RTVSPost2010Prop44ColorIndex
 90
        5
102
RTVSPost2010Prop44ColorRGB
 90
      255
102
RTVSPost2010PropOp44
 70
     0
102
RTVSPost2010Prop45
280
     0
102
RTVSPost2010PropOp45
 70
     0
102
RTVSPost2010Prop46
 90
       50
102
RTVSPost2010PropOp46
 70
     0
102
RTVSPost2010Prop47
 90
       50
102
RTVSPost2010PropOp47
 70
     0
102
RTVSPost2010Prop48
 90
       50
102
RTVSPost2010PropOp48
 70
     0
102
RTVSPost2010Prop49
280
     0
102
RTVSPost2010PropOp49
 70
     0
102
RTVSPost2010Prop50
 90
       50
102
RTVSPost2010PropOp50
 70
     0
102
RTVSPost2010Prop51ColorIndex
 90
      256
102
RTVSPost2010Prop51ColorRGB
 90
-16777216
102
RTVSPost2010PropOp51
 70
     0
102
RTVSPost2010Prop52
140
1.0
102
RTVSPost2010PropOp52
 70
     0
102
RTVSPost2010Prop53
 90
        2
102
RTVSPost2010PropOp53
 70
     0
102
RTVSPost2010Prop54
  1
strokes_ogs.tif
102
RTVSPost2010PropOp54
 70
     0
102
RTVSPost2010Prop55
280
     0
102
RTVSPost2010PropOp55
 70
     0
102
RTVSPost2010Prop56
140
1.0
102
RTVSPost2010PropOp56
 70
     0
102
RTVSPost2010Prop57
140
1.0
102
RTVSPost2010PropOp57
 70
     0
  0
XRECORD
  5
243
102
{ACAD_REACTORS
330
242
102
}
330
242
100
AcDbXrecord
280
     1
102
RTVSPropertyOp0
 70
     1
102
RTVSPropertyOp1
 70
     1
102
RTVSPropertyOp2
 70
     1
102
RTVSPropertyOp3
 70
     1
102
RTVSPropertyOp4
 70
     1
102
RTVSPropertyOp5
 70
     1
102
RTVSPropertyOp6
 70
     1
102
RTVSPropertyOp7
 70
     1
102
RTVSPropertyOp8
 70
     1
102
RTVSPropertyOp9
 70
     1
102
RTVSPropertyOp10
 70
     1
102
RTVSPropertyOp11
 70
     1
102
RTVSPropertyOp12
 70
     1
102
RTVSPropertyOp13
 70
     1
102
RTVSPropertyOp14
 70
     1
102
RTVSPropertyOp15
 70
     1
102
RTVSPropertyOp16
 70
     1
102
RTVSPropertyOp17
 70
     1
102
RTVSPropertyOp18
 70
     1
102
RTVSPropertyOp19
 70
     1
102
RTVSPropertyOp20
 70
     1
102
RTVSPropertyOp21
 70
     1
102
RTVSPropertyOp22
 70
     1
102
RTVSPropertyOp23
 70
     1
102
RTVSPropertyOp24
 70
     1
102
RTVSPropertyOp25
 70
     1
102
RTVSPropertyOp26
 70
     1
102
RTVSPropertyOp27
 70
     1
102
RTVSPropertyOp28
 70
     1
102
RTVSPropertyOp29
 70
     1
102
RTVSPropertyOp30
 70
     1
102
RTVSPropertyOp31
 70
     1
102
RTVSPropertyOp32
 70
     1
102
RTVSPropertyOp33
 70
     1
102
RTVSPropertyOp34
 70
     1
102
RTVSPropertyOp35
 70
     1
102
RTVSPropertyOp36
 70
     1
102
RTVSPropertyOp37
 70
     1
102
RTVSPropertyOp38
 70
     1
102
RTVSPropertyOp39
 70
     1
102
RTVSPropertyOp40
 70
     1
102
RTVSPropertyOp41
 70
     1
102
RTVSPropertyOp42
 70
     1
102
RTVSPropertyOp43
 70
     1
102
RTVSPropertyOp44
 70
     1
102
RTVSPropertyOp45
 70
     1
102
RTVSPropertyOp46
 70
     1
102
RTVSPropertyOp47
 70
     1
102
RTVSPropertyOp48
 70
     1
102
RTVSPropertyOp49
 70
     1
102
RTVSPropertyOp50
 70
     1
102
RTVSPropertyOp51
 70
     0
102
RTVSPropertyOp52
 70
     0
102
RTVSPropertyOp53
 70
     1
102
RTVSPropertyOp54
 70
     1
102
RTVSPropertyOp55
 70
     1
102
RTVSPropertyOp56
 70
     1
102
RTVSPropertyOp57
 70
     1
102
RTVSPost2010Prop28
280
     0
102
RTVSPost2010PropOp28
 70
     1
102
RTVSPost2010Prop29
280
     1
102
RTVSPost2010PropOp29
 70
     1
102
RTVSPost2010Prop30
280
     1
102
RTVSPost2010PropOp30
 70
     1
102
RTVSPost2010Prop31
280
     0
102
RTVSPost2010PropOp31
 70
     1
102
RTVSPost2010Prop32
280
     0
102
RTVSPost2010PropOp32
 70
     1
102
RTVSPost2010Prop33
280
     0
102
RTVSPost2010PropOp33
 70
     1
102
RTVSPost2010Prop34
280
     0
102
RTVSPost2010PropOp34
 70
     1
102
RTVSPost2010Prop35
280
     0
102
RTVSPost2010PropOp35
 70
     1
102
RTVSPost2010Prop36
280
     0
102
RTVSPost2010PropOp36
 70
     1
102
RTVSPost2010Prop37
 90
       50
102
RTVSPost2010PropOp37
 70
     1
102
RTVSPost2010Prop38
140
0.0
102
RTVSPost2010PropOp38
 70
     1
102
RTVSPost2010Prop39
140
1.0
102
RTVSPost2010PropOp39
 70
     1
102
RTVSPost2010Prop40
 90
        0
102
RTVSPost2010PropOp40
 70
     1
102
RTVSPost2010Prop41ColorIndex
 90
       18
102
RTVSPost2010Prop41ColorRGB
 90
        0
102
RTVSPost2010PropOp41
 70
     1
102
RTVSPost2010Prop42
 90
       50
102
RTVSPost2010PropOp42
 70
     1
102
RTVSPost2010Prop43
 90
        3
102
RTVSPost2010PropOp43
 70
     1
102
RTVSPost2010Prop44ColorIndex
 90
        5
102
RTVSPost2010Prop44ColorRGB
 90
      255
102
RTVSPost2010PropOp44
 70
     1
102
RTVSPost2010Prop45
280
     0
102
RTVSPost2010PropOp45
 70
     1
102
RTVSPost2010Prop46
 90
       50
102
RTVSPost2010PropOp46
 70
     1
102
RTVSPost2010Prop47
 90
       50
102
RTVSPost2010PropOp47
 70
     1
102
RTVSPost2010Prop48
 90
       50
102
RTVSPost2010PropOp48
 70
     1
102
RTVSPost2010Prop49
280
     0
102
RTVSPost2010PropOp49
 70
     1
102
RTVSPost2010Prop50
 90
       50
102
RTVSPost2010PropOp50
 70
     1
102
RTVSPost2010Prop51ColorIndex
 90
      256
102
RTVSPost2010Prop51ColorRGB
 90
-16777216
102
RTVSPost2010PropOp51
 70
     0
102
RTVSPost2010Prop52
140
1.0
102
RTVSPost2010PropOp52
 70
     0
102
RTVSPost2010Prop53
 90
        2
102
RTVSPost2010PropOp53
 70
     1
102
RTVSPost2010Prop54
  1
strokes_ogs.tif
102
RTVSPost2010PropOp54
 70
     1
102
RTVSPost2010Prop55
280
     0
102
RTVSPost2010PropOp55
 70
     1
102
RTVSPost2010Prop56
140
1.0
102
RTVSPost2010PropOp56
 70
     1
102
RTVSPost2010Prop57
140
1.0
102
RTVSPost2010PropOp57
 70
     1
  0
XRECORD
  5
24B
102
{ACAD_REACTORS
330
24A
102
}
330
24A
100
AcDbXrecord
280
     1
102
RTVSPropertyOp0
 70
     0
102
RTVSPropertyOp1
 70
     0
102
RTVSPropertyOp2
 70
     0
102
RTVSPropertyOp3
 70
     0
102
RTVSPropertyOp4
 70
     0
102
RTVSPropertyOp5
 70
     0
102
RTVSPropertyOp6
 70
     0
102
RTVSPropertyOp7
 70
     0
102
RTVSPropertyOp8
 70
     0
102
RTVSPropertyOp9
 70
     0
102
RTVSPropertyOp10
 70
     0
102
RTVSPropertyOp11
 70
     0
102
RTVSPropertyOp12
 70
     0
102
RTVSPropertyOp13
 70
     0
102
RTVSPropertyOp14
 70
     2
102
RTVSPropertyOp15
 70
     0
102
RTVSPropertyOp16
 70
     0
102
RTVSPropertyOp17
 70
     0
102
RTVSPropertyOp18
 70
     0
102
RTVSPropertyOp19
 70
     0
102
RTVSPropertyOp20
 70
     0
102
RTVSPropertyOp21
 70
     0
102
RTVSPropertyOp22
 70
     0
102
RTVSPropertyOp23
 70
     0
102
RTVSPropertyOp24
 70
     0
102
RTVSPropertyOp25
 70
     0
102
RTVSPropertyOp26
 70
     0
102
RTVSPropertyOp27
 70
     0
102
RTVSPropertyOp28
 70
     0
102
RTVSPropertyOp29
 70
     0
102
RTVSPropertyOp30
 70
     0
102
RTVSPropertyOp31
 70
     0
102
RTVSPropertyOp32
 70
     0
102
RTVSPropertyOp33
 70
     0
102
RTVSPropertyOp34
 70
     0
102
RTVSPropertyOp35
 70
     0
102
RTVSPropertyOp36
 70
     0
102
RTVSPropertyOp37
 70
     0
102
RTVSPropertyOp38
 70
     0
102
RTVSPropertyOp39
 70
     0
102
RTVSPropertyOp40
 70
     0
102
RTVSPropertyOp41
 70
     0
102
RTVSPropertyOp42
 70
     0
102
RTVSPropertyOp43
 70
     0
102
RTVSPropertyOp44
 70
     0
102
RTVSPropertyOp45
 70
     0
102
RTVSPropertyOp46
 70
     0
102
RTVSPropertyOp47
 70
     0
102
RTVSPropertyOp48
 70
     0
102
RTVSPropertyOp49
 70
     0
102
RTVSPropertyOp50
 70
     0
102
RTVSPropertyOp51
 70
     0
102
RTVSPropertyOp52
 70
     0
102
RTVSPropertyOp53
 70
     0
102
RTVSPropertyOp54
 70
     0
102
RTVSPropertyOp55
 70
     0
102
RTVSPropertyOp56
 70
     0
102
RTVSPropertyOp57
 70
     0
102
RTVSPost2010Prop28
280
     0
102
RTVSPost2010PropOp28
 70
     0
102
RTVSPost2010Prop29
280
     1
102
RTVSPost2010PropOp29
 70
     0
102
RTVSPost2010Prop30
280
     1
102
RTVSPost2010PropOp30
 70
     0
102
RTVSPost2010Prop31
280
     0
102
RTVSPost2010PropOp31
 70
     0
102
RTVSPost2010Prop32
280
     0
102
RTVSPost2010PropOp32
 70
     0
102
RTVSPost2010Prop33
280
     0
102
RTVSPost2010PropOp33
 70
     0
102
RTVSPost2010Prop34
280
     0
102
RTVSPost2010PropOp34
 70
     0
102
RTVSPost2010Prop35
280
     0
102
RTVSPost2010PropOp35
 70
     0
102
RTVSPost2010Prop36
280
     0
102
RTVSPost2010PropOp36
 70
     0
102
RTVSPost2010Prop37
 90
       50
102
RTVSPost2010PropOp37
 70
     0
102
RTVSPost2010Prop38
140
0.0
102
RTVSPost2010PropOp38
 70
     0
102
RTVSPost2010Prop39
140
1.0
102
RTVSPost2010PropOp39
 70
     0
102
RTVSPost2010Prop40
 90
        0
102
RTVSPost2010PropOp40
 70
     0
102
RTVSPost2010Prop41ColorIndex
 90
       18
102
RTVSPost2010Prop41ColorRGB
 90
        0
102
RTVSPost2010PropOp41
 70
     0
102
RTVSPost2010Prop42
 90
       50
102
RTVSPost2010PropOp42
 70
     0
102
RTVSPost2010Prop43
 90
        3
102
RTVSPost2010PropOp43
 70
     0
102
RTVSPost2010Prop44ColorIndex
 90
        5
102
RTVSPost2010Prop44ColorRGB
 90
      255
102
RTVSPost2010PropOp44
 70
     0
102
RTVSPost2010Prop45
280
     0
102
RTVSPost2010PropOp45
 70
     0
102
RTVSPost2010Prop46
 90
       50
102
RTVSPost2010PropOp46
 70
     0
102
RTVSPost2010Prop47
 90
       50
102
RTVSPost2010PropOp47
 70
     0
102
RTVSPost2010Prop48
 90
       50
102
RTVSPost2010PropOp48
 70
     0
102
RTVSPost2010Prop49
280
     0
102
RTVSPost2010PropOp49
 70
     0
102
RTVSPost2010Prop50
 90
       50
102
RTVSPost2010PropOp50
 70
     0
102
RTVSPost2010Prop51ColorIndex
 90
      256
102
RTVSPost2010Prop51ColorRGB
 90
-16777216
102
RTVSPost2010PropOp51
 70
     0
102
RTVSPost2010Prop52
140
1.0
102
RTVSPost2010PropOp52
 70
     0
102
RTVSPost2010Prop53
 90
        2
102
RTVSPost2010PropOp53
 70
     0
102
RTVSPost2010Prop54
  1
strokes_ogs.tif
102
RTVSPost2010PropOp54
 70
     0
102
RTVSPost2010Prop55
280
     0
102
RTVSPost2010PropOp55
 70
     0
102
RTVSPost2010Prop56
140
1.0
102
RTVSPost2010PropOp56
 70
     0
102
RTVSPost2010Prop57
140
1.0
102
RTVSPost2010PropOp57
 70
     0
  0
XRECORD
  5
239
102
{ACAD_REACTORS
330
238
102
}
330
238
100
AcDbXrecord
280
     1
102
RTVSPropertyOp0
 70
     1
102
RTVSPropertyOp1
 70
     1
102
RTVSPropertyOp2
 70
     1
102
RTVSPropertyOp3
 70
     1
102
RTVSPropertyOp4
 70
     1
102
RTVSPropertyOp5
 70
     1
102
RTVSPropertyOp6
 70
     1
102
RTVSPropertyOp7
 70
     1
102
RTVSPropertyOp8
 70
     1
102
RTVSPropertyOp9
 70
     1
102
RTVSPropertyOp10
 70
     1
102
RTVSPropertyOp11
 70
     1
102
RTVSPropertyOp12
 70
     1
102
RTVSPropertyOp13
 70
     1
102
RTVSPropertyOp14
 70
     1
102
RTVSPropertyOp15
 70
     1
102
RTVSPropertyOp16
 70
     1
102
RTVSPropertyOp17
 70
     1
102
RTVSPropertyOp18
 70
     1
102
RTVSPropertyOp19
 70
     1
102
RTVSPropertyOp20
 70
     1
102
RTVSPropertyOp21
 70
     1
102
RTVSPropertyOp22
 70
     1
102
RTVSPropertyOp23
 70
     1
102
RTVSPropertyOp24
 70
     1
102
RTVSPropertyOp25
 70
     1
102
RTVSPropertyOp26
 70
     1
102
RTVSPropertyOp27
 70
     1
102
RTVSPropertyOp28
 70
     1
102
RTVSPropertyOp29
 70
     1
102
RTVSPropertyOp30
 70
     1
102
RTVSPropertyOp31
 70
     1
102
RTVSPropertyOp32
 70
     1
102
RTVSPropertyOp33
 70
     1
102
RTVSPropertyOp34
 70
     1
102
RTVSPropertyOp35
 70
     1
102
RTVSPropertyOp36
 70
     1
102
RTVSPropertyOp37
 70
     1
102
RTVSPropertyOp38
 70
     1
102
RTVSPropertyOp39
 70
     1
102
RTVSPropertyOp40
 70
     1
102
RTVSPropertyOp41
 70
     1
102
RTVSPropertyOp42
 70
     1
102
RTVSPropertyOp43
 70
     1
102
RTVSPropertyOp44
 70
     1
102
RTVSPropertyOp45
 70
     1
102
RTVSPropertyOp46
 70
     1
102
RTVSPropertyOp47
 70
     1
102
RTVSPropertyOp48
 70
     1
102
RTVSPropertyOp49
 70
     1
102
RTVSPropertyOp50
 70
     1
102
RTVSPropertyOp51
 70
     0
102
RTVSPropertyOp52
 70
     0
102
RTVSPropertyOp53
 70
     1
102
RTVSPropertyOp54
 70
     1
102
RTVSPropertyOp55
 70
     1
102
RTVSPropertyOp56
 70
     1
102
RTVSPropertyOp57
 70
     1
102
RTVSPost2010Prop28
280
     0
102
RTVSPost2010PropOp28
 70
     1
102
RTVSPost2010Prop29
280
     1
102
RTVSPost2010PropOp29
 70
     1
102
RTVSPost2010Prop30
280
     1
102
RTVSPost2010PropOp30
 70
     1
102
RTVSPost2010Prop31
280
     0
102
RTVSPost2010PropOp31
 70
     1
102
RTVSPost2010Prop32
280
     0
102
RTVSPost2010PropOp32
 70
     1
102
RTVSPost2010Prop33
280
     0
102
RTVSPost2010PropOp33
 70
     1
102
RTVSPost2010Prop34
280
     0
102
RTVSPost2010PropOp34
 70
     1
102
RTVSPost2010Prop35
280
     0
102
RTVSPost2010PropOp35
 70
     1
102
RTVSPost2010Prop36
280
     0
102
RTVSPost2010PropOp36
 70
     1
102
RTVSPost2010Prop37
 90
       50
102
RTVSPost2010PropOp37
 70
     1
102
RTVSPost2010Prop38
140
0.0
102
RTVSPost2010PropOp38
 70
     1
102
RTVSPost2010Prop39
140
1.0
102
RTVSPost2010PropOp39
 70
     1
102
RTVSPost2010Prop40
 90
        0
102
RTVSPost2010PropOp40
 70
     1
102
RTVSPost2010Prop41ColorIndex
 90
       18
102
RTVSPost2010Prop41ColorRGB
 90
        0
102
RTVSPost2010PropOp41
 70
     1
102
RTVSPost2010Prop42
 90
       50
102
RTVSPost2010PropOp42
 70
     1
102
RTVSPost2010Prop43
 90
        3
102
RTVSPost2010PropOp43
 70
     1
102
RTVSPost2010Prop44ColorIndex
 90
        5
102
RTVSPost2010Prop44ColorRGB
 90
      255
102
RTVSPost2010PropOp44
 70
     1
102
RTVSPost2010Prop45
280
     0
102
RTVSPost2010PropOp45
 70
     1
102
RTVSPost2010Prop46
 90
       50
102
RTVSPost2010PropOp46
 70
     1
102
RTVSPost2010Prop47
 90
       50
102
RTVSPost2010PropOp47
 70
     1
102
RTVSPost2010Prop48
 90
       50
102
RTVSPost2010PropOp48
 70
     1
102
RTVSPost2010Prop49
280
     0
102
RTVSPost2010PropOp49
 70
     1
102
RTVSPost2010Prop50
 90
       50
102
RTVSPost2010PropOp50
 70
     1
102
RTVSPost2010Prop51ColorIndex
 90
      256
102
RTVSPost2010Prop51ColorRGB
 90
-16777216
102
RTVSPost2010PropOp51
 70
     0
102
RTVSPost2010Prop52
140
1.0
102
RTVSPost2010PropOp52
 70
     0
102
RTVSPost2010Prop53
 90
        2
102
RTVSPost2010PropOp53
 70
     1
102
RTVSPost2010Prop54
  1
strokes_ogs.tif
102
RTVSPost2010PropOp54
 70
     1
102
RTVSPost2010Prop55
280
     0
102
RTVSPost2010PropOp55
 70
     1
102
RTVSPost2010Prop56
140
1.0
102
RTVSPost2010PropOp56
 70
     1
102
RTVSPost2010Prop57
140
1.0
102
RTVSPost2010PropOp57
 70
     1
  0
XRECORD
  5
257
102
{ACAD_REACTORS
330
256
102
}
330
256
100
AcDbXrecord
280
     1
102
RTVSPropertyOp0
 70
     1
102
RTVSPropertyOp1
 70
     1
102
RTVSPropertyOp2
 70
     1
102
RTVSPropertyOp3
 70
     1
102
RTVSPropertyOp4
 70
     1
102
RTVSPropertyOp5
 70
     1
102
RTVSPropertyOp6
 70
     1
102
RTVSPropertyOp7
 70
     1
102
RTVSPropertyOp8
 70
     1
102
RTVSPropertyOp9
 70
     1
102
RTVSPropertyOp10
 70
     1
102
RTVSPropertyOp11
 70
     1
102
RTVSPropertyOp12
 70
     1
102
RTVSPropertyOp13
 70
     1
102
RTVSPropertyOp14
 70
     1
102
RTVSPropertyOp15
 70
     1
102
RTVSPropertyOp16
 70
     1
102
RTVSPropertyOp17
 70
     1
102
RTVSPropertyOp18
 70
     1
102
RTVSPropertyOp19
 70
     1
102
RTVSPropertyOp20
 70
     1
102
RTVSPropertyOp21
 70
     1
102
RTVSPropertyOp22
 70
     1
102
RTVSPropertyOp23
 70
     1
102
RTVSPropertyOp24
 70
     1
102
RTVSPropertyOp25
 70
     1
102
RTVSPropertyOp26
 70
     1
102
RTVSPropertyOp27
 70
     1
102
RTVSPropertyOp28
 70
     1
102
RTVSPropertyOp29
 70
     1
102
RTVSPropertyOp30
 70
     1
102
RTVSPropertyOp31
 70
     1
102
RTVSPropertyOp32
 70
     1
102
RTVSPropertyOp33
 70
     1
102
RTVSPropertyOp34
 70
     1
102
RTVSPropertyOp35
 70
     1
102
RTVSPropertyOp36
 70
     1
102
RTVSPropertyOp37
 70
     1
102
RTVSPropertyOp38
 70
     1
102
RTVSPropertyOp39
 70
     1
102
RTVSPropertyOp40
 70
     1
102
RTVSPropertyOp41
 70
     1
102
RTVSPropertyOp42
 70
     1
102
RTVSPropertyOp43
 70
     1
102
RTVSPropertyOp44
 70
     1
102
RTVSPropertyOp45
 70
     1
102
RTVSPropertyOp46
 70
     1
102
RTVSPropertyOp47
 70
     1
102
RTVSPropertyOp48
 70
     1
102
RTVSPropertyOp49
 70
     1
102
RTVSPropertyOp50
 70
     1
102
RTVSPropertyOp51
 70
     0
102
RTVSPropertyOp52
 70
     0
102
RTVSPropertyOp53
 70
     1
102
RTVSPropertyOp54
 70
     1
102
RTVSPropertyOp55
 70
     1
102
RTVSPropertyOp56
 70
     1
102
RTVSPropertyOp57
 70
     1
102
RTVSPost2010Prop28
280
     0
102
RTVSPost2010PropOp28
 70
     1
102
RTVSPost2010Prop29
280
     1
102
RTVSPost2010PropOp29
 70
     1
102
RTVSPost2010Prop30
280
     1
102
RTVSPost2010PropOp30
 70
     1
102
RTVSPost2010Prop31
280
     0
102
RTVSPost2010PropOp31
 70
     1
102
RTVSPost2010Prop32
280
     0
102
RTVSPost2010PropOp32
 70
     1
102
RTVSPost2010Prop33
280
     0
102
RTVSPost2010PropOp33
 70
     1
102
RTVSPost2010Prop34
280
     0
102
RTVSPost2010PropOp34
 70
     1
102
RTVSPost2010Prop35
280
     0
102
RTVSPost2010PropOp35
 70
     1
102
RTVSPost2010Prop36
280
     0
102
RTVSPost2010PropOp36
 70
     1
102
RTVSPost2010Prop37
 90
       50
102
RTVSPost2010PropOp37
 70
     1
102
RTVSPost2010Prop38
140
0.0
102
RTVSPost2010PropOp38
 70
     1
102
RTVSPost2010Prop39
140
1.0
102
RTVSPost2010PropOp39
 70
     1
102
RTVSPost2010Prop40
 90
        0
102
RTVSPost2010PropOp40
 70
     1
102
RTVSPost2010Prop41ColorIndex
 90
       18
102
RTVSPost2010Prop41ColorRGB
 90
        0
102
RTVSPost2010PropOp41
 70
     1
102
RTVSPost2010Prop42
 90
       50
102
RTVSPost2010PropOp42
 70
     1
102
RTVSPost2010Prop43
 90
        3
102
RTVSPost2010PropOp43
 70
     1
102
RTVSPost2010Prop44ColorIndex
 90
        5
102
RTVSPost2010Prop44ColorRGB
 90
      255
102
RTVSPost2010PropOp44
 70
     1
102
RTVSPost2010Prop45
280
     0
102
RTVSPost2010PropOp45
 70
     1
102
RTVSPost2010Prop46
 90
       50
102
RTVSPost2010PropOp46
 70
     1
102
RTVSPost2010Prop47
 90
       50
102
RTVSPost2010PropOp47
 70
     1
102
RTVSPost2010Prop48
 90
       50
102
RTVSPost2010PropOp48
 70
     1
102
RTVSPost2010Prop49
280
     0
102
RTVSPost2010PropOp49
 70
     1
102
RTVSPost2010Prop50
 90
       50
102
RTVSPost2010PropOp50
 70
     1
102
RTVSPost2010Prop51ColorIndex
 90
      256
102
RTVSPost2010Prop51ColorRGB
 90
-16777216
102
RTVSPost2010PropOp51
 70
     0
102
RTVSPost2010Prop52
140
1.0
102
RTVSPost2010PropOp52
 70
     0
102
RTVSPost2010Prop53
 90
        2
102
RTVSPost2010PropOp53
 70
     1
102
RTVSPost2010Prop54
  1
strokes_ogs.tif
102
RTVSPost2010PropOp54
 70
     1
102
RTVSPost2010Prop55
280
     0
102
RTVSPost2010PropOp55
 70
     1
102
RTVSPost2010Prop56
140
1.0
102
RTVSPost2010PropOp56
 70
     1
102
RTVSPost2010Prop57
140
1.0
102
RTVSPost2010PropOp57
 70
     1
  0
XRECORD
  5
255
102
{ACAD_REACTORS
330
254
102
}
330
254
100
AcDbXrecord
280
     1
102
RTVSPropertyOp0
 70
     1
102
RTVSPropertyOp1
 70
     1
102
RTVSPropertyOp2
 70
     1
102
RTVSPropertyOp3
 70
     1
102
RTVSPropertyOp4
 70
     1
102
RTVSPropertyOp5
 70
     1
102
RTVSPropertyOp6
 70
     1
102
RTVSPropertyOp7
 70
     1
102
RTVSPropertyOp8
 70
     1
102
RTVSPropertyOp9
 70
     1
102
RTVSPropertyOp10
 70
     1
102
RTVSPropertyOp11
 70
     1
102
RTVSPropertyOp12
 70
     1
102
RTVSPropertyOp13
 70
     1
102
RTVSPropertyOp14
 70
     1
102
RTVSPropertyOp15
 70
     1
102
RTVSPropertyOp16
 70
     1
102
RTVSPropertyOp17
 70
     1
102
RTVSPropertyOp18
 70
     1
102
RTVSPropertyOp19
 70
     1
102
RTVSPropertyOp20
 70
     1
102
RTVSPropertyOp21
 70
     1
102
RTVSPropertyOp22
 70
     1
102
RTVSPropertyOp23
 70
     1
102
RTVSPropertyOp24
 70
     1
102
RTVSPropertyOp25
 70
     1
102
RTVSPropertyOp26
 70
     1
102
RTVSPropertyOp27
 70
     1
102
RTVSPropertyOp28
 70
     1
102
RTVSPropertyOp29
 70
     1
102
RTVSPropertyOp30
 70
     1
102
RTVSPropertyOp31
 70
     1
102
RTVSPropertyOp32
 70
     1
102
RTVSPropertyOp33
 70
     1
102
RTVSPropertyOp34
 70
     1
102
RTVSPropertyOp35
 70
     1
102
RTVSPropertyOp36
 70
     1
102
RTVSPropertyOp37
 70
     1
102
RTVSPropertyOp38
 70
     1
102
RTVSPropertyOp39
 70
     1
102
RTVSPropertyOp40
 70
     1
102
RTVSPropertyOp41
 70
     1
102
RTVSPropertyOp42
 70
     1
102
RTVSPropertyOp43
 70
     1
102
RTVSPropertyOp44
 70
     1
102
RTVSPropertyOp45
 70
     1
102
RTVSPropertyOp46
 70
     1
102
RTVSPropertyOp47
 70
     1
102
RTVSPropertyOp48
 70
     1
102
RTVSPropertyOp49
 70
     1
102
RTVSPropertyOp50
 70
     1
102
RTVSPropertyOp51
 70
     0
102
RTVSPropertyOp52
 70
     0
102
RTVSPropertyOp53
 70
     1
102
RTVSPropertyOp54
 70
     1
102
RTVSPropertyOp55
 70
     1
102
RTVSPropertyOp56
 70
     1
102
RTVSPropertyOp57
 70
     1
102
RTVSPost2010Prop28
280
     0
102
RTVSPost2010PropOp28
 70
     1
102
RTVSPost2010Prop29
280
     1
102
RTVSPost2010PropOp29
 70
     1
102
RTVSPost2010Prop30
280
     1
102
RTVSPost2010PropOp30
 70
     1
102
RTVSPost2010Prop31
280
     0
102
RTVSPost2010PropOp31
 70
     1
102
RTVSPost2010Prop32
280
     0
102
RTVSPost2010PropOp32
 70
     1
102
RTVSPost2010Prop33
280
     0
102
RTVSPost2010PropOp33
 70
     1
102
RTVSPost2010Prop34
280
     0
102
RTVSPost2010PropOp34
 70
     1
102
RTVSPost2010Prop35
280
     0
102
RTVSPost2010PropOp35
 70
     1
102
RTVSPost2010Prop36
280
     0
102
RTVSPost2010PropOp36
 70
     1
102
RTVSPost2010Prop37
 90
       50
102
RTVSPost2010PropOp37
 70
     1
102
RTVSPost2010Prop38
140
0.0
102
RTVSPost2010PropOp38
 70
     1
102
RTVSPost2010Prop39
140
1.0
102
RTVSPost2010PropOp39
 70
     1
102
RTVSPost2010Prop40
 90
        0
102
RTVSPost2010PropOp40
 70
     1
102
RTVSPost2010Prop41ColorIndex
 90
       18
102
RTVSPost2010Prop41ColorRGB
 90
        0
102
RTVSPost2010PropOp41
 70
     1
102
RTVSPost2010Prop42
 90
       50
102
RTVSPost2010PropOp42
 70
     1
102
RTVSPost2010Prop43
 90
        3
102
RTVSPost2010PropOp43
 70
     1
102
RTVSPost2010Prop44ColorIndex
 90
        5
102
RTVSPost2010Prop44ColorRGB
 90
      255
102
RTVSPost2010PropOp44
 70
     1
102
RTVSPost2010Prop45
280
     0
102
RTVSPost2010PropOp45
 70
     1
102
RTVSPost2010Prop46
 90
       50
102
RTVSPost2010PropOp46
 70
     1
102
RTVSPost2010Prop47
 90
       50
102
RTVSPost2010PropOp47
 70
     1
102
RTVSPost2010Prop48
 90
       50
102
RTVSPost2010PropOp48
 70
     1
102
RTVSPost2010Prop49
280
     0
102
RTVSPost2010PropOp49
 70
     1
102
RTVSPost2010Prop50
 90
       50
102
RTVSPost2010PropOp50
 70
     1
102
RTVSPost2010Prop51ColorIndex
 90
      256
102
RTVSPost2010Prop51ColorRGB
 90
-16777216
102
RTVSPost2010PropOp51
 70
     0
102
RTVSPost2010Prop52
140
1.0
102
RTVSPost2010PropOp52
 70
     0
102
RTVSPost2010Prop53
 90
        2
102
RTVSPost2010PropOp53
 70
     1
102
RTVSPost2010Prop54
  1
strokes_ogs.tif
102
RTVSPost2010PropOp54
 70
     1
102
RTVSPost2010Prop55
280
     0
102
RTVSPost2010PropOp55
 70
     1
102
RTVSPost2010Prop56
140
1.0
102
RTVSPost2010PropOp56
 70
     1
102
RTVSPost2010Prop57
140
1.0
102
RTVSPost2010PropOp57
 70
     1
  0
XRECORD
  5
24F
102
{ACAD_REACTORS
330
24E
102
}
330
24E
100
AcDbXrecord
280
     1
102
RTVSPropertyOp0
 70
     1
102
RTVSPropertyOp1
 70
     1
102
RTVSPropertyOp2
 70
     1
102
RTVSPropertyOp3
 70
     1
102
RTVSPropertyOp4
 70
     1
102
RTVSPropertyOp5
 70
     1
102
RTVSPropertyOp6
 70
     1
102
RTVSPropertyOp7
 70
     1
102
RTVSPropertyOp8
 70
     1
102
RTVSPropertyOp9
 70
     1
102
RTVSPropertyOp10
 70
     1
102
RTVSPropertyOp11
 70
     1
102
RTVSPropertyOp12
 70
     1
102
RTVSPropertyOp13
 70
     1
102
RTVSPropertyOp14
 70
     1
102
RTVSPropertyOp15
 70
     1
102
RTVSPropertyOp16
 70
     1
102
RTVSPropertyOp17
 70
     1
102
RTVSPropertyOp18
 70
     1
102
RTVSPropertyOp19
 70
     1
102
RTVSPropertyOp20
 70
     1
102
RTVSPropertyOp21
 70
     1
102
RTVSPropertyOp22
 70
     1
102
RTVSPropertyOp23
 70
     1
102
RTVSPropertyOp24
 70
     1
102
RTVSPropertyOp25
 70
     1
102
RTVSPropertyOp26
 70
     1
102
RTVSPropertyOp27
 70
     1
102
RTVSPropertyOp28
 70
     1
102
RTVSPropertyOp29
 70
     1
102
RTVSPropertyOp30
 70
     1
102
RTVSPropertyOp31
 70
     1
102
RTVSPropertyOp32
 70
     1
102
RTVSPropertyOp33
 70
     1
102
RTVSPropertyOp34
 70
     1
102
RTVSPropertyOp35
 70
     1
102
RTVSPropertyOp36
 70
     1
102
RTVSPropertyOp37
 70
     1
102
RTVSPropertyOp38
 70
     1
102
RTVSPropertyOp39
 70
     1
102
RTVSPropertyOp40
 70
     1
102
RTVSPropertyOp41
 70
     1
102
RTVSPropertyOp42
 70
     1
102
RTVSPropertyOp43
 70
     1
102
RTVSPropertyOp44
 70
     1
102
RTVSPropertyOp45
 70
     1
102
RTVSPropertyOp46
 70
     1
102
RTVSPropertyOp47
 70
     1
102
RTVSPropertyOp48
 70
     1
102
RTVSPropertyOp49
 70
     1
102
RTVSPropertyOp50
 70
     1
102
RTVSPropertyOp51
 70
     0
102
RTVSPropertyOp52
 70
     0
102
RTVSPropertyOp53
 70
     1
102
RTVSPropertyOp54
 70
     1
102
RTVSPropertyOp55
 70
     1
102
RTVSPropertyOp56
 70
     1
102
RTVSPropertyOp57
 70
     1
102
RTVSPost2010Prop28
280
     0
102
RTVSPost2010PropOp28
 70
     1
102
RTVSPost2010Prop29
280
     1
102
RTVSPost2010PropOp29
 70
     1
102
RTVSPost2010Prop30
280
     1
102
RTVSPost2010PropOp30
 70
     1
102
RTVSPost2010Prop31
280
     0
102
RTVSPost2010PropOp31
 70
     1
102
RTVSPost2010Prop32
280
     0
102
RTVSPost2010PropOp32
 70
     1
102
RTVSPost2010Prop33
280
     0
102
RTVSPost2010PropOp33
 70
     1
102
RTVSPost2010Prop34
280
     0
102
RTVSPost2010PropOp34
 70
     1
102
RTVSPost2010Prop35
280
     0
102
RTVSPost2010PropOp35
 70
     1
102
RTVSPost2010Prop36
280
     0
102
RTVSPost2010PropOp36
 70
     1
102
RTVSPost2010Prop37
 90
       50
102
RTVSPost2010PropOp37
 70
     1
102
RTVSPost2010Prop38
140
0.0
102
RTVSPost2010PropOp38
 70
     1
102
RTVSPost2010Prop39
140
1.0
102
RTVSPost2010PropOp39
 70
     1
102
RTVSPost2010Prop40
 90
        0
102
RTVSPost2010PropOp40
 70
     1
102
RTVSPost2010Prop41ColorIndex
 90
       18
102
RTVSPost2010Prop41ColorRGB
 90
        0
102
RTVSPost2010PropOp41
 70
     1
102
RTVSPost2010Prop42
 90
       50
102
RTVSPost2010PropOp42
 70
     1
102
RTVSPost2010Prop43
 90
        3
102
RTVSPost2010PropOp43
 70
     1
102
RTVSPost2010Prop44ColorIndex
 90
        5
102
RTVSPost2010Prop44ColorRGB
 90
      255
102
RTVSPost2010PropOp44
 70
     1
102
RTVSPost2010Prop45
280
     0
102
RTVSPost2010PropOp45
 70
     1
102
RTVSPost2010Prop46
 90
       50
102
RTVSPost2010PropOp46
 70
     1
102
RTVSPost2010Prop47
 90
       50
102
RTVSPost2010PropOp47
 70
     1
102
RTVSPost2010Prop48
 90
       50
102
RTVSPost2010PropOp48
 70
     1
102
RTVSPost2010Prop49
280
     0
102
RTVSPost2010PropOp49
 70
     1
102
RTVSPost2010Prop50
 90
       50
102
RTVSPost2010PropOp50
 70
     1
102
RTVSPost2010Prop51ColorIndex
 90
      256
102
RTVSPost2010Prop51ColorRGB
 90
-16777216
102
RTVSPost2010PropOp51
 70
     0
102
RTVSPost2010Prop52
140
1.0
102
RTVSPost2010PropOp52
 70
     0
102
RTVSPost2010Prop53
 90
        2
102
RTVSPost2010PropOp53
 70
     1
102
RTVSPost2010Prop54
  1
strokes_ogs.tif
102
RTVSPost2010PropOp54
 70
     1
102
RTVSPost2010Prop55
280
     0
102
RTVSPost2010PropOp55
 70
     1
102
RTVSPost2010Prop56
140
1.0
102
RTVSPost2010PropOp56
 70
     1
102
RTVSPost2010Prop57
140
1.0
102
RTVSPost2010PropOp57
 70
     1
  0
XRECORD
  5
251
102
{ACAD_REACTORS
330
250
102
}
330
250
100
AcDbXrecord
280
     1
102
RTVSPropertyOp0
 70
     1
102
RTVSPropertyOp1
 70
     1
102
RTVSPropertyOp2
 70
     1
102
RTVSPropertyOp3
 70
     1
102
RTVSPropertyOp4
 70
     1
102
RTVSPropertyOp5
 70
     1
102
RTVSPropertyOp6
 70
     1
102
RTVSPropertyOp7
 70
     1
102
RTVSPropertyOp8
 70
     1
102
RTVSPropertyOp9
 70
     1
102
RTVSPropertyOp10
 70
     1
102
RTVSPropertyOp11
 70
     1
102
RTVSPropertyOp12
 70
     1
102
RTVSPropertyOp13
 70
     1
102
RTVSPropertyOp14
 70
     1
102
RTVSPropertyOp15
 70
     1
102
RTVSPropertyOp16
 70
     1
102
RTVSPropertyOp17
 70
     1
102
RTVSPropertyOp18
 70
     1
102
RTVSPropertyOp19
 70
     1
102
RTVSPropertyOp20
 70
     1
102
RTVSPropertyOp21
 70
     1
102
RTVSPropertyOp22
 70
     1
102
RTVSPropertyOp23
 70
     1
102
RTVSPropertyOp24
 70
     1
102
RTVSPropertyOp25
 70
     1
102
RTVSPropertyOp26
 70
     1
102
RTVSPropertyOp27
 70
     1
102
RTVSPropertyOp28
 70
     1
102
RTVSPropertyOp29
 70
     1
102
RTVSPropertyOp30
 70
     1
102
RTVSPropertyOp31
 70
     1
102
RTVSPropertyOp32
 70
     1
102
RTVSPropertyOp33
 70
     1
102
RTVSPropertyOp34
 70
     1
102
RTVSPropertyOp35
 70
     1
102
RTVSPropertyOp36
 70
     1
102
RTVSPropertyOp37
 70
     1
102
RTVSPropertyOp38
 70
     1
102
RTVSPropertyOp39
 70
     1
102
RTVSPropertyOp40
 70
     1
102
RTVSPropertyOp41
 70
     1
102
RTVSPropertyOp42
 70
     1
102
RTVSPropertyOp43
 70
     1
102
RTVSPropertyOp44
 70
     1
102
RTVSPropertyOp45
 70
     1
102
RTVSPropertyOp46
 70
     1
102
RTVSPropertyOp47
 70
     1
102
RTVSPropertyOp48
 70
     1
102
RTVSPropertyOp49
 70
     1
102
RTVSPropertyOp50
 70
     1
102
RTVSPropertyOp51
 70
     0
102
RTVSPropertyOp52
 70
     0
102
RTVSPropertyOp53
 70
     1
102
RTVSPropertyOp54
 70
     1
102
RTVSPropertyOp55
 70
     1
102
RTVSPropertyOp56
 70
     1
102
RTVSPropertyOp57
 70
     1
102
RTVSPost2010Prop28
280
     0
102
RTVSPost2010PropOp28
 70
     1
102
RTVSPost2010Prop29
280
     1
102
RTVSPost2010PropOp29
 70
     1
102
RTVSPost2010Prop30
280
     1
102
RTVSPost2010PropOp30
 70
     1
102
RTVSPost2010Prop31
280
     0
102
RTVSPost2010PropOp31
 70
     1
102
RTVSPost2010Prop32
280
     0
102
RTVSPost2010PropOp32
 70
     1
102
RTVSPost2010Prop33
280
     0
102
RTVSPost2010PropOp33
 70
     1
102
RTVSPost2010Prop34
280
     0
102
RTVSPost2010PropOp34
 70
     1
102
RTVSPost2010Prop35
280
     0
102
RTVSPost2010PropOp35
 70
     1
102
RTVSPost2010Prop36
280
     0
102
RTVSPost2010PropOp36
 70
     1
102
RTVSPost2010Prop37
 90
       50
102
RTVSPost2010PropOp37
 70
     1
102
RTVSPost2010Prop38
140
0.0
102
RTVSPost2010PropOp38
 70
     1
102
RTVSPost2010Prop39
140
1.0
102
RTVSPost2010PropOp39
 70
     1
102
RTVSPost2010Prop40
 90
        0
102
RTVSPost2010PropOp40
 70
     1
102
RTVSPost2010Prop41ColorIndex
 90
       18
102
RTVSPost2010Prop41ColorRGB
 90
        0
102
RTVSPost2010PropOp41
 70
     1
102
RTVSPost2010Prop42
 90
       50
102
RTVSPost2010PropOp42
 70
     1
102
RTVSPost2010Prop43
 90
        3
102
RTVSPost2010PropOp43
 70
     1
102
RTVSPost2010Prop44ColorIndex
 90
        5
102
RTVSPost2010Prop44ColorRGB
 90
      255
102
RTVSPost2010PropOp44
 70
     1
102
RTVSPost2010Prop45
280
     0
102
RTVSPost2010PropOp45
 70
     1
102
RTVSPost2010Prop46
 90
       50
102
RTVSPost2010PropOp46
 70
     1
102
RTVSPost2010Prop47
 90
       50
102
RTVSPost2010PropOp47
 70
     1
102
RTVSPost2010Prop48
 90
       50
102
RTVSPost2010PropOp48
 70
     1
102
RTVSPost2010Prop49
280
     0
102
RTVSPost2010PropOp49
 70
     1
102
RTVSPost2010Prop50
 90
       50
102
RTVSPost2010PropOp50
 70
     1
102
RTVSPost2010Prop51ColorIndex
 90
      256
102
RTVSPost2010Prop51ColorRGB
 90
-16777216
102
RTVSPost2010PropOp51
 70
     0
102
RTVSPost2010Prop52
140
1.0
102
RTVSPost2010PropOp52
 70
     0
102
RTVSPost2010Prop53
 90
        2
102
RTVSPost2010PropOp53
 70
     1
102
RTVSPost2010Prop54
  1
strokes_ogs.tif
102
RTVSPost2010PropOp54
 70
     1
102
RTVSPost2010Prop55
280
     0
102
RTVSPost2010PropOp55
 70
     1
102
RTVSPost2010Prop56
140
1.0
102
RTVSPost2010PropOp56
 70
     1
102
RTVSPost2010Prop57
140
1.0
102
RTVSPost2010PropOp57
 70
     1
  0
XRECORD
  5
241
102
{ACAD_REACTORS
330
240
102
}
330
240
100
AcDbXrecord
280
     1
102
RTVSPropertyOp0
 70
     1
102
RTVSPropertyOp1
 70
     1
102
RTVSPropertyOp2
 70
     1
102
RTVSPropertyOp3
 70
     1
102
RTVSPropertyOp4
 70
     1
102
RTVSPropertyOp5
 70
     1
102
RTVSPropertyOp6
 70
     1
102
RTVSPropertyOp7
 70
     1
102
RTVSPropertyOp8
 70
     1
102
RTVSPropertyOp9
 70
     1
102
RTVSPropertyOp10
 70
     1
102
RTVSPropertyOp11
 70
     1
102
RTVSPropertyOp12
 70
     1
102
RTVSPropertyOp13
 70
     1
102
RTVSPropertyOp14
 70
     1
102
RTVSPropertyOp15
 70
     1
102
RTVSPropertyOp16
 70
     1
102
RTVSPropertyOp17
 70
     1
102
RTVSPropertyOp18
 70
     1
102
RTVSPropertyOp19
 70
     1
102
RTVSPropertyOp20
 70
     1
102
RTVSPropertyOp21
 70
     1
102
RTVSPropertyOp22
 70
     1
102
RTVSPropertyOp23
 70
     1
102
RTVSPropertyOp24
 70
     1
102
RTVSPropertyOp25
 70
     1
102
RTVSPropertyOp26
 70
     1
102
RTVSPropertyOp27
 70
     1
102
RTVSPropertyOp28
 70
     1
102
RTVSPropertyOp29
 70
     1
102
RTVSPropertyOp30
 70
     1
102
RTVSPropertyOp31
 70
     1
102
RTVSPropertyOp32
 70
     1
102
RTVSPropertyOp33
 70
     1
102
RTVSPropertyOp34
 70
     1
102
RTVSPropertyOp35
 70
     1
102
RTVSPropertyOp36
 70
     1
102
RTVSPropertyOp37
 70
     1
102
RTVSPropertyOp38
 70
     1
102
RTVSPropertyOp39
 70
     1
102
RTVSPropertyOp40
 70
     1
102
RTVSPropertyOp41
 70
     1
102
RTVSPropertyOp42
 70
     1
102
RTVSPropertyOp43
 70
     1
102
RTVSPropertyOp44
 70
     1
102
RTVSPropertyOp45
 70
     1
102
RTVSPropertyOp46
 70
     1
102
RTVSPropertyOp47
 70
     1
102
RTVSPropertyOp48
 70
     1
102
RTVSPropertyOp49
 70
     1
102
RTVSPropertyOp50
 70
     1
102
RTVSPropertyOp51
 70
     0
102
RTVSPropertyOp52
 70
     0
102
RTVSPropertyOp53
 70
     1
102
RTVSPropertyOp54
 70
     1
102
RTVSPropertyOp55
 70
     1
102
RTVSPropertyOp56
 70
     1
102
RTVSPropertyOp57
 70
     1
102
RTVSPost2010Prop28
280
     0
102
RTVSPost2010PropOp28
 70
     1
102
RTVSPost2010Prop29
280
     1
102
RTVSPost2010PropOp29
 70
     1
102
RTVSPost2010Prop30
280
     1
102
RTVSPost2010PropOp30
 70
     1
102
RTVSPost2010Prop31
280
     0
102
RTVSPost2010PropOp31
 70
     1
102
RTVSPost2010Prop32
280
     0
102
RTVSPost2010PropOp32
 70
     1
102
RTVSPost2010Prop33
280
     0
102
RTVSPost2010PropOp33
 70
     1
102
RTVSPost2010Prop34
280
     0
102
RTVSPost2010PropOp34
 70
     1
102
RTVSPost2010Prop35
280
     0
102
RTVSPost2010PropOp35
 70
     1
102
RTVSPost2010Prop36
280
     0
102
RTVSPost2010PropOp36
 70
     1
102
RTVSPost2010Prop37
 90
       50
102
RTVSPost2010PropOp37
 70
     1
102
RTVSPost2010Prop38
140
0.0
102
RTVSPost2010PropOp38
 70
     1
102
RTVSPost2010Prop39
140
1.0
102
RTVSPost2010PropOp39
 70
     1
102
RTVSPost2010Prop40
 90
        0
102
RTVSPost2010PropOp40
 70
     1
102
RTVSPost2010Prop41ColorIndex
 90
       18
102
RTVSPost2010Prop41ColorRGB
 90
        0
102
RTVSPost2010PropOp41
 70
     1
102
RTVSPost2010Prop42
 90
       50
102
RTVSPost2010PropOp42
 70
     1
102
RTVSPost2010Prop43
 90
        3
102
RTVSPost2010PropOp43
 70
     1
102
RTVSPost2010Prop44ColorIndex
 90
        5
102
RTVSPost2010Prop44ColorRGB
 90
      255
102
RTVSPost2010PropOp44
 70
     1
102
RTVSPost2010Prop45
280
     0
102
RTVSPost2010PropOp45
 70
     1
102
RTVSPost2010Prop46
 90
       50
102
RTVSPost2010PropOp46
 70
     1
102
RTVSPost2010Prop47
 90
       50
102
RTVSPost2010PropOp47
 70
     1
102
RTVSPost2010Prop48
 90
       50
102
RTVSPost2010PropOp48
 70
     1
102
RTVSPost2010Prop49
280
     0
102
RTVSPost2010PropOp49
 70
     1
102
RTVSPost2010Prop50
 90
       50
102
RTVSPost2010PropOp50
 70
     1
102
RTVSPost2010Prop51ColorIndex
 90
      256
102
RTVSPost2010Prop51ColorRGB
 90
-16777216
102
RTVSPost2010PropOp51
 70
     0
102
RTVSPost2010Prop52
140
1.0
102
RTVSPost2010PropOp52
 70
     0
102
RTVSPost2010Prop53
 90
        2
102
RTVSPost2010PropOp53
 70
     1
102
RTVSPost2010Prop54
  1
strokes_ogs.tif
102
RTVSPost2010PropOp54
 70
     1
102
RTVSPost2010Prop55
280
     0
102
RTVSPost2010PropOp55
 70
     1
102
RTVSPost2010Prop56
140
1.0
102
RTVSPost2010PropOp56
 70
     1
102
RTVSPost2010Prop57
140
1.0
102
RTVSPost2010PropOp57
 70
     1
  0
XRECORD
  5
233
102
{ACAD_REACTORS
330
232
102
}
330
232
100
AcDbXrecord
280
     1
102
RTVSPropertyOp0
 70
     1
102
RTVSPropertyOp1
 70
     1
102
RTVSPropertyOp2
 70
     1
102
RTVSPropertyOp3
 70
     1
102
RTVSPropertyOp4
 70
     1
102
RTVSPropertyOp5
 70
     1
102
RTVSPropertyOp6
 70
     1
102
RTVSPropertyOp7
 70
     1
102
RTVSPropertyOp8
 70
     1
102
RTVSPropertyOp9
 70
     1
102
RTVSPropertyOp10
 70
     1
102
RTVSPropertyOp11
 70
     1
102
RTVSPropertyOp12
 70
     1
102
RTVSPropertyOp13
 70
     1
102
RTVSPropertyOp14
 70
     1
102
RTVSPropertyOp15
 70
     1
102
RTVSPropertyOp16
 70
     1
102
RTVSPropertyOp17
 70
     1
102
RTVSPropertyOp18
 70
     1
102
RTVSPropertyOp19
 70
     1
102
RTVSPropertyOp20
 70
     1
102
RTVSPropertyOp21
 70
     1
102
RTVSPropertyOp22
 70
     1
102
RTVSPropertyOp23
 70
     1
102
RTVSPropertyOp24
 70
     1
102
RTVSPropertyOp25
 70
     1
102
RTVSPropertyOp26
 70
     1
102
RTVSPropertyOp27
 70
     1
102
RTVSPropertyOp28
 70
     1
102
RTVSPropertyOp29
 70
     1
102
RTVSPropertyOp30
 70
     1
102
RTVSPropertyOp31
 70
     1
102
RTVSPropertyOp32
 70
     1
102
RTVSPropertyOp33
 70
     1
102
RTVSPropertyOp34
 70
     1
102
RTVSPropertyOp35
 70
     1
102
RTVSPropertyOp36
 70
     1
102
RTVSPropertyOp37
 70
     1
102
RTVSPropertyOp38
 70
     1
102
RTVSPropertyOp39
 70
     1
102
RTVSPropertyOp40
 70
     1
102
RTVSPropertyOp41
 70
     1
102
RTVSPropertyOp42
 70
     1
102
RTVSPropertyOp43
 70
     1
102
RTVSPropertyOp44
 70
     1
102
RTVSPropertyOp45
 70
     1
102
RTVSPropertyOp46
 70
     1
102
RTVSPropertyOp47
 70
     1
102
RTVSPropertyOp48
 70
     1
102
RTVSPropertyOp49
 70
     1
102
RTVSPropertyOp50
 70
     1
102
RTVSPropertyOp51
 70
     0
102
RTVSPropertyOp52
 70
     0
102
RTVSPropertyOp53
 70
     1
102
RTVSPropertyOp54
 70
     1
102
RTVSPropertyOp55
 70
     1
102
RTVSPropertyOp56
 70
     1
102
RTVSPropertyOp57
 70
     1
102
RTVSPost2010Prop28
280
     0
102
RTVSPost2010PropOp28
 70
     1
102
RTVSPost2010Prop29
280
     1
102
RTVSPost2010PropOp29
 70
     1
102
RTVSPost2010Prop30
280
     1
102
RTVSPost2010PropOp30
 70
     1
102
RTVSPost2010Prop31
280
     0
102
RTVSPost2010PropOp31
 70
     1
102
RTVSPost2010Prop32
280
     0
102
RTVSPost2010PropOp32
 70
     1
102
RTVSPost2010Prop33
280
     0
102
RTVSPost2010PropOp33
 70
     1
102
RTVSPost2010Prop34
280
     0
102
RTVSPost2010PropOp34
 70
     1
102
RTVSPost2010Prop35
280
     0
102
RTVSPost2010PropOp35
 70
     1
102
RTVSPost2010Prop36
280
     0
102
RTVSPost2010PropOp36
 70
     1
102
RTVSPost2010Prop37
 90
       50
102
RTVSPost2010PropOp37
 70
     1
102
RTVSPost2010Prop38
140
0.0
102
RTVSPost2010PropOp38
 70
     1
102
RTVSPost2010Prop39
140
1.0
102
RTVSPost2010PropOp39
 70
     1
102
RTVSPost2010Prop40
 90
        0
102
RTVSPost2010PropOp40
 70
     1
102
RTVSPost2010Prop41ColorIndex
 90
       18
102
RTVSPost2010Prop41ColorRGB
 90
        0
102
RTVSPost2010PropOp41
 70
     1
102
RTVSPost2010Prop42
 90
       50
102
RTVSPost2010PropOp42
 70
     1
102
RTVSPost2010Prop43
 90
        3
102
RTVSPost2010PropOp43
 70
     1
102
RTVSPost2010Prop44ColorIndex
 90
        5
102
RTVSPost2010Prop44ColorRGB
 90
      255
102
RTVSPost2010PropOp44
 70
     1
102
RTVSPost2010Prop45
280
     0
102
RTVSPost2010PropOp45
 70
     1
102
RTVSPost2010Prop46
 90
       50
102
RTVSPost2010PropOp46
 70
     1
102
RTVSPost2010Prop47
 90
       50
102
RTVSPost2010PropOp47
 70
     1
102
RTVSPost2010Prop48
 90
       50
102
RTVSPost2010PropOp48
 70
     1
102
RTVSPost2010Prop49
280
     0
102
RTVSPost2010PropOp49
 70
     1
102
RTVSPost2010Prop50
 90
       50
102
RTVSPost2010PropOp50
 70
     1
102
RTVSPost2010Prop51ColorIndex
 90
      256
102
RTVSPost2010Prop51ColorRGB
 90
-16777216
102
RTVSPost2010PropOp51
 70
     0
102
RTVSPost2010Prop52
140
1.0
102
RTVSPost2010PropOp52
 70
     0
102
RTVSPost2010Prop53
 90
        2
102
RTVSPost2010PropOp53
 70
     1
102
RTVSPost2010Prop54
  1
strokes_ogs.tif
102
RTVSPost2010PropOp54
 70
     1
102
RTVSPost2010Prop55
280
     0
102
RTVSPost2010PropOp55
 70
     1
102
RTVSPost2010Prop56
140
1.0
102
RTVSPost2010PropOp56
 70
     1
102
RTVSPost2010Prop57
140
1.0
102
RTVSPost2010PropOp57
 70
     1
  0
XRECORD
  5
253
102
{ACAD_REACTORS
330
252
102
}
330
252
100
AcDbXrecord
280
     1
102
RTVSPropertyOp0
 70
     1
102
RTVSPropertyOp1
 70
     1
102
RTVSPropertyOp2
 70
     1
102
RTVSPropertyOp3
 70
     1
102
RTVSPropertyOp4
 70
     1
102
RTVSPropertyOp5
 70
     1
102
RTVSPropertyOp6
 70
     1
102
RTVSPropertyOp7
 70
     1
102
RTVSPropertyOp8
 70
     1
102
RTVSPropertyOp9
 70
     1
102
RTVSPropertyOp10
 70
     1
102
RTVSPropertyOp11
 70
     1
102
RTVSPropertyOp12
 70
     1
102
RTVSPropertyOp13
 70
     1
102
RTVSPropertyOp14
 70
     1
102
RTVSPropertyOp15
 70
     1
102
RTVSPropertyOp16
 70
     1
102
RTVSPropertyOp17
 70
     1
102
RTVSPropertyOp18
 70
     1
102
RTVSPropertyOp19
 70
     1
102
RTVSPropertyOp20
 70
     1
102
RTVSPropertyOp21
 70
     1
102
RTVSPropertyOp22
 70
     1
102
RTVSPropertyOp23
 70
     1
102
RTVSPropertyOp24
 70
     1
102
RTVSPropertyOp25
 70
     1
102
RTVSPropertyOp26
 70
     1
102
RTVSPropertyOp27
 70
     1
102
RTVSPropertyOp28
 70
     1
102
RTVSPropertyOp29
 70
     1
102
RTVSPropertyOp30
 70
     1
102
RTVSPropertyOp31
 70
     1
102
RTVSPropertyOp32
 70
     1
102
RTVSPropertyOp33
 70
     1
102
RTVSPropertyOp34
 70
     1
102
RTVSPropertyOp35
 70
     1
102
RTVSPropertyOp36
 70
     1
102
RTVSPropertyOp37
 70
     1
102
RTVSPropertyOp38
 70
     1
102
RTVSPropertyOp39
 70
     1
102
RTVSPropertyOp40
 70
     1
102
RTVSPropertyOp41
 70
     1
102
RTVSPropertyOp42
 70
     1
102
RTVSPropertyOp43
 70
     1
102
RTVSPropertyOp44
 70
     1
102
RTVSPropertyOp45
 70
     1
102
RTVSPropertyOp46
 70
     1
102
RTVSPropertyOp47
 70
     1
102
RTVSPropertyOp48
 70
     1
102
RTVSPropertyOp49
 70
     1
102
RTVSPropertyOp50
 70
     1
102
RTVSPropertyOp51
 70
     0
102
RTVSPropertyOp52
 70
     0
102
RTVSPropertyOp53
 70
     1
102
RTVSPropertyOp54
 70
     1
102
RTVSPropertyOp55
 70
     1
102
RTVSPropertyOp56
 70
     1
102
RTVSPropertyOp57
 70
     1
102
RTVSPost2010Prop28
280
     0
102
RTVSPost2010PropOp28
 70
     1
102
RTVSPost2010Prop29
280
     1
102
RTVSPost2010PropOp29
 70
     1
102
RTVSPost2010Prop30
280
     1
102
RTVSPost2010PropOp30
 70
     1
102
RTVSPost2010Prop31
280
     0
102
RTVSPost2010PropOp31
 70
     1
102
RTVSPost2010Prop32
280
     0
102
RTVSPost2010PropOp32
 70
     1
102
RTVSPost2010Prop33
280
     0
102
RTVSPost2010PropOp33
 70
     1
102
RTVSPost2010Prop34
280
     0
102
RTVSPost2010PropOp34
 70
     1
102
RTVSPost2010Prop35
280
     0
102
RTVSPost2010PropOp35
 70
     1
102
RTVSPost2010Prop36
280
     0
102
RTVSPost2010PropOp36
 70
     1
102
RTVSPost2010Prop37
 90
       50
102
RTVSPost2010PropOp37
 70
     1
102
RTVSPost2010Prop38
140
0.0
102
RTVSPost2010PropOp38
 70
     1
102
RTVSPost2010Prop39
140
1.0
102
RTVSPost2010PropOp39
 70
     1
102
RTVSPost2010Prop40
 90
        0
102
RTVSPost2010PropOp40
 70
     1
102
RTVSPost2010Prop41ColorIndex
 90
       18
102
RTVSPost2010Prop41ColorRGB
 90
        0
102
RTVSPost2010PropOp41
 70
     1
102
RTVSPost2010Prop42
 90
       50
102
RTVSPost2010PropOp42
 70
     1
102
RTVSPost2010Prop43
 90
        3
102
RTVSPost2010PropOp43
 70
     1
102
RTVSPost2010Prop44ColorIndex
 90
        5
102
RTVSPost2010Prop44ColorRGB
 90
      255
102
RTVSPost2010PropOp44
 70
     1
102
RTVSPost2010Prop45
280
     0
102
RTVSPost2010PropOp45
 70
     1
102
RTVSPost2010Prop46
 90
       50
102
RTVSPost2010PropOp46
 70
     1
102
RTVSPost2010Prop47
 90
       50
102
RTVSPost2010PropOp47
 70
     1
102
RTVSPost2010Prop48
 90
       50
102
RTVSPost2010PropOp48
 70
     1
102
RTVSPost2010Prop49
280
     0
102
RTVSPost2010PropOp49
 70
     1
102
RTVSPost2010Prop50
 90
       50
102
RTVSPost2010PropOp50
 70
     1
102
RTVSPost2010Prop51ColorIndex
 90
      256
102
RTVSPost2010Prop51ColorRGB
 90
-16777216
102
RTVSPost2010PropOp51
 70
     0
102
RTVSPost2010Prop52
140
1.0
102
RTVSPost2010PropOp52
 70
     0
102
RTVSPost2010Prop53
 90
        2
102
RTVSPost2010PropOp53
 70
     1
102
RTVSPost2010Prop54
  1
strokes_ogs.tif
102
RTVSPost2010PropOp54
 70
     1
102
RTVSPost2010Prop55
280
     0
102
RTVSPost2010PropOp55
 70
     1
102
RTVSPost2010Prop56
140
1.0
102
RTVSPost2010PropOp56
 70
     1
102
RTVSPost2010Prop57
140
1.0
102
RTVSPost2010PropOp57
 70
     1
  0
ENDSEC
  0
EOF
