# Rhino

g object_1
v 12.853759765625 0 218.75050354003906
v 23.651283264160156 0 228.99191284179688
v 23.651283264160156 0 218.75050354003906
v 34.448810577392578 0 239.23332214355469
v 34.448810577392578 0 218.75050354003906
v 45.246334075927734 0 249.47471618652344
v 45.246334075927734 0 239.23332214355469
v 45.246334075927734 0 218.75050354003906
v 56.043857574462891 0 280.19894409179688
v 56.043857574462891 0 249.47471618652344
v 56.043857574462891 0 239.23332214355469
v 56.043857574462891 0 228.99191284179688
v 66.841384887695312 0 280.19894409179688
v 66.841384887695312 0 269.95751953125
v 66.841384887695312 0 259.71612548828125
v 66.841384887695312 0 249.47471618652344
v 66.841384887695312 0 239.23332214355469
v 66.841384887695312 0 228.99191284179688
v 66.841384887695312 0 218.75050354003906
v 77.638908386230469 0 280.19894409179688
v 77.638908386230469 0 269.95751953125
v 77.638908386230469 0 259.71612548828125
v 77.638908386230469 0 249.47471618652344
v 77.638908386230469 0 239.23332214355469
v 77.638908386230469 0 228.99191284179688
v 88.436431884765625 0 280.19894409179688
v 88.436431884765625 0 269.95751953125
v 88.436431884765625 0 259.71612548828125
v 88.436431884765625 0 249.47471618652344
v 88.436431884765625 0 239.23332214355469
v 88.436431884765625 0 228.99191284179688
v 88.436431884765625 0 218.75050354003906
v 99.233955383300781 0 280.19894409179688
v 99.233955383300781 0 269.95751953125
v 99.233955383300781 0 259.71612548828125
v 99.233955383300781 0 249.47471618652344
v 99.233955383300781 0 239.23332214355469
v 99.233955383300781 0 228.99191284179688
v 99.233955383300781 0 218.75050354003906
v 110.03147888183594 0 280.19894409179688
v 110.03147888183594 0 269.95751953125
v 110.03147888183594 0 259.71612548828125
v 110.03147888183594 0 249.47471618652344
v 110.03147888183594 0 239.23332214355469
v 110.03147888183594 0 228.99191284179688
v 110.03147888183594 0 218.75050354003906
v 120.82900238037109 0 280.19894409179688
v 120.82900238037109 0 269.95751953125
v 120.82900238037109 0 259.71612548828125
v 120.82900238037109 0 249.47471618652344
v 120.82900238037109 0 239.23332214355469
v 131.62652587890625 0 269.95751953125
v 131.62652587890625 0 259.71612548828125
v 131.62652587890625 0 249.47471618652344
v 131.62652587890625 0 239.23332214355469
v 131.62652587890625 0 218.75050354003906
v 135.86965942382812 0 236.2064208984375
v 141.02525329589844 0 236.05999755859375
v 141.03657531738281 0 230.67185974121094
v 141.04789733886719 0 225.28370666503906
v 139.39523315429688 0 225.28370666503906
v 137.02529907226562 0 218.75050354003906
v 131.62652587890625 0 223.8712158203125
v 137.02529907226562 0 228.99191284179688
v 137.02529907226562 0 223.8712158203125
v 139.72467041015625 0 223.8712158203125
v 137.02529907226562 0 226.43156433105469
v 139.72467041015625 0 228.99191284179688
v 139.72467041015625 0 226.43156433105469
v 131.62652587890625 0 234.11260986328125
v 137.02529907226562 0 234.11260986328125
v 139.39523315429688 0 224.74037170410156
v 138.37498474121094 0 223.8712158203125
v 138.37498474121094 0 226.43156433105469
v 139.72467041015625 0 218.75050354003906
v 137.02529907226562 0 221.31085205078125
v 139.72467041015625 0 221.31085205078125
v 134.32591247558594 0 223.8712158203125
v 131.62652587890625 0 226.43156433105469
v 134.32591247558594 0 226.43156433105469
v 120.82900238037109 0 223.8712158203125
v 141.04789733886719 0 224.74037170410156
v 141.03657531738281 0 220.07669067382812
v 141.02525329589844 0 215.41299438476562
v 135.86968994140625 0 215.17036437988281
v 135.86965942382812 0 216.77224731445312
v 137.02529907226562 0 216.19015502929688
v 131.62652587890625 0 216.19015502929688
v 134.32591247558594 0 218.75050354003906
v 134.32591247558594 0 216.19015502929688
v 134.8131103515625 0 216.740234375
v 134.8131103515625 0 215.18742370605469
v 129.08210754394531 0 214.93293762207031
v 129.12762451171875 0 220.44694519042969
v 132.8751220703125 0 220.5068359375
v 132.829833984375 0 220.95960998535156
v 134.32591247558594 0 220.03068542480469
v 132.97622680664062 0 218.75050354003906
v 131.62652587890625 0 220.03068542480469
v 132.97622680664062 0 220.03068542480469
v 128.92715454101562 0 223.8712158203125
v 132.39970397949219 0 220.95960998535156
v 132.30137634277344 0 220.03068542480469
v 130.27684020996094 0 218.75050354003906
v 130.27684020996094 0 220.03068542480469
v 132.97622680664062 0 223.8712158203125
v 132.39970397949219 0 222.25006103515625
v 133.21470642089844 0 222.65756225585938
v 134.82209777832031 0 222.65756225585938
v 134.82209777832031 0 222.34060668945312
v 137.02529907226562 0 222.59103393554688
v 134.32591247558594 0 225.15138244628906
v 137.02529907226562 0 220.03068542480469
v 135.90878295898438 0 222.34060668945312
v 135.90878295898438 0 224.40078735351562
v 136.11253356933594 0 224.40078735351562
v 137.02529907226562 0 224.51129150390625
v 136.35044860839844 0 223.8712158203125
v 136.35044860839844 0 224.51129150390625
v 136.35044860839844 0 224.19125366210938
v 136.01303100585938 0 223.8712158203125
v 136.01303100585938 0 224.19125366210938
v 137.02529907226562 0 223.23112487792969
v 136.35044860839844 0 222.59103393554688
v 136.35044860839844 0 223.23112487792969
v 139.72467041015625 0 222.59103393554688
v 138.37498474121094 0 221.31085205078125
v 138.37498474121094 0 222.59103393554688
v 134.32591247558594 0 224.51129150390625
v 131.62652587890625 0 225.15138244628906
v 132.97622680664062 0 226.43156433105469
v 132.97622680664062 0 225.15138244628906
v 128.92715454101562 0 226.43156433105469
v 120.82900238037109 0 234.11260986328125
v 126.22776794433594 0 239.23332214355469
v 126.22776794433594 0 234.11260986328125
v 136.11253356933594 0 224.76301574707031
v 137.94631958007812 0 224.76301574707031
v 137.94631958007812 0 225.26107788085938
v 135.90878295898438 0 225.26107788085938
v 135.90878295898438 0 226.57415771484375
v 135.38807678222656 0 226.57415771484375
v 137.02529907226562 0 227.71173095703125
v 134.32591247558594 0 227.71173095703125
v 137.02529907226562 0 231.55226135253906
v 131.62652587890625 0 231.55226135253906
v 134.32591247558594 0 234.11260986328125
v 134.32591247558594 0 231.55226135253906
v 135.38807678222656 0 226.37039184570312
v 135.67559814453125 0 227.0716552734375
v 134.32591247558594 0 227.0716552734375
v 135.00076293945312 0 227.71173095703125
v 135.00076293945312 0 227.0716552734375
v 131.62652587890625 0 227.71173095703125
v 132.97622680664062 0 227.71173095703125
v 135.67559814453125 0 226.75160217285156
v 135.00076293945312 0 226.75160217285156
v 135.33818054199219 0 227.0716552734375
v 135.33818054199219 0 226.75160217285156
v 137.02529907226562 0 227.0716552734375
v 136.35044860839844 0 226.43156433105469
v 136.35044860839844 0 227.71173095703125
v 136.35044860839844 0 227.0716552734375
v 139.72467041015625 0 227.71173095703125
v 138.37498474121094 0 228.99191284179688
v 138.37498474121094 0 227.71173095703125
v 139.72467041015625 0 234.11260986328125
v 139.72467041015625 0 231.55226135253906
v 134.32591247558594 0 225.79147338867188
v 137.02529907226562 0 225.79147338867188
v 136.35044860839844 0 225.79147338867188
v 134.91265869140625 0 226.37039184570312
v 134.91265869140625 0 223.29145812988281
v 133.01095581054688 0 223.29145812988281
v 131.7431640625 0 222.521728515625
v 131.7431640625 0 221.25392150878906
v 127.35114288330078 0 221.25392150878906
v 127.35114288330078 0 228.92863464355469
v 132.98832702636719 0 228.92863464355469
v 132.98832702636719 0 230.0379638671875
v 125.49472045898438 0 230.0379638671875
v 125.49472045898438 0 232.007568359375
v 124.83818817138672 0 232.007568359375
v 126.22776794433594 0 231.55226135253906
v 120.82900238037109 0 231.55226135253906
v 123.52838897705078 0 234.11260986328125
v 123.52838897705078 0 231.55226135253906
v 115.43024444580078 0 228.99191284179688
v 110.03147888183594 0 234.11260986328125
v 115.43024444580078 0 239.23332214355469
v 115.43024444580078 0 234.11260986328125
v 126.22776794433594 0 232.83244323730469
v 123.52838897705078 0 232.83244323730469
v 123.52838897705078 0 239.23332214355469
v 126.22776794433594 0 249.47471618652344
v 128.92715454101562 0 234.11260986328125
v 128.92715454101562 0 231.55226135253906
v 124.83818817138672 0 230.0379638671875
v 118.83878326416016 0 230.0379638671875
v 118.83878326416016 0 231.69062805175781
v 115.43024444580078 0 218.75050354003906
v 110.03147888183594 0 223.8712158203125
v 115.43024444580078 0 223.8712158203125
v 118.29544067382812 0 231.69062805175781
v 120.82900238037109 0 232.83244323730469
v 119.47931671142578 0 231.55226135253906
v 119.47931671142578 0 234.11260986328125
v 119.47931671142578 0 232.83244323730469
v 115.43024444580078 0 236.67295837402344
v 110.03147888183594 0 244.35401916503906
v 115.43024444580078 0 249.47471618652344
v 115.43024444580078 0 244.35401916503906
v 118.29544067382812 0 231.89437866210938
v 119.47931671142578 0 232.19235229492188
v 118.12962341308594 0 232.19235229492188
v 118.80447387695312 0 232.83244323730469
v 118.80447387695312 0 232.19235229492188
v 120.82900238037109 0 230.2720947265625
v 119.47931671142578 0 230.2720947265625
v 120.82900238037109 0 226.43156433105469
v 115.43024444580078 0 226.43156433105469
v 115.43024444580078 0 232.83244323730469
v 116.77993774414062 0 234.11260986328125
v 116.77993774414062 0 232.83244323730469
v 112.73086547851562 0 228.99191284179688
v 110.03147888183594 0 231.55226135253906
v 112.73086547851562 0 234.11260986328125
v 104.63272094726562 0 228.99191284179688
v 99.233955383300781 0 234.11260986328125
v 104.63272094726562 0 239.23332214355469
v 104.63272094726562 0 234.11260986328125
v 118.80447387695312 0 231.872314453125
v 118.46704864501953 0 232.19235229492188
v 118.46704864501953 0 231.872314453125
v 119.47931671142578 0 230.91217041015625
v 116.77993774414062 0 228.99191284179688
v 115.43024444580078 0 230.2720947265625
v 116.77993774414062 0 230.2720947265625
v 116.77993774414062 0 232.19235229492188
v 117.45478057861328 0 232.83244323730469
v 117.45478057861328 0 232.19235229492188
v 117.88793182373047 0 231.89437866210938
v 117.88793182373047 0 231.48687744140625
v 115.94096374511719 0 231.48687744140625
v 115.94096374511719 0 230.60394287109375
v 117.48043060302734 0 230.60394287109375
v 117.48043060302734 0 226.1326904296875
v 117.48043060302734 0 221.66143798828125
v 112.88465881347656 0 221.66143798828125
v 112.90730285644531 0 220.82377624511719
v 112.73086547851562 0 218.75050354003906
v 112.73086547851562 0 223.8712158203125
v 99.233955383300781 0 223.8712158203125
v 104.63272094726562 0 223.8712158203125
v 115.43024444580078 0 222.59103393554688
v 112.73086547851562 0 222.59103393554688
v 114.08055114746094 0 223.8712158203125
v 114.08055114746094 0 222.59103393554688
v 112.73086547851562 0 226.43156433105469
v 115.43024444580078 0 220.03068542480469
v 114.08055114746094 0 218.75050354003906
v 112.73086547851562 0 220.03068542480469
v 114.08055114746094 0 220.03068542480469
v 115.43024444580078 0 216.19015502929688
v 112.73086547851562 0 216.19015502929688
v 117.16348266601562 0 220.82377624511719
v 117.16348266601562 0 220.59738159179688
v 120.82900238037109 0 216.19015502929688
v 116.77993774414062 0 223.8712158203125
v 116.77993774414062 0 222.59103393554688
v 123.52838897705078 0 223.8712158203125
v 119.54060363769531 0 220.59738159179688
v 119.54060363769531 0 220.30307006835938
v 120.82900238037109 0 222.59103393554688
v 122.17869567871094 0 221.31085205078125
v 119.97074890136719 0 220.30307006835938
v 119.17836761474609 0 218.89944458007812
v 119.17836761474609 0 218.15234375
v 120.82900238037109 0 217.4703369140625
v 119.47931671142578 0 216.19015502929688
v 119.47931671142578 0 217.4703369140625
v 119.67643737792969 0 218.15234375
v 120.83103942871094 0 220.2125244140625
v 120.83103942871094 0 221.23129272460938
v 120.42353057861328 0 221.23129272460938
v 122.17869567871094 0 220.6707763671875
v 123.52838897705078 0 222.59103393554688
v 122.17869567871094 0 223.8712158203125
v 122.17869567871094 0 222.59103393554688
v 123.52838897705078 0 226.43156433105469
v 120.42353057861328 0 224.35549926757812
v 119.47267913818359 0 224.35549926757812
v 119.47267913818359 0 221.68406677246094
v 118.34072113037109 0 221.68406677246094
v 118.34072113037109 0 228.65696716308594
v 119.40476226806641 0 228.65696716308594
v 119.40476226806641 0 227.36653137207031
v 119.85755157470703 0 227.36653137207031
v 120.82900238037109 0 227.71173095703125
v 119.85755157470703 0 227.61555480957031
v 120.82900238037109 0 227.0716552734375
v 119.47931671142578 0 227.0716552734375
v 120.15415954589844 0 227.0716552734375
v 123.52838897705078 0 227.71173095703125
v 122.17869567871094 0 226.43156433105469
v 122.17869567871094 0 227.71173095703125
v 120.82900238037109 0 225.15138244628906
v 120.33296966552734 0 227.61555480957031
v 120.33296966552734 0 228.70223999023438
v 125.81166839599609 0 228.70223999023438
v 125.81166839599609 0 221.16337585449219
v 122.95912933349609 0 221.16337585449219
v 122.95912933349609 0 220.34835815429688
v 123.36421966552734 0 220.35482788085938
v 122.85353851318359 0 220.6707763671875
v 123.25507354736328 0 214.80322265625
v 118.19641876220703 0 214.64314270019531
v 118.11637878417969 0 219.33358764648438
v 116.97978210449219 0 219.33358764648438
v 116.97978210449219 0 214.5791015625
v 112.17726898193359 0 214.43502807617188
v 112.14524841308594 0 220.83837890625
v 112.38538360595703 0 220.83837890625
v 110.03147888183594 0 220.03068542480469
v 104.63272094726562 0 221.31085205078125
v 110.03147888183594 0 222.59103393554688
v 112.40139007568359 0 221.62278747558594
v 112.12924957275391 0 221.62278747558594
v 112.12924957275391 0 221.9749755859375
v 111.10471343994141 0 221.9749755859375
v 111.08869934082031 0 221.60678100585938
v 110.03147888183594 0 221.95094299316406
v 110.70632934570312 0 222.59103393554688
v 110.70632934570312 0 221.95094299316406
v 108.68179321289062 0 223.8712158203125
v 108.68179321289062 0 222.59103393554688
v 104.63272094726562 0 226.43156433105469
v 109.95211029052734 0 221.62278747558594
v 109.95211029052734 0 220.87039184570312
v 108.68179321289062 0 218.75050354003906
v 108.68179321289062 0 220.03068542480469
v 111.36083984375 0 220.90240478515625
v 111.32882690429688 0 214.37100219726562
v 107.83899688720703 0 214.30696105957031
v 107.77497100830078 0 220.82237243652344
v 109.22257232666016 0 220.85470581054688
v 109.18370819091797 0 221.67080688476562
v 107.83899688720703 0 221.60678100585938
v 107.83899688720703 0 226.13365173339844
v 107.83899688720703 0 230.66053771972656
v 108.08512878417969 0 230.66053771972656
v 107.33209991455078 0 234.11260986328125
v 110.03147888183594 0 230.2720947265625
v 108.68179321289062 0 228.99191284179688
v 108.68179321289062 0 231.55226135253906
v 108.68179321289062 0 230.2720947265625
v 108.68179321289062 0 230.91217041015625
v 105.98240661621094 0 228.99191284179688
v 104.63272094726562 0 230.2720947265625
v 105.98240661621094 0 230.2720947265625
v 101.93333435058594 0 228.99191284179688
v 99.233955383300781 0 231.55226135253906
v 101.93333435058594 0 234.11260986328125
v 88.436431884765625 0 234.11260986328125
v 93.835197448730469 0 239.23332214355469
v 93.835197448730469 0 234.11260986328125
v 110.03147888183594 0 232.83244323730469
v 107.33209991455078 0 232.83244323730469
v 108.68179321289062 0 234.11260986328125
v 108.68179321289062 0 232.83244323730469
v 110.03147888183594 0 236.67295837402344
v 104.63272094726562 0 236.67295837402344
v 107.33209991455078 0 239.23332214355469
v 107.33209991455078 0 236.67295837402344
v 99.233955383300781 0 244.35401916503906
v 104.63272094726562 0 249.47471618652344
v 104.63272094726562 0 244.35401916503906
v 108.08512878417969 0 231.45291137695312
v 102.06309509277344 0 231.45291137695312
v 102.06309509277344 0 230.62657165527344
v 101.93333435058594 0 230.2720947265625
v 101.93333435058594 0 223.8712158203125
v 99.233955383300781 0 226.43156433105469
v 93.835197448730469 0 218.75050354003906
v 88.436431884765625 0 223.8712158203125
v 93.835197448730469 0 223.8712158203125
v 102.17628479003906 0 230.62657165527344
v 101.93333435058594 0 230.91217041015625
v 100.58364868164062 0 228.99191284179688
v 99.233955383300781 0 230.2720947265625
v 100.58364868164062 0 231.55226135253906
v 100.58364868164062 0 230.2720947265625
v 96.534576416015625 0 228.99191284179688
v 96.534576416015625 0 234.11260986328125
v 96.534576416015625 0 231.55226135253906
v 104.63272094726562 0 232.83244323730469
v 101.93333435058594 0 232.83244323730469
v 103.28302764892578 0 234.11260986328125
v 103.28302764892578 0 232.83244323730469
v 99.233955383300781 0 236.67295837402344
v 101.93333435058594 0 239.23332214355469
v 101.93333435058594 0 236.67295837402344
v 101.93333435058594 0 230.59213256835938
v 101.93333435058594 0 229.63200378417969
v 101.25849151611328 0 230.2720947265625
v 100.58364868164062 0 230.91217041015625
v 101.25849151611328 0 231.55226135253906
v 101.25849151611328 0 230.91217041015625
v 99.233955383300781 0 232.83244323730469
v 100.58364868164062 0 234.11260986328125
v 100.58364868164062 0 232.83244323730469
v 102.17628479003906 0 227.47972106933594
v 103.14977264404297 0 227.47972106933594
v 103.14977264404297 0 230.60394287109375
v 106.88525390625 0 230.60394287109375
v 106.88525390625 0 225.17051696777344
v 103.94215393066406 0 225.17051696777344
v 103.94215393066406 0 224.78564453125
v 103.28302764892578 0 223.8712158203125
v 101.93333435058594 0 218.75050354003906
v 99.233955383300781 0 221.31085205078125
v 101.93333435058594 0 221.31085205078125
v 104.63272094726562 0 225.79147338867188
v 103.95787048339844 0 226.43156433105469
v 103.95787048339844 0 225.79147338867188
v 105.98240661621094 0 223.8712158203125
v 104.63272094726562 0 224.51129150390625
v 103.95787048339844 0 223.8712158203125
v 103.28302764892578 0 224.51129150390625
v 103.95787048339844 0 224.51129150390625
v 104.63272094726562 0 222.59103393554688
v 101.93333435058594 0 222.59103393554688
v 103.28302764892578 0 222.59103393554688
v 106.93052673339844 0 224.78564453125
v 106.93052673339844 0 219.52201843261719
v 106.93052673339844 0 214.25839233398438
v 103.33088684082031 0 214.07728576660156
v 103.33088684082031 0 217.314697265625
v 102.38004302978516 0 217.29205322265625
v 99.233955383300781 0 216.19015502929688
v 101.93333435058594 0 216.19015502929688
v 102.38004302978516 0 213.08114624023438
v 98.010665893554688 0 212.93399047851562
v 93.641288757324219 0 212.78684997558594
v 93.618644714355469 0 217.51844787597656
v 92.758354187011719 0 217.51844787597656
v 93.835197448730469 0 216.19015502929688
v 91.135810852050781 0 216.19015502929688
v 77.638908386230469 0 213.62980651855469
v 83.037666320800781 0 218.75050354003906
v 92.485504150390625 0 216.19015502929688
v 91.135810852050781 0 217.4703369140625
v 93.835197448730469 0 221.31085205078125
v 77.638908386230469 0 223.8712158203125
v 83.037666320800781 0 223.8712158203125
v 96.534576416015625 0 213.62980651855469
v 96.534576416015625 0 218.75050354003906
v 96.534576416015625 0 216.19015502929688
v 92.758354187011719 0 213.60185241699219
v 90.177482604980469 0 213.60185241699219
v 90.177482604980469 0 216.99774169921875
v 89.520942687988281 0 216.99774169921875
v 89.786125183105469 0 218.75050354003906
v 89.786125183105469 0 217.4703369140625
v 89.520942687988281 0 216.86190795898438
v 89.111274719238281 0 217.4703369140625
v 88.436431884765625 0 214.90997314453125
v 89.786125183105469 0 217.15028381347656
v 89.111274719238281 0 217.15028381347656
v 89.448699951171875 0 217.4703369140625
v 89.448699951171875 0 217.15028381347656
v 89.111274719238281 0 218.75050354003906
v 88.436431884765625 0 220.03068542480469
v 89.786125183105469 0 220.03068542480469
v 91.135810852050781 0 216.83024597167969
v 90.460968017578125 0 216.19015502929688
v 90.460968017578125 0 217.4703369140625
v 90.460968017578125 0 216.83024597167969
v 88.072029113769531 0 216.86190795898438
v 88.072029113769531 0 216.137451171875
v 85.737052917480469 0 214.90997314453125
v 89.339828491210938 0 216.137451171875
v 89.339828491210938 0 213.55657958984375
v 86.996665954589844 0 213.47734069824219
v 87.019302368164062 0 216.18272399902344
v 87.415489196777344 0 216.17141723632812
v 85.737052917480469 0 215.55006408691406
v 83.037666320800781 0 214.90997314453125
v 84.387359619140625 0 214.90997314453125
v 77.638908386230469 0 216.19015502929688
v 72.240142822265625 0 213.62980651855469
v 88.436431884765625 0 215.55006408691406
v 87.761589050292969 0 214.90997314453125
v 87.761589050292969 0 215.55006408691406
v 87.415489196777344 0 216.77134704589844
v 87.041946411132812 0 216.77134704589844
v 83.037666320800781 0 217.4703369140625
v 87.041946411132812 0 217.07698059082031
v 86.408042907714844 0 217.07698059082031
v 86.408042907714844 0 216.77134704589844
v 85.604354858398438 0 216.77134704589844
v 85.604354858398438 0 216.04689025878906
v 86.034500122070312 0 216.04689025878906
v 85.062202453613281 0 214.90997314453125
v 84.387359619140625 0 215.55006408691406
v 85.062202453613281 0 215.55006408691406
v 86.045814514160156 0 213.36415100097656
v 83.906806945800781 0 213.31661987304688
v 83.883766174316406 0 216.03558349609375
v 85.219482421875 0 216.04689025878906
v 85.219482421875 0 216.79399108886719
v 82.966880798339844 0 216.71475219726562
v 82.989517211914062 0 215.94502258300781
v 81.687980651855469 0 218.75050354003906
v 81.687980651855469 0 217.4703369140625
v 77.638908386230469 0 221.31085205078125
v 66.841384887695312 0 223.8712158203125
v 72.240142822265625 0 228.99191284179688
v 72.240142822265625 0 223.8712158203125
v 81.687980651855469 0 214.90997314453125
v 83.170631408691406 0 215.93370056152344
v 83.037666320800781 0 215.55006408691406
v 82.362823486328125 0 214.90997314453125
v 81.687980651855469 0 215.55006408691406
v 82.362823486328125 0 215.55006408691406
v 82.700248718261719 0 215.55006408691406
v 82.700248718261719 0 215.8701171875
v 81.687980651855469 0 216.83024597167969
v 82.362823486328125 0 217.4703369140625
v 82.362823486328125 0 216.83024597167969
v 83.712516784667969 0 217.4703369140625
v 83.712516784667969 0 216.83024597167969
v 83.20458984375 0 213.30754089355469
v 81.065177917480469 0 213.19435119628906
v 81.065177917480469 0 215.91105651855469
v 82.502769470214844 0 215.91105651855469
v 82.502769470214844 0 216.66947937011719
v 80.397323608398438 0 216.63551330566406
v 80.397323608398438 0 213.20567321777344
v 79.344596862792969 0 213.17170715332031
v 79.298934936523438 0 218.68605041503906
v 79.253273010253906 0 224.20037841796875
v 79.207618713378906 0 229.7147216796875
v 79.967178344726562 0 229.72100830078125
v 77.638908386230469 0 234.11260986328125
v 83.037666320800781 0 239.23332214355469
v 83.037666320800781 0 234.11260986328125
v 80.338287353515625 0 234.11260986328125
v 66.841384887695312 0 234.11260986328125
v 72.240142822265625 0 239.23332214355469
v 72.240142822265625 0 234.11260986328125
v 77.638908386230469 0 230.2720947265625
v 77.638908386230469 0 226.43156433105469
v 74.939529418945312 0 228.99191284179688
v 72.240142822265625 0 231.55226135253906
v 74.939529418945312 0 234.11260986328125
v 74.939529418945312 0 231.55226135253906
v 79.990013122558594 0 226.88114929199219
v 80.487876892089844 0 226.89109802246094
v 77.638908386230469 0 227.71173095703125
v 74.939529418945312 0 223.8712158203125
v 72.240142822265625 0 226.43156433105469
v 88.436431884765625 0 226.43156433105469
v 80.419960021972656 0 230.2869873046875
v 79.202873229980469 0 230.2869873046875
v 79.197441101074219 0 230.94352722167969
v 81.031219482421875 0 230.92088317871094
v 81.053863525390625 0 230.08323669433594
v 85.737052917480469 0 234.11260986328125
v 81.687759399414062 0 230.10588073730469
v 81.710395812988281 0 230.85296630859375
v 85.966575622558594 0 230.78504943847656
v 85.898658752441406 0 228.52113342285156
v 81.733039855957031 0 228.52113342285156
v 81.733039855957031 0 229.404052734375
v 81.121780395507812 0 229.404052734375
v 81.076499938964844 0 227.57028198242188
v 81.642478942871094 0 227.57028198242188
v 81.665122985839844 0 228.04570007324219
v 85.943939208984375 0 227.977783203125
v 85.943939208984375 0 225.75914001464844
v 81.710395812988281 0 225.73649597167969
v 81.710395812988281 0 226.75526428222656
v 81.099136352539062 0 226.73262023925781
v 81.053863525390625 0 225.80441284179688
v 80.374679565429688 0 225.78178405761719
v 81.687980651855469 0 223.8712158203125
v 80.352043151855469 0 222.521728515625
v 81.076499938964844 0 222.521728515625
v 83.037666320800781 0 222.59103393554688
v 81.687980651855469 0 222.59103393554688
v 81.076499938964844 0 224.4913330078125
v 86.011856079101562 0 224.44606018066406
v 86.011856079101562 0 221.72935485839844
v 81.076499938964844 0 221.61614990234375
v 81.076499938964844 0 221.97837829589844
v 83.037666320800781 0 220.03068542480469
v 81.687980651855469 0 220.03068542480469
v 77.638908386230469 0 222.59103393554688
v 74.939529418945312 0 218.75050354003906
v 72.240142822265625 0 221.31085205078125
v 74.939529418945312 0 221.31085205078125
v 80.397323608398438 0 221.97837829589844
v 80.397323608398438 0 219.12583923339844
v 81.099136352539062 0 219.12583923339844
v 81.121780395507812 0 221.07281494140625
v 86.034500122070312 0 221.07281494140625
v 86.011856079101562 0 218.53721618652344
v 81.053863525390625 0 218.42401123046875
v 81.053863525390625 0 218.740966796875
v 72.240142822265625 0 216.19015502929688
v 74.939529418945312 0 216.19015502929688
v 80.397323608398438 0 218.71832275390625
v 80.397323608398438 0 217.81275939941406
v 86.464645385742188 0 217.98194885253906
v 86.464645385742188 0 217.69955444335938
v 87.060134887695312 0 217.69943237304688
v 87.064987182617188 0 217.97123718261719
v 91.626396179199219 0 217.97123718261719
v 91.671669006347656 0 220.07669067382812
v 90.879295349121094 0 220.07669067382812
v 93.835197448730469 0 220.03068542480469
v 96.534576416015625 0 223.8712158203125
v 96.534576416015625 0 221.31085205078125
v 90.879295349121094 0 218.58248901367188
v 87.075904846191406 0 218.58248901367188
v 87.121177673339844 0 221.11808776855469
v 90.99249267578125 0 221.07281494140625
v 90.969856262207031 0 220.71058654785156
v 90.460968017578125 0 220.03068542480469
v 89.786125183105469 0 220.6707763671875
v 90.460968017578125 0 220.6707763671875
v 88.436431884765625 0 222.59103393554688
v 89.786125183105469 0 223.8712158203125
v 89.786125183105469 0 222.59103393554688
v 91.135810852050781 0 228.99191284179688
v 91.135810852050781 0 226.43156433105469
v 91.716949462890625 0 220.68794250488281
v 91.762229919433594 0 223.42729187011719
v 90.99249267578125 0 223.42729187011719
v 93.835197448730469 0 222.59103393554688
v 90.99249267578125 0 221.68406677246094
v 87.053260803222656 0 221.68406677246094
v 87.053260803222656 0 224.51397705078125
v 90.969856262207031 0 224.51397705078125
v 90.969856262207031 0 224.01591491699219
v 89.786125183105469 0 226.43156433105469
v 91.784866333007812 0 224.01591491699219
v 96.534576416015625 0 226.43156433105469
v 91.784866333007812 0 224.53662109375
v 92.848915100097656 0 224.53662109375
v 92.848915100097656 0 218.76361083984375
v 93.618644714355469 0 218.76361083984375
v 93.618644714355469 0 219.17111206054688
v 96.534576416015625 0 220.03068542480469
v 95.184883117675781 0 218.75050354003906
v 95.184883117675781 0 221.31085205078125
v 95.184883117675781 0 220.03068542480469
v 93.980873107910156 0 219.17111206054688
v 95.184883117675781 0 219.39059448242188
v 94.510040283203125 0 218.75050354003906
v 94.510040283203125 0 220.03068542480469
v 94.510040283203125 0 219.39059448242188
v 96.534576416015625 0 217.4703369140625
v 95.184883117675781 0 216.19015502929688
v 95.184883117675781 0 217.4703369140625
v 93.980873107910156 0 219.85029602050781
v 93.641288757324219 0 219.85029602050781
v 93.641288757324219 0 225.01203918457031
v 94.003517150878906 0 225.01203918457031
v 93.835197448730469 0 224.51129150390625
v 96.534576416015625 0 225.15138244628906
v 95.184883117675781 0 223.8712158203125
v 95.184883117675781 0 226.43156433105469
v 95.184883117675781 0 225.15138244628906
v 95.184883117675781 0 224.51129150390625
v 94.510040283203125 0 223.8712158203125
v 94.510040283203125 0 225.15138244628906
v 94.510040283203125 0 224.51129150390625
v 96.534576416015625 0 222.59103393554688
v 95.184883117675781 0 222.59103393554688
v 94.003517150878906 0 225.87232971191406
v 93.731842041015625 0 225.87232971191406
v 95.184883117675781 0 225.79147338867188
v 94.510040283203125 0 226.43156433105469
v 94.510040283203125 0 225.79147338867188
v 96.534576416015625 0 227.71173095703125
v 95.184883117675781 0 228.99191284179688
v 95.184883117675781 0 227.71173095703125
v 91.135810852050781 0 227.71173095703125
v 92.485504150390625 0 227.71173095703125
v 91.135810852050781 0 234.11260986328125
v 93.731842041015625 0 226.70999145507812
v 92.803634643554688 0 226.70999145507812
v 92.803634643554688 0 225.64593505859375
v 86.985343933105469 0 225.64593505859375
v 86.985343933105469 0 230.73977661132812
v 87.755081176757812 0 230.73977661132812
v 88.436431884765625 0 230.2720947265625
v 87.755081176757812 0 231.64533996582031
v 82.831039428710938 0 231.64533996582031
v 77.907005310058594 0 231.64533996582031
v 77.907005310058594 0 230.88844299316406
v 80.338287353515625 0 232.83244323730469
v 77.638908386230469 0 232.83244323730469
v 78.988601684570312 0 234.11260986328125
v 78.988601684570312 0 232.83244323730469
v 83.037666320800781 0 236.67295837402344
v 77.638908386230469 0 236.67295837402344
v 80.338287353515625 0 239.23332214355469
v 80.338287353515625 0 236.67295837402344
v 88.436431884765625 0 244.35401916503906
v 77.638908386230469 0 244.35401916503906
v 83.037666320800781 0 249.47471618652344
v 83.037666320800781 0 244.35401916503906
v 78.039398193359375 0 230.88844299316406
v 77.638908386230469 0 230.91217041015625
v 76.289215087890625 0 228.99191284179688
v 74.939529418945312 0 230.2720947265625
v 76.289215087890625 0 231.55226135253906
v 76.289215087890625 0 230.2720947265625
v 77.976333618164062 0 230.2720947265625
v 77.638908386230469 0 230.59213256835938
v 77.976333618164062 0 230.59213256835938
v 77.638908386230469 0 229.63200378417969
v 76.964065551757812 0 230.2720947265625
v 76.289215087890625 0 230.91217041015625
v 76.964065551757812 0 231.55226135253906
v 76.964065551757812 0 230.91217041015625
v 74.939529418945312 0 232.83244323730469
v 76.289215087890625 0 234.11260986328125
v 76.289215087890625 0 232.83244323730469
v 72.240142822265625 0 236.67295837402344
v 74.939529418945312 0 239.23332214355469
v 74.939529418945312 0 236.67295837402344
v 66.841384887695312 0 244.35401916503906
v 72.240142822265625 0 249.47471618652344
v 72.240142822265625 0 244.35401916503906
v 78.131103515625 0 224.97532653808594
v 78.222808837890625 0 219.06219482421875
v 78.314506530761719 0 213.14907836914062
v 73.956451416015625 0 213.01322937011719
v 69.598396301269531 0 212.87739562988281
v 69.553115844726562 0 216.96379089355469
v 69.507835388183594 0 221.0501708984375
v 68.534347534179688 0 221.07281494140625
v 66.841384887695312 0 221.31085205078125
v 69.540763854980469 0 223.8712158203125
v 61.442619323730469 0 218.75050354003906
v 56.043857574462891 0 223.8712158203125
v 61.442619323730469 0 228.99191284179688
v 61.442619323730469 0 223.8712158203125
v 68.523033142089844 0 216.92982482910156
v 68.511711120605469 0 212.78684997558594
v 64.221572875976562 0 212.67364501953125
v 59.931430816650391 0 212.56045532226562
v 59.848419189453125 0 218.68060302734375
v 59.765411376953125 0 224.80073547363281
v 59.682399749755859 0 230.92088317871094
v 59.840873718261719 0 230.92088317871094
v 56.043857574462891 0 234.11260986328125
v 61.442619323730469 0 239.23332214355469
v 61.442619323730469 0 234.11260986328125
v 61.442619323730469 0 231.55226135253906
v 58.743240356445312 0 234.11260986328125
v 45.246334075927734 0 234.11260986328125
v 50.645095825195312 0 239.23332214355469
v 50.645095825195312 0 234.11260986328125
v 61.442619323730469 0 230.2720947265625
v 60.092929840087891 0 228.99191284179688
v 60.092929840087891 0 231.55226135253906
v 60.092929840087891 0 230.2720947265625
v 66.841384887695312 0 231.55226135253906
v 64.141998291015625 0 228.99191284179688
v 64.141998291015625 0 234.11260986328125
v 61.442619323730469 0 226.43156433105469
v 56.043857574462891 0 226.43156433105469
v 45.246334075927734 0 223.8712158203125
v 60.092929840087891 0 230.91217041015625
v 57.393547058105469 0 228.99191284179688
v 56.043857574462891 0 230.2720947265625
v 57.393547058105469 0 230.2720947265625
v 53.344478607177734 0 228.99191284179688
v 53.344478607177734 0 234.11260986328125
v 61.442619323730469 0 232.83244323730469
v 58.743240356445312 0 232.83244323730469
v 60.092929840087891 0 234.11260986328125
v 60.092929840087891 0 232.83244323730469
v 61.442619323730469 0 236.67295837402344
v 56.043857574462891 0 236.67295837402344
v 58.743240356445312 0 239.23332214355469
v 58.743240356445312 0 236.67295837402344
v 56.043857574462891 0 244.35401916503906
v 61.442619323730469 0 249.47471618652344
v 61.442619323730469 0 244.35401916503906
v 60.092929840087891 0 231.23222351074219
v 60.092929840087891 0 232.19235229492188
v 58.743240356445312 0 232.19235229492188
v 59.418083190917969 0 232.83244323730469
v 59.418083190917969 0 232.19235229492188
v 56.043857574462891 0 232.83244323730469
v 57.393547058105469 0 234.11260986328125
v 57.393547058105469 0 232.83244323730469
v 61.442619323730469 0 230.91217041015625
v 60.767776489257812 0 230.2720947265625
v 60.767776489257812 0 231.55226135253906
v 60.767776489257812 0 230.91217041015625
v 64.141998291015625 0 230.2720947265625
v 62.792312622070312 0 228.99191284179688
v 62.792312622070312 0 231.55226135253906
v 62.792312622070312 0 230.2720947265625
v 66.841384887695312 0 226.43156433105469
v 64.141998291015625 0 223.8712158203125
v 64.141998291015625 0 226.43156433105469
v 59.886154174804688 0 231.84910583496094
v 57.735424041748047 0 231.82646179199219
v 57.735424041748047 0 230.92088317871094
v 58.663631439208984 0 230.92088317871094
v 58.663631439208984 0 226.59678649902344
v 58.663631439208984 0 222.27268981933594
v 56.331790924072266 0 222.27268981933594
v 56.331790924072266 0 221.48031616210938
v 61.442619323730469 0 221.31085205078125
v 56.043857574462891 0 213.62980651855469
v 57.393547058105469 0 223.8712158203125
v 57.393547058105469 0 222.59103393554688
v 53.344478607177734 0 223.8712158203125
v 45.246334075927734 0 213.62980651855469
v 58.663631439208984 0 221.48031616210938
v 58.754188537597656 0 217.0203857421875
v 58.844745635986328 0 212.56045532226562
v 52.935901641845703 0 212.37933349609375
v 52.86798095703125 0 216.94114685058594
v 52.800064086914062 0 221.50296020507812
v 55.229320526123047 0 221.48037719726562
v 55.222465515136719 0 222.2274169921875
v 54.694168090820312 0 223.8712158203125
v 54.694168090820312 0 222.59103393554688
v 52.754787445068359 0 222.20477294921875
v 52.732147216796875 0 226.50624084472656
v 52.709506988525391 0 230.80769348144531
v 53.728275299072266 0 230.80769348144531
v 53.660354614257812 0 231.82646179199219
v 51.351150512695312 0 231.82646179199219
v 51.373790740966797 0 230.76242065429688
v 51.894493103027344 0 230.73977661132812
v 53.344478607177734 0 230.2720947265625
v 47.945713043212891 0 228.99191284179688
v 47.945713043212891 0 234.11260986328125
v 34.448810577392578 0 234.11260986328125
v 39.847572326660156 0 239.23332214355469
v 39.847572326660156 0 234.11260986328125
v 51.871856689453125 0 228.43057250976562
v 49.856960296630859 0 228.32106018066406
v 49.856960296630859 0 229.22294616699219
v 47.945713043212891 0 223.8712158203125
v 45.246334075927734 0 226.43156433105469
v 47.945713043212891 0 226.43156433105469
v 34.448810577392578 0 223.8712158203125
v 48.770275115966797 0 229.13238525390625
v 48.770275115966797 0 228.43057250976562
v 47.945713043212891 0 230.2720947265625
v 48.023181915283203 0 228.43057250976562
v 48.023288726806641 0 227.65142822265625
v 48.860832214355469 0 227.66084289550781
v 48.883472442626953 0 225.63536071777344
v 49.856960296630859 0 225.64593505859375
v 49.834323883056641 0 227.728759765625
v 51.803936004638672 0 227.75138854980469
v 51.928451538085938 0 220.042724609375
v 52.052970886230469 0 212.33406066894531
v 49.947517395019531 0 212.24349975585938
v 49.970157623291016 0 215.52619934082031
v 48.883472442626953 0 215.52619934082031
v 50.645095825195312 0 216.19015502929688
v 47.945713043212891 0 213.62980651855469
v 45.246334075927734 0 216.19015502929688
v 47.945713043212891 0 218.75050354003906
v 47.945713043212891 0 216.19015502929688
v 34.448810577392578 0 213.62980651855469
v 48.883472442626953 0 212.15293884277344
v 44.751808166503906 0 211.97183227539062
v 40.620143890380859 0 211.79071044921875
v 40.552227020263672 0 218.87680053710938
v 39.488182067871094 0 218.83152770996094
v 42.546951293945312 0 218.75050354003906
v 42.546951293945312 0 223.8712158203125
v 42.546951293945312 0 221.31085205078125
v 37.148189544677734 0 218.75050354003906
v 37.148189544677734 0 223.8712158203125
v 29.050046920776367 0 218.75050354003906
v 23.651283264160156 0 223.8712158203125
v 29.050046920776367 0 228.99191284179688
v 29.050046920776367 0 223.8712158203125
v 39.601375579833984 0 211.83599853515625
v 36.857875823974609 0 211.69760131835938
v 36.837310791015625 0 216.31729125976562
v 36.816749572753906 0 220.93698120117188
v 39.488182067871094 0 221.0501708984375
v 39.465541839599609 0 220.14460754394531
v 40.529586791992188 0 220.14460754394531
v 40.506946563720703 0 221.02752685546875
v 40.914455413818359 0 221.16337585449219
v 42.546951293945312 0 220.03068542480469
v 41.197261810302734 0 218.75050354003906
v 41.197261810302734 0 221.31085205078125
v 41.197261810302734 0 220.03068542480469
v 42.546951293945312 0 213.62980651855469
v 42.546951293945312 0 216.19015502929688
v 41.197261810302734 0 220.6707763671875
v 38.497879028320312 0 218.75050354003906
v 37.148189544677734 0 220.03068542480469
v 38.497879028320312 0 220.03068542480469
v 34.448810577392578 0 216.19015502929688
v 23.651283264160156 0 213.62980651855469
v 29.050046920776367 0 213.62980651855469
v 42.546951293945312 0 222.59103393554688
v 41.197261810302734 0 223.8712158203125
v 41.197261810302734 0 222.59103393554688
v 42.546951293945312 0 226.43156433105469
v 40.914455413818359 0 221.84254455566406
v 40.506946563720703 0 221.95574951171875
v 41.197261810302734 0 221.95094299316406
v 37.148189544677734 0 222.59103393554688
v 38.497879028320312 0 223.8712158203125
v 38.497879028320312 0 222.59103393554688
v 37.148189544677734 0 226.43156433105469
v 40.439029693603516 0 227.63819885253906
v 46.506351470947266 0 227.70611572265625
v 46.506351470947266 0 228.43057250976562
v 46.596023559570312 0 226.43156433105469
v 46.596023559570312 0 228.99191284179688
v 45.804534912109375 0 228.43057250976562
v 45.804534912109375 0 229.155029296875
v 46.596023559570312 0 231.55226135253906
v 46.596023559570312 0 230.2720947265625
v 42.546951293945312 0 234.11260986328125
v 45.283832550048828 0 229.17765808105469
v 45.261192321777344 0 228.38528442382812
v 43.676387786865234 0 228.356689453125
v 43.653804779052734 0 230.89825439453125
v 44.083950042724609 0 230.89825439453125
v 42.546951293945312 0 230.2720947265625
v 41.197261810302734 0 228.99191284179688
v 41.197261810302734 0 230.2720947265625
v 37.148189544677734 0 234.11260986328125
v 29.050046920776367 0 239.23332214355469
v 45.246334075927734 0 232.83244323730469
v 42.546951293945312 0 232.83244323730469
v 43.896644592285156 0 234.11260986328125
v 43.896644592285156 0 232.83244323730469
v 45.246334075927734 0 236.67295837402344
v 39.847572326660156 0 236.67295837402344
v 42.546951293945312 0 239.23332214355469
v 42.546951293945312 0 236.67295837402344
v 45.246334075927734 0 244.35401916503906
v 34.448810577392578 0 244.35401916503906
v 39.847572326660156 0 249.47471618652344
v 39.847572326660156 0 244.35401916503906
v 44.061309814453125 0 231.7132568359375
v 41.865303039550781 0 231.73590087890625
v 41.865303039550781 0 230.76242065429688
v 43.019905090332031 0 230.73977661132812
v 43.019905090332031 0 228.36265563964844
v 40.529586791992188 0 228.38528442382812
v 40.506946563720703 0 229.24559020996094
v 39.556098937988281 0 229.24559020996094
v 39.556098937988281 0 228.34001159667969
v 38.876918792724609 0 228.31736755371094
v 38.876918792724609 0 227.59291076660156
v 39.465541839599609 0 227.61555480957031
v 39.510818481445312 0 221.8878173828125
v 31.971946716308594 0 221.66143798828125
v 32.017227172851562 0 220.755859375
v 31.749427795410156 0 218.75050354003906
v 31.749427795410156 0 223.8712158203125
v 35.684783935546875 0 220.89169311523438
v 35.786663055419922 0 216.22801208496094
v 35.888538360595703 0 211.56431579589844
v 31.411624908447266 0 211.41716003417969
v 26.934711456298828 0 211.27000427246094
v 26.929050445556641 0 216.00161743164062
v 26.923391342163086 0 220.73321533203125
v 30.590951919555664 0 220.77850341796875
v 30.613592147827148 0 221.61614990234375
v 31.749427795410156 0 220.03068542480469
v 30.399736404418945 0 218.75050354003906
v 29.050046920776367 0 220.03068542480469
v 30.399736404418945 0 220.03068542480469
v 31.749427795410156 0 213.62980651855469
v 29.050046920776367 0 216.19015502929688
v 31.749427795410156 0 216.19015502929688
v 26.350666046142578 0 223.8712158203125
v 18.252521514892578 0 218.75050354003906
v 12.853759765625 0 223.8712158203125
v 18.252521514892578 0 223.8712158203125
v 31.749427795410156 0 222.59103393554688
v 29.050046920776367 0 222.59103393554688
v 30.399736404418945 0 223.8712158203125
v 30.399736404418945 0 222.59103393554688
v 29.050046920776367 0 226.43156433105469
v 31.749427795410156 0 228.99191284179688
v 31.749427795410156 0 226.43156433105469
v 25.211647033691406 0 221.48023986816406
v 19.809703826904297 0 221.34432983398438
v 19.837303161621094 0 220.41627502441406
v 20.951902389526367 0 218.75050354003906
v 20.951902389526367 0 223.8712158203125
v 18.252521514892578 0 213.62980651855469
v 25.927265167236328 0 220.59738159179688
v 25.927265167236328 0 215.9676513671875
v 25.927265167236328 0 211.33793640136719
v 21.501289367675781 0 211.07757568359375
v 17.075313568115234 0 210.81723022460938
v 17.050216674804688 0 212.02919006347656
v 18.252521514892578 0 211.0694580078125
v 15.553140640258789 0 213.62980651855469
v 15.553140640258789 0 211.0694580078125
v 16.623575210571289 0 212.03065490722656
v 18.252521514892578 0 212.34962463378906
v 15.553140640258789 0 212.34962463378906
v 18.252521514892578 0 216.19015502929688
v 15.553140640258789 0 218.75050354003906
v 20.951902389526367 0 213.62980651855469
v 18.252521514892578 0 211.70953369140625
v 17.577676773071289 0 211.0694580078125
v 17.577676773071289 0 212.34962463378906
v 17.577676773071289 0 211.70953369140625
v 20.951902389526367 0 212.34962463378906
v 19.602212905883789 0 213.62980651855469
v 19.602212905883789 0 212.34962463378906
v 23.651283264160156 0 216.19015502929688
v 20.951902389526367 0 216.19015502929688
v 15.553140640258789 0 211.70953369140625
v 14.203450202941895 0 211.0694580078125
v 14.203450202941895 0 213.62980651855469
v 14.203450202941895 0 212.34962463378906
v 10.154377937316895 0 213.62980651855469
v 10.154377937316895 0 211.0694580078125
v 16.622524261474609 0 211.72291564941406
v 16.029289245605469 0 211.72291564941406
v 15.943346977233887 0 210.83985900878906
v 13.204580307006836 0 210.70394897460938
v 13.204580307006836 0 214.28207397460938
v 15.876455307006836 0 214.37269592285156
v 15.920205116271973 0 214.14457702636719
v 18.252521514892578 0 214.90997314453125
v 16.960830688476562 0 214.19145202636719
v 16.917079925537109 0 220.39457702636719
v 18.638956069946289 0 220.43832397460938
v 15.553140640258789 0 223.8712158203125
v 18.638956069946289 0 221.38832092285156
v 18.185831069946289 0 221.38832092285156
v 20.951902389526367 0 222.59103393554688
v 18.252521514892578 0 222.59103393554688
v 19.602212905883789 0 223.8712158203125
v 19.602212905883789 0 222.59103393554688
v 23.651283264160156 0 226.43156433105469
v 20.951902389526367 0 228.99191284179688
v 20.951902389526367 0 226.43156433105469
v 12.853759765625 0 234.11260986328125
v 15.553140640258789 0 222.59103393554688
v 16.90283203125 0 223.8712158203125
v 16.90283203125 0 222.59103393554688
v 12.853759765625 0 226.43156433105469
v 15.553140640258789 0 228.99191284179688
v 15.553140640258789 0 226.43156433105469
v 18.185831069946289 0 221.79769897460938
v 16.90283203125 0 221.95094299316406
v 17.577676773071289 0 222.59103393554688
v 17.577676773071289 0 221.95094299316406
v 15.553140640258789 0 220.03068542480469
v 17.232706069946289 0 221.75082397460938
v 17.188955307006836 0 221.29769897460938
v 15.829580307006836 0 221.25395202636719
v 15.876455307006836 0 214.86956787109375
v 12.660830497741699 0 214.73519897460938
v 12.795205116271973 0 210.70394897460938
v 9.1139554977416992 0 210.46644592285156
v 9.0514554977416992 0 214.43519592285156
v 11.154019355773926 0 214.59382629394531
v 11.17975902557373 0 214.25263977050781
v 11.504069328308105 0 213.62980651855469
v 10.8292236328125 0 213.62980651855469
v 10.154377937316895 0 214.2698974609375
v 10.8292236328125 0 214.2698974609375
v 11.504069328308105 0 211.0694580078125
v 10.154377937316895 0 212.34962463378906
v 11.504069328308105 0 212.34962463378906
v 12.157705307006836 0 214.27581787109375
v 12.013986587524414 0 220.34011840820312
v 13.388955116271973 0 220.37269592285156
v 10.154377937316895 0 223.8712158203125
v 13.388955116271973 0 220.757080078125
v 14.203450202941895 0 218.75050354003906
v 12.853759765625 0 220.03068542480469
v 14.203450202941895 0 221.31085205078125
v 14.203450202941895 0 220.03068542480469
v 14.203450202941895 0 220.6707763671875
v 13.528604507446289 0 220.03068542480469
v 11.504069328308105 0 221.31085205078125
v 12.853759765625 0 222.59103393554688
v 14.203450202941895 0 223.8712158203125
v 14.203450202941895 0 222.59103393554688
v 13.645205497741699 0 220.757080078125
v 13.645205497741699 0 221.20707702636719
v 10.795205116271973 0 221.07894897460938
v 10.779580116271973 0 220.21331787109375
v 11.117080688476562 0 220.18206787109375
v 10.154377937316895 0 222.59103393554688
v 11.504069328308105 0 223.8712158203125
v 11.504069328308105 0 222.59103393554688
v 10.154377937316895 0 228.99191284179688
v 10.154377937316895 0 226.43156433105469
v 11.117080688476562 0 218.46957397460938
v 7.5639553070068359 0 218.41957092285156
v 7.5795803070068359 0 220.15081787109375
v 8.9077053070068359 0 220.22894287109375
v 8.9389553070068359 0 221.06332397460938
v 6.424191951751709 0 220.998046875
v 6.3077783584594727 0 215.15765380859375
v 6.1913647651672363 0 209.3172607421875
v 3.4644067287445068 0 209.31234741210938
v 3.4537346363067627 0 215.23544311523438
v 3.4430623054504395 0 221.15853881835938
v 3.4323899745941162 0 227.08164978027344
v 6.3779306411743164 0 227.08164978027344
v 6.3459138870239258 0 223.111572265625
v 8.0748186111450195 0 223.17559814453125
v 8.459019660949707 0 222.75938415527344
v 8.8046875 0 222.59103393554688
v 8.4910364151000977 0 223.59181213378906
v 7.4024667739868164 0 223.55979919433594
v 7.434483528137207 0 229.86709594726562
v 12.509138107299805 0 229.81907653808594
v 17.583791732788086 0 229.77104187011719
v 17.660863876342773 0 230.22348022460938
v 15.553140640258789 0 234.11260986328125
v 15.553140640258789 0 231.55226135253906
v 20.951902389526367 0 231.55226135253906
v 18.544294357299805 0 230.50743103027344
v 18.448244094848633 0 233.96524047851562
v 19.152612686157227 0 233.96524047851562
v 20.951902389526367 0 232.83244323730469
v 19.602212905883789 0 231.55226135253906
v 19.602212905883789 0 232.83244323730469
v 20.951902389526367 0 239.23332214355469
v 20.951902389526367 0 236.67295837402344
v 19.152612686157227 0 234.47750854492188
v 19.602212905883789 0 236.67295837402344
v 19.602212905883789 0 235.39279174804688
v 17.071523666381836 0 234.47750854492188
v 17.103540420532227 0 230.21928405761719
v 12.236995697021484 0 230.2833251953125
v 7.3704500198364258 0 230.34735107421875
v 7.3704500198364258 0 235.85423278808594
v 10.572124481201172 0 235.79019165039062
v 14.061949729919434 0 236.46255493164062
v 17.071523666381836 0 236.49456787109375
v 17.039506912231445 0 235.43801879882812
v 17.519760131835938 0 235.43801879882812
v 17.80790901184082 0 236.07835388183594
v 19.152612686157227 0 236.04632568359375
v 19.152612686157227 0 236.43052673339844
v 19.602212905883789 0 236.03288269042969
v 20.951902389526367 0 237.95314025878906
v 18.252521514892578 0 237.95314025878906
v 19.602212905883789 0 239.23332214355469
v 19.602212905883789 0 237.95314025878906
v 23.651283264160156 0 241.79367065429688
v 20.951902389526367 0 241.79367065429688
v 29.050046920776367 0 244.35401916503906
v 18.32017707824707 0 236.43052673339844
v 18.32017707824707 0 237.0068359375
v 17.80790901184082 0 237.03884887695312
v 17.80790901184082 0 239.36161804199219
v 19.440763473510742 0 242.16152954101562
v 19.440763473510742 0 244.05052185058594
v 23.026639938354492 0 244.08253479003906
v 23.026639938354492 0 242.41766357421875
v 23.570924758911133 0 242.41766357421875
v 22.301593780517578 0 241.79367065429688
v 20.951902389526367 0 243.07383728027344
v 22.301593780517578 0 243.07383728027344
v 29.050046920776367 0 241.79367065429688
v 23.570924758911133 0 244.08253479003906
v 26.484447479248047 0 244.08253479003906
v 26.484447479248047 0 240.81683349609375
v 25.139743804931641 0 240.81683349609375
v 25.139743804931641 0 237.8072509765625
v 21.489835739135742 0 237.8072509765625
v 21.489835739135742 0 236.46255493164062
v 20.401266098022461 0 236.46255493164062
v 20.401266098022461 0 236.07835388183594
v 20.277057647705078 0 235.39279174804688
v 20.277057647705078 0 236.67295837402344
v 25.139743804931641 0 236.07835388183594
v 25.139743804931641 0 236.74641418457031
v 26.350666046142578 0 228.99191284179688
v 26.350666046142578 0 237.95314025878906
v 25.514217376708984 0 236.74641418457031
v 26.350666046142578 0 237.31304931640625
v 25.675819396972656 0 237.95314025878906
v 25.675819396972656 0 237.31304931640625
v 31.749427795410156 0 234.11260986328125
v 31.749427795410156 0 239.23332214355469
v 31.749427795410156 0 236.67295837402344
v 25.514217376708984 0 240.40060424804688
v 26.580497741699219 0 240.40060424804688
v 26.580497741699219 0 236.84675598144531
v 26.228313446044922 0 236.84675598144531
v 26.228313446044922 0 234.44549560546875
v 20.465299606323242 0 234.44549560546875
v 20.465299606323242 0 233.99725341796875
v 26.708564758300781 0 233.99725341796875
v 26.708564758300781 0 235.9822998046875
v 28.341419219970703 0 235.9822998046875
v 28.341419219970703 0 232.23634338378906
v 22.130170822143555 0 232.23634338378906
v 22.194204330444336 0 231.53196716308594
v 23.651283264160156 0 230.2720947265625
v 22.301593780517578 0 228.99191284179688
v 20.951902389526367 0 230.2720947265625
v 22.301593780517578 0 230.2720947265625
v 28.853687286376953 0 231.53196716308594
v 28.853687286376953 0 231.19580078125
v 29.050046920776367 0 230.2720947265625
v 27.700355529785156 0 228.99191284179688
v 26.350666046142578 0 230.2720947265625
v 27.700355529785156 0 230.2720947265625
v 31.749427795410156 0 231.55226135253906
v 29.050046920776367 0 230.91217041015625
v 28.375202178955078 0 230.2720947265625
v 27.700355529785156 0 230.91217041015625
v 28.375202178955078 0 230.91217041015625
v 31.749427795410156 0 230.2720947265625
v 30.399736404418945 0 228.99191284179688
v 30.399736404418945 0 231.55226135253906
v 30.399736404418945 0 230.2720947265625
v 29.47801399230957 0 231.19580078125
v 29.47801399230957 0 231.61201477050781
v 30.399736404418945 0 230.91217041015625
v 29.724891662597656 0 230.2720947265625
v 29.724891662597656 0 230.91217041015625
v 31.749427795410156 0 232.83244323730469
v 30.399736404418945 0 234.11260986328125
v 30.399736404418945 0 232.83244323730469
v 30.399736404418945 0 232.19235229492188
v 29.724891662597656 0 232.83244323730469
v 29.798181533813477 0 231.61201477050781
v 29.798181533813477 0 232.04423522949219
v 29.141838073730469 0 232.04423522949219
v 29.141838073730469 0 237.05049133300781
v 29.830198287963867 0 237.05049133300781
v 31.749427795410156 0 237.95314025878906
v 30.399736404418945 0 236.67295837402344
v 30.399736404418945 0 239.23332214355469
v 30.399736404418945 0 237.95314025878906
v 34.448810577392578 0 241.79367065429688
v 31.749427795410156 0 244.35401916503906
v 31.749427795410156 0 241.79367065429688
v 29.830198287963867 0 237.56712341308594
v 29.542047500610352 0 237.56712341308594
v 30.399736404418945 0 237.31304931640625
v 31.749427795410156 0 235.39279174804688
v 30.399736404418945 0 235.39279174804688
v 29.542047500610352 0 237.88729858398438
v 27.877176284790039 0 237.88729858398438
v 27.926929473876953 0 243.90773010253906
v 27.976682662963867 0 249.92816162109375
v 28.026435852050781 0 255.94859313964844
v 34.73040771484375 0 255.71669006347656
v 34.73040771484375 0 254.43070983886719
v 29.050046920776367 0 254.59542846679688
v 39.847572326660156 0 252.03507995605469
v 37.148189544677734 0 249.47471618652344
v 37.148189544677734 0 252.03507995605469
v 40.116771697998047 0 254.27787780761719
v 45.503139495849609 0 254.12503051757812
v 47.5269775390625 0 256.22265625
v 50.645095825195312 0 249.47471618652344
v 47.499332427978516 0 262.8802490234375
v 47.471687316894531 0 269.537841796875
v 47.444042205810547 0 276.1954345703125
v 47.416393280029297 0 282.85302734375
v 47.388748168945312 0 289.5106201171875
v 53.092536926269531 0 289.5106201171875
v 53.092536926269531 0 288.96249389648438
v 50.645095825195312 0 280.19894409179688
v 50.645095825195312 0 285.31964111328125
v 56.043857574462891 0 287.8800048828125
v 50.645095825195312 0 287.8800048828125
v 53.344478607177734 0 287.8800048828125
v 61.442619323730469 0 280.19894409179688
v 51.994785308837891 0 287.8800048828125
v 50.645095825195312 0 289.16015625
v 51.994785308837891 0 289.16015625
v 47.945713043212891 0 285.31964111328125
v 47.945713043212891 0 287.8800048828125
v 53.429843902587891 0 288.96249389648438
v 53.344478607177734 0 288.52008056640625
v 52.669631958007812 0 287.8800048828125
v 51.994785308837891 0 288.52008056640625
v 52.669631958007812 0 289.16015625
v 52.669631958007812 0 288.52008056640625
v 58.743240356445312 0 285.31964111328125
v 58.743240356445312 0 287.8800048828125
v 51.994785308837891 0 285.31964111328125
v 50.645095825195312 0 286.59982299804688
v 51.994785308837891 0 286.59982299804688
v 53.344478607177734 0 280.19894409179688
v 50.645095825195312 0 282.75927734375
v 56.043857574462891 0 286.59982299804688
v 53.429843902587891 0 286.64349365234375
v 54.336357116699219 0 286.64349365234375
v 54.336357116699219 0 286.85430908203125
v 56.043857574462891 0 287.23989868164062
v 58.743240356445312 0 286.59982299804688
v 57.393547058105469 0 285.31964111328125
v 57.393547058105469 0 287.8800048828125
v 57.393547058105469 0 286.59982299804688
v 58.743240356445312 0 280.19894409179688
v 66.841384887695312 0 275.0782470703125
v 61.442619323730469 0 269.95751953125
v 61.442619323730469 0 275.0782470703125
v 55.833156585693359 0 286.85430908203125
v 55.833156585693359 0 289.06790161132812
v 56.465602874755859 0 289.06790161132812
v 58.743240356445312 0 289.16015625
v 57.393547058105469 0 289.16015625
v 56.465602874755859 0 289.59494018554688
v 60.091651916503906 0 289.6370849609375
v 60.091651916503906 0 289.19439697265625
v 60.092929840087891 0 287.8800048828125
v 64.141998291015625 0 285.31964111328125
v 77.638908386230469 0 285.31964111328125
v 72.240142822265625 0 280.19894409179688
v 72.240142822265625 0 285.31964111328125
v 60.977081298828125 0 289.19439697265625
v 60.998165130615234 0 288.07705688476562
v 62.220897674560547 0 288.07705688476562
v 62.220897674560547 0 289.51614379882812
v 65.843605041503906 0 289.51614379882812
v 65.843605041503906 0 285.0440673828125
v 66.678390502929688 0 285.0440673828125
v 64.141998291015625 0 280.19894409179688
v 64.141998291015625 0 282.75927734375
v 64.141998291015625 0 284.03945922851562
v 69.540763854980469 0 280.19894409179688
v 69.540763854980469 0 285.31964111328125
v 77.638908386230469 0 275.0782470703125
v 72.240142822265625 0 269.95751953125
v 72.240142822265625 0 275.0782470703125
v 66.678390502929688 0 289.57577514648438
v 70.98651123046875 0 289.53851318359375
v 75.294631958007812 0 289.50125122070312
v 75.249366760253906 0 282.869873046875
v 76.26129150390625 0 282.869873046875
v 74.939529418945312 0 280.19894409179688
v 88.436431884765625 0 285.31964111328125
v 83.037666320800781 0 280.19894409179688
v 83.037666320800781 0 285.31964111328125
v 76.26129150390625 0 283.2598876953125
v 77.638908386230469 0 284.03945922851562
v 76.289215087890625 0 285.31964111328125
v 76.289215087890625 0 284.03945922851562
v 77.638908386230469 0 287.8800048828125
v 72.240142822265625 0 287.8800048828125
v 80.338287353515625 0 280.19894409179688
v 80.338287353515625 0 285.31964111328125
v 80.338287353515625 0 282.75927734375
v 88.436431884765625 0 275.0782470703125
v 83.037666320800781 0 269.95751953125
v 83.037666320800781 0 275.0782470703125
v 77.638908386230469 0 281.4791259765625
v 76.289215087890625 0 280.19894409179688
v 74.939529418945312 0 281.4791259765625
v 76.289215087890625 0 281.4791259765625
v 77.638908386230469 0 277.63858032226562
v 74.939529418945312 0 275.0782470703125
v 72.240142822265625 0 284.03945922851562
v 73.589836120605469 0 285.31964111328125
v 73.589836120605469 0 284.03945922851562
v 75.976715087890625 0 283.2625732421875
v 76.0352783203125 0 289.47897338867188
v 83.321891784667969 0 289.4764404296875
v 90.608512878417969 0 289.47393798828125
v 97.895126342773438 0 289.471435546875
v 97.895126342773438 0 283.68753051757812
v 97.580581665039062 0 283.68753051757812
v 99.233955383300781 0 285.31964111328125
v 93.835197448730469 0 280.19894409179688
v 93.835197448730469 0 285.31964111328125
v 96.534576416015625 0 280.19894409179688
v 96.534576416015625 0 285.31964111328125
v 110.03147888183594 0 285.31964111328125
v 104.63272094726562 0 280.19894409179688
v 104.63272094726562 0 285.31964111328125
v 99.233955383300781 0 275.0782470703125
v 93.835197448730469 0 269.95751953125
v 93.835197448730469 0 275.0782470703125
v 99.233955383300781 0 284.03945922851562
v 96.534576416015625 0 284.03945922851562
v 99.233955383300781 0 287.8800048828125
v 93.835197448730469 0 287.8800048828125
v 96.534576416015625 0 287.8800048828125
v 101.93333435058594 0 280.19894409179688
v 101.93333435058594 0 285.31964111328125
v 110.03147888183594 0 275.0782470703125
v 104.63272094726562 0 269.95751953125
v 104.63272094726562 0 275.0782470703125
v 99.233955383300781 0 283.39938354492188
v 98.559112548828125 0 282.75927734375
v 98.559112548828125 0 284.03945922851562
v 98.559112548828125 0 283.39938354492188
v 101.93333435058594 0 284.03945922851562
v 100.58364868164062 0 285.31964111328125
v 100.58364868164062 0 284.03945922851562
v 104.63272094726562 0 287.8800048828125
v 101.93333435058594 0 287.8800048828125
v 99.233955383300781 0 281.4791259765625
v 97.884269714355469 0 280.19894409179688
v 96.534576416015625 0 281.4791259765625
v 97.884269714355469 0 281.4791259765625
v 96.534576416015625 0 275.0782470703125
v 96.534576416015625 0 283.39938354492188
v 97.209419250488281 0 284.03945922851562
v 97.209419250488281 0 283.39938354492188
v 93.835197448730469 0 284.03945922851562
v 95.184883117675781 0 285.31964111328125
v 95.184883117675781 0 284.03945922851562
v 91.135810852050781 0 280.19894409179688
v 91.135810852050781 0 285.31964111328125
v 97.580581665039062 0 283.1806640625
v 97.342071533203125 0 283.1806640625
v 97.327163696289062 0 282.71856689453125
v 98.38555908203125 0 282.71856689453125
v 98.452857971191406 0 289.41180419921875
v 104.95561981201172 0 289.41061401367188
v 111.45838165283203 0 289.409423828125
v 111.45838165283203 0 287.13229370117188
v 120.82900238037109 0 285.31964111328125
v 115.43024444580078 0 280.19894409179688
v 113.29216003417969 0 287.13229370117188
v 113.29216003417969 0 289.37545776367188
v 117.79621124267578 0 289.3702392578125
v 117.81221771240234 0 287.38519287109375
v 118.93280792236328 0 287.38519287109375
v 120.82900238037109 0 287.8800048828125
v 131.62652587890625 0 285.31964111328125
v 118.93280792236328 0 289.43426513671875
v 126.19961547851562 0 289.43798828125
v 126.21662139892578 0 287.46524047851562
v 127.44925689697266 0 287.46524047851562
v 123.52838897705078 0 285.31964111328125
v 123.52838897705078 0 287.8800048828125
v 131.62652587890625 0 287.8800048828125
v 128.92715454101562 0 285.31964111328125
v 128.92715454101562 0 287.8800048828125
v 127.44925689697266 0 289.43426513671875
v 134.81129455566406 0 289.40945434570312
v 134.75418090820312 0 282.08560180664062
v 127.44925689697266 0 282.08560180664062
v 127.44170379638672 0 286.20596313476562
v 126.35501861572266 0 286.20596313476562
v 126.33238220214844 0 278.7222900390625
v 118.81510925292969 0 278.7222900390625
v 117.93321228027344 0 278.4859619140625
v 120.82900238037109 0 275.0782470703125
v 115.43024444580078 0 269.95751953125
v 115.43024444580078 0 275.0782470703125
v 120.82900238037109 0 277.63858032226562
v 115.43024444580078 0 277.63858032226562
v 126.22776794433594 0 269.95751953125
v 126.22776794433594 0 275.0782470703125
v 117.93321228027344 0 277.35400390625
v 118.34072113037109 0 277.35400390625
v 118.12962341308594 0 276.3583984375
v 116.77993774414062 0 275.0782470703125
v 115.43024444580078 0 276.3583984375
v 116.77993774414062 0 277.63858032226562
v 116.77993774414062 0 276.3583984375
v 115.43024444580078 0 272.51788330078125
v 115.43024444580078 0 259.71612548828125
v 110.03147888183594 0 264.83682250976562
v 115.43024444580078 0 264.83682250976562
v 112.73086547851562 0 275.0782470703125
v 110.03147888183594 0 277.63858032226562
v 112.73086547851562 0 280.19894409179688
v 118.12962341308594 0 276.99850463867188
v 117.45478057861328 0 276.3583984375
v 116.77993774414062 0 276.99850463867188
v 117.45478057861328 0 277.63858032226562
v 117.45478057861328 0 276.99850463867188
v 115.43024444580078 0 278.91876220703125
v 116.77993774414062 0 280.19894409179688
v 116.77993774414062 0 278.91876220703125
v 120.82900238037109 0 282.75927734375
v 120.82900238037109 0 276.3583984375
v 119.47931671142578 0 275.0782470703125
v 119.47931671142578 0 277.63858032226562
v 119.47931671142578 0 276.3583984375
v 123.52838897705078 0 275.0782470703125
v 123.52838897705078 0 280.19894409179688
v 123.52838897705078 0 277.63858032226562
v 119.47931671142578 0 276.99850463867188
v 118.80447387695312 0 276.3583984375
v 118.80447387695312 0 276.99850463867188
v 120.82900238037109 0 278.91876220703125
v 119.47931671142578 0 280.19894409179688
v 119.47931671142578 0 278.91876220703125
v 118.34072113037109 0 277.46719360351562
v 118.46704864501953 0 276.99850463867188
v 118.46704864501953 0 277.31854248046875
v 118.80447387695312 0 278.91876220703125
v 118.95198059082031 0 277.46719360351562
v 118.95198059082031 0 278.01055908203125
v 126.85308074951172 0 278.01055908203125
v 134.75418090820312 0 278.01055908203125
v 134.79945373535156 0 272.5318603515625
v 126.87571716308594 0 272.46636962890625
v 118.95198059082031 0 272.40087890625
v 118.94865417480469 0 272.80349731445312
v 120.82900238037109 0 271.23770141601562
v 119.47931671142578 0 269.95751953125
v 119.47931671142578 0 271.23770141601562
v 126.22776794433594 0 259.71612548828125
v 120.82900238037109 0 267.39718627929688
v 115.43024444580078 0 267.39718627929688
v 116.77993774414062 0 269.95751953125
v 115.43024444580078 0 271.23770141601562
v 116.77993774414062 0 272.51788330078125
v 116.77993774414062 0 271.23770141601562
v 112.73086547851562 0 269.95751953125
v 110.03147888183594 0 272.51788330078125
v 112.73086547851562 0 272.51788330078125
v 120.82900238037109 0 273.79806518554688
v 119.47931671142578 0 273.79806518554688
v 119.47931671142578 0 273.157958984375
v 118.80447387695312 0 273.79806518554688
v 118.80447387695312 0 273.157958984375
v 115.43024444580078 0 273.79806518554688
v 116.77993774414062 0 273.79806518554688
v 117.91056823730469 0 272.80349731445312
v 117.91056823730469 0 270.85653686523438
v 118.34072113037109 0 270.85653686523438
v 118.12962341308594 0 270.59762573242188
v 117.45478057861328 0 269.95751953125
v 116.77993774414062 0 270.59762573242188
v 117.45478057861328 0 271.23770141601562
v 117.45478057861328 0 270.59762573242188
v 116.77993774414062 0 267.39718627929688
v 115.43024444580078 0 268.6773681640625
v 116.77993774414062 0 268.6773681640625
v 110.03147888183594 0 267.39718627929688
v 104.63272094726562 0 259.71612548828125
v 99.233955383300781 0 264.83682250976562
v 104.63272094726562 0 264.83682250976562
v 119.47931671142578 0 270.59762573242188
v 118.80447387695312 0 269.95751953125
v 118.80447387695312 0 270.59762573242188
v 120.82900238037109 0 268.6773681640625
v 119.47931671142578 0 267.39718627929688
v 119.47931671142578 0 268.6773681640625
v 126.22776794433594 0 267.39718627929688
v 118.34072113037109 0 271.03765869140625
v 118.46704864501953 0 270.59762573242188
v 118.46704864501953 0 270.91766357421875
v 118.90670013427734 0 271.03765869140625
v 118.90670013427734 0 271.42251586914062
v 123.61566925048828 0 271.44515991210938
v 123.61566925048828 0 268.6605224609375
v 124.47595977783203 0 268.6605224609375
v 126.22776794433594 0 268.6773681640625
v 124.87807464599609 0 267.39718627929688
v 124.87807464599609 0 269.95751953125
v 124.87807464599609 0 268.6773681640625
v 131.62652587890625 0 267.39718627929688
v 128.92715454101562 0 269.95751953125
v 128.92715454101562 0 267.39718627929688
v 124.47595977783203 0 271.49044799804688
v 129.64903259277344 0 271.49044799804688
v 134.82209777832031 0 271.49044799804688
v 134.82209777832031 0 265.05349731445312
v 130.18669128417969 0 265.05349731445312
v 130.18669128417969 0 264.07699584960938
v 131.62652587890625 0 262.2764892578125
v 128.92715454101562 0 259.71612548828125
v 126.22776794433594 0 262.2764892578125
v 128.92715454101562 0 262.2764892578125
v 120.82900238037109 0 254.59542846679688
v 126.22776794433594 0 254.59542846679688
v 134.82911682128906 0 264.07699584960938
v 134.86738586425781 0 257.4541015625
v 126.90968322753906 0 257.4541015625
v 118.95198059082031 0 257.4541015625
v 118.95198059082031 0 258.06536865234375
v 110.03147888183594 0 254.59542846679688
v 115.43024444580078 0 254.59542846679688
v 118.12962341308594 0 254.59542846679688
v 115.43024444580078 0 257.15579223632812
v 120.82900238037109 0 258.43594360351562
v 119.47931671142578 0 259.71612548828125
v 119.47931671142578 0 258.43594360351562
v 120.82900238037109 0 262.2764892578125
v 115.43024444580078 0 262.2764892578125
v 123.52838897705078 0 254.59542846679688
v 123.52838897705078 0 259.71612548828125
v 118.43128204345703 0 258.06536865234375
v 118.43128204345703 0 258.38232421875
v 118.80447387695312 0 258.43594360351562
v 120.82900238037109 0 255.87559509277344
v 119.47931671142578 0 254.59542846679688
v 119.47931671142578 0 255.87559509277344
v 120.82900238037109 0 252.03507995605469
v 115.43024444580078 0 252.03507995605469
v 116.77993774414062 0 257.15579223632812
v 115.43024444580078 0 258.43594360351562
v 116.77993774414062 0 259.71612548828125
v 116.77993774414062 0 258.43594360351562
v 112.73086547851562 0 254.59542846679688
v 110.03147888183594 0 257.15579223632812
v 112.73086547851562 0 259.71612548828125
v 112.73086547851562 0 257.15579223632812
v 99.233955383300781 0 254.59542846679688
v 104.63272094726562 0 254.59542846679688
v 117.88793182373047 0 258.38232421875
v 117.89225769042969 0 255.86470031738281
v 118.94880676269531 0 255.86470031738281
v 118.94880676269531 0 256.4730224609375
v 126.88896179199219 0 256.4730224609375
v 134.82911682128906 0 256.4730224609375
v 134.94117736816406 0 251.41436767578125
v 126.89697265625 0 251.46240234375
v 118.85276031494141 0 251.51042175292969
v 118.85715484619141 0 252.24678039550781
v 119.47931671142578 0 249.47471618652344
v 119.47931671142578 0 252.03507995605469
v 123.52838897705078 0 249.47471618652344
v 123.52838897705078 0 252.03507995605469
v 120.82900238037109 0 246.91436767578125
v 115.43024444580078 0 246.91436767578125
v 120.82900238037109 0 253.31524658203125
v 118.12962341308594 0 253.31524658203125
v 119.47931671142578 0 253.31524658203125
v 117.89225769042969 0 252.24681091308594
v 117.89225769042969 0 250.107666015625
v 118.38571166992188 0 250.11953735351562
v 116.77993774414062 0 249.47471618652344
v 115.43024444580078 0 250.75489807128906
v 116.77993774414062 0 252.03507995605469
v 116.77993774414062 0 250.75489807128906
v 110.03147888183594 0 252.03507995605469
v 112.73086547851562 0 252.03507995605469
v 118.37809753417969 0 250.43582153320312
v 119.47931671142578 0 250.11480712890625
v 118.80447387695312 0 249.47471618652344
v 118.80447387695312 0 250.11480712890625
v 120.82900238037109 0 248.19454956054688
v 119.47931671142578 0 246.91436767578125
v 119.47931671142578 0 248.19454956054688
v 126.22776794433594 0 246.91436767578125
v 123.52838897705078 0 246.91436767578125
v 119.03121185302734 0 250.43582153320312
v 119.03121185302734 0 250.67364501953125
v 124.95137023925781 0 250.53781127929688
v 124.95137023925781 0 247.82109069824219
v 125.64186859130859 0 247.82109069824219
v 126.22776794433594 0 248.19454956054688
v 123.52838897705078 0 248.19454956054688
v 131.62652587890625 0 246.91436767578125
v 128.92715454101562 0 246.91436767578125
v 125.64186859130859 0 250.58308410644531
v 130.24896240234375 0 250.4642333984375
v 134.85604858398438 0 250.34536743164062
v 134.7994384765625 0 244.09693908691406
v 130.65646362304688 0 244.09693908691406
v 130.65646362304688 0 243.21400451660156
v 131.62652587890625 0 241.79367065429688
v 128.92715454101562 0 239.23332214355469
v 126.22776794433594 0 241.79367065429688
v 128.92715454101562 0 241.79367065429688
v 134.77679443359375 0 243.21400451660156
v 134.84512329101562 0 236.39851379394531
v 130.17869567871094 0 236.39851379394531
v 125.51225280761719 0 236.39851379394531
v 125.51225280761719 0 241.13699340820312
v 124.9039306640625 0 241.13699340820312
v 120.82900238037109 0 241.79367065429688
v 123.52838897705078 0 241.79367065429688
v 126.22776794433594 0 240.51348876953125
v 123.52838897705078 0 240.51348876953125
v 124.9039306640625 0 236.46255493164062
v 122.56671142578125 0 236.46255493164062
v 122.56671142578125 0 235.63011169433594
v 122.17869567871094 0 234.11260986328125
v 122.17869567871094 0 235.39279174804688
v 124.83988952636719 0 235.63011169433594
v 124.83988952636719 0 233.4849853515625
v 125.51225280761719 0 233.4849853515625
v 125.51225280761719 0 235.56608581542969
v 130.23472595214844 0 235.56608581542969
v 134.95718383789062 0 235.56608581542969
v 134.95718383789062 0 234.82969665527344
v 134.32591247558594 0 239.23332214355469
v 135.67559814453125 0 234.11260986328125
v 134.32591247558594 0 235.39279174804688
v 135.86965942382812 0 234.82969665527344
v 110.38568878173828 0 237.22242736816406
v 110.65398406982422 0 237.22242736816406
v 112.73086547851562 0 239.23332214355469
v 110.03147888183594 0 237.95314025878906
v 111.38117218017578 0 239.23332214355469
v 115.43024444580078 0 241.79367065429688
v 110.03147888183594 0 241.79367065429688
v 112.73086547851562 0 241.79367065429688
v 110.70632934570312 0 236.67295837402344
v 110.03147888183594 0 237.31304931640625
v 112.73086547851562 0 235.39279174804688
v 111.38117218017578 0 234.11260986328125
v 110.03147888183594 0 235.39279174804688
v 111.38117218017578 0 235.39279174804688
v 108.68179321289062 0 236.67295837402344
v 108.68179321289062 0 239.23332214355469
v 104.63272094726562 0 241.79367065429688
v 107.33209991455078 0 244.35401916503906
v 107.33209991455078 0 241.79367065429688
v 110.65398406982422 0 236.86466979980469
v 110.961181640625 0 236.86466979980469
v 110.961181640625 0 236.41346740722656
v 111.31362152099609 0 236.41000366210938
v 110.70632934570312 0 235.39279174804688
v 110.03147888183594 0 236.03288269042969
v 110.70632934570312 0 236.03288269042969
v 107.33209991455078 0 235.39279174804688
v 108.68179321289062 0 235.39279174804688
v 111.30992126464844 0 236.0596923828125
v 112.23415374755859 0 236.0596923828125
v 112.77079772949219 0 236.59634399414062
v 115.43024444580078 0 235.39279174804688
v 114.08055114746094 0 234.11260986328125
v 114.08055114746094 0 236.67295837402344
v 114.08055114746094 0 235.39279174804688
v 112.77079772949219 0 237.84852600097656
v 112.20433807373047 0 238.17648315429688
v 115.43024444580078 0 237.95314025878906
v 114.08055114746094 0 239.23332214355469
v 114.08055114746094 0 237.95314025878906
v 112.20433807373047 0 238.53424072265625
v 112.05601501464844 0 239.23332214355469
v 112.73086547851562 0 240.51348876953125
v 110.03147888183594 0 240.51348876953125
v 111.54843139648438 0 238.53424072265625
v 111.54843139648438 0 238.14666748046875
v 110.83289337158203 0 238.14666748046875
v 110.83289337158203 0 237.72926330566406
v 110.03147888183594 0 238.59323120117188
v 110.70632934570312 0 239.23332214355469
v 110.70632934570312 0 238.59323120117188
v 110.38568878173828 0 237.72926330566406
v 111.22048187255859 0 276.33837890625
v 111.72731018066406 0 276.33837890625
v 111.38117218017578 0 275.0782470703125
v 110.03147888183594 0 276.3583984375
v 107.33209991455078 0 275.0782470703125
v 104.63272094726562 0 277.63858032226562
v 107.33209991455078 0 280.19894409179688
v 107.33209991455078 0 277.63858032226562
v 111.72731018066406 0 275.9805908203125
v 112.73086547851562 0 275.71832275390625
v 112.05601501464844 0 275.0782470703125
v 111.38117218017578 0 275.71832275390625
v 112.05601501464844 0 275.71832275390625
v 114.08055114746094 0 275.0782470703125
v 114.08055114746094 0 277.63858032226562
v 114.08055114746094 0 276.3583984375
v 111.38117218017578 0 272.51788330078125
v 110.03147888183594 0 273.79806518554688
v 107.33209991455078 0 269.95751953125
v 104.63272094726562 0 272.51788330078125
v 107.33209991455078 0 272.51788330078125
v 112.62172698974609 0 275.9805908203125
v 113.18820190429688 0 276.42782592773438
v 113.18820190429688 0 277.9781494140625
v 112.65155029296875 0 278.4849853515625
v 112.73086547851562 0 278.91876220703125
v 114.08055114746094 0 280.19894409179688
v 114.08055114746094 0 278.91876220703125
v 110.03147888183594 0 278.91876220703125
v 111.38117218017578 0 280.19894409179688
v 111.38117218017578 0 278.91876220703125
v 111.84657287597656 0 278.4849853515625
v 111.84657287597656 0 278.09738159179688
v 112.05601501464844 0 278.91876220703125
v 111.22048187255859 0 278.09738159179688
v 111.22048187255859 0 277.59054565429688
v 110.92234039306641 0 277.59054565429688
v 110.70632934570312 0 276.3583984375
v 110.03147888183594 0 276.99850463867188
v 110.70632934570312 0 277.63858032226562
v 110.70632934570312 0 276.99850463867188
v 108.68179321289062 0 275.0782470703125
v 107.33209991455078 0 276.3583984375
v 108.68179321289062 0 276.3583984375
v 110.92234039306641 0 276.9644775390625
v 111.22048187255859 0 276.9644775390625
v 104.94520568847656 0 283.472412109375
v 99.370208740234375 0 283.46331787109375
v 99.370208740234375 0 283.210205078125
v 99.908805847167969 0 284.03945922851562
v 101.93333435058594 0 281.4791259765625
v 100.58364868164062 0 280.19894409179688
v 100.58364868164062 0 281.4791259765625
v 101.93333435058594 0 275.0782470703125
v 99.279579162597656 0 283.210205078125
v 99.233955383300781 0 283.079345703125
v 100.58364868164062 0 282.11920166015625
v 99.908805847167969 0 281.4791259765625
v 99.233955383300781 0 282.11920166015625
v 99.908805847167969 0 282.11920166015625
v 99.233955383300781 0 283.23934936523438
v 98.896537780761719 0 282.75927734375
v 98.559112548828125 0 283.079345703125
v 98.896537780761719 0 283.39938354492188
v 98.896537780761719 0 283.079345703125
v 98.559112548828125 0 281.4791259765625
v 97.884269714355469 0 282.11920166015625
v 98.559112548828125 0 282.11920166015625
v 99.908805847167969 0 283.71942138671875
v 99.233955383300781 0 283.71942138671875
v 99.571380615234375 0 284.03945922851562
v 99.571380615234375 0 283.71942138671875
v 100.58364868164062 0 284.6795654296875
v 99.233955383300781 0 284.6795654296875
v 99.908805847167969 0 285.31964111328125
v 99.908805847167969 0 284.6795654296875
v 101.93333435058594 0 286.59982299804688
v 99.233955383300781 0 286.59982299804688
v 100.58364868164062 0 287.8800048828125
v 100.58364868164062 0 286.59982299804688
v 99.295204162597656 0 282.70394897460938
v 105.22645568847656 0 282.70394897460938
v 105.22645568847656 0 283.09146118164062
v 107.33209991455078 0 285.31964111328125
v 107.33209991455078 0 281.4791259765625
v 105.98240661621094 0 280.19894409179688
v 104.63272094726562 0 281.4791259765625
v 105.98240661621094 0 282.75927734375
v 105.98240661621094 0 281.4791259765625
v 105.98240661621094 0 282.11920166015625
v 105.30756378173828 0 281.4791259765625
v 104.63272094726562 0 282.11920166015625
v 105.30756378173828 0 282.11920166015625
v 103.28302764892578 0 280.19894409179688
v 103.28302764892578 0 281.4791259765625
v 107.33209991455078 0 284.03945922851562
v 104.63272094726562 0 284.03945922851562
v 105.98240661621094 0 285.31964111328125
v 105.98240661621094 0 284.03945922851562
v 110.03147888183594 0 287.8800048828125
v 107.33209991455078 0 287.8800048828125
v 105.98240661621094 0 283.39938354492188
v 105.30756378173828 0 284.03945922851562
v 105.30756378173828 0 283.39938354492188
v 103.28302764892578 0 285.31964111328125
v 103.28302764892578 0 284.03945922851562
v 104.94520568847656 0 283.09146118164062
v 73.220672607421875 0 218.87680053710938
v 73.220672607421875 0 217.84671020507812
v 74.250762939453125 0 217.84671020507812
v 74.250762939453125 0 218.87680053710938
v 73.324951171875 0 225.80097961425781
v 73.324951171875 0 224.90451049804688
v 74.301460266113281 0 224.90451049804688
v 74.301460266113281 0 225.80097961425781
v 73.322555541992188 0 231.758544921875
v 73.322555541992188 0 230.92088317871094
v 72.240142822265625 0 232.83244323730469
v 73.589836120605469 0 234.11260986328125
v 73.589836120605469 0 232.83244323730469
v 69.540763854980469 0 228.99191284179688
v 69.540763854980469 0 234.11260986328125
v 73.589836120605469 0 228.99191284179688
v 72.240142822265625 0 230.2720947265625
v 73.589836120605469 0 230.2720947265625
v 74.2620849609375 0 230.92088317871094
v 74.2620849609375 0 231.758544921875
v 63.327320098876953 0 231.80381774902344
v 63.327320098876953 0 231.03408813476562
v 64.141998291015625 0 232.83244323730469
v 62.792312622070312 0 234.11260986328125
v 62.792312622070312 0 232.83244323730469
v 66.841384887695312 0 236.67295837402344
v 64.141998291015625 0 239.23332214355469
v 64.141998291015625 0 236.67295837402344
v 64.368728637695312 0 231.03408813476562
v 64.368728637695312 0 231.80381774902344
v 66.841384887695312 0 230.2720947265625
v 65.491691589355469 0 228.99191284179688
v 65.491691589355469 0 231.55226135253906
v 65.491691589355469 0 230.2720947265625
v 66.841384887695312 0 232.83244323730469
v 65.491691589355469 0 234.11260986328125
v 65.491691589355469 0 232.83244323730469
v 54.384811401367188 0 231.87173461914062
v 54.384811401367188 0 230.89825439453125
v 55.154548645019531 0 230.89825439453125
v 54.694168090820312 0 228.99191284179688
v 54.694168090820312 0 230.2720947265625
v 55.154548645019531 0 231.87173461914062
v 53.344478607177734 0 232.83244323730469
v 54.694168090820312 0 234.11260986328125
v 54.694168090820312 0 232.83244323730469
v 50.645095825195312 0 236.67295837402344
v 53.344478607177734 0 239.23332214355469
v 53.344478607177734 0 236.67295837402344
v 50.645095825195312 0 244.35401916503906
v 56.195953369140625 0 231.89437866210938
v 56.195953369140625 0 230.89825439453125
v 56.943050384521484 0 230.89825439453125
v 56.943050384521484 0 231.89437866210938
v 43.450050354003906 0 222.06893920898438
v 43.450050354003906 0 221.16337585449219
v 45.713977813720703 0 221.16337585449219
v 45.713977813720703 0 222.06893920898438
v 97.489959716796875 0 219.89556884765625
v 97.489959716796875 0 219.23902893066406
v 99.233955383300781 0 220.03068542480469
v 97.884269714355469 0 218.75050354003906
v 97.884269714355469 0 221.31085205078125
v 98.395530700683594 0 219.23902893066406
v 98.395530700683594 0 219.89556884765625
v 97.535240173339844 0 225.80441284179688
v 97.535240173339844 0 225.01203918457031
v 99.233955383300781 0 225.15138244628906
v 97.884269714355469 0 223.8712158203125
v 97.884269714355469 0 226.43156433105469
v 98.418174743652344 0 225.01203918457031
v 98.418174743652344 0 225.80441284179688
v 97.497596740722656 0 231.53196716308594
v 97.497596740722656 0 230.73155212402344
v 97.884269714355469 0 228.99191284179688
v 96.534576416015625 0 230.2720947265625
v 97.884269714355469 0 230.2720947265625
v 98.394065856933594 0 230.73155212402344
v 98.394065856933594 0 231.53196716308594
v 9.5155715942382812 0 221.07850646972656
v 9.5155715942382812 0 220.22206115722656
v 10.075864791870117 0 220.22206115722656
v 10.075864791870117 0 221.07850646972656
v 22.994623184204102 0 239.88833618164062
v 22.994623184204102 0 239.08792114257812
v 23.651283264160156 0 240.51348876953125
v 22.301593780517578 0 239.23332214355469
v 20.951902389526367 0 240.51348876953125
v 22.301593780517578 0 240.51348876953125
v 23.602939605712891 0 239.08792114257812
v 23.602939605712891 0 239.88833618164062
v 92.823150634765625 0 228.36231994628906
v 92.823150634765625 0 227.52987670898438
v 93.783653259277344 0 227.52987670898438
v 93.783653259277344 0 228.36231994628906
v 88.596939086914062 0 231.59600830078125
v 88.596939086914062 0 230.76356506347656
v 91.135810852050781 0 232.83244323730469
v 88.436431884765625 0 232.83244323730469
v 89.786125183105469 0 234.11260986328125
v 89.786125183105469 0 232.83244323730469
v 93.835197448730469 0 236.67295837402344
v 88.436431884765625 0 236.67295837402344
v 91.135810852050781 0 239.23332214355469
v 91.135810852050781 0 236.67295837402344
v 93.835197448730469 0 249.47471618652344
v 93.835197448730469 0 244.35401916503906
v 91.135810852050781 0 230.2720947265625
v 89.786125183105469 0 228.99191284179688
v 89.786125183105469 0 230.2720947265625
v 91.734580993652344 0 230.76356506347656
v 91.734580993652344 0 231.59600830078125
v 92.485504150390625 0 230.2720947265625
v 93.835197448730469 0 232.83244323730469
v 92.485504150390625 0 234.11260986328125
v 92.485504150390625 0 232.83244323730469
v 121.26117706298828 0 221.07281494140625
v 121.26117706298828 0 220.40495300292969
v 121.65737152099609 0 220.40495300292969
v 121.65737152099609 0 221.07281494140625
v 53.411170959472656 0 268.61654663085938
v 53.411170959472656 0 266.08236694335938
v 56.869594573974609 0 266.08236694335938
v 66.841384887695312 0 264.83682250976562
v 61.442619323730469 0 259.71612548828125
v 61.442619323730469 0 264.83682250976562
v 56.869594573974609 0 268.61654663085938
v 53.411170959472656 0 273.38677978515625
v 53.411170959472656 0 270.85260009765625
v 56.869594573974609 0 270.85260009765625
v 56.869594573974609 0 273.38677978515625
v 59.109855651855469 0 276.73056030273438
v 59.415447235107422 0 276.73056030273438
v 61.442619323730469 0 277.63858032226562
v 58.743240356445312 0 275.0782470703125
v 58.743240356445312 0 277.63858032226562
v 61.442619323730469 0 276.3583984375
v 60.092929840087891 0 275.0782470703125
v 58.743240356445312 0 276.3583984375
v 66.841384887695312 0 277.63858032226562
v 64.141998291015625 0 275.0782470703125
v 64.141998291015625 0 277.63858032226562
v 61.442619323730469 0 272.51788330078125
v 58.743240356445312 0 269.95751953125
v 58.743240356445312 0 272.51788330078125
v 57.393547058105469 0 275.0782470703125
v 61.442619323730469 0 278.91876220703125
v 58.743240356445312 0 278.91876220703125
v 60.092929840087891 0 280.19894409179688
v 60.092929840087891 0 278.91876220703125
v 59.415447235107422 0 276.42123413085938
v 60.153343200683594 0 276.42123413085938
v 60.153343200683594 0 276.73056030273438
v 61.442619323730469 0 276.99850463867188
v 60.767776489257812 0 276.3583984375
v 60.767776489257812 0 277.63858032226562
v 60.767776489257812 0 276.99850463867188
v 64.141998291015625 0 276.3583984375
v 62.792312622070312 0 275.0782470703125
v 66.841384887695312 0 272.51788330078125
v 64.141998291015625 0 269.95751953125
v 64.141998291015625 0 272.51788330078125
v 60.451480865478516 0 276.73056030273438
v 60.451480865478516 0 277.39019775390625
v 60.153343200683594 0 277.39019775390625
v 60.153343200683594 0 277.7032470703125
v 61.442619323730469 0 278.2786865234375
v 60.092929840087891 0 278.2786865234375
v 60.767776489257812 0 278.91876220703125
v 60.767776489257812 0 278.2786865234375
v 64.141998291015625 0 278.91876220703125
v 62.792312622070312 0 280.19894409179688
v 62.792312622070312 0 278.91876220703125
v 59.415447235107422 0 277.7032470703125
v 59.415447235107422 0 277.39019775390625
v 58.743240356445312 0 278.2786865234375
v 59.418083190917969 0 278.91876220703125
v 59.418083190917969 0 278.2786865234375
v 56.043857574462891 0 278.91876220703125
v 57.393547058105469 0 280.19894409179688
v 57.393547058105469 0 278.91876220703125
v 59.109855651855469 0 277.39019775390625
v 65.311164855957031 0 276.73056030273438
v 65.616752624511719 0 276.73056030273438
v 66.841384887695312 0 276.3583984375
v 65.491691589355469 0 275.0782470703125
v 69.540763854980469 0 275.0782470703125
v 64.816848754882812 0 276.3583984375
v 64.141998291015625 0 276.99850463867188
v 64.816848754882812 0 277.63858032226562
v 64.816848754882812 0 276.99850463867188
v 66.841384887695312 0 278.91876220703125
v 65.491691589355469 0 280.19894409179688
v 65.491691589355469 0 278.91876220703125
v 68.191070556640625 0 275.0782470703125
v 68.191070556640625 0 277.63858032226562
v 68.191070556640625 0 276.3583984375
v 72.240142822265625 0 272.51788330078125
v 69.540763854980469 0 269.95751953125
v 69.540763854980469 0 272.51788330078125
v 77.638908386230469 0 264.83682250976562
v 72.240142822265625 0 259.71612548828125
v 72.240142822265625 0 264.83682250976562
v 65.616752624511719 0 276.42123413085938
v 66.354652404785156 0 276.42123413085938
v 66.354652404785156 0 276.73056030273438
v 66.652793884277344 0 276.73056030273438
v 66.652793884277344 0 277.39019775390625
v 66.354652404785156 0 277.39019775390625
v 66.354652404785156 0 277.7032470703125
v 66.841384887695312 0 278.2786865234375
v 65.491691589355469 0 278.2786865234375
v 66.166534423828125 0 278.91876220703125
v 66.166534423828125 0 278.2786865234375
v 69.540763854980469 0 278.91876220703125
v 68.191070556640625 0 280.19894409179688
v 68.191070556640625 0 278.91876220703125
v 65.616752624511719 0 277.7032470703125
v 65.616752624511719 0 277.39019775390625
v 65.311164855957031 0 277.39019775390625
v 102.39615631103516 0 218.46913146972656
v 103.16455841064453 0 218.46913146972656
v 101.93333435058594 0 217.4703369140625
v 103.16455841064453 0 222.887451171875
v 102.84439086914062 0 222.887451171875
v 103.28302764892578 0 223.23112487792969
v 101.93333435058594 0 223.23112487792969
v 102.60818481445312 0 223.8712158203125
v 102.60818481445312 0 223.23112487792969
v 100.58364868164062 0 221.31085205078125
v 99.233955383300781 0 222.59103393554688
v 100.58364868164062 0 223.8712158203125
v 100.58364868164062 0 222.59103393554688
v 102.84439086914062 0 223.07954406738281
v 103.28302764892578 0 222.91107177734375
v 102.94560241699219 0 223.23112487792969
v 104.63272094726562 0 223.23112487792969
v 103.95787048339844 0 222.59103393554688
v 103.95787048339844 0 223.23112487792969
v 105.98240661621094 0 221.31085205078125
v 105.98240661621094 0 222.59103393554688
v 101.93333435058594 0 221.95094299316406
v 102.39615631103516 0 223.07954406738281
v 102.39615631103516 0 219.87786865234375
v 102.04396820068359 0 219.87786865234375
v 100.58364868164062 0 218.75050354003906
v 100.58364868164062 0 220.03068542480469
v 102.04396820068359 0 219.17350769042969
v 102.42816925048828 0 219.17350769042969
v 111.16506195068359 0 240.77490234375
v 111.47065734863281 0 240.77490234375
v 110.70632934570312 0 240.51348876953125
v 110.03147888183594 0 241.15357971191406
v 110.70632934570312 0 241.79367065429688
v 110.70632934570312 0 241.15357971191406
v 107.33209991455078 0 240.51348876953125
v 108.68179321289062 0 241.79367065429688
v 108.68179321289062 0 240.51348876953125
v 112.73086547851562 0 243.07383728027344
v 110.03147888183594 0 243.07383728027344
v 111.38117218017578 0 243.07383728027344
v 110.03147888183594 0 246.91436767578125
v 112.73086547851562 0 246.91436767578125
v 112.73086547851562 0 241.15357971191406
v 115.43024444580078 0 240.51348876953125
v 114.08055114746094 0 241.79367065429688
v 114.08055114746094 0 240.51348876953125
v 111.47065734863281 0 240.46559143066406
v 112.73086547851562 0 239.87339782714844
v 111.38117218017578 0 239.87339782714844
v 112.05601501464844 0 239.87339782714844
v 112.20854949951172 0 240.46559143066406
v 112.20854949951172 0 240.77490234375
v 112.50669097900391 0 240.77490234375
v 112.50669097900391 0 241.43453979492188
v 112.20854949951172 0 241.43453979492188
v 112.20854949951172 0 241.74758911132812
v 111.47065734863281 0 241.74758911132812
v 111.47065734863281 0 241.43453979492188
v 111.16506195068359 0 241.43453979492188
v 111.22469329833984 0 243.75630187988281
v 111.53028869628906 0 243.75630187988281
v 110.70632934570312 0 243.07383728027344
v 110.03147888183594 0 243.71392822265625
v 110.70632934570312 0 244.35401916503906
v 110.70632934570312 0 243.71392822265625
v 107.33209991455078 0 243.07383728027344
v 108.68179321289062 0 244.35401916503906
v 108.68179321289062 0 243.07383728027344
v 104.63272094726562 0 246.91436767578125
v 107.33209991455078 0 249.47471618652344
v 107.33209991455078 0 246.91436767578125
v 112.73086547851562 0 245.63420104980469
v 110.03147888183594 0 245.63420104980469
v 111.38117218017578 0 245.63420104980469
v 112.05601501464844 0 243.07383728027344
v 115.43024444580078 0 243.07383728027344
v 114.08055114746094 0 244.35401916503906
v 114.08055114746094 0 243.07383728027344
v 111.53028869628906 0 243.44697570800781
v 112.26818084716797 0 243.44697570800781
v 112.26818084716797 0 243.75630187988281
v 112.56632232666016 0 243.75630187988281
v 112.56632232666016 0 244.41593933105469
v 112.26818084716797 0 244.41593933105469
v 112.73086547851562 0 244.99411010742188
v 111.38117218017578 0 244.99411010742188
v 112.05601501464844 0 245.63420104980469
v 112.05601501464844 0 244.99411010742188
v 115.43024444580078 0 245.63420104980469
v 114.08055114746094 0 246.91436767578125
v 114.08055114746094 0 245.63420104980469
v 112.26818084716797 0 244.72898864746094
v 111.53028869628906 0 244.72898864746094
v 111.53028869628906 0 244.41593933105469
v 111.22469329833984 0 244.41593933105469
v 110.03147888183594 0 244.99411010742188
v 110.70632934570312 0 245.63420104980469
v 110.70632934570312 0 244.99411010742188
v 107.33209991455078 0 245.63420104980469
v 108.68179321289062 0 246.91436767578125
v 108.68179321289062 0 245.63420104980469
v 111.40357971191406 0 270.35037231445312
v 111.70916748046875 0 270.35037231445312
v 112.73086547851562 0 271.23770141601562
v 111.38117218017578 0 269.95751953125
v 110.03147888183594 0 271.23770141601562
v 111.38117218017578 0 271.23770141601562
v 114.08055114746094 0 269.95751953125
v 114.08055114746094 0 272.51788330078125
v 114.08055114746094 0 271.23770141601562
v 112.73086547851562 0 268.6773681640625
v 110.03147888183594 0 268.6773681640625
v 111.38117218017578 0 268.6773681640625
v 107.33209991455078 0 264.83682250976562
v 104.63272094726562 0 267.39718627929688
v 107.33209991455078 0 267.39718627929688
v 111.70916748046875 0 270.04104614257812
v 112.44706726074219 0 270.04104614257812
v 112.44706726074219 0 270.35037231445312
v 112.74520111083984 0 270.35037231445312
v 114.08055114746094 0 270.59762573242188
v 113.40570831298828 0 269.95751953125
v 113.40570831298828 0 271.23770141601562
v 113.40570831298828 0 270.59762573242188
v 114.08055114746094 0 267.39718627929688
v 114.08055114746094 0 268.6773681640625
v 112.74520111083984 0 271.010009765625
v 112.44706726074219 0 271.010009765625
v 112.44706726074219 0 271.32305908203125
v 112.73086547851562 0 271.8778076171875
v 111.38117218017578 0 271.8778076171875
v 112.05601501464844 0 272.51788330078125
v 112.05601501464844 0 271.8778076171875
v 111.70916748046875 0 271.32305908203125
v 111.70916748046875 0 271.010009765625
v 111.40357971191406 0 271.010009765625
v 111.40357971191406 0 273.39138793945312
v 111.70916748046875 0 273.39138793945312
v 112.73086547851562 0 273.157958984375
v 114.08055114746094 0 273.79806518554688
v 111.70916748046875 0 273.08209228515625
v 112.44706726074219 0 273.08209228515625
v 112.44706726074219 0 273.39138793945312
v 112.74520111083984 0 273.39138793945312
v 114.08055114746094 0 273.157958984375
v 113.40570831298828 0 272.51788330078125
v 113.40570831298828 0 273.79806518554688
v 113.40570831298828 0 273.157958984375
v 112.74520111083984 0 274.051025390625
v 112.44706726074219 0 274.051025390625
v 114.08055114746094 0 274.43814086914062
v 112.73086547851562 0 274.43814086914062
v 113.40570831298828 0 275.0782470703125
v 113.40570831298828 0 274.43814086914062
v 112.44706726074219 0 274.36407470703125
v 111.70916748046875 0 274.36407470703125
v 111.70916748046875 0 274.051025390625
v 111.40357971191406 0 274.051025390625
v 15.96599006652832 0 212.78683471679688
v 16.622528076171875 0 212.78683471679688
v 16.645168304443359 0 212.42462158203125
v 15.553140640258789 0 212.98971557617188
v 17.007396697998047 0 212.42462158203125
v 18.252521514892578 0 212.98971557617188
v 17.577676773071289 0 213.62980651855469
v 17.577676773071289 0 212.98971557617188
v 16.984756469726562 0 213.42074584960938
v 15.920711517333984 0 213.37545776367188
v 74.404426574707031 0 276.79019165039062
v 74.71002197265625 0 276.79019165039062
v 73.589836120605469 0 275.0782470703125
v 73.589836120605469 0 277.63858032226562
v 73.589836120605469 0 276.3583984375
v 77.638908386230469 0 272.51788330078125
v 74.939529418945312 0 269.95751953125
v 74.939529418945312 0 272.51788330078125
v 73.589836120605469 0 276.99850463867188
v 74.264678955078125 0 277.63858032226562
v 74.939529418945312 0 278.91876220703125
v 72.240142822265625 0 278.91876220703125
v 73.589836120605469 0 280.19894409179688
v 73.589836120605469 0 278.91876220703125
v 77.638908386230469 0 276.3583984375
v 76.289215087890625 0 275.0782470703125
v 76.289215087890625 0 277.63858032226562
v 76.289215087890625 0 276.3583984375
v 83.037666320800781 0 277.63858032226562
v 80.338287353515625 0 275.0782470703125
v 80.338287353515625 0 277.63858032226562
v 74.71002197265625 0 276.48086547851562
v 75.447914123535156 0 276.48086547851562
v 75.447914123535156 0 276.79019165039062
v 76.289215087890625 0 276.99850463867188
v 77.638908386230469 0 278.91876220703125
v 76.289215087890625 0 278.91876220703125
v 75.746055603027344 0 276.79019165039062
v 75.746055603027344 0 277.4498291015625
v 75.447914123535156 0 277.4498291015625
v 75.447914123535156 0 277.76287841796875
v 76.289215087890625 0 278.2786865234375
v 74.939529418945312 0 278.2786865234375
v 75.614372253417969 0 278.91876220703125
v 75.614372253417969 0 278.2786865234375
v 74.71002197265625 0 277.76287841796875
v 74.71002197265625 0 277.4498291015625
v 73.589836120605469 0 278.2786865234375
v 74.264678955078125 0 278.91876220703125
v 74.264678955078125 0 278.2786865234375
v 74.404426574707031 0 277.4498291015625
v 77.594520568847656 0 276.7603759765625
v 77.900115966796875 0 276.7603759765625
v 76.964065551757812 0 276.3583984375
v 76.964065551757812 0 277.63858032226562
v 76.964065551757812 0 276.99850463867188
v 80.338287353515625 0 276.3583984375
v 78.988601684570312 0 275.0782470703125
v 78.988601684570312 0 277.63858032226562
v 78.988601684570312 0 276.3583984375
v 83.037666320800781 0 272.51788330078125
v 80.338287353515625 0 269.95751953125
v 80.338287353515625 0 272.51788330078125
v 88.436431884765625 0 264.83682250976562
v 83.037666320800781 0 259.71612548828125
v 83.037666320800781 0 264.83682250976562
v 80.338287353515625 0 278.91876220703125
v 78.988601684570312 0 280.19894409179688
v 78.988601684570312 0 278.91876220703125
v 77.900115966796875 0 276.4510498046875
v 78.638008117675781 0 276.4510498046875
v 78.638008117675781 0 276.7603759765625
v 78.936149597167969 0 276.7603759765625
v 78.936149597167969 0 277.42001342773438
v 78.638008117675781 0 277.42001342773438
v 78.638008117675781 0 277.73306274414062
v 78.988601684570312 0 278.2786865234375
v 77.638908386230469 0 278.2786865234375
v 78.313751220703125 0 278.91876220703125
v 78.313751220703125 0 278.2786865234375
v 77.900115966796875 0 277.73306274414062
v 77.900115966796875 0 277.42001342773438
v 77.594520568847656 0 277.42001342773438
v 80.575920104980469 0 276.7603759765625
v 80.881515502929688 0 276.7603759765625
v 83.037666320800781 0 276.3583984375
v 81.687980651855469 0 275.0782470703125
v 88.436431884765625 0 277.63858032226562
v 85.737052917480469 0 275.0782470703125
v 85.737052917480469 0 280.19894409179688
v 85.737052917480469 0 277.63858032226562
v 83.037666320800781 0 278.91876220703125
v 81.687980651855469 0 280.19894409179688
v 81.687980651855469 0 278.91876220703125
v 80.881515502929688 0 276.4510498046875
v 81.619407653808594 0 276.4510498046875
v 81.619407653808594 0 276.7603759765625
v 81.917549133300781 0 276.7603759765625
v 83.037666320800781 0 276.99850463867188
v 82.362823486328125 0 276.3583984375
v 82.362823486328125 0 277.63858032226562
v 82.362823486328125 0 276.99850463867188
v 85.737052917480469 0 276.3583984375
v 84.387359619140625 0 275.0782470703125
v 88.436431884765625 0 272.51788330078125
v 85.737052917480469 0 269.95751953125
v 85.737052917480469 0 272.51788330078125
v 81.917549133300781 0 277.42001342773438
v 81.619407653808594 0 277.42001342773438
v 81.619407653808594 0 277.73306274414062
v 81.687980651855469 0 278.2786865234375
v 80.338287353515625 0 278.2786865234375
v 81.013130187988281 0 278.91876220703125
v 81.013130187988281 0 278.2786865234375
v 80.881515502929688 0 277.73306274414062
v 80.881515502929688 0 277.42001342773438
v 80.575920104980469 0 277.42001342773438
v 83.587135314941406 0 276.7603759765625
v 83.892723083496094 0 276.7603759765625
v 83.712516784667969 0 277.63858032226562
v 85.737052917480469 0 278.91876220703125
v 84.387359619140625 0 280.19894409179688
v 84.387359619140625 0 278.91876220703125
v 85.737052917480469 0 285.31964111328125
v 83.892723083496094 0 276.4510498046875
v 84.630622863769531 0 276.4510498046875
v 84.630622863769531 0 276.7603759765625
v 85.737052917480469 0 276.99850463867188
v 85.062202453613281 0 277.63858032226562
v 88.436431884765625 0 276.3583984375
v 87.086738586425781 0 275.0782470703125
v 91.135810852050781 0 275.0782470703125
v 84.928756713867188 0 276.7603759765625
v 84.928756713867188 0 277.42001342773438
v 84.630622863769531 0 277.42001342773438
v 84.630622863769531 0 277.73306274414062
v 85.737052917480469 0 278.2786865234375
v 84.387359619140625 0 278.2786865234375
v 85.062202453613281 0 278.91876220703125
v 85.062202453613281 0 278.2786865234375
v 88.436431884765625 0 278.91876220703125
v 87.086738586425781 0 280.19894409179688
v 87.086738586425781 0 278.91876220703125
v 83.892723083496094 0 277.73306274414062
v 83.892723083496094 0 277.42001342773438
v 83.037666320800781 0 278.2786865234375
v 83.712516784667969 0 278.91876220703125
v 83.712516784667969 0 278.2786865234375
v 83.587135314941406 0 277.42001342773438
v 108.09422302246094 0 276.879638671875
v 108.39981842041016 0 276.879638671875
v 108.00694274902344 0 276.3583984375
v 107.33209991455078 0 276.99850463867188
v 105.98240661621094 0 275.0782470703125
v 104.63272094726562 0 276.3583984375
v 105.98240661621094 0 276.3583984375
v 107.33209991455078 0 278.91876220703125
v 108.68179321289062 0 280.19894409179688
v 108.68179321289062 0 278.91876220703125
v 108.39981842041016 0 276.5703125
v 109.13771057128906 0 276.5703125
v 109.13771057128906 0 276.879638671875
v 109.35663604736328 0 276.3583984375
v 109.43585205078125 0 276.879638671875
v 109.43585205078125 0 277.53927612304688
v 109.13771057128906 0 277.53927612304688
v 109.13771057128906 0 277.85232543945312
v 110.03147888183594 0 278.2786865234375
v 108.68179321289062 0 278.2786865234375
v 109.35663604736328 0 278.91876220703125
v 109.35663604736328 0 278.2786865234375
v 108.39981842041016 0 277.85232543945312
v 108.39981842041016 0 277.53927612304688
v 107.33209991455078 0 278.2786865234375
v 108.00694274902344 0 278.91876220703125
v 108.00694274902344 0 278.2786865234375
v 104.63272094726562 0 278.91876220703125
v 105.98240661621094 0 278.91876220703125
v 108.09422302246094 0 277.53927612304688
v 104.96375274658203 0 276.879638671875
v 105.26934814453125 0 276.879638671875
v 105.30756378173828 0 276.3583984375
v 104.63272094726562 0 276.99850463867188
v 103.28302764892578 0 275.0782470703125
v 101.93333435058594 0 276.3583984375
v 103.28302764892578 0 276.3583984375
v 101.93333435058594 0 269.95751953125
v 99.233955383300781 0 272.51788330078125
v 101.93333435058594 0 272.51788330078125
v 105.26934814453125 0 276.5703125
v 106.00724792480469 0 276.5703125
v 106.00724792480469 0 276.879638671875
v 106.65725708007812 0 276.3583984375
v 106.65725708007812 0 277.63858032226562
v 106.65725708007812 0 276.99850463867188
v 106.30538177490234 0 276.879638671875
v 106.30538177490234 0 277.53927612304688
v 106.00724792480469 0 277.53927612304688
v 106.00724792480469 0 277.85232543945312
v 105.98240661621094 0 278.2786865234375
v 106.65725708007812 0 278.91876220703125
v 106.65725708007812 0 278.2786865234375
v 105.26934814453125 0 277.85232543945312
v 105.26934814453125 0 277.53927612304688
v 104.63272094726562 0 278.2786865234375
v 105.30756378173828 0 278.91876220703125
v 105.30756378173828 0 278.2786865234375
v 101.93333435058594 0 278.91876220703125
v 103.28302764892578 0 278.91876220703125
v 104.96375274658203 0 277.53927612304688
v 101.83329010009766 0 276.879638671875
v 102.13888549804688 0 276.879638671875
v 100.58364868164062 0 275.0782470703125
v 99.233955383300781 0 276.3583984375
v 100.58364868164062 0 277.63858032226562
v 100.58364868164062 0 276.3583984375
v 101.25849151611328 0 276.3583984375
v 100.58364868164062 0 276.99850463867188
v 101.25849151611328 0 277.63858032226562
v 101.25849151611328 0 276.99850463867188
v 99.233955383300781 0 278.91876220703125
v 100.58364868164062 0 278.91876220703125
v 102.60818481445312 0 276.3583984375
v 102.13888549804688 0 276.5703125
v 102.87677764892578 0 276.5703125
v 102.87677764892578 0 276.879638671875
v 103.17491912841797 0 276.879638671875
v 103.17491912841797 0 277.53927612304688
v 102.87677764892578 0 277.53927612304688
v 102.87677764892578 0 277.85232543945312
v 103.28302764892578 0 278.2786865234375
v 101.93333435058594 0 278.2786865234375
v 102.60818481445312 0 278.91876220703125
v 102.60818481445312 0 278.2786865234375
v 102.13888549804688 0 277.85232543945312
v 102.13888549804688 0 277.53927612304688
v 101.83329010009766 0 277.53927612304688
v 98.822074890136719 0 276.879638671875
v 99.127670288085938 0 276.879638671875
v 97.884269714355469 0 275.0782470703125
v 96.534576416015625 0 276.3583984375
v 97.884269714355469 0 277.63858032226562
v 97.884269714355469 0 276.3583984375
v 96.534576416015625 0 269.95751953125
v 93.835197448730469 0 272.51788330078125
v 96.534576416015625 0 272.51788330078125
v 93.835197448730469 0 259.71612548828125
v 93.835197448730469 0 264.83682250976562
v 98.559112548828125 0 276.3583984375
v 97.884269714355469 0 276.99850463867188
v 98.559112548828125 0 277.63858032226562
v 98.559112548828125 0 276.99850463867188
v 96.534576416015625 0 278.91876220703125
v 97.884269714355469 0 278.91876220703125
v 99.127670288085938 0 276.5703125
v 99.865562438964844 0 276.5703125
v 99.865562438964844 0 276.879638671875
v 99.908805847167969 0 276.3583984375
v 100.16370391845703 0 276.879638671875
v 100.16370391845703 0 277.53927612304688
v 99.865562438964844 0 277.53927612304688
v 99.865562438964844 0 277.85232543945312
v 100.58364868164062 0 278.2786865234375
v 99.233955383300781 0 278.2786865234375
v 99.908805847167969 0 278.91876220703125
v 99.908805847167969 0 278.2786865234375
v 99.127670288085938 0 277.85232543945312
v 99.127670288085938 0 277.53927612304688
v 97.884269714355469 0 278.2786865234375
v 98.559112548828125 0 278.91876220703125
v 98.559112548828125 0 278.2786865234375
v 98.822074890136719 0 277.53927612304688
v 95.810867309570312 0 276.879638671875
v 96.116455078125 0 276.879638671875
v 95.184883117675781 0 275.0782470703125
v 93.835197448730469 0 276.3583984375
v 95.184883117675781 0 277.63858032226562
v 95.184883117675781 0 276.3583984375
v 95.859733581542969 0 276.3583984375
v 95.184883117675781 0 276.99850463867188
v 93.835197448730469 0 278.91876220703125
v 95.184883117675781 0 280.19894409179688
v 95.184883117675781 0 278.91876220703125
v 96.116455078125 0 276.5703125
v 96.854354858398438 0 276.5703125
v 96.854354858398438 0 276.879638671875
v 97.209419250488281 0 276.3583984375
v 97.152488708496094 0 276.879638671875
v 97.152488708496094 0 277.53927612304688
v 96.854354858398438 0 277.53927612304688
v 96.854354858398438 0 277.85232543945312
v 96.534576416015625 0 278.2786865234375
v 97.209419250488281 0 278.91876220703125
v 97.209419250488281 0 278.2786865234375
v 96.116455078125 0 277.85232543945312
v 96.116455078125 0 277.53927612304688
v 95.184883117675781 0 278.2786865234375
v 95.859733581542969 0 278.91876220703125
v 95.859733581542969 0 278.2786865234375
v 95.810867309570312 0 277.53927612304688
v 92.799652099609375 0 276.84982299804688
v 93.105247497558594 0 276.84982299804688
v 92.485504150390625 0 275.0782470703125
v 91.135810852050781 0 276.3583984375
v 92.485504150390625 0 277.63858032226562
v 92.485504150390625 0 276.3583984375
v 91.135810852050781 0 269.95751953125
v 91.135810852050781 0 272.51788330078125
v 93.160346984863281 0 276.3583984375
v 92.485504150390625 0 276.99850463867188
v 91.135810852050781 0 278.91876220703125
v 92.485504150390625 0 280.19894409179688
v 92.485504150390625 0 278.91876220703125
v 93.105247497558594 0 276.54049682617188
v 93.8431396484375 0 276.54049682617188
v 93.8431396484375 0 276.84982299804688
v 94.510040283203125 0 276.3583984375
v 94.510040283203125 0 277.63858032226562
v 94.510040283203125 0 276.99850463867188
v 94.141281127929688 0 276.84982299804688
v 94.141281127929688 0 277.50946044921875
v 93.8431396484375 0 277.50946044921875
v 93.8431396484375 0 277.822509765625
v 93.835197448730469 0 278.2786865234375
v 94.510040283203125 0 278.91876220703125
v 94.510040283203125 0 278.2786865234375
v 93.105247497558594 0 277.822509765625
v 93.105247497558594 0 277.50946044921875
v 92.485504150390625 0 278.2786865234375
v 93.160346984863281 0 278.91876220703125
v 93.160346984863281 0 278.2786865234375
v 92.799652099609375 0 277.50946044921875
v 89.669181823730469 0 276.84982299804688
v 89.974777221679688 0 276.84982299804688
v 89.786125183105469 0 275.0782470703125
v 89.786125183105469 0 276.3583984375
v 89.111274719238281 0 276.3583984375
v 88.436431884765625 0 276.99850463867188
v 89.111274719238281 0 277.63858032226562
v 89.111274719238281 0 276.99850463867188
v 89.786125183105469 0 280.19894409179688
v 89.786125183105469 0 278.91876220703125
v 90.460968017578125 0 276.3583984375
v 89.974777221679688 0 276.54049682617188
v 90.712669372558594 0 276.54049682617188
v 90.712669372558594 0 276.84982299804688
v 91.010810852050781 0 276.84982299804688
v 91.010810852050781 0 277.50946044921875
v 90.712669372558594 0 277.50946044921875
v 90.712669372558594 0 277.822509765625
v 91.135810852050781 0 278.2786865234375
v 89.786125183105469 0 278.2786865234375
v 90.460968017578125 0 278.91876220703125
v 90.460968017578125 0 278.2786865234375
v 89.974777221679688 0 277.822509765625
v 89.974777221679688 0 277.50946044921875
v 89.669181823730469 0 277.50946044921875
v 86.598342895507812 0 276.7603759765625
v 86.903938293457031 0 276.7603759765625
v 86.411895751953125 0 276.3583984375
v 86.411895751953125 0 277.63858032226562
v 86.411895751953125 0 276.99850463867188
v 86.903938293457031 0 276.4510498046875
v 87.641830444335938 0 276.4510498046875
v 87.641830444335938 0 276.7603759765625
v 87.939971923828125 0 276.7603759765625
v 87.939971923828125 0 277.42001342773438
v 87.641830444335938 0 277.42001342773438
v 87.641830444335938 0 277.73306274414062
v 88.436431884765625 0 278.2786865234375
v 87.086738586425781 0 278.2786865234375
v 87.761589050292969 0 278.91876220703125
v 87.761589050292969 0 278.2786865234375
v 86.903938293457031 0 277.73306274414062
v 86.903938293457031 0 277.42001342773438
v 86.411895751953125 0 278.91876220703125
v 86.411895751953125 0 278.2786865234375
v 86.598342895507812 0 277.42001342773438
v 34.316997528076172 0 251.634033203125
v 34.622592926025391 0 251.634033203125
v 31.749427795410156 0 249.47471618652344
v 29.050046920776367 0 252.03507995605469
v 31.749427795410156 0 254.59542846679688
v 31.749427795410156 0 252.03507995605469
v 34.448810577392578 0 250.75489807128906
v 33.099117279052734 0 249.47471618652344
v 31.749427795410156 0 250.75489807128906
v 33.099117279052734 0 252.03507995605469
v 33.099117279052734 0 250.75489807128906
v 29.050046920776367 0 246.91436767578125
v 31.749427795410156 0 246.91436767578125
v 34.448810577392578 0 251.39498901367188
v 33.773963928222656 0 250.75489807128906
v 33.099117279052734 0 251.39498901367188
v 33.773963928222656 0 252.03507995605469
v 33.773963928222656 0 251.39498901367188
v 34.448810577392578 0 253.31524658203125
v 31.749427795410156 0 253.31524658203125
v 33.099117279052734 0 254.59542846679688
v 33.099117279052734 0 253.31524658203125
v 37.148189544677734 0 250.75489807128906
v 35.798500061035156 0 249.47471618652344
v 35.798500061035156 0 250.75489807128906
v 39.847572326660156 0 246.91436767578125
v 37.148189544677734 0 244.35401916503906
v 37.148189544677734 0 246.91436767578125
v 35.123653411865234 0 250.75489807128906
v 34.622592926025391 0 251.32472229003906
v 35.360488891601562 0 251.32472229003906
v 35.360488891601562 0 251.634033203125
v 35.658626556396484 0 251.634033203125
v 35.658626556396484 0 252.29367065429688
v 35.360488891601562 0 252.29367065429688
v 34.448810577392578 0 252.67515563964844
v 35.360488891601562 0 252.60671997070312
v 34.622592926025391 0 252.60671997070312
v 34.622592926025391 0 252.29367065429688
v 34.316997528076172 0 252.29367065429688
v 33.099117279052734 0 252.67515563964844
v 33.773963928222656 0 253.31524658203125
v 33.773963928222656 0 252.67515563964844
v 33.853202819824219 0 240.33425903320312
v 34.158794403076172 0 240.33425903320312
v 33.099117279052734 0 239.23332214355469
v 31.749427795410156 0 240.51348876953125
v 33.099117279052734 0 241.79367065429688
v 33.099117279052734 0 240.51348876953125
v 39.847572326660156 0 241.79367065429688
v 37.148189544677734 0 239.23332214355469
v 37.148189544677734 0 241.79367065429688
v 33.773963928222656 0 239.23332214355469
v 33.099117279052734 0 239.87339782714844
v 33.773963928222656 0 239.87339782714844
v 37.148189544677734 0 240.51348876953125
v 35.798500061035156 0 239.23332214355469
v 35.798500061035156 0 241.79367065429688
v 35.798500061035156 0 240.51348876953125
v 33.099117279052734 0 236.67295837402344
v 33.099117279052734 0 237.95314025878906
v 34.158794403076172 0 240.02494812011719
v 34.896690368652344 0 240.02494812011719
v 34.896690368652344 0 240.33425903320312
v 35.798500061035156 0 239.87339782714844
v 35.123653411865234 0 239.23332214355469
v 35.123653411865234 0 239.87339782714844
v 35.798500061035156 0 236.67295837402344
v 35.798500061035156 0 237.95314025878906
v 35.194831848144531 0 240.33425903320312
v 35.194831848144531 0 240.993896484375
v 34.896690368652344 0 240.993896484375
v 35.798500061035156 0 241.15357971191406
v 35.123653411865234 0 241.79367065429688
v 37.148189544677734 0 243.07383728027344
v 35.798500061035156 0 244.35401916503906
v 35.798500061035156 0 243.07383728027344
v 34.896690368652344 0 241.30694580078125
v 34.158794403076172 0 241.30694580078125
v 34.158794403076172 0 240.993896484375
v 33.099117279052734 0 241.15357971191406
v 33.773963928222656 0 241.79367065429688
v 31.749427795410156 0 243.07383728027344
v 33.099117279052734 0 244.35401916503906
v 33.099117279052734 0 243.07383728027344
v 33.853202819824219 0 240.993896484375
v 34.021854400634766 0 243.15921020507812
v 34.327449798583984 0 243.15921020507812
v 33.773963928222656 0 243.07383728027344
v 33.099117279052734 0 243.71392822265625
v 33.773963928222656 0 244.35401916503906
v 33.773963928222656 0 243.71392822265625
v 31.749427795410156 0 245.63420104980469
v 33.099117279052734 0 246.91436767578125
v 33.099117279052734 0 245.63420104980469
v 34.327449798583984 0 242.84988403320312
v 34.448810577392578 0 242.43376159667969
v 33.099117279052734 0 242.43376159667969
v 33.773963928222656 0 242.43376159667969
v 35.065345764160156 0 242.84988403320312
v 35.065345764160156 0 243.15921020507812
v 35.798500061035156 0 242.43376159667969
v 35.123653411865234 0 242.43376159667969
v 35.798500061035156 0 243.71392822265625
v 35.123653411865234 0 244.35401916503906
v 37.148189544677734 0 245.63420104980469
v 35.798500061035156 0 246.91436767578125
v 35.798500061035156 0 245.63420104980469
v 35.363483428955078 0 243.15921020507812
v 35.363483428955078 0 243.81884765625
v 35.065345764160156 0 243.81884765625
v 35.065345764160156 0 244.13188171386719
v 34.327449798583984 0 244.13188171386719
v 34.327449798583984 0 243.81884765625
v 34.021854400634766 0 243.81884765625
v 34.148345947265625 0 246.02632141113281
v 34.453941345214844 0 246.02632141113281
v 33.773963928222656 0 245.63420104980469
v 33.099117279052734 0 246.27427673339844
v 33.773963928222656 0 246.91436767578125
v 33.773963928222656 0 246.27427673339844
v 34.448810577392578 0 248.19454956054688
v 31.749427795410156 0 248.19454956054688
v 33.099117279052734 0 248.19454956054688
v 35.798500061035156 0 246.27427673339844
v 37.148189544677734 0 248.19454956054688
v 35.798500061035156 0 248.19454956054688
v 34.453941345214844 0 245.71699523925781
v 35.19183349609375 0 245.71699523925781
v 35.19183349609375 0 246.02632141113281
v 35.489974975585938 0 246.02632141113281
v 35.489974975585938 0 246.68594360351562
v 35.19183349609375 0 246.68594360351562
v 35.19183349609375 0 246.99899291992188
v 35.798500061035156 0 247.55445861816406
v 34.448810577392578 0 247.55445861816406
v 35.123653411865234 0 248.19454956054688
v 35.123653411865234 0 247.55445861816406
v 34.453941345214844 0 246.99899291992188
v 34.453941345214844 0 246.68594360351562
v 34.148345947265625 0 246.68594360351562
v 34.190509796142578 0 248.85125732421875
v 34.496101379394531 0 248.85125732421875
v 33.773963928222656 0 248.19454956054688
v 33.099117279052734 0 248.83464050292969
v 33.773963928222656 0 249.47471618652344
v 33.773963928222656 0 248.83464050292969
v 35.798500061035156 0 248.83464050292969
v 34.496101379394531 0 248.54193115234375
v 35.233997344970703 0 248.54193115234375
v 35.233997344970703 0 248.85125732421875
v 35.532138824462891 0 248.85125732421875
v 35.532138824462891 0 249.51089477539062
v 35.233997344970703 0 249.51089477539062
v 35.798500061035156 0 250.11480712890625
v 34.448810577392578 0 250.11480712890625
v 35.123653411865234 0 250.11480712890625
v 35.233997344970703 0 249.82394409179688
v 34.496101379394531 0 249.82394409179688
v 34.496101379394531 0 249.51089477539062
v 34.190509796142578 0 249.51089477539062
v 33.099117279052734 0 250.11480712890625
v 33.773963928222656 0 250.11480712890625
v 33.853202819824219 0 237.08769226074219
v 34.158794403076172 0 237.08769226074219
v 33.099117279052734 0 237.31304931640625
v 33.773963928222656 0 237.95314025878906
v 34.448810577392578 0 235.39279174804688
v 33.099117279052734 0 234.11260986328125
v 33.099117279052734 0 235.39279174804688
v 34.158794403076172 0 236.77836608886719
v 34.896690368652344 0 236.77836608886719
v 34.896690368652344 0 237.08769226074219
v 35.798500061035156 0 237.31304931640625
v 35.123653411865234 0 237.95314025878906
v 37.148189544677734 0 235.39279174804688
v 35.798500061035156 0 234.11260986328125
v 35.798500061035156 0 235.39279174804688
v 35.194831848144531 0 237.08769226074219
v 35.194831848144531 0 237.747314453125
v 34.896690368652344 0 237.747314453125
v 34.896690368652344 0 238.06036376953125
v 35.798500061035156 0 238.59323120117188
v 34.448810577392578 0 238.59323120117188
v 35.123653411865234 0 238.59323120117188
v 34.158794403076172 0 238.06036376953125
v 34.158794403076172 0 237.747314453125
v 33.099117279052734 0 238.59323120117188
v 33.773963928222656 0 238.59323120117188
v 33.853202819824219 0 237.747314453125
v 54.067081451416016 0 253.29216003417969
v 58.002525329589844 0 253.29216003417969
v 58.002525329589844 0 258.34564208984375
v 58.002525329589844 0 263.39910888671875
v 53.381359100341797 0 263.39910888671875
v 53.381359100341797 0 255.53038024902344
v 53.411170959472656 0 276.24893188476562
v 57.108104705810547 0 276.2191162109375
v 57.118923187255859 0 277.56072998046875
v 54.544101715087891 0 277.56072998046875
v 54.544101715087891 0 278.81292724609375
v 53.440986633300781 0 278.81292724609375
v 60.070568084716797 0 282.61691284179688
v 60.934917449951172 0 282.61691284179688
v 61.442619323730469 0 281.4791259765625
v 58.743240356445312 0 281.4791259765625
v 60.092929840087891 0 281.4791259765625
v 60.934917449951172 0 282.84881591796875
v 61.442619323730469 0 282.11920166015625
v 60.767776489257812 0 281.4791259765625
v 60.092929840087891 0 282.11920166015625
v 60.767776489257812 0 282.11920166015625
v 64.141998291015625 0 281.4791259765625
v 62.792312622070312 0 282.75927734375
v 62.792312622070312 0 281.4791259765625
v 62.792312622070312 0 285.31964111328125
v 62.792312622070312 0 284.03945922851562
v 64.181495666503906 0 282.84881591796875
v 64.181495666503906 0 283.24935913085938
v 64.816848754882812 0 282.75927734375
v 64.141998291015625 0 283.39938354492188
v 64.816848754882812 0 284.03945922851562
v 64.816848754882812 0 283.39938354492188
v 66.841384887695312 0 281.4791259765625
v 65.491691589355469 0 281.4791259765625
v 63.970676422119141 0 283.24935913085938
v 64.816848754882812 0 283.079345703125
v 64.479423522949219 0 282.75927734375
v 64.479423522949219 0 283.39938354492188
v 64.479423522949219 0 283.079345703125
v 65.491691589355469 0 282.11920166015625
v 64.816848754882812 0 281.4791259765625
v 64.141998291015625 0 282.11920166015625
v 64.816848754882812 0 282.11920166015625
v 63.467155456542969 0 282.75927734375
v 63.467155456542969 0 284.03945922851562
v 63.804580688476562 0 282.75927734375
v 63.467155456542969 0 281.4791259765625
v 62.792312622070312 0 282.11920166015625
v 63.467155456542969 0 282.11920166015625
v 63.970676422119141 0 283.83963012695312
v 62.2630615234375 0 283.83963012695312
v 62.2630615234375 0 287.02297973632812
v 60.998165130615234 0 287.02297973632812
v 60.998165130615234 0 285.80023193359375
v 60.00732421875 0 285.80023193359375
v 65.130172729492188 0 282.82772827148438
v 66.121009826660156 0 282.82772827148438
v 66.121009826660156 0 283.88180541992188
v 65.425315856933594 0 283.88180541992188
v 65.425315856933594 0 283.228271484375
v 65.109085083007812 0 283.228271484375
v 67.491317749023438 0 282.806640625
v 68.650810241699219 0 282.806640625
v 68.650810241699219 0 283.228271484375
v 69.540763854980469 0 284.03945922851562
v 68.191070556640625 0 285.31964111328125
v 68.191070556640625 0 284.03945922851562
v 69.540763854980469 0 287.8800048828125
v 69.540763854980469 0 283.39938354492188
v 68.865921020507812 0 282.75927734375
v 68.865921020507812 0 284.03945922851562
v 68.865921020507812 0 283.39938354492188
v 70.890457153320312 0 285.31964111328125
v 70.890457153320312 0 284.03945922851562
v 69.540763854980469 0 281.4791259765625
v 68.191070556640625 0 281.4791259765625
v 68.376747131347656 0 283.228271484375
v 68.376747131347656 0 283.77639770507812
v 67.491317749023438 0 283.77639770507812
v 72.192527770996094 0 282.84881591796875
v 72.192527770996094 0 283.29150390625
v 71.939544677734375 0 283.29150390625
v 71.565299987792969 0 284.03945922851562
v 72.240142822265625 0 281.4791259765625
v 70.890457153320312 0 280.19894409179688
v 70.890457153320312 0 281.4791259765625
v 71.939544677734375 0 283.77639770507812
v 69.747055053710938 0 283.77639770507812
v 69.747055053710938 0 283.29150390625
v 69.536239624023438 0 283.29150390625
v 70.215606689453125 0 284.03945922851562
v 70.890457153320312 0 282.11920166015625
v 70.215606689453125 0 281.4791259765625
v 69.540763854980469 0 282.11920166015625
v 70.215606689453125 0 282.11920166015625
v 69.203338623046875 0 282.75927734375
v 68.865921020507812 0 283.079345703125
v 69.203338623046875 0 283.39938354492188
v 69.203338623046875 0 283.079345703125
v 68.865921020507812 0 281.4791259765625
v 68.191070556640625 0 282.11920166015625
v 68.865921020507812 0 282.11920166015625
v 69.536636352539062 0 282.82708740234375
v 92.974319458007812 0 282.71856689453125
v 96.373115539550781 0 282.71856689453125
v 96.373115539550781 0 283.165771484375
v 93.835197448730469 0 281.4791259765625
v 95.184883117675781 0 281.4791259765625
v 96.030258178710938 0 283.165771484375
v 95.859733581542969 0 284.03945922851562
v 96.030258178710938 0 283.65771484375
v 93.212837219238281 0 283.65771484375
v 93.212837219238281 0 283.1806640625
v 91.135810852050781 0 284.03945922851562
v 92.485504150390625 0 285.31964111328125
v 92.485504150390625 0 284.03945922851562
v 88.436431884765625 0 287.8800048828125
v 91.135810852050781 0 287.8800048828125
v 92.944511413574219 0 283.1806640625
v 93.160346984863281 0 284.03945922851562
v 91.135810852050781 0 281.4791259765625
v 92.485504150390625 0 281.4791259765625
v 91.021507263183594 0 282.7781982421875
v 91.960647583007812 0 282.7781982421875
v 91.960647583007812 0 283.15087890625
v 91.810661315917969 0 284.03945922851562
v 88.436431884765625 0 284.03945922851562
v 89.786125183105469 0 285.31964111328125
v 89.786125183105469 0 284.03945922851562
v 91.69232177734375 0 283.15087890625
v 91.69232177734375 0 283.71731567382812
v 91.006599426269531 0 283.71731567382812
v 88.815269470214844 0 282.77072143554688
v 89.978012084960938 0 282.76327514648438
v 89.979927062988281 0 283.0614013671875
v 90.460968017578125 0 282.75927734375
v 90.460968017578125 0 284.03945922851562
v 90.460968017578125 0 283.39938354492188
v 88.436431884765625 0 281.4791259765625
v 89.786125183105469 0 281.4791259765625
v 89.769317626953125 0 283.06143188476562
v 90.460968017578125 0 283.079345703125
v 90.123542785644531 0 282.75927734375
v 90.123542785644531 0 283.39938354492188
v 90.123542785644531 0 283.079345703125
v 91.135810852050781 0 282.11920166015625
v 90.460968017578125 0 281.4791259765625
v 89.786125183105469 0 282.11920166015625
v 90.460968017578125 0 282.11920166015625
v 89.111274719238281 0 284.03945922851562
v 85.737052917480469 0 284.03945922851562
v 87.086738586425781 0 285.31964111328125
v 87.086738586425781 0 284.03945922851562
v 83.037666320800781 0 287.8800048828125
v 85.737052917480469 0 287.8800048828125
v 89.111274719238281 0 281.4791259765625
v 88.436431884765625 0 282.11920166015625
v 89.111274719238281 0 282.11920166015625
v 85.737052917480469 0 281.4791259765625
v 87.086738586425781 0 281.4791259765625
v 89.774864196777344 0 283.8189697265625
v 89.0487060546875 0 283.82427978515625
v 89.048660278320312 0 283.15087890625
v 88.815269470214844 0 283.15087890625
v 85.386665344238281 0 282.76327514648438
v 87.920852661132812 0 282.76327514648438
v 87.920852661132812 0 283.12106323242188
v 87.761589050292969 0 284.03945922851562
v 87.682342529296875 0 283.12106323242188
v 87.682342529296875 0 283.73223876953125
v 85.654991149902344 0 283.73223876953125
v 85.654991149902344 0 283.21047973632812
v 83.037666320800781 0 284.03945922851562
v 84.387359619140625 0 285.31964111328125
v 84.387359619140625 0 284.03945922851562
v 85.371757507324219 0 283.21047973632812
v 85.062202453613281 0 284.03945922851562
v 85.062202453613281 0 283.39938354492188
v 83.037666320800781 0 281.4791259765625
v 84.387359619140625 0 281.4791259765625
v 73.183364868164062 0 282.8382568359375
v 74.543136596679688 0 282.8382568359375
v 74.543136596679688 0 283.75531005859375
v 73.425804138183594 0 283.75531005859375
v 73.425804138183594 0 283.29150390625
v 73.130661010742188 0 283.29150390625
v 72.914993286132812 0 284.03945922851562
v 72.914993286132812 0 283.39938354492188
v 73.589836120605469 0 281.4791259765625
v 77.262351989746094 0 282.83782958984375
v 79.990333557128906 0 282.83782958984375
v 79.990333557128906 0 283.24029541015625
v 80.338287353515625 0 284.03945922851562
v 78.988601684570312 0 285.31964111328125
v 78.988601684570312 0 284.03945922851562
v 80.338287353515625 0 287.8800048828125
v 80.338287353515625 0 283.39938354492188
v 79.663444519042969 0 284.03945922851562
v 81.687980651855469 0 285.31964111328125
v 81.687980651855469 0 284.03945922851562
v 80.338287353515625 0 281.4791259765625
v 78.988601684570312 0 281.4791259765625
v 79.647476196289062 0 283.24029541015625
v 79.647476196289062 0 283.77694702148438
v 77.545585632324219 0 283.77694702148438
v 77.545585632324219 0 283.2850341796875
v 77.247779846191406 0 283.27508544921875
v 76.964065551757812 0 284.03945922851562
v 76.964065551757812 0 283.39938354492188
v 81.153076171875 0 282.82290649414062
v 82.166755676269531 0 282.82290649414062
v 82.166755676269531 0 283.76333618164062
v 81.361778259277344 0 283.76205444335938
v 81.361778259277344 0 283.22540283203125
v 81.153076171875 0 283.22540283203125
v 81.013130187988281 0 282.75927734375
v 81.013130187988281 0 284.03945922851562
v 81.013130187988281 0 283.39938354492188
v 81.687980651855469 0 281.4791259765625
v 81.013130187988281 0 283.079345703125
v 82.362823486328125 0 284.03945922851562
v 81.687980651855469 0 282.11920166015625
v 81.013130187988281 0 281.4791259765625
v 80.338287353515625 0 282.11920166015625
v 81.013130187988281 0 282.11920166015625
v 83.076080322265625 0 282.80801391601562
v 84.4326171875 0 282.80801391601562
v 84.4326171875 0 283.2850341796875
v 84.104660034179688 0 283.2850341796875
v 83.712516784667969 0 284.03945922851562
v 84.104660034179688 0 283.77694702148438
v 83.076080322265625 0 283.77694702148438
v 117.90827178955078 0 281.9903564453125
v 118.98082733154297 0 281.9903564453125
v 118.98082733154297 0 286.0885009765625
v 117.84423828125 0 286.0885009765625
v 117.84423828125 0 283.63922119140625
v 116.11533355712891 0 283.63922119140625
v 116.11533355712891 0 282.69473266601562
v 117.89225769042969 0 282.69473266601562
v 115.43024444580078 0 281.4791259765625
v 116.77993774414062 0 281.4791259765625
v 108.41339874267578 0 282.69686889648438
v 109.61328125 0 282.69686889648438
v 109.61328125 0 283.11569213867188
v 110.03147888183594 0 281.4791259765625
v 108.68179321289062 0 281.4791259765625
v 110.03147888183594 0 282.11920166015625
v 109.35663604736328 0 281.4791259765625
v 108.68179321289062 0 282.11920166015625
v 109.35663604736328 0 282.11920166015625
v 110.03147888183594 0 284.03945922851562
v 108.68179321289062 0 285.31964111328125
v 108.68179321289062 0 284.03945922851562
v 112.73086547851562 0 281.4791259765625
v 111.38117218017578 0 281.4791259765625
v 109.35663604736328 0 284.03945922851562
v 109.35292816162109 0 283.11569213867188
v 109.35292816162109 0 283.67034912109375
v 108.41339874267578 0 283.67034912109375
v 106.20607757568359 0 282.71951293945312
v 107.20220184326172 0 282.71951293945312
v 107.20220184326172 0 283.61376953125
v 106.30795288085938 0 283.61376953125
v 106.30795288085938 0 283.01382446289062
v 106.20607757568359 0 283.01382446289062
v 106.65725708007812 0 284.03945922851562
v 105.98240661621094 0 283.079345703125
v 107.33209991455078 0 282.11920166015625
v 106.65725708007812 0 281.4791259765625
v 106.65725708007812 0 282.11920166015625
v 105.98240661621094 0 282.9193115234375
v 106.151123046875 0 283.079345703125
v 106.151123046875 0 282.9193115234375
v 106.65725708007812 0 282.43923950195312
v 106.31983184814453 0 282.11920166015625
v 105.98240661621094 0 282.43923950195312
v 106.31983184814453 0 282.43923950195312
v 105.64498901367188 0 282.75927734375
v 105.64498901367188 0 283.39938354492188
v 105.64498901367188 0 283.079345703125
v 110.56413269042969 0 282.70819091796875
v 111.379150390625 0 282.70819091796875
v 111.83193206787109 0 282.1875
v 112.63562774658203 0 282.1875
v 113.12236785888672 0 282.66290283203125
v 114.08055114746094 0 281.4791259765625
v 114.88822937011719 0 282.66290283203125
v 114.88822937011719 0 283.64773559570312
v 113.29216003417969 0 283.64773559570312
v 113.29216003417969 0 285.80557250976562
v 111.45838165283203 0 285.80557250976562
v 111.45838165283203 0 283.68167114257812
v 110.86975860595703 0 283.68167114257812
v 110.86975860595703 0 283.12701416015625
v 110.56413269042969 0 283.12701416015625
v 111.38117218017578 0 282.11920166015625
v 110.70632934570312 0 281.4791259765625
v 110.70632934570312 0 282.11920166015625
v 88.923835754394531 0 237.43574523925781
v 89.22943115234375 0 237.43574523925781
v 91.135810852050781 0 237.95314025878906
v 89.786125183105469 0 236.67295837402344
v 88.436431884765625 0 237.95314025878906
v 89.786125183105469 0 239.23332214355469
v 85.737052917480469 0 239.23332214355469
v 85.737052917480469 0 236.67295837402344
v 93.835197448730469 0 241.79367065429688
v 88.436431884765625 0 241.79367065429688
v 91.135810852050781 0 244.35401916503906
v 91.135810852050781 0 241.79367065429688
v 89.111274719238281 0 236.67295837402344
v 88.436431884765625 0 237.31304931640625
v 91.135810852050781 0 235.39279174804688
v 88.436431884765625 0 235.39279174804688
v 89.786125183105469 0 235.39279174804688
v 87.086738586425781 0 236.67295837402344
v 87.086738586425781 0 239.23332214355469
v 83.037666320800781 0 241.79367065429688
v 85.737052917480469 0 244.35401916503906
v 85.737052917480469 0 241.79367065429688
v 89.22943115234375 0 237.12641906738281
v 89.967323303222656 0 237.12641906738281
v 89.967323303222656 0 237.43574523925781
v 91.135810852050781 0 237.31304931640625
v 90.460968017578125 0 236.67295837402344
v 90.460968017578125 0 237.95314025878906
v 90.460968017578125 0 237.31304931640625
v 93.835197448730469 0 237.95314025878906
v 92.485504150390625 0 236.67295837402344
v 92.485504150390625 0 239.23332214355469
v 96.534576416015625 0 239.23332214355469
v 96.534576416015625 0 236.67295837402344
v 90.265464782714844 0 237.43574523925781
v 90.265464782714844 0 238.09536743164062
v 89.967323303222656 0 238.09536743164062
v 91.135810852050781 0 238.59323120117188
v 89.786125183105469 0 238.59323120117188
v 90.460968017578125 0 239.23332214355469
v 90.460968017578125 0 238.59323120117188
v 91.135810852050781 0 240.51348876953125
v 88.436431884765625 0 240.51348876953125
v 89.786125183105469 0 241.79367065429688
v 89.786125183105469 0 240.51348876953125
v 89.967323303222656 0 238.40841674804688
v 89.22943115234375 0 238.40841674804688
v 89.22943115234375 0 238.09536743164062
v 88.436431884765625 0 238.59323120117188
v 89.111274719238281 0 239.23332214355469
v 89.111274719238281 0 238.59323120117188
v 88.923835754394531 0 238.09536743164062
v 92.084114074707031 0 237.37611389160156
v 92.38970947265625 0 237.37611389160156
v 91.810661315917969 0 236.67295837402344
v 91.810661315917969 0 237.95314025878906
v 91.810661315917969 0 237.31304931640625
v 93.835197448730469 0 235.39279174804688
v 92.485504150390625 0 235.39279174804688
v 92.38970947265625 0 237.06678771972656
v 93.127601623535156 0 237.06678771972656
v 93.127601623535156 0 237.37611389160156
v 93.835197448730469 0 237.31304931640625
v 93.160346984863281 0 236.67295837402344
v 95.184883117675781 0 236.67295837402344
v 95.184883117675781 0 239.23332214355469
v 99.233955383300781 0 241.79367065429688
v 96.534576416015625 0 244.35401916503906
v 96.534576416015625 0 241.79367065429688
v 93.425743103027344 0 237.37611389160156
v 93.425743103027344 0 238.03575134277344
v 93.127601623535156 0 238.03575134277344
v 93.835197448730469 0 238.59323120117188
v 92.485504150390625 0 238.59323120117188
v 93.160346984863281 0 239.23332214355469
v 93.160346984863281 0 238.59323120117188
v 93.835197448730469 0 240.51348876953125
v 92.485504150390625 0 241.79367065429688
v 92.485504150390625 0 240.51348876953125
v 93.127601623535156 0 238.34878540039062
v 92.38970947265625 0 238.34878540039062
v 92.38970947265625 0 238.03575134277344
v 91.810661315917969 0 239.23332214355469
v 91.810661315917969 0 238.59323120117188
v 92.084114074707031 0 238.03575134277344
v 95.065513610839844 0 237.25685119628906
v 95.371109008789062 0 237.25685119628906
v 94.510040283203125 0 236.67295837402344
v 94.510040283203125 0 237.95314025878906
v 94.510040283203125 0 237.31304931640625
v 96.534576416015625 0 235.39279174804688
v 95.184883117675781 0 234.11260986328125
v 95.184883117675781 0 235.39279174804688
v 95.859733581542969 0 236.67295837402344
v 97.884269714355469 0 236.67295837402344
v 97.884269714355469 0 239.23332214355469
v 97.884269714355469 0 237.95314025878906
v 95.371109008789062 0 236.94754028320312
v 96.109001159667969 0 236.94754028320312
v 96.109001159667969 0 237.25685119628906
v 96.407142639160156 0 237.25685119628906
v 96.407142639160156 0 237.91648864746094
v 96.109001159667969 0 237.91648864746094
v 96.109001159667969 0 238.22953796386719
v 96.534576416015625 0 238.59323120117188
v 95.184883117675781 0 238.59323120117188
v 95.859733581542969 0 239.23332214355469
v 95.859733581542969 0 238.59323120117188
v 96.534576416015625 0 240.51348876953125
v 95.184883117675781 0 241.79367065429688
v 95.184883117675781 0 240.51348876953125
v 95.371109008789062 0 238.22953796386719
v 95.371109008789062 0 237.91648864746094
v 95.065513610839844 0 237.91648864746094
v 98.285423278808594 0 237.31648254394531
v 98.591018676757812 0 237.31648254394531
v 98.559112548828125 0 236.67295837402344
v 97.884269714355469 0 237.31304931640625
v 100.58364868164062 0 236.67295837402344
v 100.58364868164062 0 239.23332214355469
v 100.58364868164062 0 237.95314025878906
v 101.93333435058594 0 244.35401916503906
v 101.93333435058594 0 241.79367065429688
v 99.233955383300781 0 235.39279174804688
v 97.884269714355469 0 234.11260986328125
v 97.884269714355469 0 235.39279174804688
v 98.591018676757812 0 237.00715637207031
v 99.328910827636719 0 237.00715637207031
v 99.328910827636719 0 237.31648254394531
v 100.58364868164062 0 237.31304931640625
v 99.908805847167969 0 236.67295837402344
v 99.908805847167969 0 237.95314025878906
v 99.908805847167969 0 237.31304931640625
v 101.93333435058594 0 235.39279174804688
v 100.58364868164062 0 235.39279174804688
v 99.627052307128906 0 237.31648254394531
v 99.627052307128906 0 237.97611999511719
v 99.328910827636719 0 237.97611999511719
v 100.58364868164062 0 238.59323120117188
v 99.233955383300781 0 238.59323120117188
v 99.908805847167969 0 239.23332214355469
v 99.908805847167969 0 238.59323120117188
v 101.93333435058594 0 240.51348876953125
v 99.233955383300781 0 240.51348876953125
v 100.58364868164062 0 241.79367065429688
v 100.58364868164062 0 240.51348876953125
v 99.328910827636719 0 238.28916931152344
v 98.591018676757812 0 238.28916931152344
v 98.591018676757812 0 237.97611999511719
v 97.884269714355469 0 238.59323120117188
v 98.559112548828125 0 239.23332214355469
v 98.559112548828125 0 238.59323120117188
v 97.884269714355469 0 241.79367065429688
v 97.884269714355469 0 240.51348876953125
v 98.285423278808594 0 237.97611999511719
v 101.26682281494141 0 237.31648254394531
v 101.57241821289062 0 237.31648254394531
v 101.25849151611328 0 236.67295837402344
v 103.28302764892578 0 236.67295837402344
v 103.28302764892578 0 239.23332214355469
v 103.28302764892578 0 237.95314025878906
v 101.57241821289062 0 237.00715637207031
v 102.31031036376953 0 237.00715637207031
v 102.31031036376953 0 237.31648254394531
v 103.28302764892578 0 237.31304931640625
v 102.60818481445312 0 236.67295837402344
v 104.63272094726562 0 235.39279174804688
v 103.28302764892578 0 235.39279174804688
v 102.60845184326172 0 237.31648254394531
v 102.60845184326172 0 237.97611999511719
v 102.31031036376953 0 237.97611999511719
v 103.28302764892578 0 238.59323120117188
v 101.93333435058594 0 238.59323120117188
v 102.60818481445312 0 239.23332214355469
v 102.60818481445312 0 238.59323120117188
v 104.63272094726562 0 240.51348876953125
v 103.28302764892578 0 241.79367065429688
v 103.28302764892578 0 240.51348876953125
v 102.31031036376953 0 238.28916931152344
v 101.57241821289062 0 238.28916931152344
v 101.57241821289062 0 237.97611999511719
v 101.25849151611328 0 239.23332214355469
v 101.25849151611328 0 238.59323120117188
v 101.26682281494141 0 237.97611999511719
v 104.42710876464844 0 237.31648254394531
v 104.73269653320312 0 237.31648254394531
v 103.95787048339844 0 236.67295837402344
v 103.95787048339844 0 237.95314025878906
v 103.95787048339844 0 237.31304931640625
v 105.98240661621094 0 236.67295837402344
v 105.98240661621094 0 239.23332214355469
v 105.98240661621094 0 237.95314025878906
v 105.98240661621094 0 237.31304931640625
v 105.30756378173828 0 236.67295837402344
v 105.98240661621094 0 234.11260986328125
v 105.98240661621094 0 235.39279174804688
v 104.73269653320312 0 237.00715637207031
v 105.47059631347656 0 237.00715637207031
v 105.47059631347656 0 237.31648254394531
v 105.76873016357422 0 237.31648254394531
v 105.76873016357422 0 237.97611999511719
v 105.47059631347656 0 237.97611999511719
v 105.98240661621094 0 238.59323120117188
v 104.63272094726562 0 238.59323120117188
v 105.30756378173828 0 239.23332214355469
v 105.30756378173828 0 238.59323120117188
v 105.98240661621094 0 241.79367065429688
v 105.98240661621094 0 240.51348876953125
v 105.47059631347656 0 238.28916931152344
v 104.73269653320312 0 238.28916931152344
v 104.73269653320312 0 237.97611999511719
v 104.42710876464844 0 237.97611999511719
v 103.95787048339844 0 239.23332214355469
v 103.95787048339844 0 238.59323120117188
v 111.16506195068359 0 246.64825439453125
v 111.47065734863281 0 246.64825439453125
v 110.03147888183594 0 246.27427673339844
v 110.70632934570312 0 246.91436767578125
v 110.70632934570312 0 246.27427673339844
v 112.73086547851562 0 248.19454956054688
v 110.03147888183594 0 248.19454956054688
v 111.38117218017578 0 248.19454956054688
v 112.73086547851562 0 246.27427673339844
v 111.47065734863281 0 246.33894348144531
v 112.20854949951172 0 246.33894348144531
v 112.20854949951172 0 246.64825439453125
v 112.50669097900391 0 246.64825439453125
v 112.50669097900391 0 247.30789184570312
v 112.20854949951172 0 247.30789184570312
v 112.73086547851562 0 247.55445861816406
v 112.05601501464844 0 248.19454956054688
v 115.43024444580078 0 248.19454956054688
v 114.08055114746094 0 249.47471618652344
v 114.08055114746094 0 248.19454956054688
v 112.20854949951172 0 247.62094116210938
v 111.47065734863281 0 247.62094116210938
v 111.47065734863281 0 247.30789184570312
v 111.16506195068359 0 247.30789184570312
v 110.03147888183594 0 247.55445861816406
v 110.70632934570312 0 248.19454956054688
v 110.70632934570312 0 247.55445861816406
v 107.33209991455078 0 248.19454956054688
v 108.68179321289062 0 249.47471618652344
v 108.68179321289062 0 248.19454956054688
v 104.63272094726562 0 252.03507995605469
v 107.33209991455078 0 254.59542846679688
v 107.33209991455078 0 252.03507995605469
v 111.37376403808594 0 249.51040649414062
v 111.67935943603516 0 249.51040649414062
v 112.73086547851562 0 250.75489807128906
v 110.03147888183594 0 250.75489807128906
v 111.38117218017578 0 252.03507995605469
v 111.38117218017578 0 250.75489807128906
v 110.70632934570312 0 249.47471618652344
v 110.03147888183594 0 250.11480712890625
v 110.70632934570312 0 250.75489807128906
v 110.70632934570312 0 250.11480712890625
v 107.33209991455078 0 250.75489807128906
v 108.68179321289062 0 252.03507995605469
v 108.68179321289062 0 250.75489807128906
v 112.05601501464844 0 250.75489807128906
v 114.08055114746094 0 252.03507995605469
v 114.08055114746094 0 250.75489807128906
v 111.67935943603516 0 249.20108032226562
v 112.73086547851562 0 248.83464050292969
v 111.38117218017578 0 248.83464050292969
v 112.05601501464844 0 248.83464050292969
v 112.41725158691406 0 249.20108032226562
v 112.41725158691406 0 249.51040649414062
v 112.71539306640625 0 249.51040649414062
v 112.71539306640625 0 250.17002868652344
v 112.41725158691406 0 250.17002868652344
v 112.41725158691406 0 250.48307800292969
v 111.67935943603516 0 250.48307800292969
v 111.67935943603516 0 250.17002868652344
v 111.37376403808594 0 250.17002868652344
v 111.28431701660156 0 252.58123779296875
v 111.58991241455078 0 252.58123779296875
v 110.03147888183594 0 253.31524658203125
v 111.38117218017578 0 254.59542846679688
v 110.70632934570312 0 252.03507995605469
v 110.03147888183594 0 252.67515563964844
v 110.70632934570312 0 253.31524658203125
v 110.70632934570312 0 252.67515563964844
v 107.33209991455078 0 253.31524658203125
v 108.68179321289062 0 254.59542846679688
v 108.68179321289062 0 253.31524658203125
v 104.63272094726562 0 257.15579223632812
v 107.33209991455078 0 259.71612548828125
v 107.33209991455078 0 257.15579223632812
v 112.05601501464844 0 252.03507995605469
v 115.43024444580078 0 253.31524658203125
v 114.08055114746094 0 254.59542846679688
v 114.08055114746094 0 253.31524658203125
v 111.58991241455078 0 252.27192687988281
v 112.32780456542969 0 252.27192687988281
v 112.32780456542969 0 252.58123779296875
v 112.62594604492188 0 252.58123779296875
v 112.62594604492188 0 253.24087524414062
v 112.32780456542969 0 253.24087524414062
v 112.32780456542969 0 253.55392456054688
v 112.73086547851562 0 253.95533752441406
v 111.38117218017578 0 253.95533752441406
v 112.05601501464844 0 254.59542846679688
v 112.05601501464844 0 253.95533752441406
v 110.03147888183594 0 255.87559509277344
v 111.38117218017578 0 257.15579223632812
v 111.58991241455078 0 253.55392456054688
v 111.58991241455078 0 253.24087524414062
v 111.28431701660156 0 253.24087524414062
v 111.22469329833984 0 255.44338989257812
v 111.53028869628906 0 255.44338989257812
v 110.70632934570312 0 254.59542846679688
v 110.03147888183594 0 255.23551940917969
v 110.70632934570312 0 255.87559509277344
v 110.70632934570312 0 255.23551940917969
v 107.33209991455078 0 255.87559509277344
v 108.68179321289062 0 257.15579223632812
v 108.68179321289062 0 255.87559509277344
v 115.43024444580078 0 255.87559509277344
v 114.08055114746094 0 257.15579223632812
v 114.08055114746094 0 255.87559509277344
v 111.53028869628906 0 255.13406372070312
v 112.26818084716797 0 255.13406372070312
v 112.26818084716797 0 255.44338989257812
v 112.56632232666016 0 255.44338989257812
v 112.56632232666016 0 256.10302734375
v 112.26818084716797 0 256.10302734375
v 112.05601501464844 0 257.15579223632812
v 112.05601501464844 0 256.51568603515625
v 110.03147888183594 0 258.43594360351562
v 111.38117218017578 0 259.71612548828125
v 110.03147888183594 0 262.2764892578125
v 112.73086547851562 0 262.2764892578125
v 112.26818084716797 0 256.41607666015625
v 111.53028869628906 0 256.41607666015625
v 111.53028869628906 0 256.10302734375
v 111.22469329833984 0 256.10302734375
v 110.03147888183594 0 256.51568603515625
v 110.70632934570312 0 257.15579223632812
v 110.70632934570312 0 256.51568603515625
v 111.28431701660156 0 258.45458984375
v 111.58991241455078 0 258.45458984375
v 110.70632934570312 0 258.43594360351562
v 110.03147888183594 0 259.0760498046875
v 110.70632934570312 0 259.71612548828125
v 110.70632934570312 0 259.0760498046875
v 107.33209991455078 0 258.43594360351562
v 108.68179321289062 0 259.71612548828125
v 108.68179321289062 0 258.43594360351562
v 104.63272094726562 0 262.2764892578125
v 107.33209991455078 0 262.2764892578125
v 112.73086547851562 0 260.99630737304688
v 110.03147888183594 0 260.99630737304688
v 111.38117218017578 0 262.2764892578125
v 111.38117218017578 0 260.99630737304688
v 114.08055114746094 0 259.71612548828125
v 114.08055114746094 0 258.43594360351562
v 111.58991241455078 0 258.145263671875
v 112.73086547851562 0 257.79586791992188
v 111.38117218017578 0 257.79586791992188
v 112.05601501464844 0 257.79586791992188
v 112.32780456542969 0 258.145263671875
v 112.32780456542969 0 258.45458984375
v 112.62594604492188 0 258.45458984375
v 112.62594604492188 0 259.11422729492188
v 112.32780456542969 0 259.11422729492188
v 112.32780456542969 0 259.42727661132812
v 111.58991241455078 0 259.42727661132812
v 111.58991241455078 0 259.11422729492188
v 111.28431701660156 0 259.11422729492188
v 111.34394836425781 0 261.43600463867188
v 111.64954376220703 0 261.43600463867188
v 110.70632934570312 0 260.99630737304688
v 110.03147888183594 0 261.63638305664062
v 110.70632934570312 0 262.2764892578125
v 110.70632934570312 0 261.63638305664062
v 107.33209991455078 0 260.99630737304688
v 108.68179321289062 0 262.2764892578125
v 108.68179321289062 0 260.99630737304688
v 112.73086547851562 0 263.556640625
v 110.03147888183594 0 263.556640625
v 111.38117218017578 0 263.556640625
v 115.43024444580078 0 260.99630737304688
v 114.08055114746094 0 262.2764892578125
v 114.08055114746094 0 260.99630737304688
v 111.64954376220703 0 261.12667846679688
v 112.38743591308594 0 261.12667846679688
v 112.38743591308594 0 261.43600463867188
v 112.68557739257812 0 261.43600463867188
v 112.68557739257812 0 262.09561157226562
v 112.38743591308594 0 262.09561157226562
v 112.38743591308594 0 262.40866088867188
v 112.73086547851562 0 262.91656494140625
v 111.38117218017578 0 262.91656494140625
v 112.05601501464844 0 263.556640625
v 112.05601501464844 0 262.91656494140625
v 115.43024444580078 0 263.556640625
v 114.08055114746094 0 264.83682250976562
v 114.08055114746094 0 263.556640625
v 111.64954376220703 0 262.40866088867188
v 111.64954376220703 0 262.09561157226562
v 111.34394836425781 0 262.09561157226562
v 111.37376403808594 0 264.44720458984375
v 111.67935943603516 0 264.44720458984375
v 111.38117218017578 0 264.19674682617188
v 110.70632934570312 0 263.556640625
v 110.03147888183594 0 264.19674682617188
v 110.70632934570312 0 264.83682250976562
v 110.70632934570312 0 264.19674682617188
v 107.33209991455078 0 263.556640625
v 108.68179321289062 0 264.83682250976562
v 108.68179321289062 0 263.556640625
v 112.73086547851562 0 266.11700439453125
v 110.03147888183594 0 266.11700439453125
v 111.38117218017578 0 266.11700439453125
v 111.67935943603516 0 264.13787841796875
v 112.41725158691406 0 264.13787841796875
v 112.41725158691406 0 264.44720458984375
v 112.71539306640625 0 264.44720458984375
v 112.71539306640625 0 265.10684204101562
v 112.41725158691406 0 265.10684204101562
v 111.38117218017578 0 265.4769287109375
v 112.05601501464844 0 266.11700439453125
v 115.43024444580078 0 266.11700439453125
v 114.08055114746094 0 266.11700439453125
v 112.41725158691406 0 265.41989135742188
v 111.67935943603516 0 265.41989135742188
v 111.67935943603516 0 265.10684204101562
v 111.37376403808594 0 265.10684204101562
v 110.03147888183594 0 265.4769287109375
v 110.70632934570312 0 266.11700439453125
v 110.70632934570312 0 265.4769287109375
v 107.33209991455078 0 266.11700439453125
v 108.68179321289062 0 267.39718627929688
v 108.68179321289062 0 266.11700439453125
v 111.40357971191406 0 267.45840454101562
v 111.70916748046875 0 267.45840454101562
v 111.70916748046875 0 267.14910888671875
v 112.73086547851562 0 266.757080078125
v 111.38117218017578 0 266.757080078125
v 112.05601501464844 0 266.757080078125
v 112.44706726074219 0 267.14910888671875
v 112.44706726074219 0 267.45840454101562
v 112.74520111083984 0 267.45840454101562
v 114.08055114746094 0 268.03726196289062
v 113.40570831298828 0 267.39718627929688
v 113.40570831298828 0 268.6773681640625
v 113.40570831298828 0 268.03726196289062
v 112.74520111083984 0 268.1180419921875
v 112.44706726074219 0 268.1180419921875
v 112.44706726074219 0 268.43109130859375
v 111.70916748046875 0 268.43109130859375
v 111.70916748046875 0 268.1180419921875
v 111.40357971191406 0 268.1180419921875
v 117.80870056152344 0 235.59590148925781
v 121.11402893066406 0 235.59590148925781
v 121.11402893066406 0 236.64862060546875
v 118.90670013427734 0 236.64862060546875
v 118.90670013427734 0 237.13536071777344
v 119.47931671142578 0 235.39279174804688
v 120.82900238037109 0 237.95314025878906
v 119.47931671142578 0 239.23332214355469
v 119.47931671142578 0 237.95314025878906
v 118.31807708740234 0 237.13536071777344
v 118.31807708740234 0 237.37307739257812
v 119.47931671142578 0 237.31304931640625
v 118.80447387695312 0 237.95314025878906
v 118.80447387695312 0 237.31304931640625
v 116.77993774414062 0 236.67295837402344
v 116.77993774414062 0 239.23332214355469
v 116.77993774414062 0 237.95314025878906
v 117.86528778076172 0 237.37307739257812
v 117.87660980224609 0 238.50503540039062
v 118.36335754394531 0 238.50503540039062
v 118.36335754394531 0 238.83331298828125
v 119.47931671142578 0 238.59323120117188
v 118.80447387695312 0 238.59323120117188
v 120.82900238037109 0 240.51348876953125
v 118.12962341308594 0 240.51348876953125
v 119.47931671142578 0 241.79367065429688
v 119.47931671142578 0 240.51348876953125
v 118.86141967773438 0 238.83331298828125
v 118.86141967773438 0 239.73887634277344
v 118.45391845703125 0 239.73887634277344
v 119.47931671142578 0 239.87339782714844
v 118.80447387695312 0 240.51348876953125
v 116.77993774414062 0 241.79367065429688
v 116.77993774414062 0 240.51348876953125
v 118.45391845703125 0 239.93132019042969
v 117.45478057861328 0 239.23332214355469
v 116.77993774414062 0 239.87339782714844
v 117.45478057861328 0 240.51348876953125
v 117.45478057861328 0 239.87339782714844
v 118.80447387695312 0 240.19345092773438
v 118.12962341308594 0 240.19345092773438
v 118.46704864501953 0 240.51348876953125
v 118.46704864501953 0 240.19345092773438
v 119.47931671142578 0 241.15357971191406
v 120.82900238037109 0 243.07383728027344
v 119.47931671142578 0 243.07383728027344
v 117.92189025878906 0 239.93132019042969
v 117.91056823730469 0 241.01800537109375
v 118.47654724121094 0 241.01800537109375
v 118.47654724121094 0 241.18778991699219
v 118.80447387695312 0 240.83354187011719
v 118.12962341308594 0 240.83354187011719
v 118.46704864501953 0 240.83354187011719
v 116.77993774414062 0 241.15357971191406
v 117.45478057861328 0 241.79367065429688
v 117.45478057861328 0 241.15357971191406
v 116.77993774414062 0 244.35401916503906
v 116.77993774414062 0 243.07383728027344
v 119.47931671142578 0 242.43376159667969
v 118.12962341308594 0 242.43376159667969
v 118.80447387695312 0 243.07383728027344
v 118.80447387695312 0 242.43376159667969
v 118.90670013427734 0 241.18778991699219
v 118.90670013427734 0 242.05940246582031
v 118.45391845703125 0 242.05940246582031
v 118.45391845703125 0 242.2518310546875
v 118.46704864501953 0 242.43376159667969
v 116.77993774414062 0 242.43376159667969
v 117.45478057861328 0 243.07383728027344
v 117.45478057861328 0 242.43376159667969
v 117.94452667236328 0 242.2518310546875
v 117.94452667236328 0 243.34983825683594
v 121.18195343017578 0 243.34983825683594
v 121.18195343017578 0 244.25541687011719
v 118.89537811279297 0 244.25541687011719
v 118.89537811279297 0 244.76480102539062
v 120.82900238037109 0 245.63420104980469
v 119.47931671142578 0 245.63420104980469
v 118.43128204345703 0 244.76480102539062
v 118.43128204345703 0 244.93458557128906
v 119.47931671142578 0 244.99411010742188
v 118.80447387695312 0 245.63420104980469
v 118.80447387695312 0 244.99411010742188
v 116.77993774414062 0 246.91436767578125
v 116.77993774414062 0 245.63420104980469
v 117.45478057861328 0 244.35401916503906
v 116.77993774414062 0 244.99411010742188
v 117.45478057861328 0 245.63420104980469
v 117.45478057861328 0 244.99411010742188
v 117.95584869384766 0 244.93458557128906
v 117.96717071533203 0 246.00994873046875
v 118.44260406494141 0 246.00994873046875
v 118.44260406494141 0 246.27030944824219
v 119.47931671142578 0 246.27427673339844
v 119.07649993896484 0 246.27030944824219
v 119.07649993896484 0 248.64743041992188
v 118.32939910888672 0 248.64743041992188
v 118.33350372314453 0 248.80094909667969
v 119.47931671142578 0 248.83464050292969
v 118.80447387695312 0 248.83464050292969
v 116.77993774414062 0 248.19454956054688
v 119.47931671142578 0 247.55445861816406
v 117.45478057861328 0 248.19454956054688
v 116.77993774414062 0 248.83464050292969
v 117.45478057861328 0 249.47471618652344
v 117.45478057861328 0 248.83464050292969
v 117.97844696044922 0 248.80094909667969
v 92.791130065917969 0 228.87458801269531
v 93.719619750976562 0 228.87458801269531
v 93.719619750976562 0 230.76356506347656
v 93.943733215332031 0 230.76356506347656
v 95.184883117675781 0 231.55226135253906
v 95.184883117675781 0 230.2720947265625
v 95.184883117675781 0 230.91217041015625
v 94.510040283203125 0 230.2720947265625
v 94.510040283203125 0 231.55226135253906
v 94.510040283203125 0 230.91217041015625
v 96.534576416015625 0 232.83244323730469
v 95.184883117675781 0 232.83244323730469
v 93.943733215332031 0 231.59600830078125
v 92.534996032714844 0 231.59600830078125
v 92.502983093261719 0 230.79559326171875
v 92.791130065917969 0 230.79559326171875
v 102.34812927246094 0 224.44026184082031
v 102.86332702636719 0 224.44026184082031
v 102.86332702636719 0 224.65736389160156
v 100.58364868164062 0 226.43156433105469
v 100.58364868164062 0 225.15138244628906
v 103.28302764892578 0 224.19125366210938
v 102.94560241699219 0 223.8712158203125
v 102.60818481445312 0 224.19125366210938
v 102.94560241699219 0 224.19125366210938
v 103.26060485839844 0 224.65736389160156
v 103.26060485839844 0 226.537353515625
v 102.22006225585938 0 226.537353515625
v 102.22006225585938 0 225.75294494628906
v 101.96392822265625 0 225.75294494628906
v 101.96392822265625 0 225.048583984375
v 102.3641357421875 0 225.048583984375
v 111.27726745605469 0 222.86131286621094
v 112.06964111328125 0 222.86131286621094
v 112.06964111328125 0 230.62657165527344
v 114.62788391113281 0 230.62657165527344
v 114.62788391113281 0 231.4189453125
v 114.08055114746094 0 228.99191284179688
v 112.73086547851562 0 230.2720947265625
v 114.08055114746094 0 230.2720947265625
v 112.35122680664062 0 231.4189453125
v 112.35122680664062 0 232.14340209960938
v 112.73086547851562 0 232.83244323730469
v 111.38117218017578 0 232.83244323730469
v 111.34519195556641 0 232.14340209960938
v 110.81317138671875 0 231.61138916015625
v 110.81317138671875 0 230.67185974121094
v 111.29991149902344 0 230.67185974121094
v 119.45004272460938 0 225.14787292480469
v 120.42353057861328 0 225.14787292480469
v 120.42353057861328 0 226.52886962890625
v 119.81227111816406 0 226.52886962890625
v 119.81227111816406 0 226.64207458496094
v 120.15415954589844 0 226.75160217285156
v 119.81674194335938 0 227.0716552734375
v 119.81674194335938 0 226.75160217285156
v 120.82900238037109 0 225.79147338867188
v 123.52838897705078 0 225.15138244628906
v 122.17869567871094 0 225.15138244628906
v 116.77993774414062 0 226.43156433105469
v 115.43024444580078 0 227.71173095703125
v 116.77993774414062 0 227.71173095703125
v 119.47267913818359 0 226.64207458496094
v 134.79945373535156 0 217.65428161621094
v 135.86351013183594 0 217.65428161621094
v 135.86351013183594 0 219.8729248046875
v 136.15782165527344 0 219.8729248046875
v 137.02529907226562 0 219.39059448242188
v 136.35044860839844 0 218.75050354003906
v 136.35044860839844 0 220.03068542480469
v 136.35044860839844 0 219.39059448242188
v 139.72467041015625 0 220.03068542480469
v 138.37498474121094 0 218.75050354003906
v 138.37498474121094 0 220.03068542480469
v 139.72467041015625 0 216.19015502929688
v 137.02529907226562 0 217.4703369140625
v 134.32591247558594 0 217.4703369140625
v 136.15782165527344 0 220.55210876464844
v 135.88613891601562 0 220.55210876464844
v 137.02529907226562 0 220.6707763671875
v 136.35044860839844 0 221.31085205078125
v 136.35044860839844 0 220.6707763671875
v 135.88613891601562 0 221.27656555175781
v 134.75418090820312 0 221.27656555175781
v 134.75418090820312 0 220.93698120117188
v 133.30526733398438 0 220.93698120117188
v 133.30526733398438 0 220.48419189453125
v 134.70889282226562 0 220.48419189453125
v 134.12028503417969 0 228.92863464355469
v 134.935302734375 0 228.92863464355469
v 134.91265869140625 0 228.04570007324219
v 135.36543273925781 0 228.04570007324219
v 135.36543273925781 0 227.77403259277344
v 137.02529907226562 0 230.2720947265625
v 135.67559814453125 0 231.55226135253906
v 135.88613891601562 0 227.77403259277344
v 135.88613891601562 0 228.49848937988281
v 136.08990478515625 0 228.49848937988281
v 137.02529907226562 0 228.35182189941406
v 136.35044860839844 0 228.99191284179688
v 136.35044860839844 0 228.35182189941406
v 136.35044860839844 0 228.671875
v 137.02529907226562 0 229.63200378417969
v 136.35044860839844 0 230.2720947265625
v 136.35044860839844 0 229.63200378417969
v 139.72467041015625 0 230.2720947265625
v 138.37498474121094 0 231.55226135253906
v 138.37498474121094 0 230.2720947265625
v 136.08990478515625 0 229.20030212402344
v 135.8182373046875 0 229.20030212402344
v 135.8182373046875 0 230.73977661132812
v 135.41072082519531 0 230.73977661132812
v 137.02529907226562 0 230.91217041015625
v 135.67559814453125 0 230.91217041015625
v 136.35044860839844 0 231.55226135253906
v 136.35044860839844 0 230.91217041015625
v 137.02529907226562 0 232.83244323730469
v 134.32591247558594 0 232.83244323730469
v 134.32591247558594 0 230.91217041015625
v 135.00076293945312 0 231.55226135253906
v 135.00076293945312 0 230.91217041015625
v 131.62652587890625 0 230.2720947265625
v 132.97622680664062 0 231.55226135253906
v 135.41072082519531 0 230.581298828125
v 135.33818054199219 0 230.91217041015625
v 134.86738586425781 0 230.581298828125
v 134.86738586425781 0 230.06059265136719
v 134.12028503417969 0 230.06059265136719
v 134.94717407226562 0 231.96229553222656
v 135.84086608886719 0 231.96229553222656
v 135.84086608886719 0 232.32452392578125
v 137.02529907226562 0 232.19235229492188
v 136.35044860839844 0 232.83244323730469
v 139.72467041015625 0 232.83244323730469
v 138.37498474121094 0 234.11260986328125
v 138.37498474121094 0 232.83244323730469
v 136.20309448242188 0 232.32452392578125
v 136.20309448242188 0 233.04898071289062
v 135.88900756835938 0 233.052978515625
v 137.02529907226562 0 233.4725341796875
v 136.35044860839844 0 234.11260986328125
v 136.35044860839844 0 233.4725341796875
v 135.897216796875 0 233.69752502441406
v 135.28994750976562 0 233.69833374023438
v 135.29324340820312 0 233.57952880859375
v 134.32591247558594 0 233.4725341796875
v 135.00076293945312 0 234.11260986328125
v 131.62652587890625 0 232.83244323730469
v 132.97622680664062 0 234.11260986328125
v 132.97622680664062 0 232.83244323730469
v 135.67559814453125 0 233.79257202148438
v 135.00076293945312 0 233.79257202148438
v 135.33818054199219 0 234.11260986328125
v 135.33818054199219 0 233.79257202148438
v 134.32591247558594 0 234.75270080566406
v 131.62652587890625 0 235.39279174804688
v 132.97622680664062 0 235.39279174804688
v 134.935302734375 0 233.59230041503906
v 122.61953735351562 0 243.36116027832031
v 124.86083221435547 0 243.36116027832031
v 124.86083221435547 0 242.33106994628906
v 125.54000091552734 0 242.33106994628906
v 125.54000091552734 0 243.36116027832031
v 129.66035461425781 0 243.36116027832031
v 129.66035461425781 0 244.19882202148438
v 130.27684020996094 0 241.79367065429688
v 134.32591247558594 0 241.79367065429688
v 125.59660339355469 0 244.19882202148438
v 125.59660339355469 0 246.58724975585938
v 124.84951019287109 0 246.58724975585938
v 124.86083221435547 0 244.23277282714844
v 122.61953735351562 0 244.23277282714844
v 122.17869567871094 0 241.79367065429688
v 117.95584869384766 0 259.33316040039062
v 118.43128204345703 0 259.33316040039062
v 118.43128204345703 0 259.58218383789062
v 119.47931671142578 0 259.0760498046875
v 118.80447387695312 0 259.0760498046875
v 120.82900238037109 0 260.99630737304688
v 119.47931671142578 0 262.2764892578125
v 119.47931671142578 0 260.99630737304688
v 123.52838897705078 0 262.2764892578125
v 118.86141967773438 0 259.58218383789062
v 118.86141967773438 0 261.823486328125
v 118.38600158691406 0 261.823486328125
v 118.38600158691406 0 262.1177978515625
v 119.47931671142578 0 261.63638305664062
v 118.80447387695312 0 262.2764892578125
v 116.77993774414062 0 262.2764892578125
v 116.77993774414062 0 260.99630737304688
v 120.82900238037109 0 263.556640625
v 119.47931671142578 0 263.556640625
v 117.91069793701172 0 262.11004638671875
v 117.86528778076172 0 263.13656616210938
v 118.34072113037109 0 263.13656616210938
v 116.77993774414062 0 264.83682250976562
v 116.77993774414062 0 263.556640625
v 118.34072113037109 0 263.38558959960938
v 119.47931671142578 0 262.91656494140625
v 118.80447387695312 0 262.91656494140625
v 118.90670013427734 0 263.38558959960938
v 118.90670013427734 0 264.1326904296875
v 120.53672790527344 0 264.1326904296875
v 120.53672790527344 0 264.9703369140625
v 120.82900238037109 0 266.11700439453125
v 118.12962341308594 0 266.11700439453125
v 119.47931671142578 0 266.11700439453125
v 118.35356140136719 0 264.9703369140625
v 118.35356140136719 0 265.10272216796875
v 119.47931671142578 0 265.4769287109375
v 118.12962341308594 0 265.4769287109375
v 118.80447387695312 0 266.11700439453125
v 118.80447387695312 0 265.4769287109375
v 116.77993774414062 0 266.11700439453125
v 118.80447387695312 0 265.1568603515625
v 118.46704864501953 0 265.4769287109375
v 118.46704864501953 0 265.1568603515625
v 117.45478057861328 0 264.83682250976562
v 116.77993774414062 0 265.4769287109375
v 117.45478057861328 0 266.11700439453125
v 117.45478057861328 0 265.4769287109375
v 117.86528778076172 0 265.10272216796875
v 121.69132995605469 0 264.11004638671875
v 129.66035461425781 0 264.11004638671875
v 129.66035461425781 0 264.94769287109375
v 131.62652587890625 0 263.556640625
v 130.27684020996094 0 262.2764892578125
v 128.92715454101562 0 263.556640625
v 130.27684020996094 0 263.556640625
v 134.32591247558594 0 259.71612548828125
v 134.32591247558594 0 262.2764892578125
v 131.62652587890625 0 266.11700439453125
v 128.92715454101562 0 266.11700439453125
v 130.27684020996094 0 267.39718627929688
v 130.27684020996094 0 266.11700439453125
v 134.32591247558594 0 269.95751953125
v 134.32591247558594 0 267.39718627929688
v 124.43067932128906 0 264.94769287109375
v 124.43067932128906 0 267.48678588867188
v 123.71930694580078 0 267.48678588867188
v 123.71930694580078 0 264.94769287109375
v 121.69132995605469 0 264.94143676757812
v 123.52838897705078 0 266.11700439453125
v 122.17869567871094 0 267.39718627929688
v 122.17869567871094 0 266.11700439453125
v 123.52838897705078 0 263.556640625
v 122.17869567871094 0 262.2764892578125
v 122.17869567871094 0 263.556640625
v 117.87660980224609 0 266.23812866210938
v 118.40863800048828 0 266.23812866210938
v 118.40863800048828 0 266.44189453125
v 119.47931671142578 0 266.757080078125
v 118.46704864501953 0 266.11700439453125
v 116.77993774414062 0 266.757080078125
v 117.45478057861328 0 267.39718627929688
v 117.45478057861328 0 266.757080078125
v 118.97461700439453 0 266.44189453125
v 118.97461700439453 0 267.50592041015625
v 118.31807708740234 0 267.50592041015625
v 118.31807708740234 0 267.777587890625
v 119.47931671142578 0 268.03726196289062
v 118.80447387695312 0 268.6773681640625
v 118.80447387695312 0 268.03726196289062
v 117.87660980224609 0 267.777587890625
v 117.89925384521484 0 268.68316650390625
v 118.36335754394531 0 268.68316650390625
v 118.36335754394531 0 268.90957641601562
v 119.47931671142578 0 269.31744384765625
v 118.97461700439453 0 268.90957641601562
v 118.97461700439453 0 269.81512451171875
v 118.31807708740234 0 269.81512451171875
v 118.31807708740234 0 269.97360229492188
v 118.46704864501953 0 269.95751953125
v 117.45478057861328 0 268.6773681640625
v 116.77993774414062 0 269.31744384765625
v 117.45478057861328 0 269.31744384765625
v 118.80447387695312 0 270.277587890625
v 118.12962341308594 0 270.277587890625
v 118.46704864501953 0 270.277587890625
v 117.89925384521484 0 269.97360229492188
v 117.93321228027344 0 273.77700805664062
v 118.36335754394531 0 273.77700805664062
v 117.45478057861328 0 272.51788330078125
v 116.77993774414062 0 273.157958984375
v 117.45478057861328 0 273.79806518554688
v 117.45478057861328 0 273.157958984375
v 118.36335754394531 0 274.02603149414062
v 119.47931671142578 0 274.43814086914062
v 118.95198059082031 0 274.02603149414062
v 118.95198059082031 0 275.65606689453125
v 118.36335754394531 0 275.65606689453125
v 118.36335754394531 0 275.95037841796875
v 119.47931671142578 0 275.71832275390625
v 117.93321228027344 0 275.95037841796875
v 117.45478057861328 0 275.0782470703125
v 116.77993774414062 0 275.71832275390625
v 117.45478057861328 0 275.71832275390625
v 117.95629119873047 0 279.7171630859375
v 118.42053985595703 0 279.7171630859375
v 118.88478088378906 0 280.08535766601562
v 118.88478088378906 0 280.51760864257812
v 119.47931671142578 0 279.558837890625
v 118.80447387695312 0 279.558837890625
v 120.82900238037109 0 281.4791259765625
v 119.47931671142578 0 282.75927734375
v 119.47931671142578 0 281.4791259765625
v 123.52838897705078 0 282.75927734375
v 119.47931671142578 0 280.83901977539062
v 118.80447387695312 0 281.4791259765625
v 118.80447387695312 0 280.83901977539062
v 118.40453338623047 0 280.86978149414062
v 117.92427825927734 0 280.86978149414062
v 117.85398101806641 0 232.94709777832031
v 118.31807708740234 0 232.94709777832031
v 118.31807708740234 0 233.21878051757812
v 119.47931671142578 0 233.4725341796875
v 118.89537811279297 0 233.21878051757812
v 118.89537811279297 0 234.24885559082031
v 118.37467956542969 0 234.24885559082031
v 118.37467956542969 0 234.47525024414062
v 119.47931671142578 0 234.75270080566406
v 118.80447387695312 0 235.39279174804688
v 118.80447387695312 0 234.75270080566406
v 116.77993774414062 0 235.39279174804688
v 117.83145904541016 0 234.46720886230469
v 107.40850067138672 0 237.19723510742188
v 107.71409606933594 0 237.19723510742188
v 108.00694274902344 0 236.67295837402344
v 107.71409606933594 0 236.88790893554688
v 108.45198822021484 0 236.88790893554688
v 108.45198822021484 0 237.19723510742188
v 108.75012969970703 0 237.19723510742188
v 109.35663604736328 0 236.67295837402344
v 109.35663604736328 0 237.95314025878906
v 109.35663604736328 0 237.31304931640625
v 108.75012969970703 0 237.85685729980469
v 108.45198822021484 0 237.85685729980469
v 108.45198822021484 0 238.16990661621094
v 108.68179321289062 0 238.59323120117188
v 107.33209991455078 0 238.59323120117188
v 108.00694274902344 0 239.23332214355469
v 108.00694274902344 0 238.59323120117188
v 107.71409606933594 0 238.16990661621094
v 107.71409606933594 0 237.85685729980469
v 107.40850067138672 0 237.85685729980469
v 20.674955368041992 0 226.70999145507812
v 25.927265167236328 0 226.86845397949219
v 25.927265167236328 0 226.48359680175781
v 25.000974655151367 0 226.43156433105469
v 27.700355529785156 0 226.43156433105469
v 26.350666046142578 0 225.15138244628906
v 25.000974655151367 0 223.8712158203125
v 23.651283264160156 0 225.15138244628906
v 25.000974655151367 0 225.15138244628906
v 26.832834243774414 0 226.48359680175781
v 26.832834243774414 0 226.8458251953125
v 29.050046920776367 0 225.15138244628906
v 27.700355529785156 0 223.8712158203125
v 27.700355529785156 0 225.15138244628906
v 34.462265014648438 0 226.91374206542969
v 34.462265014648438 0 230.76242065429688
v 34.869770050048828 0 230.76242065429688
v 35.798500061035156 0 231.55226135253906
v 35.798500061035156 0 230.2720947265625
v 35.798500061035156 0 230.91217041015625
v 35.123653411865234 0 230.2720947265625
v 35.123653411865234 0 230.91217041015625
v 33.099117279052734 0 228.99191284179688
v 33.099117279052734 0 231.55226135253906
v 33.099117279052734 0 230.2720947265625
v 37.148189544677734 0 232.83244323730469
v 34.448810577392578 0 232.83244323730469
v 35.798500061035156 0 232.83244323730469
v 34.869770050048828 0 231.758544921875
v 34.190593719482422 0 231.758544921875
v 33.099117279052734 0 232.83244323730469
v 34.190593719482422 0 232.03021240234375
v 34.448810577392578 0 232.19235229492188
v 33.099117279052734 0 232.19235229492188
v 33.773963928222656 0 232.83244323730469
v 33.773963928222656 0 232.19235229492188
v 33.647251129150391 0 232.03021240234375
v 33.647251129150391 0 231.64533996582031
v 33.918922424316406 0 231.64533996582031
v 33.918922424316406 0 227.89900207519531
v 29.549545288085938 0 227.89900207519531
v 29.549545288085938 0 228.15890502929688
v 30.399736404418945 0 226.43156433105469
v 30.399736404418945 0 228.35182189941406
v 29.050046920776367 0 228.35182189941406
v 29.724891662597656 0 228.99191284179688
v 29.724891662597656 0 228.35182189941406
v 28.779809951782227 0 228.15890502929688
v 28.779809951782227 0 227.81930541992188
v 27.700355529785156 0 228.35182189941406
v 28.375202178955078 0 228.99191284179688
v 28.375202178955078 0 228.35182189941406
v 20.946626663208008 0 227.81930541992188
v 20.946626663208008 0 227.18540954589844
v 19.602212905883789 0 226.43156433105469
v 19.602212905883789 0 228.99191284179688
v 20.674955368041992 0 227.18540954589844
v 20.277057647705078 0 226.43156433105469
v 20.951902389526367 0 225.15138244628906
v 18.252521514892578 0 225.15138244628906
v 19.602212905883789 0 225.15138244628906
v 17.256427764892578 0 226.30247497558594
v 18.139358520507812 0 226.30247497558594
v 18.139358520507812 0 226.73262023925781
v 15.553140640258789 0 225.15138244628906
v 16.90283203125 0 226.43156433105469
v 16.90283203125 0 225.15138244628906
v 18.252521514892578 0 225.79147338867188
v 17.577676773071289 0 225.15138244628906
v 16.90283203125 0 225.79147338867188
v 17.577676773071289 0 225.79147338867188
v 15.553140640258789 0 227.71173095703125
v 19.565631866455078 0 226.73262023925781
v 19.565631866455078 0 227.20805358886719
v 19.271322250366211 0 227.20805358886719
v 19.271322250366211 0 227.6834716796875
v 18.456308364868164 0 227.6834716796875
v 18.456308364868164 0 228.81544494628906
v 17.618656158447266 0 228.81544494628906
v 17.618656158447266 0 228.97390747070312
v 19.602212905883789 0 230.2720947265625
v 19.602212905883789 0 228.35182189941406
v 18.927366256713867 0 228.99191284179688
v 18.927366256713867 0 228.35182189941406
v 17.052675247192383 0 228.97390747070312
v 17.052675247192383 0 227.70611572265625
v 17.279008865356445 0 227.70246887207031
v 53.450927734375 0 286.116455078125
v 53.438350677490234 0 283.94503784179688
v 52.966049194335938 0 283.94503784179688
v 51.994785308837891 0 282.75927734375
v 50.645095825195312 0 284.03945922851562
v 51.994785308837891 0 284.03945922851562
v 47.945713043212891 0 280.19894409179688
v 52.966049194335938 0 283.228271484375
v 53.450927734375 0 283.228271484375
v 53.472007751464844 0 282.026611328125
v 54.568256378173828 0 282.026611328125
v 54.568256378173828 0 282.53256225585938
v 56.043857574462891 0 281.4791259765625
v 54.694168090820312 0 280.19894409179688
v 53.344478607177734 0 281.4791259765625
v 54.694168090820312 0 281.4791259765625
v 56.339115142822266 0 282.53256225585938
v 56.339115142822266 0 285.82131958007812
v 54.378520965576172 0 285.82131958007812
v 54.378520965576172 0 286.116455078125
v 62.240322113037109 0 276.73056030273438
v 62.545917510986328 0 276.73056030273438
v 62.117465972900391 0 277.63858032226562
v 62.545917510986328 0 276.42123413085938
v 63.283809661865234 0 276.42123413085938
v 63.283809661865234 0 276.73056030273438
v 63.467155456542969 0 277.63858032226562
v 63.581951141357422 0 276.73056030273438
v 63.581951141357422 0 277.39019775390625
v 63.283809661865234 0 277.39019775390625
v 63.283809661865234 0 277.7032470703125
v 64.141998291015625 0 278.2786865234375
v 62.792312622070312 0 278.2786865234375
v 63.467155456542969 0 278.91876220703125
v 63.467155456542969 0 278.2786865234375
v 62.545917510986328 0 277.7032470703125
v 62.545917510986328 0 277.39019775390625
v 62.117465972900391 0 278.91876220703125
v 62.117465972900391 0 278.2786865234375
v 62.240322113037109 0 277.39019775390625
v 68.352188110351562 0 276.79019165039062
v 68.657783508300781 0 276.79019165039062
v 70.890457153320312 0 275.0782470703125
v 70.890457153320312 0 277.63858032226562
v 70.890457153320312 0 276.3583984375
v 68.657783508300781 0 276.48086547851562
v 69.395675659179688 0 276.48086547851562
v 69.395675659179688 0 276.79019165039062
v 69.693817138671875 0 276.79019165039062
v 70.890457153320312 0 276.99850463867188
v 70.215606689453125 0 276.3583984375
v 70.215606689453125 0 277.63858032226562
v 70.215606689453125 0 276.99850463867188
v 70.890457153320312 0 278.91876220703125
v 69.693817138671875 0 277.4498291015625
v 69.395675659179688 0 277.4498291015625
v 69.395675659179688 0 277.76287841796875
v 69.540763854980469 0 278.2786865234375
v 68.191070556640625 0 278.2786865234375
v 68.865921020507812 0 278.91876220703125
v 68.865921020507812 0 278.2786865234375
v 68.657783508300781 0 277.76287841796875
v 68.657783508300781 0 277.4498291015625
v 68.352188110351562 0 277.4498291015625
v 71.393211364746094 0 276.79019165039062
v 71.698806762695312 0 276.79019165039062
v 71.698806762695312 0 276.48086547851562
v 72.436698913574219 0 276.48086547851562
v 72.436698913574219 0 276.79019165039062
v 72.914993286132812 0 276.3583984375
v 72.914993286132812 0 277.63858032226562
v 72.914993286132812 0 276.99850463867188
v 72.734840393066406 0 276.79019165039062
v 72.734840393066406 0 277.4498291015625
v 72.436698913574219 0 277.4498291015625
v 72.436698913574219 0 277.76287841796875
v 72.240142822265625 0 278.2786865234375
v 72.914993286132812 0 278.91876220703125
v 72.914993286132812 0 278.2786865234375
v 71.698806762695312 0 277.76287841796875
v 71.698806762695312 0 277.4498291015625
v 70.890457153320312 0 278.2786865234375
v 71.565299987792969 0 278.91876220703125
v 71.565299987792969 0 278.2786865234375
v 71.393211364746094 0 277.4498291015625
v 36.678146362304688 0 237.08769226074219
v 36.983737945556641 0 237.08769226074219
v 36.473342895507812 0 236.67295837402344
v 36.473342895507812 0 237.95314025878906
v 36.473342895507812 0 237.31304931640625
v 39.847572326660156 0 237.95314025878906
v 38.497879028320312 0 236.67295837402344
v 38.497879028320312 0 239.23332214355469
v 38.497879028320312 0 237.95314025878906
v 36.983737945556641 0 236.77836608886719
v 37.721633911132812 0 236.77836608886719
v 37.721633911132812 0 237.08769226074219
v 38.497879028320312 0 237.31304931640625
v 39.847572326660156 0 235.39279174804688
v 38.497879028320312 0 234.11260986328125
v 38.497879028320312 0 235.39279174804688
v 38.019775390625 0 237.08769226074219
v 38.019775390625 0 237.747314453125
v 37.721633911132812 0 237.747314453125
v 37.721633911132812 0 238.06036376953125
v 38.497879028320312 0 238.59323120117188
v 37.148189544677734 0 238.59323120117188
v 37.823036193847656 0 239.23332214355469
v 37.823036193847656 0 238.59323120117188
v 39.847572326660156 0 240.51348876953125
v 38.497879028320312 0 241.79367065429688
v 38.497879028320312 0 240.51348876953125
v 42.546951293945312 0 244.35401916503906
v 42.546951293945312 0 241.79367065429688
v 36.983737945556641 0 238.06036376953125
v 36.983737945556641 0 237.747314453125
v 36.473342895507812 0 239.23332214355469
v 36.473342895507812 0 238.59323120117188
v 36.678146362304688 0 237.747314453125
v 40.093376159667969 0 237.08769226074219
v 40.398967742919922 0 237.08769226074219
v 42.546951293945312 0 237.95314025878906
v 41.197261810302734 0 239.23332214355469
v 39.847572326660156 0 237.31304931640625
v 42.546951293945312 0 235.39279174804688
v 41.197261810302734 0 234.11260986328125
v 41.197261810302734 0 235.39279174804688
v 40.398967742919922 0 236.77836608886719
v 41.136863708496094 0 236.77836608886719
v 41.136863708496094 0 237.08769226074219
v 41.435005187988281 0 237.08769226074219
v 42.546951293945312 0 237.31304931640625
v 41.872108459472656 0 236.67295837402344
v 41.872108459472656 0 237.95314025878906
v 41.872108459472656 0 237.31304931640625
v 45.246334075927734 0 237.95314025878906
v 43.896644592285156 0 236.67295837402344
v 47.945713043212891 0 236.67295837402344
v 41.435005187988281 0 237.747314453125
v 41.136863708496094 0 237.747314453125
v 41.136863708496094 0 238.06036376953125
v 41.197261810302734 0 238.59323120117188
v 39.847572326660156 0 238.59323120117188
v 40.522415161132812 0 239.23332214355469
v 40.522415161132812 0 238.59323120117188
v 42.546951293945312 0 240.51348876953125
v 41.197261810302734 0 241.79367065429688
v 41.197261810302734 0 240.51348876953125
v 40.398967742919922 0 238.06036376953125
v 40.398967742919922 0 237.747314453125
v 40.093376159667969 0 237.747314453125
v 43.382114410400391 0 237.21417236328125
v 43.687709808349609 0 237.21417236328125
v 43.221797943115234 0 236.67295837402344
v 45.246334075927734 0 235.39279174804688
v 43.896644592285156 0 235.39279174804688
v 43.687709808349609 0 236.90486145019531
v 44.425605773925781 0 236.90486145019531
v 44.425605773925781 0 237.21417236328125
v 45.246334075927734 0 237.31304931640625
v 44.571487426757812 0 236.67295837402344
v 46.596023559570312 0 236.67295837402344
v 46.596023559570312 0 239.23332214355469
v 50.645095825195312 0 241.79367065429688
v 47.945713043212891 0 244.35401916503906
v 44.723743438720703 0 237.21417236328125
v 44.723743438720703 0 237.87380981445312
v 44.425605773925781 0 237.87380981445312
v 44.425605773925781 0 238.41876220703125
v 43.687709808349609 0 238.41876220703125
v 43.687709808349609 0 237.87380981445312
v 43.382114410400391 0 237.87380981445312
v 54.850543975830078 0 237.38282775878906
v 55.156135559082031 0 237.38282775878906
v 54.694168090820312 0 236.67295837402344
v 54.694168090820312 0 239.23332214355469
v 56.043857574462891 0 241.79367065429688
v 53.344478607177734 0 244.35401916503906
v 55.369014739990234 0 236.67295837402344
v 57.393547058105469 0 236.67295837402344
v 57.393547058105469 0 239.23332214355469
v 57.393547058105469 0 237.95314025878906
v 61.442619323730469 0 241.79367065429688
v 58.743240356445312 0 244.35401916503906
v 58.743240356445312 0 241.79367065429688
v 56.043857574462891 0 235.39279174804688
v 53.344478607177734 0 235.39279174804688
v 54.694168090820312 0 235.39279174804688
v 55.156135559082031 0 237.07351684570312
v 55.894031524658203 0 237.07351684570312
v 55.894031524658203 0 237.38282775878906
v 56.192173004150391 0 237.38282775878906
v 57.393547058105469 0 237.31304931640625
v 56.718704223632812 0 236.67295837402344
v 56.718704223632812 0 237.95314025878906
v 56.718704223632812 0 237.31304931640625
v 58.743240356445312 0 235.39279174804688
v 57.393547058105469 0 235.39279174804688
v 56.192173004150391 0 238.04246520996094
v 55.894031524658203 0 238.04246520996094
v 57.393547058105469 0 238.59323120117188
v 56.718704223632812 0 239.23332214355469
v 56.718704223632812 0 238.59323120117188
v 58.743240356445312 0 240.51348876953125
v 56.043857574462891 0 240.51348876953125
v 57.393547058105469 0 241.79367065429688
v 57.393547058105469 0 240.51348876953125
v 55.369014739990234 0 239.23332214355469
v 53.344478607177734 0 240.51348876953125
v 54.694168090820312 0 240.51348876953125
v 55.894031524658203 0 238.8101806640625
v 55.156135559082031 0 238.8101806640625
v 55.156135559082031 0 238.04246520996094
v 54.850543975830078 0 238.04246520996094
v 57.857666015625 0 237.43574523925781
v 58.163261413574219 0 237.43574523925781
v 58.068393707275391 0 236.67295837402344
v 60.092929840087891 0 236.67295837402344
v 60.092929840087891 0 239.23332214355469
v 60.092929840087891 0 237.95314025878906
v 58.163261413574219 0 237.12641906738281
v 58.901153564453125 0 237.12641906738281
v 58.901153564453125 0 237.43574523925781
v 60.092929840087891 0 237.31304931640625
v 59.418083190917969 0 236.67295837402344
v 59.418083190917969 0 237.95314025878906
v 59.418083190917969 0 237.31304931640625
v 61.442619323730469 0 235.39279174804688
v 60.092929840087891 0 235.39279174804688
v 59.199295043945312 0 237.43574523925781
v 59.199295043945312 0 238.09536743164062
v 58.901153564453125 0 238.09536743164062
v 60.092929840087891 0 238.59323120117188
v 58.743240356445312 0 238.59323120117188
v 59.418083190917969 0 239.23332214355469
v 59.418083190917969 0 238.59323120117188
v 61.442619323730469 0 240.51348876953125
v 60.092929840087891 0 241.79367065429688
v 60.092929840087891 0 240.51348876953125
v 66.841384887695312 0 241.79367065429688
v 64.141998291015625 0 244.35401916503906
v 64.141998291015625 0 241.79367065429688
v 58.901153564453125 0 238.40841674804688
v 58.163261413574219 0 238.40841674804688
v 58.163261413574219 0 238.09536743164062
v 58.068393707275391 0 239.23332214355469
v 58.068393707275391 0 238.59323120117188
v 57.857666015625 0 238.09536743164062
v 60.958320617675781 0 237.43574523925781
v 61.263916015625 0 237.43574523925781
v 60.767776489257812 0 236.67295837402344
v 60.767776489257812 0 237.95314025878906
v 60.767776489257812 0 237.31304931640625
v 62.792312622070312 0 236.67295837402344
v 62.792312622070312 0 239.23332214355469
v 62.792312622070312 0 237.95314025878906
v 61.263916015625 0 237.12641906738281
v 62.001808166503906 0 237.12641906738281
v 62.001808166503906 0 237.43574523925781
v 62.792312622070312 0 237.31304931640625
v 62.117465972900391 0 236.67295837402344
v 64.141998291015625 0 235.39279174804688
v 62.792312622070312 0 235.39279174804688
v 62.299949645996094 0 237.43574523925781
v 62.299949645996094 0 238.09536743164062
v 62.001808166503906 0 238.09536743164062
v 62.792312622070312 0 238.59323120117188
v 61.442619323730469 0 238.59323120117188
v 62.117465972900391 0 239.23332214355469
v 62.117465972900391 0 238.59323120117188
v 64.141998291015625 0 240.51348876953125
v 62.792312622070312 0 241.79367065429688
v 62.792312622070312 0 240.51348876953125
v 62.001808166503906 0 238.40841674804688
v 61.263916015625 0 238.40841674804688
v 61.263916015625 0 238.09536743164062
v 60.767776489257812 0 239.23332214355469
v 60.767776489257812 0 238.59323120117188
v 60.958320617675781 0 238.09536743164062
v 64.118606567382812 0 237.43574523925781
v 64.4241943359375 0 237.43574523925781
v 63.467155456542969 0 236.67295837402344
v 63.467155456542969 0 237.95314025878906
v 63.467155456542969 0 237.31304931640625
v 65.491691589355469 0 236.67295837402344
v 65.491691589355469 0 239.23332214355469
v 69.540763854980469 0 239.23332214355469
v 69.540763854980469 0 236.67295837402344
v 64.816848754882812 0 236.67295837402344
v 66.841384887695312 0 235.39279174804688
v 65.491691589355469 0 235.39279174804688
v 64.4241943359375 0 237.12641906738281
v 65.162094116210938 0 237.12641906738281
v 65.162094116210938 0 237.43574523925781
v 65.460227966308594 0 237.43574523925781
v 65.460227966308594 0 238.09536743164062
v 65.162094116210938 0 238.09536743164062
v 65.491691589355469 0 238.59323120117188
v 64.141998291015625 0 238.59323120117188
v 64.816848754882812 0 239.23332214355469
v 64.816848754882812 0 238.59323120117188
v 66.841384887695312 0 240.51348876953125
v 65.491691589355469 0 241.79367065429688
v 65.491691589355469 0 240.51348876953125
v 72.240142822265625 0 241.79367065429688
v 69.540763854980469 0 244.35401916503906
v 69.540763854980469 0 241.79367065429688
v 65.162094116210938 0 238.40841674804688
v 64.4241943359375 0 238.40841674804688
v 64.4241943359375 0 238.09536743164062
v 64.118606567382812 0 238.09536743164062
v 63.467155456542969 0 239.23332214355469
v 63.467155456542969 0 238.59323120117188
v 67.159629821777344 0 237.495361328125
v 67.465225219726562 0 237.495361328125
v 69.540763854980469 0 237.95314025878906
v 68.191070556640625 0 236.67295837402344
v 68.191070556640625 0 239.23332214355469
v 67.516227722167969 0 236.67295837402344
v 69.540763854980469 0 235.39279174804688
v 68.191070556640625 0 234.11260986328125
v 68.191070556640625 0 235.39279174804688
v 67.465225219726562 0 237.18605041503906
v 68.203117370605469 0 237.18605041503906
v 68.203117370605469 0 237.495361328125
v 69.540763854980469 0 237.31304931640625
v 68.865921020507812 0 236.67295837402344
v 68.865921020507812 0 237.95314025878906
v 68.865921020507812 0 237.31304931640625
v 72.240142822265625 0 237.95314025878906
v 70.890457153320312 0 236.67295837402344
v 70.890457153320312 0 239.23332214355469
v 68.501258850097656 0 237.495361328125
v 68.501258850097656 0 238.15499877929688
v 68.203117370605469 0 238.15499877929688
v 69.540763854980469 0 238.59323120117188
v 68.865921020507812 0 239.23332214355469
v 68.865921020507812 0 238.59323120117188
v 69.540763854980469 0 240.51348876953125
v 68.191070556640625 0 241.79367065429688
v 68.191070556640625 0 240.51348876953125
v 68.203117370605469 0 238.46804809570312
v 67.465225219726562 0 238.46804809570312
v 67.465225219726562 0 238.15499877929688
v 66.841384887695312 0 238.59323120117188
v 67.516227722167969 0 239.23332214355469
v 67.159629821777344 0 238.15499877929688
v 70.260284423828125 0 237.495361328125
v 70.565879821777344 0 237.495361328125
v 70.215606689453125 0 236.67295837402344
v 70.215606689453125 0 237.31304931640625
v 72.240142822265625 0 235.39279174804688
v 70.890457153320312 0 234.11260986328125
v 70.890457153320312 0 235.39279174804688
v 70.565879821777344 0 237.18605041503906
v 71.30377197265625 0 237.18605041503906
v 71.30377197265625 0 237.495361328125
v 72.240142822265625 0 237.31304931640625
v 71.565299987792969 0 236.67295837402344
v 71.565299987792969 0 237.31304931640625
v 73.589836120605469 0 236.67295837402344
v 73.589836120605469 0 239.23332214355469
v 77.638908386230469 0 241.79367065429688
v 74.939529418945312 0 244.35401916503906
v 74.939529418945312 0 241.79367065429688
v 71.601913452148438 0 237.495361328125
v 71.601913452148438 0 238.15499877929688
v 71.30377197265625 0 238.15499877929688
v 72.240142822265625 0 238.59323120117188
v 71.565299987792969 0 239.23332214355469
v 71.565299987792969 0 238.59323120117188
v 72.240142822265625 0 240.51348876953125
v 70.890457153320312 0 241.79367065429688
v 70.890457153320312 0 240.51348876953125
v 71.30377197265625 0 238.46804809570312
v 70.565879821777344 0 238.46804809570312
v 70.565879821777344 0 238.15499877929688
v 70.215606689453125 0 239.23332214355469
v 70.215606689453125 0 238.59323120117188
v 70.260284423828125 0 238.15499877929688
v 73.480194091796875 0 237.495361328125
v 73.785789489746094 0 237.495361328125
v 73.589836120605469 0 237.31304931640625
v 72.914993286132812 0 236.67295837402344
v 72.914993286132812 0 237.95314025878906
v 72.914993286132812 0 237.31304931640625
v 74.939529418945312 0 235.39279174804688
v 73.589836120605469 0 235.39279174804688
v 74.264678955078125 0 236.67295837402344
v 76.289215087890625 0 236.67295837402344
v 76.289215087890625 0 239.23332214355469
v 73.785789489746094 0 237.18605041503906
v 74.523681640625 0 237.18605041503906
v 74.523681640625 0 237.495361328125
v 74.821823120117188 0 237.495361328125
v 74.821823120117188 0 238.15499877929688
v 74.523681640625 0 238.15499877929688
v 73.589836120605469 0 238.59323120117188
v 74.264678955078125 0 239.23332214355469
v 74.939529418945312 0 240.51348876953125
v 73.589836120605469 0 241.79367065429688
v 73.589836120605469 0 240.51348876953125
v 74.523681640625 0 238.46804809570312
v 73.785789489746094 0 238.46804809570312
v 73.785789489746094 0 238.15499877929688
v 73.480194091796875 0 238.15499877929688
v 72.914993286132812 0 239.23332214355469
v 72.914993286132812 0 238.59323120117188
v 76.521217346191406 0 237.55499267578125
v 76.826812744140625 0 237.55499267578125
v 76.964065551757812 0 236.67295837402344
v 78.988601684570312 0 236.67295837402344
v 78.988601684570312 0 239.23332214355469
v 78.988601684570312 0 237.95314025878906
v 80.338287353515625 0 244.35401916503906
v 80.338287353515625 0 241.79367065429688
v 77.638908386230469 0 235.39279174804688
v 76.289215087890625 0 235.39279174804688
v 76.826812744140625 0 237.24568176269531
v 77.564704895019531 0 237.24568176269531
v 77.564704895019531 0 237.55499267578125
v 77.862846374511719 0 237.55499267578125
v 78.988601684570312 0 237.31304931640625
v 78.313751220703125 0 236.67295837402344
v 78.313751220703125 0 237.95314025878906
v 78.313751220703125 0 237.31304931640625
v 80.338287353515625 0 235.39279174804688
v 78.988601684570312 0 235.39279174804688
v 77.862846374511719 0 238.21463012695312
v 77.564704895019531 0 238.21463012695312
v 78.988601684570312 0 238.59323120117188
v 78.313751220703125 0 239.23332214355469
v 78.313751220703125 0 238.59323120117188
v 80.338287353515625 0 240.51348876953125
v 77.638908386230469 0 240.51348876953125
v 78.988601684570312 0 241.79367065429688
v 78.988601684570312 0 240.51348876953125
v 76.964065551757812 0 239.23332214355469
v 76.289215087890625 0 241.79367065429688
v 76.289215087890625 0 240.51348876953125
v 77.564704895019531 0 238.52767944335938
v 76.826812744140625 0 238.52767944335938
v 76.826812744140625 0 238.21463012695312
v 76.521217346191406 0 238.21463012695312
v 79.502616882324219 0 237.55499267578125
v 79.808212280273438 0 237.55499267578125
v 79.663444519042969 0 236.67295837402344
v 81.687980651855469 0 236.67295837402344
v 81.687980651855469 0 239.23332214355469
v 81.687980651855469 0 237.95314025878906
v 79.808212280273438 0 237.24568176269531
v 80.546104431152344 0 237.24568176269531
v 80.546104431152344 0 237.55499267578125
v 81.687980651855469 0 237.31304931640625
v 81.013130187988281 0 236.67295837402344
v 81.013130187988281 0 237.95314025878906
v 81.013130187988281 0 237.31304931640625
v 83.037666320800781 0 235.39279174804688
v 81.687980651855469 0 234.11260986328125
v 81.687980651855469 0 235.39279174804688
v 80.844245910644531 0 237.55499267578125
v 80.844245910644531 0 238.21463012695312
v 80.546104431152344 0 238.21463012695312
v 81.687980651855469 0 238.59323120117188
v 81.013130187988281 0 239.23332214355469
v 81.013130187988281 0 238.59323120117188
v 83.037666320800781 0 240.51348876953125
v 81.687980651855469 0 241.79367065429688
v 81.687980651855469 0 240.51348876953125
v 80.546104431152344 0 238.52767944335938
v 79.808212280273438 0 238.52767944335938
v 79.808212280273438 0 238.21463012695312
v 79.663444519042969 0 239.23332214355469
v 79.502616882324219 0 238.21463012695312
v 82.722526550292969 0 237.55499267578125
v 83.028121948242188 0 237.55499267578125
v 82.362823486328125 0 236.67295837402344
v 82.362823486328125 0 237.95314025878906
v 82.362823486328125 0 237.31304931640625
v 84.387359619140625 0 236.67295837402344
v 84.387359619140625 0 239.23332214355469
v 83.028121948242188 0 237.24568176269531
v 83.766014099121094 0 237.24568176269531
v 83.766014099121094 0 237.55499267578125
v 83.712516784667969 0 236.67295837402344
v 85.737052917480469 0 235.39279174804688
v 84.387359619140625 0 234.11260986328125
v 84.387359619140625 0 235.39279174804688
v 84.064155578613281 0 237.55499267578125
v 84.064155578613281 0 238.21463012695312
v 83.766014099121094 0 238.21463012695312
v 83.712516784667969 0 239.23332214355469
v 85.737052917480469 0 240.51348876953125
v 84.387359619140625 0 241.79367065429688
v 84.387359619140625 0 240.51348876953125
v 83.766014099121094 0 238.52767944335938
v 83.028121948242188 0 238.52767944335938
v 83.028121948242188 0 238.21463012695312
v 82.362823486328125 0 239.23332214355469
v 82.362823486328125 0 238.59323120117188
v 82.722526550292969 0 238.21463012695312
v 85.82318115234375 0 237.495361328125
v 86.128776550292969 0 237.495361328125
v 87.086738586425781 0 237.31304931640625
v 86.411895751953125 0 236.67295837402344
v 87.086738586425781 0 234.11260986328125
v 87.086738586425781 0 235.39279174804688
v 86.128776550292969 0 237.18605041503906
v 86.866668701171875 0 237.18605041503906
v 86.866668701171875 0 237.495361328125
v 87.164810180664062 0 237.495361328125
v 87.761589050292969 0 236.67295837402344
v 87.761589050292969 0 237.95314025878906
v 87.761589050292969 0 237.31304931640625
v 87.164810180664062 0 238.15499877929688
v 86.866668701171875 0 238.15499877929688
v 87.086738586425781 0 238.59323120117188
v 87.761589050292969 0 239.23332214355469
v 87.761589050292969 0 238.59323120117188
v 87.086738586425781 0 241.79367065429688
v 87.086738586425781 0 240.51348876953125
v 86.411895751953125 0 239.23332214355469
v 86.866668701171875 0 238.46804809570312
v 86.128776550292969 0 238.46804809570312
v 86.128776550292969 0 238.15499877929688
v 85.82318115234375 0 238.15499877929688
v 46.683712005615234 0 236.99617004394531
v 47.590221405029297 0 236.99617004394531
v 47.590221405029297 0 237.43888854980469
v 49.614063262939453 0 237.43888854980469
v 49.614063262939453 0 238.1767578125
v 49.295406341552734 0 236.67295837402344
v 49.295406341552734 0 239.23332214355469
v 49.129184722900391 0 238.1767578125
v 49.129184722900391 0 238.4508056640625
v 50.645095825195312 0 240.51348876953125
v 49.295406341552734 0 241.79367065429688
v 49.295406341552734 0 240.51348876953125
v 48.686470031738281 0 238.4508056640625
v 48.686470031738281 0 239.08326721191406
v 47.168590545654297 0 239.08326721191406
v 47.168590545654297 0 238.61946105957031
v 46.768039703369141 0 238.61946105957031
v 46.596023559570312 0 238.59323120117188
v 46.768039703369141 0 238.1767578125
v 46.515056610107422 0 238.1767578125
v 45.921176910400391 0 237.95314025878906
v 45.246334075927734 0 238.59323120117188
v 45.921176910400391 0 239.23332214355469
v 45.921176910400391 0 238.59323120117188
v 46.515056610107422 0 237.77619934082031
v 45.921176910400391 0 236.67295837402344
v 45.921176910400391 0 237.31304931640625
v 47.945713043212891 0 235.39279174804688
v 46.596023559570312 0 234.11260986328125
v 46.596023559570312 0 235.39279174804688
v 46.156669616699219 0 237.77619934082031
v 46.156669616699219 0 237.33348083496094
v 50.373004913330078 0 237.37564086914062
v 52.186027526855469 0 237.37564086914062
v 52.119956970214844 0 237.12907409667969
v 51.994785308837891 0 236.67295837402344
v 52.669631958007812 0 236.67295837402344
v 51.994785308837891 0 234.11260986328125
v 50.645095825195312 0 235.39279174804688
v 51.994785308837891 0 235.39279174804688
v 53.092536926269531 0 237.12907409667969
v 53.092536926269531 0 237.41781616210938
v 53.408763885498047 0 237.41781616210938
v 54.019321441650391 0 236.67295837402344
v 54.019321441650391 0 237.31304931640625
v 53.408763885498047 0 237.90269470214844
v 53.134700775146484 0 237.90269470214844
v 52.666595458984375 0 238.71347045898438
v 52.666595458984375 0 239.20974731445312
v 51.553577423095703 0 239.20974731445312
v 51.553577423095703 0 238.42973327636719
v 51.005455017089844 0 238.42973327636719
v 51.005455017089844 0 238.11351013183594
v 50.645095825195312 0 238.59323120117188
v 51.319942474365234 0 239.23332214355469
v 51.319942474365234 0 238.59323120117188
v 50.394084930419922 0 238.11351013183594
v 43.732276916503906 0 240.32708740234375
v 44.280403137207031 0 240.32708740234375
v 43.896644592285156 0 241.79367065429688
v 44.280403137207031 0 240.89628601074219
v 44.617710113525391 0 241.14926147460938
v 45.246334075927734 0 243.07383728027344
v 42.546951293945312 0 243.07383728027344
v 43.896644592285156 0 244.35401916503906
v 43.896644592285156 0 243.07383728027344
v 45.246334075927734 0 246.91436767578125
v 42.546951293945312 0 249.47471618652344
v 42.546951293945312 0 246.91436767578125
v 44.912849426269531 0 241.14926147460938
v 44.912849426269531 0 241.63414001464844
v 44.196075439453125 0 241.63414001464844
v 43.690116882324219 0 241.2757568359375
v 55.242866516113281 0 240.47465515136719
v 55.727745056152344 0 240.47465515136719
v 55.727745056152344 0 241.23359680175781
v 55.221786499023438 0 241.82388305664062
v 56.043857574462891 0 243.07383728027344
v 53.344478607177734 0 243.07383728027344
v 54.694168090820312 0 244.35401916503906
v 54.694168090820312 0 243.07383728027344
v 56.043857574462891 0 246.91436767578125
v 50.645095825195312 0 246.91436767578125
v 53.344478607177734 0 249.47471618652344
v 53.344478607177734 0 246.91436767578125
v 54.336357116699219 0 241.82388305664062
v 54.336357116699219 0 241.31791687011719
v 54.842315673828125 0 241.31791687011719
v 55.221786499023438 0 240.87519836425781
v 56.043857574462891 0 241.15357971191406
v 56.043857574462891 0 239.87339782714844
v 54.694168090820312 0 239.87339782714844
v 55.369014739990234 0 239.87339782714844
v 47.180049896240234 0 239.78643798828125
v 48.730377197265625 0 239.78643798828125
v 48.730377197265625 0 243.06596374511719
v 47.478191375732422 0 243.06596374511719
v 47.478191375732422 0 241.60508728027344
v 46.703025817871094 0 241.60508728027344
v 46.703025817871094 0 240.38270568847656
v 47.180049896240234 0 240.38270568847656
v 51.473262786865234 0 239.726806640625
v 52.546566009521484 0 239.726806640625
v 52.546566009521484 0 243.09577941894531
v 51.532894134521484 0 243.09577941894531
v 68.398513793945312 0 222.65756225585938
v 69.394638061523438 0 222.65756225585938
v 69.322853088378906 0 224.87248229980469
v 69.73907470703125 0 224.87248229980469
v 69.540763854980469 0 226.43156433105469
v 68.191070556640625 0 223.8712158203125
v 66.841384887695312 0 225.15138244628906
v 68.191070556640625 0 226.43156433105469
v 68.191070556640625 0 225.15138244628906
v 69.540763854980469 0 224.51129150390625
v 68.191070556640625 0 224.51129150390625
v 72.240142822265625 0 225.15138244628906
v 70.890457153320312 0 223.8712158203125
v 70.890457153320312 0 226.43156433105469
v 70.890457153320312 0 225.15138244628906
v 66.841384887695312 0 222.59103393554688
v 64.141998291015625 0 218.75050354003906
v 64.141998291015625 0 221.31085205078125
v 70.890457153320312 0 224.51129150390625
v 70.215606689453125 0 223.8712158203125
v 70.215606689453125 0 225.15138244628906
v 70.215606689453125 0 224.51129150390625
v 72.240142822265625 0 222.59103393554688
v 70.890457153320312 0 221.31085205078125
v 70.890457153320312 0 222.59103393554688
v 69.73907470703125 0 225.83299255371094
v 69.322853088378906 0 225.83299255371094
v 70.890457153320312 0 225.79147338867188
v 70.215606689453125 0 226.43156433105469
v 70.215606689453125 0 225.79147338867188
v 72.240142822265625 0 227.71173095703125
v 69.540763854980469 0 227.71173095703125
v 70.890457153320312 0 228.99191284179688
v 70.890457153320312 0 227.71173095703125
v 68.191070556640625 0 225.79147338867188
v 66.841384887695312 0 227.71173095703125
v 69.290840148925781 0 230.95567321777344
v 69.51495361328125 0 230.98768615722656
v 69.540763854980469 0 230.2720947265625
v 69.540763854980469 0 232.83244323730469
v 68.191070556640625 0 232.83244323730469
v 70.890457153320312 0 231.55226135253906
v 70.890457153320312 0 230.2720947265625
v 69.51495361328125 0 231.69206237792969
v 68.042182922363281 0 231.69206237792969
v 68.042182922363281 0 230.95567321777344
v 68.330337524414062 0 230.95567321777344
v 67.516227722167969 0 230.2720947265625
v 66.841384887695312 0 230.91217041015625
v 67.516227722167969 0 231.55226135253906
v 67.516227722167969 0 230.91217041015625
v 68.364425659179688 0 226.80661010742188
v 48.883472442626953 0 221.38975524902344
v 48.83819580078125 0 217.72219848632812
v 49.562648773193359 0 217.72219848632812
v 50.645095825195312 0 217.4703369140625
v 49.295406341552734 0 216.19015502929688
v 47.945713043212891 0 217.4703369140625
v 56.043857574462891 0 216.19015502929688
v 53.344478607177734 0 216.19015502929688
v 49.653205871582031 0 224.60453796386719
v 48.883735656738281 0 224.59028625488281
v 47.945713043212891 0 225.15138244628906
v 48.928752899169922 0 222.15950012207031
v 48.294853210449219 0 222.15950012207031
v 48.294853210449219 0 221.38975524902344
v 36.590354919433594 0 227.59292602539062
v 37.812873840332031 0 227.59292602539062
v 37.812873840332031 0 228.31736755371094
v 37.269535064697266 0 228.31736755371094
v 37.269535064697266 0 230.73977661132812
v 37.790237426757812 0 230.73977661132812
v 37.790237426757812 0 231.66798400878906
v 36.273406982421875 0 231.66798400878906
v 36.273406982421875 0 230.67185974121094
v 36.567714691162109 0 230.67185974121094
v 38.514690399169922 0 230.76242065429688
v 39.533458709716797 0 230.76242065429688
v 39.510818481445312 0 230.21907043457031
v 40.439029693603516 0 230.21907043457031
v 40.439029693603516 0 230.76242065429688
v 40.937091827392578 0 230.76242065429688
v 40.937091827392578 0 231.78118896484375
v 38.514690399169922 0 231.78118896484375
v 44.717849731445312 0 230.83033752441406
v 45.306468963623047 0 230.83033752441406
v 45.306468963623047 0 230.08323669433594
v 45.713977813720703 0 230.08323669433594
v 46.596023559570312 0 229.63200378417969
v 45.921176910400391 0 230.2720947265625
v 45.921176910400391 0 229.63200378417969
v 45.713977813720703 0 230.80769348144531
v 46.302597045898438 0 230.80769348144531
v 46.302597045898438 0 231.35102844238281
v 45.895092010498047 0 231.35102844238281
v 46.596023559570312 0 230.91217041015625
v 47.945713043212891 0 232.83244323730469
v 46.596023559570312 0 232.83244323730469
v 45.895092010498047 0 231.73590087890625
v 46.596023559570312 0 232.19235229492188
v 45.246334075927734 0 232.19235229492188
v 45.921176910400391 0 232.83244323730469
v 45.921176910400391 0 232.19235229492188
v 44.717849731445312 0 231.73590087890625
v 48.045822143554688 0 230.76242065429688
v 48.770275115966797 0 230.76242065429688
v 48.792915344238281 0 230.08323669433594
v 49.766403198242188 0 230.08323669433594
v 49.766403198242188 0 230.78504943847656
v 50.468219757080078 0 230.78504943847656
v 50.468219757080078 0 231.78118896484375
v 48.566524505615234 0 231.78118896484375
v 48.566524505615234 0 231.39631652832031
v 50.645095825195312 0 232.83244323730469
v 49.295406341552734 0 234.11260986328125
v 49.295406341552734 0 232.83244323730469
v 49.295406341552734 0 232.19235229492188
v 47.945713043212891 0 232.19235229492188
v 48.620559692382812 0 232.83244323730469
v 48.620559692382812 0 232.19235229492188
v 48.045822143554688 0 231.39631652832031
f 1093 1110 1131
f 1110 1112 1101
f 1112 1110 1093 1111
f 1102 1112 1111 995
f 1111 1093 1114
f 1065 995 1111
f 1114 1065 1111
f 1065 1114 1113
f 1087 1039 1088 1089
f 1084 1083 1089
f 1088 1038 1084
f 1089 1088 1084
f 1084 1038 1085 1086
f 1954 1147 1955 1956
f 1956 1955 1171 1182
f 1953 1956 1182 1170
f 1182 1171 1183 1184
f 2 1222 1224 1221
f 1222 1059 1223 1224
f 1059 4077 4102 1223
f 1223 4102 1145 1140
f 1140 1145 1146 1144
f 1061 1138 1139
f 1195 1151 1165
f 1196 1150 1169
f 1166 1148 1196
f 1169 1166 1196
f 1168 1169 1167
f 1166 1169 1168 1147
f 1057 1055 996 1056
f 1054 1057 1056 1008
f 1023 1095 1098 1072
f 1100 1098 1095
f 1 1096 1100
f 1095 1 1100
f 1072 1098 1099
f 1099 1097 1072
f 1097 1104 1062
f 1104 1102 995 1103
f 1062 1104 1103 1051
f 1071 1069 1064 1070
f 1071 1070 1055
f 1064 1062 1051 1063
f 1070 1064 1063
f 996 1055 1070
f 1063 996 1070
f 4090 4081 996
f 1063 4088 4090
f 996 1063 4090
f 1063 1051 4086 4088
f 4091 4088 4086
f 1067 4087 4091
f 4086 1067 4091
f 4081 4090 4092 4089
f 4090 4088 4091 4092
f 4086 1051 1103
f 1103 995 1065
f 1065 1067 4086
f 4086 1103 1065
f 1066 4093 1065
f 4093 1067 1065
f 1008 1056 4082 4080
f 1056 996 4081 4082
f 4079 1060 4080
f 4082 4076 4079
f 4080 4082 4079
f 4103 4105 4104 4077
f 2252 1009 1030
f 1031 1020 2252
f 1030 1031 2252
f 1029 1031 1030 1024
f 1034 1018 1035
f 1037 1021 1034
f 1035 1037 1034
f 2250 1021 1037
f 1036 1017 2250
f 1037 1036 2250
f 1016 1026 1028 1025
f 1025 1028 1027 1020
f 1020 1027 2254 2252
f 2252 2254 2253 1009
f 915 1024 1033 1032
f 1030 1009 1047
f 1047 1022 1033
f 1033 1024 1030
f 1030 1047 1033
f 1033 1022 994 1007
f 1032 1033 1007 3
f 2770 2632 2786 2787
f 2787 2786 2635 2639
f 2780 2787 2639 2631
f 2786 2632 2627
f 2633 2635 2786
f 2627 2633 2786
f 2640 2635 2633
f 2630 2634 2640
f 2633 2630 2640
f 2631 2639 2642 2638
f 2639 2635 2640 2642
f 2642 2640 2634 2641
f 2628 2630 2633
f 2633 2627 2628
f 2644 2630 2628
f 1274 2629 2644
f 2628 1274 2644
f 2641 2634 2665 2667
f 2667 2665 2646 2666
f 2660 2667 2666 2643
f 2665 2634 2630
f 2644 2646 2665
f 2630 2644 2665
f 2646 2644 2629 2645
f 2643 2666 2645
f 2666 2646 2645
f 2677 2670 2678 2679
f 2678 2670 1206
f 2671 2673 2678
f 1206 2671 2678
f 2705 2673 2671
f 1261 2672 2705
f 2671 1261 2705
f 2705 2672 2706
f 2671 1206 1257
f 1257 947 1185
f 1185 1261 2671
f 2671 1257 1185
f 2707 1261 1185
f 1172 1260 2707
f 1185 1172 2707
f 1259 2706 2723 2721
f 2706 2672 2722 2723
f 2723 2722 2709 2713
f 2722 2672 1261
f 2707 2709 2722
f 1261 2707 2722
f 2714 2709 2707
f 1260 2708 2714
f 2707 1260 2714
f 2713 2709 2714 2716
f 2716 2714 2708 2715
f 957 2715 2719
f 2715 2708 2719
f 2708 1260 2717 2719
f 2743 2719 2717
f 2637 2718 2743
f 2717 2637 2743
f 2742 2719 2743 2745
f 2745 2743 2718 2744
f 2717 1260 1172
f 2636 2637 2717
f 1172 2636 2717
f 2627 2747 2636
f 2747 2637 2636
f 2718 2637 2747 2748
f 2769 2748 2747
f 2627 2632 2769
f 2747 2627 2769
f 2768 2748 2769 2771
f 2771 2769 2632 2770
f 4044 1002 1236 4046
f 4046 1236 1231 4045
f 1002 1237 1239 1236
f 4067 893 1227 1243
f 1243 1239 1237 4067
f 1239 1243 1244 1242
f 1243 1227 1232 1244
f 1242 1238 1231
f 1236 1239 1242
f 1231 1236 1242
f 1248 1247 1245
f 1231 1238 1248
f 1245 1231 1248
f 1249 1247 1248
f 1245 1247 1246 1205
f 4057 4055 4052 4056
f 4054 4057 4056 4048
f 4055 4045 1231
f 1245 4052 4055
f 1231 1245 4055
f 4052 1245 1205 2793
f 4056 4052 2793
f 850 4048 4056
f 2793 850 4056
f 4072 1228 1230 1233
f 1233 1227 893 4072
f 1228 1199 1229 1230
f 1227 1233 1235 1232
f 1233 1230 1234 1235
f 1202 1204 1203 1200
f 850 2793 2794 2792
f 2793 1205 1265 2794
f 2794 1265 1207 2684
f 1205 1246 1266 1265
f 1265 1266 1256 1207
f 1264 1258 1255
f 1207 1256 1264
f 1255 1207 1264
f 1255 1258 1257 1206
f 2790 2684 1207
f 1255 2685 2790
f 1207 1255 2790
f 2812 2685 1255
f 1206 2670 2812
f 1255 1206 2812
f 2791 2685 2812 2813
f 2813 2812 2670 2677
f 2808 2813 2677 4
f 975 987 989 986
f 987 891 988 989
f 1000 998 894 999
f 997 1000 999 976
f 894 4034 4035 4033
f 4034 993 4027 4035
f 4033 4035 4026 1001
f 993 4028 4030 4027
f 4028 892 4029 4030
f 4030 4029 1058 4025
f 4073 4071 1228 4072
f 4066 4073 4072 893
f 859 976 1003
f 4064 999 4033
f 999 894 4033
f 4033 1001 4064
f 4064 1003 976 999
f 4068 4066 893 4067
f 4065 4068 4067 1237
f 880 990 992 914
f 990 916 991 992
f 987 975 992
f 991 891 987
f 992 991 987
f 914 992 975 5
f 2647 1277 1275
f 958 1276 2647
f 1275 958 2647
f 2779 2649 2647
f 1276 2648 2779
f 2647 1276 2779
f 2781 2780 2631 2653
f 2779 2781 2653 2649
f 954 4231 4256 4254
f 4252 851 4218
f 4256 4231 4252
f 4218 4256 4252
f 4256 4218 2674 4255
f 4254 4256 4255 4222
f 4698 4222 4255
f 4255 2674 959
f 959 4221 4698
f 4698 4255 959
f 4694 4222 4698 4700
f 4700 4698 4221 4699
f 4697 4700 4699 956
f 851 4201 4220 4218
f 4216 2675 2680
f 4220 4201 4216
f 2680 4220 4216
f 4220 2680 2676 4219
f 4218 4220 4219 2674
f 4225 2681 2689
f 2689 2683 2680
f 2680 2675 4225
f 4225 2689 2680
f 2681 2690 2691 2689
f 2698 2682 2697
f 2697 2682 2676
f 2680 2683 2697
f 2676 2680 2697
f 2726 2701 2699
f 2676 2682 2726
f 2699 2676 2726
f 2682 2698 2727 2726
f 2698 1259 2721 2727
f 2728 2700 2651
f 2699 2701 2728
f 2651 2699 2728
f 4219 2676 2699
f 2699 2651 959
f 959 2674 4219
f 4219 2699 959
f 2730 2652 2650
f 959 2651 2730
f 2650 959 2730
f 2651 2700 2732 2730
f 2732 2700 2729
f 2729 957 2732
f 2749 2731 2652
f 2730 2732 2749
f 2652 2730 2749
f 2759 2751 2750
f 2652 2731 2759
f 2750 2652 2759
f 2762 2760 2746 2761
f 2759 2762 2761 2751
f 2772 2648 1276
f 2750 2751 2772
f 1276 2750 2772
f 2750 1276 958
f 2650 2652 2750
f 958 2650 2750
f 4699 4221 4703
f 4701 956 4699
f 4703 4701 4699
f 4221 959 2650 4703
f 4703 2650 958 4702
f 4701 4703 4702 6
f 944 945 943
f 951 949 937 950
f 948 951 950 766
f 4040 4042 4043 4041
f 4039 4041 4043
f 4049 4048 850 2801
f 4047 4049 2801 946
f 852 4208 4209 4207
f 4208 946 2800 4209
f 4207 4209 4200 953
f 946 2801 2802 2800
f 2801 850 2792 2802
f 4196 2692 2798 4198
f 4198 2798 2693 4197
f 2693 2799 2809 2807
f 2809 2808 4 2690
f 2807 2809 2690 2681
f 4197 2693 2807 4226
f 4226 2807 2681 4225
f 4215 4226 4225 2675
f 4232 953 4200 4206
f 4206 4202 4199 4232
f 4217 4214 4202
f 4217 4215 2675 4216
f 4214 4217 4216 4201
f 4251 4199 4202 4214
f 4214 4201 851 4251
f 766 950 4264 4263
f 950 937 4233 4264
f 4262 4245 4264
f 4233 955 4262
f 4264 4233 4262
f 4269 952 4263
f 4264 4245 4269
f 4263 4264 4269
f 937 4234 4235 4233
f 4234 852 4207 4235
f 4235 4207 953
f 955 4233 4235
f 955 4241 4243 4240
f 4240 4243 4242 4230
f 4253 4251 851 4252
f 4250 4253 4252 4231
f 4262 955 4240
f 886 905 907 904
f 910 906 888
f 904 907 910
f 888 904 910
f 923 919 917
f 888 906 923
f 917 888 923
f 917 919 918 887
f 911 889 912 913
f 926 924 890 925
f 927 890 859
f 778 887 920 857
f 828 908 909 877
f 877 909 886 8
f 9 4122 4124 4121
f 4122 1311 4123 4124
f 4112 1312 4113 4114
f 4114 4113 1290 1308
f 1312 1289 4115
f 1298 1290 4113
f 4113 1312 1298
f 1309 1290 1298
f 1299 1292 1309
f 1298 1299 1309
f 1308 1290 1309 1310
f 1310 1309 1292 1295
f 1293 1302 1305 1301
f 1302 1295 1303 1305
f 1305 1303 1297 1304
f 1303 1295 1292
f 1296 1297 1303
f 1292 1296 1303
f 11 4316 4727 4725
f 4316 4284 4726 4727
f 4726 4284 1915
f 4317 4318 4726
f 1915 4317 4726
f 4715 4713 4286 4714
f 4712 4715 4714 793
f 767 4641 4646 4644
f 4644 4646 4645 4272
f 4701 4717 4273
f 4717 1917 4273
f 4273 956 4701
f 4701 6 1281 4717
f 4714 4286 4719
f 4716 793 4714
f 4719 4716 4714
f 4286 1917 4717 4719
f 4719 4717 1281 4718
f 4716 4719 4718 10
f 12 1908 1909 781
f 1908 783 847 1909
f 1913 1911 784 1912
f 801 1913 1912 761
f 4828 936 862
f 848 932 4828
f 862 848 4828
f 4828 4830 4829 936
f 862 936 4835
f 4835 935 862
f 935 4839 4836
f 4839 4837 4836
f 4842 4840 948 4841
f 4839 4842 4841 4837
f 4841 948 766
f 4663 4837 4841
f 766 4663 4841
f 4836 4837 4663 849
f 4859 4857 4836 4858
f 4856 4859 4858 4855
f 4858 4836 849
f 4854 4855 4858
f 849 4854 4858
f 4853 4855 4854 768
f 4673 4854 4662 4640
f 4673 768 4854
f 4854 849 4662
f 4662 4246 4640
f 4640 1914 4673
f 849 4663 4664 4662
f 4663 766 4263 4664
f 4660 4270 4664
f 4263 952 4660
f 4664 4263 4660
f 4662 4664 4270 4246
f 4660 952 4268 4661
f 4661 4268 4244 4655
f 4655 4244 4656 4658
f 4658 4656 7 4657
f 4652 4658 4657 4271
f 761 1912 4296 4294
f 1912 784 4295 4296
f 4678 4283 4296
f 4295 1916 4678
f 4296 4295 4678
f 4287 790 4294
f 4296 4283 4287
f 4294 4296 4287
f 784 4672 4674 4295
f 4672 768 4673 4674
f 4674 4673 1914 4670
f 4671 1916 4295
f 4674 4670 4671
f 4295 4674 4671
f 4690 4688 767 4689
f 4283 4678 4679
f 4679 4678 1916
f 827 837 838
f 838 837 750
f 931 858 4802
f 4802 856 778
f 778 857 931
f 931 4802 778
f 777 750 837
f 837 827 777
f 783 1908 777
f 1908 12 777
f 876 828 877 879
f 4797 879 877
f 8 878 4797
f 877 8 4797
f 4795 875 4796
f 4799 4798 824
f 13 2060 2849 2848
f 2856 2849 2060
f 1346 2837 2856
f 2060 1346 2856
f 2849 2856 2858 2855
f 2856 2837 2857 2858
f 2852 2844 2858
f 2857 1347 2852
f 2858 2857 2852
f 2862 2837 1346
f 2039 2839 2862
f 1346 2039 2862
f 2039 1294 2829 2839
f 2837 2862 2864 2857
f 2862 2839 2863 2864
f 2864 2863 2838 2859
f 2861 1347 2857
f 2864 2859 2861
f 2857 2864 2861
f 2860 2841 2840
f 1335 1348 2860
f 2840 1335 2860
f 2844 2852 2854 2851
f 2851 2854 2853 2847
f 2853 2845 1348
f 2846 2847 2853
f 1348 2846 2853
f 2834 2829 1294
f 2016 2831 2834
f 1294 2016 2834
f 2016 1322 2830 2831
f 2829 2834 2836 2833
f 2834 2831 2835 2836
f 1306 1319 1321 1318
f 1317 1291 1320
f 1321 1313 1317
f 1320 1321 1317
f 1318 1321 1320 1307
f 1307 1320 1330 1329
f 1334 1307 1329
f 14 2028 2029 2027
f 2028 1324 2010 2029
f 2026 2008 2029
f 2010 1325 2026
f 2029 2010 2026
f 2053 1323 2027
f 2029 2008 2053
f 2027 2029 2053
f 1324 2011 2012 2010
f 2005 1325 2010
f 2012 2002 2005
f 2010 2012 2005
f 2004 2022 2024 2021
f 2021 2024 2023 2001
f 2006 2002 2013
f 2048 2015 2043
f 2043 2003 2048
f 2048 2046 9 2047
f 2015 2048 2047 1322
f 2001 2023 2037 2034
f 2037 2035 2017 2036
f 2034 2037 2036 2014
f 2045 2043 2015 2044
f 2035 2045 2044 2017
f 2044 2015 1322
f 2016 2017 2044
f 1322 2016 2044
f 2036 2017 2016
f 1294 2014 2036
f 2016 1294 2036
f 2053 2008 2025
f 2055 2025 2056 2058
f 2058 2056 2009 2057
f 2009 4135 4143 4140
f 4143 4141 2040 4142
f 4140 4143 4142 2038
f 4131 2001 2034 4147
f 4147 2034 2014 4146
f 4141 4147 4146 2040
f 4146 2014 1294
f 2039 2040 4146
f 1294 2039 4146
f 4142 2040 2039
f 1346 2038 4142
f 2039 1346 4142
f 2081 2079 2061 2080
f 2078 2081 2080 2059
f 2061 2038 1346 2060
f 2080 2061 2060
f 13 2059 2080
f 2060 13 2080
f 15 1992 1993 1991
f 2028 14 1991
f 1993 1324 2028
f 1991 1993 2028
f 17 4394 4412 4410
f 4408 1894 4379
f 4412 4394 4408
f 4379 4412 4408
f 4412 4379 4350 4411
f 4410 4412 4411 4348
f 4420 4363 4381
f 4379 1894 4420
f 4381 4379 4420
f 4377 762 4345
f 4381 4363 4377
f 4345 4381 4377
f 4381 4345 4291 4380
f 4379 4381 4380 4350
f 4380 4291 795
f 4349 4350 4380
f 795 4349 4380
f 4411 4350 4349
f 736 4348 4411
f 4349 736 4411
f 4385 4327 4347
f 4345 762 4385
f 4347 4345 4385
f 4343 791 4312
f 4347 4327 4343
f 4312 4347 4343
f 4347 4312 4293 4346
f 4345 4347 4346 4291
f 4354 4289 4315
f 4312 791 4354
f 4315 4312 4354
f 4310 11 4725
f 4725 4313 4315
f 4315 4289 4310
f 4310 4725 4315
f 4724 4285 4314
f 4315 4313 4724
f 4314 4315 4724
f 4312 4315 4314 4293
f 4314 4285 4712
f 4712 793 4292
f 4292 4293 4314
f 4314 4712 4292
f 4346 4293 4292
f 795 4291 4346
f 4292 795 4346
f 4292 793 4716
f 4716 10 794
f 794 795 4292
f 4292 4716 794
f 4349 795 794
f 16 736 4349
f 794 16 4349
f 18 1899 1901 1898
f 1899 774 808 1901
f 4788 1898 1901
f 1900 773 4788
f 1901 1900 4788
f 774 809 811 808
f 809 751 769 811
f 804 764 810
f 811 769 804
f 810 811 804
f 810 764 785 1892
f 1892 785 763 1891
f 1890 1892 1891 775
f 773 1900 1904 1902
f 1904 1890 775 1903
f 1902 1904 1903 549
f 805 769 751
f 770 772 805
f 751 770 805
f 769 805 807 804
f 805 772 779 807
f 796 771 806
f 807 779 796
f 806 807 796
f 804 807 806 764
f 780 12 781 782
f 803 801 761 802
f 786 803 802 765
f 806 771 797
f 797 788 785
f 785 764 806
f 806 797 785
f 800 798 786 799
f 797 800 799 788
f 799 786 765
f 787 788 799
f 765 787 799
f 785 788 787 763
f 763 787 4337 4336
f 787 765 4305 4337
f 4333 4326 4337
f 4305 792 4333
f 4337 4305 4333
f 4359 789 4336
f 4337 4326 4359
f 4336 4337 4359
f 765 802 4306 4305
f 802 761 4294 4306
f 4302 4288 4306
f 4294 790 4302
f 4306 4294 4302
f 4325 792 4305
f 4306 4288 4325
f 4305 4306 4325
f 4288 4302 4304 4301
f 4301 4304 4303 4290
f 4290 4303 4311 4309
f 4309 4311 4310 4289
f 4355 4309 4289 4354
f 4342 4355 4354 791
f 4359 4326 4332 4361
f 4361 4332 4328 4360
f 4326 4333 4335 4332
f 4332 4335 4334 4328
f 4328 4334 4344 4341
f 4344 4342 791 4343
f 4341 4344 4343 4327
f 4360 4328 4341 4386
f 4386 4341 4327 4385
f 4376 4386 4385 762
f 549 1903 4399 4398
f 1903 775 4370 4399
f 4397 4393 4399
f 4370 1895 4397
f 4399 4370 4397
f 4398 4399 4393 1893
f 775 1891 4371 4370
f 1891 763 4336 4371
f 4369 4362 4371
f 4336 789 4369
f 4371 4336 4369
f 4390 1895 4370
f 4371 4362 4390
f 4370 4371 4390
f 1895 4390 4392
f 4390 4362 4368 4392
f 4392 4368 4364 4391
f 4378 4376 762 4377
f 4375 4378 4377 4363
f 4391 4364 4375 4421
f 4421 4375 4363 4420
f 4407 4421 4420 1894
f 4409 4407 1894 4408
f 4406 4409 4408 4394
f 19 4756 4757 747
f 4756 749 823 4757
f 4757 823 752 813
f 4755 747 4757
f 813 517 4755
f 4757 813 4755
f 750 825 826
f 4746 517 813
f 814 812 4746
f 813 814 4746
f 813 752 776 814
f 809 774 814
f 776 751 809
f 814 776 809
f 1899 18 4775
f 4775 812 814
f 814 774 1899
f 1899 4775 814
f 20 1376 1378 1375
f 1376 1359 1377 1378
f 1359 2269 3004 1377
f 2269 1337 2899 3004
f 1381 3002 3003
f 3002 1381 1338
f 1382 1383 3002
f 1338 1382 3002
f 1366 3023 3024
f 3023 1366 1365
f 1336 1364 3023
f 1365 1336 3023
f 1337 2900 2901 2899
f 2908 2901 2900
f 1349 2890 2908
f 2900 1349 2908
f 2901 2908 2910 2907
f 2908 2890 2909 2910
f 2915 2890 1349
f 2083 2891 2915
f 1349 2083 2915
f 2083 13 2848 2891
f 2890 2915 2917 2909
f 2915 2891 2916 2917
f 2911 2885 2912 2914
f 2914 2912 2887 2913
f 2913 2887 2886
f 2880 2884 2913
f 2886 2880 2913
f 2886 2882 2881
f 1350 2880 2886
f 2881 1350 2886
f 2906 2880 1350
f 2888 2889 2906
f 1350 2888 2906
f 2898 2889 2888
f 1338 1381 2898
f 2888 1338 2898
f 2888 1350 2883
f 1368 1338 2888
f 2883 1368 2888
f 21 2263 2264 2262
f 2263 1352 2065 2264
f 2259 1380 2264
f 2065 1353 2259
f 2264 2065 2259
f 2272 1351 2262
f 2264 1380 2272
f 2262 2264 2272
f 1352 2066 2067 2065
f 2066 14 2027 2067
f 2062 2054 2067
f 2027 1323 2062
f 2067 2027 2062
f 4151 1353 2065
f 2067 2054 4151
f 2065 2067 4151
f 4153 4151 2054
f 4153 4159 4161 4158
f 4158 4161 4160 4152
f 2062 1323 2052 2064
f 4169 4167 2084 4168
f 4166 4169 4168 2082
f 4167 2063 2007 2078
f 2078 2059 2084 4167
f 2084 2059 13 2083
f 4168 2084 2083
f 1349 2082 4168
f 2083 1349 4168
f 4152 4190 4192
f 4192 4190 4162 4191
f 4185 4192 4191 2268
f 4162 2082 1349 2900
f 4191 4162 2900
f 1337 2268 4191
f 2900 1337 4191
f 2300 2271 1351
f 2272 2274 2300
f 1351 2272 2300
f 2300 2274 2281 2302
f 2302 2281 2273 2301
f 2261 4178 4180 2265
f 2265 4180 4179 2260
f 2266 2260 2294 2296
f 2296 2294 2270 2295
f 2289 2296 2295 2267
f 2260 4179 4187 2294
f 4187 4185 2268 4186
f 2294 4187 4186 2270
f 4186 2268 1337
f 2269 2270 4186
f 1337 2269 4186
f 2295 2270 2269
f 1359 2267 2295
f 2269 1359 2295
f 2288 2324 2301
f 2324 1379 2301
f 2301 2273 2288
f 2288 2283 2282 2324
f 2291 2288 2273
f 2291 2289 2267 2290
f 2288 2291 2290 2283
f 2290 2267 1359
f 1376 2283 2290
f 1359 1376 2290
f 2282 2283 1376 20
f 22 2069 2070 2068
f 2069 15 1991 2070
f 2066 1352 2070
f 1991 14 2066
f 2070 1991 2066
f 2263 21 2068
f 2070 1352 2263
f 2068 2070 2263
f 737 16 15 2069
f 2069 22 23 737
f 4546 4499 4548
f 4543 24 4546
f 4548 4543 4546
f 4499 734 4508 4548
f 4548 4508 4473 4547
f 4543 4548 4547 4471
f 4507 4470 4510
f 4508 734 4507
f 4510 4508 4507
f 4515 550 4480
f 4510 4470 4515
f 4480 4510 4515
f 4510 4480 4413 4509
f 4508 4510 4509 4473
f 4509 4413 738
f 4472 4473 4509
f 738 4472 4509
f 4547 4473 4472
f 713 4471 4547
f 4472 713 4547
f 4478 4440 4482
f 4480 550 4478
f 4482 4480 4478
f 4486 4395 4447
f 4482 4440 4486
f 4447 4482 4486
f 4482 4447 4415 4481
f 4480 4482 4481 4413
f 4445 4426 4449
f 4447 4395 4445
f 4449 4447 4445
f 4454 17 4410
f 4449 4426 4454
f 4410 4449 4454
f 4449 4410 4348 4448
f 4447 4449 4448 4415
f 4448 4348 736
f 4414 4415 4448
f 736 4414 4448
f 4481 4415 4414
f 738 4413 4481
f 4414 738 4481
f 4414 736 16
f 737 738 4414
f 16 737 4414
f 4472 738 737
f 23 713 4472
f 737 23 4472
f 726 552 725
f 725 25 718
f 718 721 726
f 726 725 718
f 718 554 719 721
f 727 721 719
f 557 720 727
f 719 557 727
f 723 552 726
f 729 717 723
f 726 729 723
f 726 721 727 729
f 729 727 720 728
f 717 729 728
f 554 1883 1885 719
f 1883 518 1884 1885
f 1880 1878 551 1879
f 730 1880 1879 556
f 720 732 705
f 720 557 730 732
f 732 730 556 731
f 705 732 731 545
f 518 4772 4782 1884
f 4772 1881 4778 4782
f 1884 4782 4781 555
f 4787 1898 4788 4790
f 4790 4788 773 4789
f 4780 1902 549 4429
f 4779 4780 4429 1882
f 551 4461 4462 4460
f 4461 1882 4428 4462
f 4458 4439 4462
f 4428 4396 4458
f 4462 4428 4458
f 4467 733 4460
f 4462 4439 4467
f 4460 4462 4467
f 1882 4429 4430 4428
f 4429 549 4398 4430
f 4427 4425 4430
f 4398 1893 4427
f 4430 4398 4427
f 4435 4396 4428
f 4430 4425 4435
f 4428 4430 4435
f 4396 4435 4437 4434
f 4434 4437 4436 4424
f 4453 17 4454
f 4424 4436 4446 4444
f 4426 4445 4446
f 4444 4446 4445 4395
f 733 4467 4468 4466
f 4458 4396 4434 4459
f 4487 4444 4395 4486
f 4477 4479 4478 550
f 545 731 4526 4525
f 731 556 4495 4526
f 4526 4495 735 4498
f 4519 709 4525
f 4526 4498 4519
f 4525 4526 4519
f 556 1879 4496 4495
f 1879 551 4460 4496
f 4492 4469 4496
f 4460 733 4492
f 4496 4460 4492
f 4497 735 4495
f 4496 4469 4497
f 4495 4496 4497
f 4469 4492 4494 4491
f 4492 733 4466 4494
f 4494 4466 4438 4493
f 4493 4438 4477 4516
f 4516 4477 550 4515
f 4506 4516 4515 4470
f 600 602 516
f 4762 519 561
f 602 601 4762
f 561 602 4762
f 599 516 602
f 561 454 599
f 602 561 599
f 4755 517 4745
f 601 4763 4764 4762
f 748 4759 4764
f 4759 4752 4764
f 4762 4764 4752 519
f 4758 4754 4751
f 519 4752 4758
f 4751 519 4758
f 4752 4759 4761 4758
f 4759 748 4749 4761
f 4758 4761 4760 4754
f 4754 4760 4769 4767
f 4767 4769 4768 4753
f 4767 4753 562
f 4751 4754 4767
f 562 4751 4767
f 4750 4745 517
f 4746 4748 4750
f 517 4746 4750
f 4774 4748 4746
f 812 4747 4774
f 4746 812 4774
f 562 4753 4773 4770
f 4768 4744 4771
f 4773 4753 4768
f 4771 4773 4768
f 4773 4771 1881 4772
f 4770 4773 4772 518
f 718 25 560
f 554 718 560 553
f 612 490 449
f 491 611 612
f 490 612 600
f 26 2388 2975 2954
f 2388 2336 2974 2975
f 2336 2368 2995 2974
f 2368 1361 2994 2995
f 2990 2992 2993
f 3045 2988 1362
f 2989 2990 3045
f 1362 2989 3045
f 2992 2990 2989
f 2370 2966 2992
f 2989 2370 2992
f 2968 2966 2370 2967
f 2983 2968 2967
f 1360 2942 2983
f 2967 1360 2983
f 1361 2339 3034 2994
f 3038 3034 2339
f 1369 3016 3038
f 2339 1369 3038
f 3034 3038 3040 3037
f 3038 3016 3039 3040
f 3040 3039 1371 3031
f 1369 2314 3017 3016
f 2314 20 1375 3017
f 3010 1364 1336 3009
f 3013 3010 3009
f 1370 3008 3013
f 3009 1370 3013
f 3035 3031 1371
f 3012 3033 3035
f 1371 3012 3035
f 3033 3012 3008 3032
f 3032 3008 1370
f 3014 3015 3032
f 1370 3014 3032
f 3036 3015 3014
f 1362 2988 3036
f 3014 1362 3036
f 3014 1370 3011
f 2969 1362 3014
f 3011 2969 3014
f 3009 1336 1367
f 3011 1370 3009
f 1367 3011 3009
f 2967 2370 2970
f 2932 1360 2967
f 2970 2932 2967
f 2989 1362 2969
f 2970 2370 2989
f 2969 2970 2989
f 27 2352 2353 2351
f 2352 1373 2307 2353
f 2350 2335 2353
f 2307 1374 2350
f 2353 2307 2350
f 2377 1372 2351
f 2353 2335 2377
f 2351 2353 2377
f 1373 2308 2309 2307
f 2308 21 2262 2309
f 2304 2276 2309
f 2262 1351 2304
f 2309 2262 2304
f 2333 1374 2307
f 2309 2276 2333
f 2307 2309 2333
f 2332 1374 2333
f 2333 2276 2303
f 2332 2346 2348 2345
f 2345 2348 2347 2275
f 2276 2304 2306 2303
f 2358 2277 2305 2323
f 2323 2315 2313 2358
f 2326 2324 2282 2325
f 2323 2326 2325 2315
f 2325 2282 20
f 2314 2315 2325
f 20 2314 2325
f 2313 2315 2314 1369
f 2360 2358 2313 2359
f 2357 2360 2359 2340
f 2359 2313 1369
f 2339 2340 2359
f 1369 2339 2359
f 2338 2340 2339 1361
f 2606 2349 2374 2608
f 2608 2374 2337 2607
f 2337 2375 2386 2383
f 2386 2384 2369 2385
f 2383 2386 2385 2367
f 2366 2275 2392 2394
f 2394 2392 2338 2393
f 2384 2394 2393 2369
f 2393 2338 1361
f 2368 2369 2393
f 1361 2368 2393
f 2385 2369 2368
f 2336 2367 2385
f 2368 2336 2385
f 2619 2616 2334
f 2619 2617 2389 2618
f 2616 2619 2618 2387
f 2607 2337 2383 2623
f 2623 2383 2367 2622
f 2617 2623 2622 2389
f 2622 2367 2336
f 2388 2389 2622
f 2336 2388 2622
f 2618 2389 2388
f 26 2387 2618
f 2388 26 2618
f 28 2311 2312 2310
f 2311 22 2068 2312
f 2308 1373 2312
f 2068 21 2308
f 2312 2068 2308
f 2352 27 2310
f 2312 1373 2352
f 2310 2312 2352
f 714 23 22 2311
f 2311 28 29 714
f 4626 3133 4629
f 3157 30 4626
f 4629 3157 4626
f 4630 3121 4601
f 4629 3133 4630
f 4601 4629 4630
f 4629 4601 3136 4628
f 3157 4629 4628 3124
f 3121 4589 4603 4601
f 4600 546 4575
f 4603 4589 4600
f 4575 4603 4600
f 4603 4575 3134 4602
f 4601 4603 4602 3136
f 4602 3134 715
f 3135 3136 4602
f 715 3135 4602
f 4628 3136 3135
f 712 3124 4628
f 3135 712 4628
f 4607 4557 4577
f 4575 546 4607
f 4577 4575 4607
f 4573 710 4542
f 4577 4557 4573
f 4542 4577 4573
f 4577 4542 4524 4576
f 4575 4577 4576 3134
f 4581 4521 4545
f 4542 710 4581
f 4545 4542 4581
f 4540 24 4543
f 4545 4521 4540
f 4543 4545 4540
f 4545 4543 4471 4544
f 4542 4545 4544 4524
f 4544 4471 713
f 4523 4524 4544
f 713 4523 4544
f 4576 4524 4523
f 715 3134 4576
f 4523 715 4576
f 4523 713 23
f 714 715 4523
f 23 714 4523
f 3135 715 714
f 29 712 3135
f 714 29 3135
f 722 552 723 724
f 707 705 545 706
f 704 707 706 548
f 547 4567 4568 4566
f 4567 548 4535 4568
f 4563 4556 4568
f 4535 711 4563
f 4568 4535 4563
f 4585 708 4566
f 4568 4556 4585
f 4566 4568 4585
f 548 706 4536 4535
f 706 545 4525 4536
f 4532 4520 4536
f 4525 709 4532
f 4536 4525 4532
f 4555 711 4535
f 4536 4520 4555
f 4535 4536 4555
f 4555 4520 4531
f 4520 4532 4534 4531
f 4531 4534 4533 4522
f 4522 4533 4541 4539
f 24 4540 4541
f 4539 4541 4540 4521
f 4539 4521 4581
f 4585 4556 4562 4587
f 4587 4562 4558 4586
f 4556 4563 4565 4562
f 4562 4565 4564 4558
f 4558 4564 4574 4572
f 4572 4574 4573 4557
f 4586 4558 4572 4608
f 4608 4572 4557 4607
f 364 4614 4615 3130
f 4614 569 4594 4615
f 4613 3132 4615
f 4594 3122 4613
f 4615 4594 4613
f 4620 1970 3130
f 4615 3132 4620
f 3130 4615 4620
f 569 4595 4596 4594
f 4595 547 4566 4596
f 4593 4588 4596
f 4566 708 4593
f 4596 4566 4593
f 4594 4596 4588 3122
f 1970 4620 4622 3128
f 4620 3132 4612 4622
f 3128 4622 4621 3119
f 3119 4621 4627 3163
f 4627 4625 3133 4626
f 3163 4627 4626 30
f 450 514 598 597
f 590 591 587 455
f 526 522 488
f 523 525 526
f 488 523 526
f 523 520 524 525
f 522 526 527
f 530 528 515 529
f 530 529 497
f 467 493 494 492
f 481 504 506 487
f 504 489 505 506
f 497 531 532
f 1826 1421 33
f 1422 1424 1826
f 33 1422 1826
f 1422 1394 1423 1424
f 1421 1826 1828 1819
f 1826 1424 1827 1828
f 1394 2528 2923 1423
f 2528 1392 2922 2923
f 1431 1429 1393 1430
f 2925 1431 1430
f 1395 1403 2925
f 1430 1395 2925
f 1822 1825 1816
f 1822 1413 1823 1825
f 1825 1823 1415 1824
f 1821 1816 1825
f 1824 1412 1821
f 1825 1824 1821
f 1830 1412 1824
f 1824 1415 1414
f 1414 1402 1830
f 1830 1824 1414
f 1428 1426 1403 1427
f 1392 2558 2937 2922
f 2558 1432 2936 2937
f 2962 2936 1432
f 2587 2955 2962
f 1432 2587 2962
f 2971 2955 2587
f 26 2954 2971
f 2587 26 2971
f 2955 2971 2973 2963
f 2971 2954 2972 2973
f 2936 2962 2964 2961
f 2962 2955 2963 2964
f 2951 2958 2960 2957
f 2957 2960 2959 2953
f 2965 2942 1360
f 2943 2944 2965
f 1360 2943 2965
f 2952 2944 2943
f 1433 2929 2952
f 2943 1433 2952
f 2941 2929 1433
f 2930 2931 2941
f 1433 2930 2941
f 2935 2931 2930
f 1393 1429 2935
f 2930 1393 2935
f 2930 1433 2933
f 1405 1393 2930
f 2933 1405 2930
f 2943 1360 2932
f 2933 1433 2943
f 2932 2933 2943
f 1430 1393 1405
f 1406 1395 1430
f 1405 1406 1430
f 34 2490 2492 2434
f 2490 1400 2491 2492
f 2521 1425 2492
f 2491 1401 2521
f 2492 2491 2521
f 2486 1399 2434
f 2492 1425 2486
f 2434 2492 2486
f 1400 2553 2554 2491
f 2553 27 2351 2554
f 2581 2378 2554
f 2351 1372 2581
f 2554 2351 2581
f 2549 1401 2491
f 2554 2378 2549
f 2491 2554 2549
f 2555 2522 1401
f 2549 2552 2555
f 1401 2549 2555
f 2549 2378 2550 2552
f 2551 2556 2550
f 2556 2552 2550
f 2589 2550 2378
f 2581 2582 2589
f 2378 2581 2589
f 2583 2582 2581
f 1372 2376 2583
f 2581 1372 2583
f 2583 2376 2584 2586
f 2586 2584 2334 2585
f 2600 2598 2588 2599
f 2597 2600 2599 2557
f 2588 2387 26 2587
f 2599 2588 2587
f 1432 2557 2599
f 2587 1432 2599
f 2577 2575 2559 2576
f 2570 2577 2576 2527
f 2557 2559 2575
f 2575 2551 2557
f 2559 2557 1432 2558
f 2576 2559 2558
f 1392 2527 2576
f 2558 1392 2576
f 2495 2460 1399
f 2486 2489 2495
f 1399 2486 2495
f 2533 2489 2486
f 1425 2487 2533
f 2486 1425 2533
f 2495 2489 2496 2498
f 2498 2496 2488 2497
f 2525 2487 1425
f 2521 2524 2525
f 1425 2521 2525
f 2563 2524 2521
f 1401 2522 2563
f 2521 1401 2563
f 2524 2563 2565 2526
f 2526 2565 2564 2523
f 2523 2543 2545
f 2545 2543 2529 2544
f 2538 2545 2544 2499
f 2523 2564 2572 2543
f 2572 2570 2527 2571
f 2543 2572 2571 2529
f 2571 2527 1392
f 2528 2529 2571
f 1392 2528 2571
f 2544 2529 2528
f 1394 2499 2544
f 2528 1394 2544
f 2497 2488 2515 2517
f 2517 2515 2500 2516
f 2510 2517 2516 2467
f 2540 2515 2488
f 2540 2538 2499 2539
f 2515 2540 2539 2500
f 2539 2499 1394
f 1422 2500 2539
f 1394 1422 2539
f 2516 2500 1422
f 33 2467 2516
f 1422 33 2516
f 35 2493 2494 1557
f 2493 28 2310 2494
f 2553 1400 2494
f 2310 27 2553
f 2494 2310 2553
f 2490 34 1557
f 2494 1400 2490
f 1557 2494 2490
f 1973 2493 1625
f 2493 35 1625
f 1625 36 1973
f 1973 29 28 2493
f 3265 3210 3268
f 3258 37 3265
f 3268 3258 3265
f 3210 3147 3223 3268
f 3268 3223 3183 3267
f 3258 3268 3267 3181
f 3221 3180 3225
f 3223 3147 3221
f 3225 3223 3221
f 3180 365 3191 3225
f 3225 3191 3123 3224
f 3223 3225 3224 3183
f 3224 3123 1974
f 3182 3183 3224
f 1974 3182 3224
f 3267 3183 3182
f 375 3181 3267
f 3182 375 3267
f 3189 3146 3193
f 3191 365 3189
f 3193 3191 3189
f 3197 1971 3156
f 3193 3146 3197
f 3156 3193 3197
f 3193 3156 3126 3192
f 3191 3193 3192 3123
f 3154 3120 3159
f 3156 1971 3154
f 3159 3156 3154
f 3164 30 3157
f 3159 3120 3164
f 3157 3159 3164
f 3159 3157 3124 3158
f 3156 3159 3158 3126
f 3158 3124 712
f 3125 3126 3158
f 712 3125 3158
f 3192 3126 3125
f 1974 3123 3192
f 3125 1974 3192
f 3125 712 29
f 1973 1974 3125
f 29 1973 3125
f 3182 1974 1973
f 36 375 3182
f 1973 36 3182
f 38 1942 1944 390
f 1942 393 1943 1944
f 393 688 3682 1943
f 3682 3684 3686 3683
f 3683 3686 3685 3681
f 3683 3681 395
f 1943 3682 3683
f 395 1943 3683
f 395 3681 3688 3687
f 3688 1981 366 3206
f 3687 3688 3206 394
f 636 1975 1980
f 636 1976 1977 1975
f 1976 31 699 1977
f 1968 1966 364 1967
f 1965 1968 1967 692
f 1983 1965 692 1982
f 1981 1983 1982 366
f 366 1982 3173 3172
f 1982 692 3129 3173
f 3169 3145 3173
f 3129 1972 3169
f 3173 3129 3169
f 3178 1969 3172
f 3173 3145 3178
f 3172 3173 3178
f 692 1967 3131 3129
f 1967 364 3130 3131
f 3127 3118 3131
f 3130 1970 3127
f 3131 3130 3127
f 3141 1972 3129
f 3131 3118 3141
f 3129 3131 3141
f 1972 3141 3143 3140
f 3140 3143 3142 3117
f 3165 3163 30 3164
f 3153 3165 3164 3120
f 3117 3142 3155 3152
f 3155 3153 3120 3154
f 3152 3155 3154 1971
f 3169 1972 3140 3171
f 3171 3140 3117 3170
f 3170 3117 3152 3198
f 3198 3152 1971 3197
f 3188 3198 3197 3146
f 3190 3188 3146 3189
f 3187 3190 3189 365
f 229 3239 3240 3238
f 3239 394 3205 3240
f 3240 3205 3148 3209
f 3231 400 3238
f 3240 3209 3231
f 3238 3240 3231
f 394 3206 3207 3205
f 3206 366 3172 3207
f 3202 3179 3207
f 3172 1969 3202
f 3207 3172 3202
f 3208 3148 3205
f 3207 3179 3208
f 3205 3207 3208
f 3202 1969 3177 3204
f 3204 3177 3144 3203
f 3222 3220 3180 3221
f 3219 3222 3221 3147
f 3211 3232 3148
f 3232 3209 3148
f 3147 3210 3264
f 3264 3211 3147
f 3266 3264 3210 3265
f 3254 3266 3265 37
f 660 658 655
f 457 656 660
f 655 457 660
f 656 661 663 660
f 660 663 662 658
f 662 622 453
f 657 658 662
f 453 657 662
f 655 658 657 624
f 624 657 681 680
f 657 453 641 681
f 677 673 681
f 641 386 677
f 681 641 677
f 680 681 673 623
f 2098 1930 680 1936
f 2098 421 1930
f 1930 624 680
f 680 623 1936
f 1936 253 2098
f 472 32 473
f 474 463 472
f 473 474 472
f 630 474 631 632
f 635 633 385 634
f 647 1976 690
f 1976 636 690
f 690 637 647
f 647 563 31 1976
f 637 690 691
f 691 690 636
f 676 675 672
f 623 673 676
f 672 623 676
f 673 677 679 676
f 677 386 671 679
f 676 679 678 675
f 675 678 686 684
f 684 686 685 674
f 684 674 649
f 672 675 684
f 649 672 684
f 649 674 689 687
f 687 689 688 393
f 1942 1937 687
f 1937 649 687
f 687 393 1942
f 1942 38 383 1937
f 448 476 478 475
f 475 478 477 452
f 471 469 466 470
f 468 471 470 464
f 451 448 475
f 475 452 451
f 456 458 440
f 458 665 666 664
f 666 665 447
f 384 661 666
f 661 656 666
f 664 666 656 457
f 664 457 1929
f 1929 39 440
f 440 458 664
f 664 1929 440
f 3064 3061 40
f 2404 3062 3064
f 40 2404 3064
f 2404 1767 1845 3062
f 3061 3064 3066 3063
f 3064 3062 3065 3066
f 3085 1845 1767
f 1846 1849 3085
f 1767 1846 3085
f 1851 1849 1846
f 1397 1847 1851
f 1846 1397 1851
f 1849 1851 1853 1850
f 1851 1847 1852 1853
f 1845 3085 3086 3084
f 3091 3086 3085
f 1849 1850 3091
f 3085 1849 3091
f 3086 3091 3093 3090
f 3091 1850 3092 3093
f 1848 3087 3089
f 3089 3087 3083 3088
f 3087 1848 3094
f 3096 3083 3087
f 3094 3096 3087
f 1864 3095 3096
f 3083 3096 3095 1862
f 3095 1864 1863
f 1859 1862 3095
f 1863 1859 3095
f 1863 1857 1398
f 1858 1859 1863
f 1398 1858 1863
f 3082 1859 1858
f 1844 1856 3082
f 1858 1844 3082
f 3069 1856 1844 3068
f 3072 3069 3068
f 1396 3067 3072
f 3068 1396 3072
f 1397 1854 1855 1847
f 1854 1407 1811 1855
f 1407 1812 1813 1811
f 1818 1813 1812
f 33 1421 1818
f 1812 33 1818
f 1813 1818 1820 1817
f 1818 1421 1819 1820
f 1832 1830 1402 1831
f 1829 1832 1831 1810
f 1418 1810 1836 1833
f 1831 1402 1834
f 1836 1810 1831
f 1834 1836 1831
f 1836 1834 1391 1835
f 1833 1836 1835 1417
f 1833 1417 1408
f 1416 1418 1833
f 1408 1416 1833
f 1866 1416 1408 1865
f 1857 1866 1865 1398
f 1865 1408 1837
f 1837 1420 1419
f 1419 1398 1865
f 1865 1837 1419
f 1408 1417 1840 1837
f 1835 1391 1838
f 1840 1417 1835
f 1838 1840 1835
f 1840 1838 1404 1839
f 1837 1840 1839 1420
f 3068 1844 1861
f 1860 1396 3068
f 1861 1860 3068
f 1858 1398 1419
f 1861 1844 1858
f 1419 1861 1858
f 2194 41 1779
f 1781 1535 2194
f 1779 1781 2194
f 1779 1410 1780 1781
f 2400 1765 1781
f 1780 1411 2400
f 1781 1780 2400
f 1802 1409 1778
f 1778 1535 1781
f 1781 1765 1802
f 1802 1778 1781
f 1410 2433 2435 1780
f 2433 34 2434 2435
f 2459 1814 2435
f 2434 1399 2459
f 2435 2434 2459
f 2430 1411 1780
f 2435 1814 2430
f 1780 2435 2430
f 1411 2430 2432 2401
f 2469 2432 2430
f 1814 2431 2469
f 2430 1814 2469
f 1766 2429 2432
f 2429 2401 2432
f 2463 2431 1814
f 2459 2462 2463
f 1814 2459 2463
f 2504 2462 2459
f 1399 2460 2504
f 2459 1399 2504
f 2463 2462 2464 2466
f 2466 2464 2461 2465
f 2512 2510 2467 2511
f 2509 2512 2511 2468
f 2511 2467 33
f 1812 2468 2511
f 33 1812 2511
f 2454 2468 1812 1407
f 2455 2423 2451
f 2451 1766 2455
f 2480 2478 2454 2479
f 2477 2480 2479 2455
f 2479 2454 1407
f 1854 2455 2479
f 1407 1854 2479
f 2423 2455 1854 1397
f 2409 1764 1409
f 1802 1804 2409
f 1409 1802 2409
f 2398 1804 1802
f 1765 1803 2398
f 1802 1765 2398
f 2398 1803 2399
f 2439 1803 1765
f 2400 2402 2439
f 1765 2400 2439
f 2428 2402 2400
f 1411 2401 2428
f 2400 1411 2428
f 1803 2439 2441 2399
f 2399 2441 2440 1768
f 1768 2440 2448 2420
f 2448 2446 2424 2447
f 2420 2448 2447 2403
f 2453 2451 2423 2452
f 2446 2453 2452 2424
f 2452 2423 1397
f 1846 2424 2452
f 1397 1846 2452
f 2447 2424 1846
f 1767 2403 2447
f 1846 1767 2447
f 2417 2414 1488
f 2417 2415 2405 2416
f 2414 2417 2416 1789
f 1768 2420 2422
f 2422 2420 2403 2421
f 2415 2422 2421 2405
f 2421 2403 1767
f 2404 2405 2421
f 1767 2404 2421
f 2416 2405 2404
f 40 1789 2416
f 2404 40 2416
f 42 3463 3494 3468
f 3463 3403 3492 3494
f 3494 3492 3466 3493
f 3489 3468 3494
f 3493 3447 3489
f 3494 3493 3489
f 3492 3403 1556
f 3465 3466 3492
f 1556 3465 3492
f 3525 3466 3465
f 1558 2202 3525
f 3465 1558 3525
f 3447 3493 3527 3496
f 3493 3466 3525 3527
f 3527 3525 2202 3526
f 3522 3496 3527
f 3526 1485 3522
f 3527 3526 3522
f 3465 1556 35
f 1557 1558 3465
f 35 1557 3465
f 2433 1410 2203
f 2203 1558 1557
f 1557 34 2433
f 2433 2203 1557
f 3545 1485 3526
f 3550 3529 3545
f 3526 3550 3545
f 3526 2202 3548 3550
f 3550 3548 2204 3549
f 3529 3550 3549 1555
f 3548 2202 1558
f 2203 2204 3548
f 1558 2203 3548
f 2204 2203 1410 1779
f 2200 1555 3549
f 3549 2204 1779
f 1779 41 2200
f 2200 3549 1779
f 3369 43 3357
f 3374 3365 3369
f 3357 3374 3369
f 3357 2158 3372 3374
f 3374 3372 3361 3373
f 3365 3374 3373 1653
f 3372 2158 376
f 3359 3361 3372
f 376 3359 3372
f 3399 3361 3359
f 1626 3360 3399
f 3359 1626 3399
f 3396 1653 3373
f 3401 3393 3396
f 3373 3401 3396
f 3373 3361 3399 3401
f 3401 3399 3360 3400
f 3393 3401 3400 1598
f 3359 376 36
f 1625 1626 3359
f 36 1625 3359
f 3402 1626 1625
f 35 1556 3402
f 1625 35 3402
f 3428 1598 3400
f 3433 3420 3428
f 3400 3433 3428
f 3400 3360 3431 3433
f 3433 3431 3404 3432
f 3453 3420 3433
f 3432 1622 3453
f 3433 3432 3453
f 3431 3360 1626
f 3402 3404 3431
f 1626 3402 3431
f 3462 3404 3402
f 1556 3403 3462
f 3402 1556 3462
f 1622 3432 3464 3445
f 3432 3404 3462 3464
f 3464 3462 3403 3463
f 3459 3445 3464
f 3463 42 3459
f 3464 3463 3459
f 44 1724 2125 1752
f 4017 373 2123
f 2125 1724 4017
f 2123 2125 4017
f 2125 2123 1727 2124
f 2120 1752 2125
f 2124 1715 2120
f 2125 2124 2120
f 373 3305 3322 2123
f 3319 230 3290
f 3322 3305 3319
f 3290 3322 3319
f 3322 3290 1725 3321
f 2123 3322 3321 1727
f 2154 1727 3321
f 3321 1725 377
f 377 1726 2154
f 2154 3321 377
f 1715 2124 2156 2127
f 2124 1727 2154 2156
f 2156 2154 1726 2155
f 2151 2127 2156
f 2155 210 2151
f 2156 2155 2151
f 3327 3274 3292
f 3290 230 3327
f 3292 3290 3327
f 3288 401 3257
f 3292 3274 3288
f 3257 3292 3288
f 3292 3257 3237 3291
f 3290 3292 3291 1725
f 3296 3234 3260
f 3257 401 3296
f 3260 3257 3296
f 3255 37 3258
f 3260 3234 3255
f 3258 3260 3255
f 3260 3258 3181 3259
f 3257 3260 3259 3237
f 3259 3181 375
f 3236 3237 3259
f 375 3236 3259
f 3291 3237 3236
f 377 1725 3291
f 3236 377 3291
f 2157 377 3236
f 3236 375 36
f 36 376 2157
f 2157 3236 36
f 2184 210 2155
f 2189 2161 2184
f 2155 2189 2184
f 2155 1726 2187 2189
f 2189 2187 2159 2188
f 3331 2161 2189
f 2188 2129 3331
f 2189 2188 3331
f 2187 1726 377
f 2157 2159 2187
f 377 2157 2187
f 3356 2159 2157
f 376 2158 3356
f 2157 376 3356
f 3353 2129 2188
f 3358 3335 3353
f 2188 3358 3353
f 2188 2159 3356 3358
f 3358 3356 2158 3357
f 3335 3358 3357 43
f 45 354 356 353
f 357 355 226
f 353 356 357
f 226 353 357
f 358 228 359 360
f 226 355 370 367
f 370 368 352 369
f 367 370 369 189
f 405 381 404
f 404 361 389
f 389 392 405
f 405 404 389
f 389 38 390 392
f 406 392 390
f 362 391 406
f 390 362 406
f 403 381 405
f 408 388 403
f 405 408 403
f 405 392 406 408
f 408 406 391 407
f 388 408 407
f 391 411 397
f 391 362 409 411
f 411 409 229 410
f 397 411 410 363
f 399 397 363 398
f 396 399 398 231
f 231 398 3282 3281
f 398 363 3248 3282
f 3280 3273 3282
f 3248 402 3280
f 3282 3248 3280
f 3301 372 3281
f 3282 3273 3301
f 3281 3282 3301
f 363 410 3249 3248
f 410 229 3238 3249
f 3245 3233 3249
f 3238 400 3245
f 3249 3238 3245
f 3272 402 3248
f 3249 3233 3272
f 3248 3249 3272
f 3272 3233 3244
f 3233 3245 3247 3244
f 3244 3247 3246 3235
f 3235 3246 3256 3253
f 3256 3254 37 3255
f 3253 3256 3255 3234
f 3297 3253 3234 3296
f 3287 3297 3296 401
f 3301 3273 3279 3303
f 3303 3279 3275 3302
f 3289 3287 401 3288
f 3286 3289 3288 3274
f 3302 3275 3286 3328
f 3328 3286 3274 3327
f 3318 3328 3327 230
f 189 369 1736 1721
f 369 352 1735 1736
f 4004 1723 1736
f 1735 374 4004
f 1736 1735 4004
f 4009 371 1733
f 1733 1721 1736
f 1736 1723 4009
f 4009 1733 1736
f 352 3309 3310 1735
f 3309 231 3281 3310
f 3308 3304 3310
f 3281 372 3308
f 3310 3281 3308
f 1735 3310 3304 374
f 374 3304 3307
f 3307 3306 374
f 3320 3318 230 3319
f 3317 3320 3319 3305
f 3306 3317 373
f 3317 3305 373
f 371 4009 4011 1718
f 1718 4011 4010 1712
f 4018 4016 373 4017
f 4015 4018 4017 1724
f 46 340 341 324
f 2107 325 431 2108
f 2104 254 426
f 2108 431 2104
f 426 2108 2104
f 326 336 335 202
f 2113 39 1928 2114
f 2114 1928 421 2097
f 2114 2097 422
f 2109 422 2097
f 2100 432 2109
f 2097 2100 2109
f 2097 421 2098 2100
f 2100 2098 253 2099
f 2094 432 2100
f 2099 382 2094
f 2100 2099 2094
f 2103 2096 2095 3699
f 3699 419 2093 2103
f 431 2105 2106 2104
f 2102 2093 2106
f 2105 433 2102
f 2106 2105 2102
f 2106 2093 419 428
f 2104 2106 428 254
f 254 428 430 427
f 3698 429 430
f 428 419 3698
f 430 428 3698
f 419 3699 3701 3698
f 3699 2095 3700 3701
f 429 3698 3701
f 423 425 424 337
f 2099 253 1935 3697
f 3697 1935 383 3696
f 2113 420 2090
f 2090 441 440
f 440 39 2113
f 2113 2090 440
f 3984 3982 3980
f 47 1510 3984
f 3980 47 3984
f 3984 3986 3985 3982
f 3980 3982 3981 1498
f 1496 1443 3056 3057
f 1443 1787 3102 3056
f 1787 1489 3070 3102
f 1489 1790 3071 3070
f 3113 3071 1790
f 40 3061 3113
f 1790 40 3113
f 3071 3113 3114 3112
f 3113 3061 3063 3114
f 1559 1526 1524
f 48 1525 1559
f 1524 48 1559
f 1560 3949 3955 3953
f 3955 3954 1547 1567
f 3953 3955 1567 1561
f 1561 1567 1568
f 1548 1530 1549 1551
f 1551 1549 1533 1550
f 1549 1530 1470
f 1531 1533 1549
f 1470 1531 1549
f 1533 1531 1483 1532
f 3959 1532 3960 3962
f 3962 3960 1543 3961
f 3960 1532 1483
f 1542 1543 3960
f 1483 1542 3960
f 1543 1542 1471 1479
f 1539 1541 1540 1538
f 3964 1500 1469
f 1537 1538 3964
f 1469 1537 3964
f 2209 2198 1531
f 1470 2196 2209
f 1531 1470 2209
f 2196 2210 2212 2209
f 2209 2212 2211 2198
f 2234 2211 2218
f 2211 2192 2218
f 2218 1536 2234
f 2234 2197 2198 2211
f 1531 2198 2197 1483
f 2219 2195 2194
f 1535 1777 2219
f 2194 1535 2219
f 2221 2219 1777 2220
f 2218 2221 2220 1536
f 2233 2228 1542
f 1483 2197 2233
f 1542 1483 2233
f 2197 2234 2236 2233
f 2234 1536 2227 2236
f 2233 2236 2235 2228
f 2228 2235 2242 2239
f 2242 2240 1487 2241
f 2239 2242 2241 1774
f 2239 1774 1471
f 1542 2228 2239
f 1471 1542 2239
f 1471 1774 1776 1480
f 1480 1776 1775 1473
f 1487 1771 1773 1770
f 1771 1763 1772 1773
f 1798 1764 1799 1801
f 1801 1799 1488 1800
f 1791 1789 40 1790
f 1794 1791 1790
f 1489 1786 1794
f 1790 1489 1794
f 1473 1775 1788 1495
f 1788 1786 1489 1787
f 1495 1788 1787 1443
f 3969 1502 1499
f 1469 1500 3969
f 1499 1469 3969
f 1502 1507 1508 1506
f 1513 1508 1507
f 1478 1490 1513
f 1507 1478 1513
f 1508 1513 1514
f 1506 1501 1472
f 1499 1502 1506
f 1472 1499 1506
f 3971 1479 3972 3973
f 3973 3972 1482 1491
f 3972 1479 1471
f 1480 1482 3972
f 1471 1480 3972
f 1492 1482 1480
f 1473 1481 1492
f 1480 1473 1492
f 1478 1491 1494 1490
f 1491 1482 1492 1494
f 1494 1492 1481 1493
f 1481 1473 1495 1497
f 1497 1495 1443 1496
f 1511 1515 3979 3978
f 3978 1510 47
f 1509 1511 3978
f 47 1509 3978
f 49 1603 3857 3855
f 3863 3856 1605
f 3855 3857 3863
f 1605 3855 3863
f 1619 1484 3498 3866
f 3866 3498 1606 3865
f 3865 1606 3512 3873
f 3873 3512 1486 3872
f 3875 3868 3867
f 1605 3856 3875
f 3867 1605 3875
f 3856 3864 3876 3875
f 1484 3471 3500 3498
f 3471 1623 3467 3500
f 3498 3500 3499 1606
f 3460 42 3468 3488
f 3488 3470 3446 3460
f 3488 3468 3489 3491
f 3491 3489 3447 3490
f 3511 3509 3497 3510
f 3508 3511 3510 3495
f 3490 3521 3509
f 3521 3497 3509
f 3509 3469 3490
f 3490 3447 3496 3521
f 3497 3521 3524 3520
f 3521 3496 3522 3524
f 3524 3522 1485 3523
f 1606 3499 3514 3512
f 3508 3495 3514
f 3499 3448 3508
f 3514 3499 3508
f 3512 3514 3513 1486
f 1486 3513 3540 3539
f 3539 3540 2213 1529
f 3523 1485 3545 3547
f 3547 3545 3529 3546
f 3537 3547 3546 3530
f 3530 3546 1555
f 3546 3529 1555
f 3528 3538 3556 3554
f 3538 3530 3555 3556
f 1555 2200 2201
f 2201 2200 41 2193
f 3560 2214 1553
f 1529 2213 3560
f 1553 1529 3560
f 2213 3561 3563 3560
f 3560 3563 3562 2214
f 3562 2199 1534 2210
f 2210 2196 2214 3562
f 1553 2214 2196 1470
f 3891 3893 3892 3889
f 3892 3887 3882 3929
f 3929 3888 3889 3892
f 3886 3889 3888 3883
f 3928 1563 1528
f 3881 3883 3928
f 1528 3881 3928
f 3894 3872 3895 3897
f 3897 3895 3890 3896
f 3895 3872 1486
f 3539 3890 3895
f 1486 3539 3895
f 3930 3890 3539
f 1529 1552 3930
f 3539 1529 3930
f 3896 3890 3930 3932
f 3932 3930 1552 3931
f 1552 1529 1553 1554
f 3951 1554 1553
f 1470 1530 3951
f 1553 1470 3951
f 3950 1554 3951 3952
f 3952 3951 1530 1548
f 3937 1564 1562
f 1528 1563 3937
f 1562 1528 3937
f 3937 3939 3938 1564
f 3944 1525 48
f 1562 1564 3944
f 48 1562 3944
f 1637 1657 1658 1656
f 1649 211 1650 1652
f 1652 1650 1616 1651
f 1615 1638 1645 1643
f 1645 1644 1600 1613
f 1643 1645 1613 1591
f 211 3347 3377 1650
f 3364 3377 3347
f 3377 3364 1654 3376
f 1650 3377 3376 1616
f 3368 43 3369 3371
f 3371 3369 3365 3370
f 3370 3365 1653 3395
f 3395 3366 3367 3370
f 3375 3367 3366 3405
f 3405 1654 3364 3375
f 3395 1653 3396 3398
f 3398 3396 3393 3397
f 3419 3417 3394 3418
f 3416 3419 3418 1621
f 1616 3376 3408 3406
f 3408 3376 1654
f 1621 3407 3408
f 3406 3408 3407 1599
f 1599 3407 3436 3434
f 3434 3436 3435 1601
f 3394 3427 3430
f 3427 1598 3428 3430
f 3430 3428 3420 3429
f 3429 3420 3453 3455
f 3455 3453 1622 3454
f 3455 3454 3421
f 3421 3443 3444
f 1624 3443 3476 3474
f 3443 3421 3475 3476
f 3458 3445 3459 3461
f 3461 3459 42 3460
f 1601 3435 3472 1618
f 3472 3435 1624
f 1623 3471 3472
f 1618 3472 3471 1484
f 1591 1613 1614 1612
f 1617 1601 1618 1620
f 1620 1618 1484 1619
f 1604 1611 3854 3853
f 3853 1603 49
f 1602 1604 3853
f 49 1602 3853
f 3600 3596 3593
f 51 3577 3600
f 3593 51 3600
f 3612 3610 3594 3611
f 3609 3612 3611 3601
f 3601 3596 3600
f 3601 3611 3622 3620
f 3611 3594 3621 3622
f 3613 3595 1689
f 3593 3596 3613
f 1689 3593 3613
f 3605 3585 3606 3608
f 3608 3606 3603 3607
f 3606 3585 190
f 2132 3603 3606
f 190 2132 3606
f 3623 3603 2132
f 1714 3602 3623
f 2132 1714 3623
f 3607 3603 3623 3625
f 3625 3623 3602 3624
f 3624 3602 3637 3639
f 3639 3637 3627 3638
f 3629 3639 3638
f 3637 3602 1714
f 2164 3627 3637
f 1714 2164 3637
f 3627 2164 212 3626
f 3628 3615 3614
f 1689 3595 3628
f 3614 1689 3628
f 3630 3631 3636
f 3636 3629 3630
f 3628 3631 3630 3615
f 190 1747 2134 2132
f 2136 1751 2134
f 1747 1711 2136
f 2134 1747 2136
f 2131 1716 2133
f 2134 1751 2131
f 2133 2134 2131
f 2132 2134 2133 1714
f 1711 1750 2138 2136
f 1750 1713 2137 2138
f 2119 1752 2120 2122
f 2122 2120 1715 2121
f 2128 2163 1716
f 2163 2126 1716
f 1715 2127 2150
f 2150 2128 1715
f 2150 2127 2151 2153
f 2153 2151 210 2152
f 1714 2133 2166 2164
f 2133 1716 2126 2166
f 2164 2166 2165 212
f 212 2165 2179 2177
f 3337 2130 2178
f 2179 2160 3337
f 2178 2179 3337
f 2177 2179 2178 1642
f 2176 2174 2162 2175
f 2173 2176 2175 2160
f 2152 210 2184 2186
f 2186 2184 2161 2185
f 2174 2186 2185 2162
f 2162 2185 3333
f 2185 2161 3331 3333
f 3333 3331 2129 3332
f 3332 2129 3353 3355
f 3355 3353 3335 3354
f 3355 3354 3336
f 3334 3345 3381 3379
f 3345 3336 3380 3381
f 1642 2178 3348 3346
f 3344 3334 3348
f 2178 2130 3344
f 3348 2178 3344
f 3347 3348 3334
f 3346 3348 3347 211
f 3650 3652 3651 3647
f 3663 1660 1641
f 3646 3647 3663
f 1641 3646 3663
f 3655 3626 3656 3658
f 3658 3656 3654 3657
f 3656 3626 212
f 2177 3654 3656
f 212 2177 3656
f 3654 2177 1642 3653
f 3653 1642 3346 3670
f 3673 3670 3346
f 211 1649 3673
f 3346 211 3673
f 3672 3670 3673 3675
f 3675 3673 1649 3674
f 3671 1661 1659
f 1641 1660 3671
f 1659 1641 3671
f 3668 3669 1657 1637
f 3668 1637 50
f 1659 1661 3668
f 50 1659 3668
f 235 206 185
f 218 219 235
f 185 218 235
f 236 188 237 238
f 241 239 224 240
f 215 241 240
f 224 222 191 223
f 214 208 205
f 185 206 214
f 205 185 214
f 232 234 233 217
f 214 217 216 208
f 3992 207 134
f 205 208 3992
f 134 205 3992
f 188 3714 3716 237
f 3714 225 3715 3716
f 3720 367 189 1720
f 3719 3720 1720 227
f 191 1741 1743 1740
f 1741 227 1719 1743
f 1740 1743 1742 209
f 227 1720 1722 1719
f 1732 1722 1720
f 189 1721 1732
f 1720 189 1732
f 1732 1721 1733 1734
f 1734 1733 371 1717
f 1759 1757 44 1758
f 1759 1758 1713
f 209 1742 1748 1746
f 1746 1748 1747 190
f 134 207 3997
f 3997 3575 134
f 3997 3999 3998 3575
f 223 191 1740 4000
f 4000 1740 209 3584
f 3584 209 1746 3586
f 3586 1746 190 3585
f 3581 3583 3582 3578
f 3578 3582 3592 3591
f 3591 3577 51
f 3576 3578 3591
f 51 3576 3591
f 270 255 203 269
f 201 261 263 260
f 261 251 262 263
f 334 332 326 333
f 258 256 252 257
f 255 258 257 203
f 257 252 259
f 221 203 257
f 259 221 257
f 3714 188 3737
f 3737 221 259
f 259 225 3714
f 3714 3737 259
f 3736 221 3737 3738
f 3738 3737 188 236
f 302 3731 3732
f 3730 3732 3731 303
f 261 201 264
f 265 251 261
f 264 265 261
f 268 280 281 279
f 3980 1498 3983
f 1504 47 3980
f 3983 1504 3980
f 3983 1498 1442 1455
f 1455 1442 1449 1456
f 1450 1458 1459 1457
f 1475 1503 1505
f 1499 1472 1505
f 1503 1469 1499
f 1505 1503 1499
f 3903 1587 53
f 1588 1590 3903
f 53 1588 3903
f 1588 1527 1589 1590
f 1587 3903 3905 3902
f 3903 1590 3904 3905
f 1527 1608 3858 1589
f 3855 1605 3923
f 3923 3858 1608
f 1608 49 3855
f 3855 3923 1608
f 3858 3923 3924 3922
f 3923 1605 3867 3924
f 3921 3881 1528 3920
f 3919 3921 3920
f 1565 1575 1577 1574
f 1574 1577 1576 1474
f 3911 3909 1580 3910
f 3908 3911 3910 1578
f 1574 1474 1579
f 1580 1565 1574
f 1579 1580 1574
f 3910 1580 1579
f 52 1578 3910
f 1579 52 3910
f 1643 1591 1607
f 1640 1615 1643
f 1607 1640 1643
f 1640 1607 1592
f 3842 1679 55
f 1680 1682 3842
f 55 1680 3842
f 1691 1681 1682
f 1680 135 1691
f 1682 1680 1691
f 1692 3593 3849
f 3593 1689 3849
f 3849 1690 1692
f 1692 194 51 3593
f 1670 1663 1641 1659
f 1659 50 1639 1670
f 1672 1662 1669
f 1669 195 1672
f 54 1671 1672
f 192 136 196
f 197 184 192
f 196 197 192
f 3824 146 197
f 196 70 3824
f 197 196 3824
f 193 205 1696
f 205 134 1696
f 1696 186 193
f 193 187 185 205
f 1697 1696 134
f 56 104 105 99
f 315 286 275
f 289 274 81 288
f 287 289 288 271
f 271 288 3735 3734
f 288 81 307 3735
f 3733 220 305
f 3735 307 3733
f 305 3735 3733
f 3734 3735 305 290
f 290 305 306 304
f 301 299 306
f 305 220 301
f 306 305 301
f 130 63 101
f 133 79 130
f 101 133 130
f 3906 53 1587 3907
f 3913 1578 52 3912
f 1705 55 1679 3843
f 68 165 3784 3782
f 3779 3770 3784
f 165 64 3779
f 3784 165 3779
f 3789 145 3783
f 3784 3770 3789
f 3783 3784 3789
f 3782 3784 3783 168
f 168 3783 3812 3810
f 3808 3793 3812
f 3783 145 3808
f 3812 3783 3808
f 3816 71 3811
f 3812 3793 3816
f 3811 3812 3816
f 3810 3812 3811 167
f 64 3776 3781 3779
f 3779 3781 3780 3770
f 3797 3795 148 3796
f 3801 3797 3796
f 3771 3790 3801
f 3796 3771 3801
f 3770 3780 3792 3789
f 3792 3790 3771 3791
f 3789 3792 3791 145
f 3798 146 3799
f 148 3799 3826 3794
f 3799 146 3824 3826
f 3826 3824 70 3825
f 3822 3794 3826
f 3825 147 3822
f 3826 3825 3822
f 3808 145 3791
f 3809 3793 3808
f 3830 3828 3823 3829
f 3827 3830 3829 1706
f 3816 3818 3817 71
f 3823 147 3831
f 3831 147 3825
f 3833 1707 3831
f 3825 3833 3831
f 3825 70 3832 3833
f 75 3749 3750 3748
f 3744 113 3750
f 3749 62 3744
f 3750 3749 3744
f 3756 76 127
f 3750 113 3756
f 127 3750 3756
f 3748 3750 127 77
f 77 127 128 126
f 127 76 111 128
f 123 65 73
f 128 111 123
f 73 128 123
f 126 128 73 66
f 62 3745 3747 3744
f 3744 3747 3746 113
f 113 3746 3758 3756
f 3756 3758 3757 76
f 89 98 100 97
f 103 100 98
f 56 99 103
f 98 56 103
f 111 124 125 123
f 123 125 118 65
f 120 119 117
f 65 118 120
f 117 65 120
f 118 121 122 120
f 170 171 161 67
f 129 78 106
f 132 112 129
f 106 132 129
f 106 63 130 132
f 132 130 79 131
f 169 112 132
f 131 80 169
f 132 131 169
f 151 80 131
f 155 144 151
f 131 155 151
f 131 79 154 155
f 67 161 163 160
f 160 163 162 143
f 159 157 153 158
f 156 159 158 150
f 153 151 144 152
f 143 162 3777 3775
f 3778 3776 64
f 3775 3777 3778
f 64 3775 3778
f 69 74 166 164
f 160 143 166
f 74 67 160
f 166 74 160
f 3775 64 165
f 166 143 3775
f 165 166 3775
f 164 166 165 68
f 98 89 3753
f 3753 90 88
f 88 56 98
f 98 3753 88
f 3752 62 3749
f 3749 75 3751
f 3751 87 3752
f 3752 3749 3751
f 1274 1271 2629
f 1272 2645 2629
f 2628 1271 1274
f 2664 2667 2660
f 2643 2645 1273
f 1272 2629 1271
f 2664 2641 2667
f 2664 2662 2663
f 2662 2660 2643
f 1273 1277 2661
f 2661 2643 1273
f 1273 2645 1272
f 2662 2643 2661
f 2661 2658 2659
f 1277 2658 2661
f 1278 1277 1273
f 2660 2662 2664
f 2638 2625 2626
f 2664 2625 2642 2641
f 2625 2638 2642
f 2653 2631 2654 2655
f 2638 2654 2631
f 2654 2638 2626
f 2655 2656 2657
f 2647 2657 1277
f 1277 1278 1275
f 2649 2653 2655
f 2657 2649 2655
f 2649 2657 2647
f 2658 1277 2657
f 1270 1271 2628
f 1297 1296 1287
f 1286 1287 1296
f 1299 1286 1296
f 1286 1299 1298
f 1292 1299 1296
f 1285 1286 1298
f 1288 1305 1304
f 1304 1287 1288
f 1300 1301 1288
f 1287 1304 1297
f 1301 1305 1288
f 1302 1314 1310
f 1302 1310 1295
f 1293 1301 1300
f 4109 1308 1310
f 4115 1284 1285
f 1283 1989 1282
f 1995 1283 1284
f 4115 1285 1312
f 1275 1278 1279
f 1281 1280 2820
f 1281 1279 1280
f 1284 4115 1289
f 4111 4114 1308
f 4114 4111 4116
f 4116 4118 4112
f 4109 4111 1308
f 4112 4114 4116
f 4112 1289 1312
f 1289 4112 4123
f 4112 4118 4123
f 1289 2821 1284
f 1298 1312 1285
f 1280 1282 2819
f 1314 1302 1293
f 1279 4702 1275
f 1270 2628 2627
f 2627 2636 1270
f 2766 2768 2771
f 2771 2770 2785 2766
f 2768 2744 2718 2748
f 2770 2787 2785
f 2785 2787 2783
f 2780 2783 2787
f 2785 2783 2784
f 2780 2781 2782 2783
f 2766 2773 2768
f 2746 2768 2773
f 2766 2767 2773
f 2760 2768 2746
f 2745 2744 2765 2740
f 2742 957 2719
f 2742 2745 2740
f 1270 2636 1269
f 2765 2744 2763
f 2760 2763 2744
f 2765 2763 2764
f 2760 2762 2758 2763
f 2740 2752 2742
f 957 2742 2752
f 2740 2741 2752
f 2753 957 2752
f 2768 2760 2744
f 2737 2715 957
f 2761 2746 2773 2774
f 1172 1269 2636
f 2779 2777 2782
f 2782 2777 2778
f 2779 2782 2781
f 2751 2761 2774
f 2775 2776 2774
f 2776 2751 2774
f 2776 2777 2648 2772
f 2777 2779 2648
f 1275 4702 958
f 2776 2772 2751
f 6 4702 1279
f 6 1279 1281
f 2731 2756 2758
f 2758 2756 2757
f 2759 2758 2762
f 2753 2732 957
f 2754 2755 2753
f 2755 2732 2753
f 2755 2756 2731 2749
f 2758 2759 2731
f 2755 2749 2732
f 4730 4273 1917
f 4731 956 4273
f 2734 2729 2700
f 957 2729 2736 2737
f 1311 1289 4123
f 1300 1314 1293
f 4111 4109 4110
f 1314 1315 4128 4109
f 1315 1316 1326
f 1315 1326 4128
f 4109 1310 1314
f 1291 1327 1328
f 1320 1291 1328
f 1331 1330 1328
f 1330 1331 1329
f 1330 1320 1328
f 1326 1317 1313
f 1326 1313 4128
f 1291 1317 1326
f 1321 4126 1313
f 4117 4118 4116
f 1289 2826 2821
f 2825 2826 1311 4122
f 4124 4123 4118 4119
f 4127 4128 1313
f 4119 4121 4124
f 4120 4125 4119
f 4126 1319 4125
f 4125 4121 4119
f 4122 9 2046
f 2047 9 4121
f 4121 4125 2830
f 4127 1313 4126
f 4122 2046 2825
f 1321 1319 4126
f 1291 1326 1327
f 1329 1332 1333
f 1332 1329 1331
f 1307 1334 1318
f 2870 2827 1306
f 1318 2870 1306
f 1334 2870 1318
f 4125 1306 2830
f 1333 1334 1329
f 1333 1340 1334
f 1335 2840 2867
f 1340 1341 2867 2868
f 2870 2868 2869
f 2868 1334 1340
f 2866 2867 2840
f 1334 2868 2870
f 1341 1343 2867
f 1339 1340 1333
f 2835 2830 2827
f 2827 2830 1306
f 2831 2830 2835
f 2836 2835 2827 2828
f 2830 1322 2047
f 2830 2047 4121
f 2841 2860 2865
f 2866 2840 2841
f 2866 2841 2865
f 2833 2828 2832
f 2829 2833 2863 2839
f 2833 2832 2838
f 2828 2833 2836
f 1343 1341 1342
f 1306 4125 1319
f 2048 2823 2046
f 2825 2046 2824
f 2824 2046 2823
f 1996 1283 1995
f 1998 1995 2821
f 2822 2013 2821
f 1998 2821 2013
f 2822 2823 2006
f 2003 2006 2823
f 2041 2003 2043
f 2003 2041 2049
f 2041 2043 2045
f 1999 2003 2049
f 2013 2822 2006
f 2002 2006 2018
f 2006 2003 1999
f 1998 2013 2002
f 2006 1999 2018
f 2003 2823 2048
f 2012 1998 2002
f 1283 1988 1989
f 1283 1996 1988
f 1282 1989 2819
f 1989 1990 2818 2819
f 4718 1281 2815
f 2815 1281 2820
f 4718 2815 10
f 10 2815 2816
f 1988 1996 1997 1994
f 1280 2819 2820
f 2011 1994 1997
f 2012 2011 1997 1998
f 1990 1994 2011
f 1992 2817 2818
f 1993 2818 1990
f 1992 2816 2817
f 1993 1990 2011
f 794 10 2816
f 2042 2049 2041
f 1284 2821 1995
f 2033 2041 2045 2035
f 2023 2033 2037
f 2035 2037 2033
f 2023 2024 2030 2031
f 2033 2031 2032
f 2033 2023 2031
f 4148 4131 4144
f 4147 4144 4131
f 4141 4144 4147
f 2021 2001 4131
f 4129 2021 4148
f 4144 4145 4148
f 2021 4131 4148
f 1999 2000 2018
f 2030 2019 2020
f 2022 2005 2019
f 2018 2019 2005
f 1325 2005 2022
f 2030 2022 2019
f 2030 2024 2022
f 2004 1325 2022
f 1325 2004 4132
f 4129 4132 2004
f 4129 4130 4132
f 1324 1993 2011
f 1992 794 2816
f 1993 1992 2818
f 794 1992 15 16
f 2004 2021 4129
f 2018 2005 2002
f 2026 1325 4132
f 2826 1289 1311
f 1183 1178 1179
f 1184 1183 1179
f 1177 1178 1183
f 1955 1177 1171
f 1171 1177 1183
f 1184 1180 1182
f 1180 1184 1179
f 1187 1181 1186
f 1185 1269 1172
f 1187 1189 1181
f 1170 1182 1180
f 1181 1170 1180
f 2720 2723 2713
f 1189 1170 1181
f 1189 1953 1170
f 1953 1958 1951
f 1953 1189 1958
f 1953 1951 1956
f 1957 1958 1189
f 1954 1956 1951 1952
f 2705 2706 2710
f 2706 2703 2710
f 2673 2705 2710 2668
f 1268 1185 947
f 1208 1209 1200 1203
f 1188 1189 1187
f 1269 1185 1268
f 2678 2673 2668
f 2713 2716 2739 2711
f 1168 1177 1955
f 2738 2739 2737
f 2715 2739 2716
f 2720 2711 2712
f 2720 2721 2723
f 2720 2724 2727 2721
f 2734 2735 2736
f 2729 2734 2736
f 2700 2728 2734
f 2733 2734 2728 2701
f 2733 2724 2725
f 2726 2724 2733
f 2733 2701 2726
f 2703 2704 2710
f 2702 2703 1259 2698
f 2703 2706 1259
f 2669 2686 2668
f 2696 2702 2695
f 2698 2695 2702
f 2726 2727 2724
f 2695 2698 2697
f 2687 2688 2694
f 2691 2687 2694
f 2694 2695 2697 2683
f 2683 2689 2694
f 2679 2668 2686
f 2720 2713 2711
f 2737 2739 2715
f 2687 4 2686
f 1176 1177 1168
f 1168 1955 1147
f 1168 1167 1176
f 1191 1147 1954
f 1191 1952 1957
f 1191 1954 1952
f 4 2677 2679
f 2679 2678 2668
f 2808 2810 2813
f 2679 2686 4
f 1267 947 1257
f 2791 2813 2810
f 1169 1174 1167
f 1166 1147 1191
f 1189 1190 1957
f 1191 1957 1190
f 1201 1203 1204
f 1210 1200 1209
f 1208 1203 1201
f 1148 1166 1191 1192
f 1258 1262 1267
f 947 1267 1268
f 1258 1264 1262
f 2791 2814 2685
f 1262 1263 1267
f 2790 2685 2814 2788
f 2810 2814 2791
f 2814 2810 2811
f 1257 1258 1267
f 2806 2810 2808 2809
f 1175 1176 1167
f 2689 2691 2694
f 2806 2809 2799
f 4213 4223 4215 4217
f 4226 4215 4223
f 4223 4197 4226
f 2691 2690 4
f 4202 4213 4217
f 4257 4251 4253
f 4257 4199 4251
f 4242 4249 4250
f 4249 4257 4253 4250
f 4242 4250 954
f 2799 2804 2805
f 2806 2799 2805
f 2693 2804 2799
f 2693 2798 2803 2804
f 4224 4227 4223
f 4227 4197 4223
f 4198 4197 4227 4194
f 4202 4206 4210 4211
f 4213 4211 4212
f 4247 4249 4242
f 4232 4199 4259 4228
f 4257 4259 4199
f 4247 4248 4249
f 4259 4257 4258
f 4242 4243 4239 4247
f 4213 4202 4211
f 954 4250 4231
f 4 2687 2691
f 4706 4694 4700
f 4707 4222 4694
f 4694 4706 4707
f 4705 4706 4700 4697
f 4254 4222 4707
f 4731 4733 4697
f 4730 4731 4273
f 4272 4645 4730
f 4731 4697 956
f 4729 4730 4645 4646
f 7 4734 4657
f 4704 4705 4697
f 4731 4732 4733
f 4730 1917 4272
f 7 4733 4734
f 4693 4696 4704
f 954 4254 4692
f 4692 4254 4707
f 4704 7 4693
f 7 954 4692 4693
f 7 4277 4278
f 4657 4734 4271
f 7 4704 4697
f 4696 4693 4695
f 4728 4734 4735
f 4733 7 4697
f 4641 4271 4728 4729
f 767 4688 4641
f 4646 4641 4729
f 767 4644 4736
f 4271 4734 4728
f 4271 4641 4648 4649
f 4737 4738 4713 4317
f 4286 4738 4739
f 4738 4286 4713
f 4272 1917 4739
f 4721 4317 4720
f 4720 4317 4713
f 4715 4711 4720
f 4720 4713 4715
f 4318 4317 4721
f 4272 4739 4736
f 4711 4712 4285
f 4711 4715 4712
f 4285 4710 4711
f 4723 4708 4318
f 4723 4318 4722
f 4285 4724 4710
f 4709 4710 4724 4313
f 4721 4722 4318
f 4737 4689 4736
f 4736 4689 767
f 4737 1915 4689
f 4272 4736 4644
f 1915 4737 4317
f 4684 4689 4683
f 4682 4683 1915
f 4689 1915 4683
f 1915 4284 4680
f 4709 4727 4708
f 4725 4727 4709
f 4313 4725 4709
f 4316 11 4319 4320
f 4316 4320 4284
f 4708 4727 4726
f 4318 4708 4726
f 4310 4311 11
f 4690 4689 4684 4685
f 4650 4651 4649
f 4271 4651 4652
f 4653 4652 4651
f 954 7 4278
f 4277 7 4656
f 4654 4658 4652
f 4649 4651 4271
f 4648 4641 4643
f 4641 4688 4639
f 4686 4688 4690
f 4648 4643 4647
f 4687 4688 4686
f 4641 4639 4643
f 4686 4690 4685
f 4280 4230 4278
f 4244 4268 4274 4275
f 4244 4275 4656
f 4275 4277 4656
f 4279 4280 4278
f 4277 4275 4276
f 4654 4655 4658
f 4654 4652 4653
f 4661 4655 4665 4666
f 4659 4665 4654
f 4638 4639 4691
f 4688 4691 4639
f 4642 4643 4639
f 4655 4654 4665
f 4688 4687 4691
f 4240 4230 4280 4260
f 954 4278 4230
f 4284 4320 4322
f 11 4311 4319
f 4319 4311 4307
f 4352 4356 4355
f 4309 4355 4356
f 4356 4352 4353
f 4355 4342 4351 4352
f 4356 4323 4301 4290
f 4309 4356 4290
f 4351 4342 4344
f 4383 4386 4376
f 4344 4339 4351
f 4373 4382 4378
f 4382 4383 4376 4378
f 4387 4386 4383
f 4679 4680 4322
f 4321 4322 4320
f 4307 4308 4319
f 4682 4680 4681
f 4300 4307 4303 4304
f 4311 4303 4307
f 4680 4284 4322
f 4351 4339 4340
f 4387 4357 4361 4360
f 4383 4384 4387
f 4386 4387 4360
f 4339 4344 4334
f 4338 4339 4334 4335
f 4382 4373 4374
f 4375 4373 4378
f 4680 4682 1915
f 4242 954 4230
f 1917 4286 4739
f 2863 2833 2838
f 1343 1335 2867
f 1335 1344 2846
f 2860 1348 2865
f 2846 1344 2874
f 2846 1348 1335
f 2846 2874 2847
f 1344 1335 1343
f 2894 1345 2881
f 1354 2881 1345
f 2873 1344 1345
f 2894 2873 1345
f 2893 2894 2882
f 2894 2881 2882
f 2886 2893 2882
f 2883 2881 1354
f 2874 1344 2873
f 2872 2873 2894 2877
f 2845 2843 2850
f 2850 2865 1348 2845
f 2853 2843 2845
f 2842 2843 2854 2852
f 2853 2854 2843
f 2851 2847 2876
f 2876 2847 2874
f 2879 2892 2893
f 2874 2875 2876
f 2872 2855 2871
f 2877 2848 2872
f 2887 2879 2893
f 2851 2876 2871
f 2871 2844 2851
f 2887 2893 2886
f 2859 2842 2861
f 1354 1355 2883
f 2884 2880 2903 2904
f 2906 2903 2880
f 2906 2889 2903
f 2902 2903 2889
f 1368 2883 1355
f 1368 1382 1338
f 1382 1368 1356
f 1381 2896 2902
f 2898 1381 2902
f 1383 2999 3002
f 1383 1382 2998
f 2889 2898 2902
f 1368 1355 1356
f 2904 2905 2884
f 2913 2884 2905
f 2905 2914 2913
f 2905 2918 2914
f 2878 2879 2912 2885
f 2879 2887 2912
f 2896 2897 2902
f 3001 3003 2999
f 1381 3003 2896
f 2895 2896 3003
f 2895 3003 2996
f 3001 2996 3003
f 2996 2997 1377 3004
f 3000 3001 2999
f 2907 2918 2895
f 3002 2999 3003
f 2914 2918 2911
f 2883 1350 2881
f 2895 2996 2899
f 2842 2859 2838
f 1347 2861 2842
f 1347 2842 2852
f 2858 2844 2871
f 2855 2872 2848
f 2916 2848 2877
f 2858 2871 2855
f 2916 2891 2848
f 2848 2849 2855
f 2061 2079 4140 2038
f 4141 4143 4139 4144
f 2057 4140 2079
f 4138 4139 4135
f 4135 4139 4143
f 2009 4140 2057
f 2009 4137 4135
f 2057 2079 2085
f 2077 2085 2079 2081
f 2078 2077 2081
f 2007 2077 2078
f 4149 2007 2063
f 2063 4170 4172
f 2007 2075 2077
f 4167 4170 2063
f 2057 2085 2087
f 4172 4149 2063
f 2917 2878 2885
f 2909 2917 2911
f 2885 2911 2917
f 4166 2082 4162 4190
f 4169 4166 4165 4170
f 2911 2918 2909
f 4170 4167 4169
f 2910 2909 2918
f 2907 2899 2901
f 2907 2895 2899
f 2918 2907 2910
f 2996 3004 2899
f 4160 4166 4190
f 4190 4152 4160
f 4160 4165 4166
f 4160 4163 4165
f 4158 4152 4193 4173
f 4160 4161 4157 4163
f 4163 4164 4165
f 4193 4152 4188
f 4170 4171 4172
f 4184 4188 4192 4185
f 4192 4188 4152
f 4179 4184 4187
f 4185 4187 4184
f 4179 4180 4181 4182
f 4184 4182 4183
f 4184 4179 4182
f 4193 4188 4189
f 2917 2916 2878
f 2878 2916 2877
f 1383 2998 2999
f 2838 2832 2842
f 1385 1367 1365
f 3011 1367 1385
f 1385 1365 1384
f 1356 2998 1382
f 3023 1364 3020
f 3020 3024 3023
f 1336 1365 1367
f 1365 1366 1384
f 3019 3020 1364 3010
f 3008 3019 3013
f 3010 3013 3019
f 3012 3019 3008
f 3011 1385 1386
f 2998 1356 1357
f 1384 1366 1363
f 3022 3024 3020
f 3024 1363 1366
f 3024 3005 1358
f 1357 1377 2997
f 1357 2997 2998
f 3024 1358 1363
f 1357 1358 1378 1377
f 3005 3024 3022
f 3018 3019 3007
f 3012 3007 3019
f 3022 3020 3021
f 3006 3007 3012 1371
f 3005 3006 3017 1375
f 3035 3033 3030
f 1358 3005 1378
f 3033 3032 3028 3029
f 3036 3027 3015
f 3032 3015 3028
f 3036 2988 3047
f 3045 3047 2988
f 3047 3045 3046
f 3045 2990 3046
f 2970 2969 1386
f 3047 3027 3036
f 3043 3046 2990
f 2970 1387 2932
f 2966 2986 2992
f 2983 2985 2968
f 2966 2968 2985 2986
f 1387 2970 1386
f 2942 2985 2983
f 3029 3030 3033
f 3027 3028 3015
f 3026 3047 3041
f 3025 3026 3037 3040
f 3027 3047 3026
f 3031 3035 3030 3025
f 3043 2993 3042
f 2993 3043 2990
f 2991 2993 2986
f 2992 2986 2993
f 3043 3044 3046
f 2986 2987 2991
f 2984 2985 2982
f 2991 2980 2993
f 2982 2985 2942
f 2942 2972 2981 2982
f 2969 3011 1386
f 2994 3026 3041
f 1375 1378 3005
f 2292 2296 2289
f 2289 2291 2287 2292
f 3017 3006 3039
f 3016 3017 3039
f 2322 2326 2323
f 2358 2360 2361
f 3039 3006 1371
f 2324 2326 2322 2327
f 2266 2265 2260
f 2297 2266 2292
f 2266 2296 2292
f 2292 2293 2297
f 2287 2285 2286
f 2285 2287 2273
f 2273 2287 2291
f 2327 2328 1379
f 2324 2327 1379
f 2322 2305 2321
f 2323 2305 2322
f 1379 2329 2301
f 2363 2277 2361
f 2273 2281 2284 2285
f 2358 2361 2277
f 2305 2277 2320
f 3040 3031 3025
f 3037 2994 3034
f 3037 3026 2994
f 2338 2392 2357 2340
f 2360 2357 2356 2361
f 2980 2995 3042
f 2974 2995 2980
f 2993 2980 3042
f 2980 2981 2975 2974
f 2995 2994 3041 3042
f 2347 2357 2392
f 2394 2390 2366
f 2357 2347 2356
f 2382 2390 2394 2384
f 2386 2382 2384
f 2356 2347 2354
f 2347 2392 2275
f 2366 2390 2391
f 2382 2386 2375
f 2607 2623 2620
f 2617 2620 2623
f 2615 2620 2617 2619
f 2382 2375 2380
f 2607 2620 2624
f 2337 2374 2375
f 2613 2615 2334
f 2366 2395 2275
f 2981 2972 2975
f 2334 2615 2619
f 2266 2297 2265
f 4137 4138 4135
f 2058 2057 2087 2050
f 2009 2056 4136 4137
f 4133 4134 4136
f 2056 2025 4136
f 2007 4149 2052
f 2076 2077 2075
f 2007 2074 2075
f 2071 2050 2051
f 2072 2073 2074
f 2007 2052 2074
f 2087 2085 2086
f 2058 2050 2055
f 2008 4133 2025
f 2025 4133 4136
f 2053 2055 2071
f 2050 2071 2055
f 2025 2055 2053
f 4133 2008 2026
f 2072 2053 2071
f 4133 2026 4132
f 1323 2072 2052
f 2052 2072 2074
f 2052 4149 2064
f 4154 2062 2064
f 2053 2072 1323
f 17 4453 4406 4394
f 2064 4149 4154
f 4155 4156 4157
f 4175 4173 4174
f 4161 4159 4157
f 4158 4173 4153
f 4180 4178 4181
f 2257 2261 2265
f 2257 2265 2297
f 2278 2257 2258
f 4176 4177 4181
f 4155 2054 4154
f 4157 4159 4155
f 4175 4153 4173
f 4159 2054 4155
f 4159 4153 2054
f 4175 4151 4153
f 4151 4175 1353
f 1353 4175 4176
f 2062 4154 2054
f 2261 2257 2278
f 2274 2279 2284
f 1380 2278 2279
f 2259 4178 2261
f 4181 4178 4176
f 2278 2259 2261
f 2259 2278 1380
f 4178 2259 1353
f 1380 2279 2272
f 4176 4178 1353
f 2280 2284 2279
f 4149 4150 4154
f 4407 4419 4421
f 4416 4417 4407 4409
f 4406 4404 4416
f 4409 4406 4416
f 4407 4417 4419
f 4454 4451 4453
f 4454 4426 4450 4451
f 4451 4455 4453
f 4442 4450 4446
f 4450 4426 4446
f 4424 4444 4488
f 4453 4404 4406
f 4419 4388 4392 4391
f 4418 4419 4417
f 4405 4416 4404
f 4422 4453 4455
f 4453 4422 1893
f 4372 4373 4364 4368
f 4419 4391 4421
f 4436 4442 4446
f 4442 4443 4450
f 4441 4442 4436 4437
f 4432 4433 4441
f 4452 4455 4451
f 4431 4422 4423
f 4373 4375 4364
f 4484 4487 4486
f 4440 4484 4486
f 4440 4478 4483 4484
f 4478 4479 4483
f 4485 4488 4484
f 4487 4484 4488
f 4475 4483 4479
f 4488 4456 4434 4424
f 4507 4506 4470
f 734 4511 4507
f 4506 4514 4516
f 4506 4512 4514
f 4507 4512 4506
f 4512 4507 4511
f 4511 734 4504
f 4477 4475 4479
f 4483 4475 4476
f 4438 4466 4474 4475
f 4438 4475 4477
f 4459 4456 4457
f 4468 4465 4474
f 4512 4513 4514
f 4511 4504 4505
f 4491 4489 4490
f 4501 4502 4503
f 4503 4504 4552 4517
f 4514 4489 4494 4493
f 4516 4514 4493
f 4499 4504 734
f 4487 4488 4444
f 2284 2281 2274
f 1379 2328 2329
f 2300 2302 2298
f 2329 2298 2302 2301
f 2316 2298 2299
f 2277 2330 2319
f 2363 2330 2277
f 2362 2363 2361
f 2319 2330 2303 2306
f 2319 2320 2277
f 2341 2330 2331
f 2354 2355 2356
f 2320 2321 2305
f 2317 2318 2319
f 2300 2298 2271
f 2316 2271 2298
f 2316 2317 2304 1351
f 2316 1351 2271
f 2279 2274 2272
f 2330 2341 2303
f 2346 2333 2342
f 2343 2344 2342
f 2333 2341 2342
f 2317 2306 2304
f 2341 2333 2303
f 2317 2319 2306
f 2346 2342 2344
f 2344 2354 2347 2348
f 2391 2395 2366
f 2395 2364 2345 2275
f 2371 2364 2365
f 2364 2332 2345
f 2380 2375 2374
f 2608 2607 2624 2604
f 2621 2624 2620
f 2374 2349 2379
f 2380 2374 2379
f 2613 2614 2615
f 2380 2381 2382
f 2372 2373 2379
f 1374 2332 2371
f 2364 2371 2332
f 2372 2350 2371
f 2350 1374 2371
f 2372 2335 2350
f 2606 2335 2349
f 2372 2349 2335
f 2372 2379 2349
f 2346 2332 2333
f 2609 2604 2605
f 2610 2611 2612
f 2377 2606 2609
f 2604 2609 2606
f 2610 1372 2377
f 2609 2610 2377
f 2335 2606 2377
f 2606 2608 2604
f 2612 2613 2334 2584
f 2344 2348 2346
f 4549 4550 4546 24
f 4499 4550 4552
f 4551 4552 4550
f 4538 4549 4537
f 4541 4549 24
f 4546 4550 4499
f 4581 710 4578 4579
f 4573 4578 710
f 4579 4539 4581
f 4570 4578 4574
f 4573 4574 4578
f 4579 4582 4539
f 4537 4549 4541
f 4530 4537 4533 4534
f 4533 4537 4541
f 4582 4553 4531 4522
f 4522 4539 4582
f 4527 4517 4518
f 4528 4529 4530
f 4569 4570 4564 4565
f 4574 4564 4570
f 4570 4571 4578
f 4559 4553 4554
f 4569 4560 4561
f 4580 4582 4579
f 546 4608 4607
f 4605 4608 546
f 546 4600 4604 4605
f 4606 4609 4605
f 4608 4605 4609
f 4604 4600 4589
f 4586 4608 4609
f 3121 4634 4589
f 4630 3133 4631 4632
f 4632 3121 4630
f 4634 3121 4632
f 4623 4631 4625
f 4631 3133 4625
f 4627 4623 4625
f 4598 4604 4589
f 4634 4598 4589
f 4598 4599 4604
f 4597 4598 4634 4610
f 4584 4590 4583
f 4609 4583 4587 4586
f 4597 4591 4592
f 4633 4634 4632
f 4627 4621 4623
f 4619 4623 4621 4622
f 4616 4610 4611
f 4612 4618 4619
f 4624 4631 4623
f 2610 2612 2376
f 4503 4517 4498
f 4499 4552 4504
f 4588 4597 4610
f 4403 4404 4453
f 1174 1175 1167
f 1159 1160 1158
f 1173 1174 1164
f 1164 1174 1150
f 1196 1165 1150
f 1169 1150 1174
f 1192 1193 1196 1148
f 1193 1165 1196
f 1161 1162 1163
f 1163 1164 1165
f 1193 1194 1165
f 1195 1165 1194
f 1150 1165 1164
f 1165 1151 1163
f 1156 1157 1155
f 1152 1160 1161
f 1138 1158 1160
f 1061 1157 1158
f 1061 1158 1138
f 1139 1138 1152
f 1149 1152 1161
f 1138 1160 1152
f 1061 1154 1157
f 1213 1149 1151
f 1163 1149 1161
f 1151 1195 1213
f 1195 1194 1213
f 1149 1163 1151
f 1213 1214 1143 1149
f 1142 1143 1146
f 1214 1146 1143
f 1146 1214 1144
f 1214 1219 1144
f 1141 1142 1146
f 1194 1197 1212 1213
f 1211 1204 1202
f 1254 1262 1264
f 1210 1211 1202
f 1201 1204 1211
f 1201 1197 1198
f 1201 1211 1197
f 1210 1202 1200
f 1266 1246 1253
f 1256 1254 1264
f 1215 1216 1217
f 1256 1266 1254
f 1254 1266 1253
f 2795 2794 2684
f 1197 1211 1212
f 1214 1215 1218 1219
f 1218 1215 1217
f 1252 1249 1251
f 1229 1220 1234
f 1251 1249 1248
f 1253 1249 1252
f 1249 1246 1247
f 4045 4055 4058 4059
f 4057 4058 4055
f 1248 1238 1250 1251
f 1249 1253 1246
f 2788 2684 2790
f 1144 1219 1140
f 1155 1157 1154
f 1139 1154 1061
f 1154 1139 1153
f 1113 1114 1134
f 1113 1135 1065
f 1113 1134 1135
f 1139 1152 1153
f 1145 4102 1141
f 1220 1140 1219
f 1220 1223 1140
f 1136 1137 1141
f 4102 4104 1141
f 4104 1136 1141
f 1146 1145 1141
f 4106 1066 1136
f 4093 1066 4106 4107
f 4101 4106 1136
f 4099 4100 4101
f 1135 1136 1066
f 4107 4087 4093
f 4107 4108 4087
f 4101 1136 4099
f 4099 4105 4098
f 4077 4104 4102
f 1059 4103 4077
f 4097 4098 4105
f 4095 4097 4103
f 1059 4074 4103
f 4097 4105 4103
f 4103 4074 4078
f 1222 4074 1059
f 4104 4105 4099
f 4104 4099 1136
f 1220 1224 1223
f 1065 1135 1066
f 1220 1225 1234
f 1235 1225 1226
f 1221 1224 1220
f 1234 1230 1229
f 1229 1199 2 1221
f 1232 1235 1226
f 1220 1229 1221
f 1250 1244 1240
f 1226 1240 1244 1232
f 1238 1242 1250
f 1242 1244 1250
f 4046 4045 4059
f 1235 1234 1225
f 4071 1199 1228
f 2 1199 4071
f 4070 4071 4073
f 4073 4069 4070
f 4063 4069 4066 4068
f 4066 4069 4073
f 4071 4070 4074
f 2 4074 1222
f 1002 4065 1237
f 4068 4062 4063
f 4062 4068 4065
f 4065 1002 4061
f 4061 4062 4065
f 4044 4061 1002
f 4060 4061 4044 4046
f 1241 1250 1240
f 4046 4059 4060
f 2795 2788 2789
f 2803 2692 2796
f 2797 2803 2796
f 2792 2795 2796
f 2798 2692 2803
f 2794 2795 2792
f 4206 4200 4210
f 4194 4195 4203
f 4205 4210 4204
f 4194 4196 4198
f 4194 4203 4196
f 2792 2796 2802
f 2692 2802 2796
f 2692 4196 2802
f 4049 4050 4054
f 4048 4049 4054
f 4057 4054 4053 4058
f 2800 2802 4196
f 4204 4209 2800
f 4203 2800 4196
f 4200 4209 4204
f 4210 4200 4204
f 4208 4047 946
f 4208 4823 4047
f 4203 4204 2800
f 4049 4047 4812 4813
f 953 4232 4228
f 2795 2684 2788
f 4241 4239 4243
f 4228 4229 4236
f 4237 4238 4239
f 4240 4260 4262
f 4236 4235 953
f 4274 4268 952
f 4274 4269 4266
f 4267 4274 4266
f 4262 4260 4265
f 4660 4661 4666
f 4260 4261 4265
f 4265 4266 4269 4245
f 4241 4235 4237
f 4235 4241 955
f 4239 4241 4237
f 4234 4822 852
f 4234 937 949
f 852 4823 4208
f 4237 4235 4236
f 4262 4265 4245
f 4840 951 948
f 960 949 951
f 4269 4274 952
f 4822 4234 949
f 4228 4236 953
f 951 4840 4843
f 4053 4054 4051
f 4051 4054 4050
f 4042 4036 4037
f 4043 4042 4038
f 4050 4043 4038
f 4042 4037 4038
f 4043 4050 4039
f 4041 4039 4813 4814
f 4049 4039 4050
f 4823 4816 4811 4812
f 4049 4813 4039
f 4818 4816 4817
f 4823 4812 4047
f 4040 4814 4815
f 4810 4811 4808 4809
f 4806 4036 4042
f 4040 4806 4042
f 4815 4806 4040
f 4814 4040 4041
f 4816 4808 4811
f 4818 4819 966 967
f 4819 945 966
f 967 4816 4818
f 4807 4808 969 970
f 969 4808 967
f 969 967 968
f 4808 4816 967
f 4821 4819 4820
f 4821 4822 961 962
f 942 960 4843
f 951 4843 960
f 961 4822 949
f 961 949 960
f 945 4821 962
f 941 942 940
f 942 4843 4824
f 4821 945 4819
f 4833 4834 4838
f 4833 4838 935
f 4838 4842 4839
f 4825 4826 4824
f 942 4824 4826
f 936 4829 4831 4832
f 4838 4843 4840 4842
f 4822 4823 852
f 966 944 965
f 962 943 945
f 943 962 963
f 964 944 943
f 944 964 965
f 963 964 943
f 940 938 939
f 944 966 945
f 4830 4826 4827
f 4827 4829 4830
f 942 4826 938
f 938 4826 4830
f 4830 934 938
f 920 929 857
f 933 932 930
f 934 932 933
f 932 934 4830
f 942 938 940
f 4831 4829 4827
f 4832 4833 935 4835
f 4666 4270 4660
f 1127 1128 1126
f 1132 1133 1114
f 1120 1128 1129
f 1129 1130 1120
f 1130 1132 1131
f 1125 1126 1128
f 1131 1132 1093
f 1114 1093 1132
f 1134 1114 1133
f 1112 1102 1101
f 1947 1131 1110
f 1106 1101 1102
f 1131 1119 1130
f 1110 1101 1107
f 1125 1128 1120
f 1120 1130 1119
f 1948 1119 1947
f 1947 1119 1131
f 1110 1950 1947
f 1116 1117 1118
f 1118 1119 1948
f 1118 1948 1116
f 1101 1106 1107
f 1105 1092 1094
f 1096 1091 1092
f 1108 1115 1949
f 1108 1949 1950
f 1109 1115 1108
f 1948 1949 1115
f 1096 1092 1100
f 1107 1108 1950
f 1950 1110 1107
f 1 1091 1096
f 4087 1067 4093
f 4083 4091 4087
f 1062 1064 1069
f 1069 1075 1062
f 1102 1104 1106
f 4108 4083 4087
f 4076 4089 4084
f 4084 4085 4094
f 4083 4084 4089 4092
f 4082 4081 4089
f 1052 1055 1057
f 4083 4092 4091
f 1092 1105 1100
f 1105 1106 1097 1099
f 1075 1097 1062
f 1106 1104 1097
f 1072 1097 1075
f 1100 1105 1098
f 1099 1098 1105
f 1068 1073 1071
f 1074 1069 1073
f 1052 1053 1068
f 1068 1071 1055
f 1052 1005 1050
f 1072 1075 1023
f 1052 1068 1055
f 1074 1075 1069
f 1069 1071 1073
f 1050 994 1049
f 994 1050 1006
f 1121 1124 1120
f 1120 1124 1125
f 1115 1116 1948
f 1123 1124 1121
f 1085 1081 1086
f 1085 1080 1081
f 1085 1038 1080
f 1095 1077 1
f 1077 1095 1076
f 1086 1081 1082
f 1083 1082 1090
f 1077 1078 1090
f 1077 1090 1
f 1091 1 1090
f 1082 1084 1086
f 1080 1088 1079
f 1082 1083 1084
f 1123 1121 1122
f 1087 1079 1039
f 1079 1088 1039
f 1080 1038 1088
f 1043 1044 1036 1037
f 1083 1090 1089
f 1045 1017 1036
f 1079 1087 1078
f 1078 1087 1089
f 1042 1043 1035
f 1089 1090 1078
f 1037 1035 1043
f 1023 1076 1095
f 1045 1046 1017
f 1046 2256 1017
f 2255 2256 1046
f 2250 1017 2256
f 2247 1021 2250
f 2247 2250 2256
f 2247 2248 2249
f 2249 1041 2247
f 1045 1036 1044
f 1022 1047 1048
f 1076 1023 1075
f 2253 1048 1047
f 2254 2255 2253
f 1048 2253 2255
f 1009 2253 1047
f 2255 2254 2251
f 1046 1048 2255
f 1049 1022 1048
f 1034 1021 1041
f 1041 1021 2247
f 1019 1041 2249
f 1019 2249 2251
f 1040 1041 1019
f 1018 1034 1041
f 1042 1018 1041
f 1035 1018 1042
f 1015 1019 2251
f 1028 1015 1027
f 2251 1027 1015
f 1027 2251 2254
f 1016 1014 1026
f 1026 1014 1028
f 1025 1031 1016
f 1013 1014 1016
f 1031 1025 1020
f 1028 1014 1015
f 1049 994 1022
f 4095 4103 4078
f 4078 4074 4075
f 4079 4095 4078
f 4089 4076 4082
f 4079 4076 4094
f 1060 4079 4022
f 4095 4079 4094
f 4079 4078 4022
f 2 4071 4074
f 4025 4023 4024
f 4026 4031 4032
f 4031 4027 4024
f 1058 4029 4080 1060
f 1060 4022 1058
f 4031 4026 4035
f 4025 4024 4030
f 4023 1058 4022
f 4025 1058 4023
f 4029 892 1008 4080
f 1004 1054 892
f 1008 892 1054
f 1054 1005 1057
f 4031 4035 4027
f 4027 4030 4024
f 993 4034 1004
f 4028 993 1004
f 1004 4034 998
f 894 998 4034
f 892 4028 1004
f 1007 1006 3
f 1001 4026 4032
f 1005 1052 1057
f 4032 4036 4064
f 927 4036 4806
f 1001 4032 4064
f 4064 4036 1003
f 859 1003 4036
f 997 976 859
f 925 890 927
f 859 4036 927
f 924 859 890
f 927 4806 4807
f 925 927 970
f 925 970 971
f 918 928 920
f 918 922 928
f 920 887 918
f 929 920 928
f 4807 970 927
f 985 998 1000
f 997 859 973
f 859 924 973
f 985 1000 997
f 985 973 984
f 973 985 997
f 924 972 973
f 972 926 925
f 924 926 972
f 998 985 1004
f 1925 1922 887 778
f 887 1922 917
f 918 919 922
f 921 922 919
f 923 906 903 921
f 923 921 919
f 888 917 1922 1923
f 972 925 971
f 1925 778 856
f 4095 4096 4097
f 1010 3 1006
f 891 982 983
f 983 988 891
f 1004 1005 1054
f 1010 1011 1032 3
f 1007 994 1006
f 984 986 989
f 974 986 984
f 973 974 984
f 977 5 974
f 986 5 975
f 5 986 974
f 914 5 978
f 984 989 988
f 984 988 983
f 1011 1012 915 1032
f 1029 1024 915
f 1013 1031 1029
f 915 1013 1029
f 1013 915 1012
f 1016 1031 1013
f 916 982 991
f 981 982 916
f 980 981 916
f 980 990 880
f 980 916 990
f 979 980 880
f 978 880 914
f 982 891 991
f 1006 1050 1005
f 900 913 899
f 899 913 898
f 913 912 898
f 913 900 885
f 907 884 901
f 900 901 884
f 900 884 885
f 901 902 910
f 889 897 898
f 906 910 903
f 1923 904 888
f 910 907 901
f 8 904 1923
f 905 884 907
f 903 910 902
f 1923 1924 8
f 911 897 889
f 977 978 5
f 897 911 885
f 911 913 885
f 880 978 979
f 896 897 895
f 909 905 886
f 905 909 884
f 908 883 909
f 882 883 908
f 885 895 897
f 876 882 828
f 908 828 882
f 883 884 909
f 886 904 8
f 1924 878 8
f 898 912 889
f 1924 1925 4804 4805
f 4084 4094 4076
f 4640 4246 4637 4638
f 4668 4669 4667
f 4638 4667 4640
f 1914 4667 4669
f 4667 4638 4691
f 4677 4680 4679
f 4679 4322 4281
f 4297 4281 4282
f 4677 4679 1916
f 4675 4677 1916
f 4297 4283 4281
f 4679 4281 4283
f 4669 4675 4671 4670
f 4298 4299 4300
f 4676 4677 4675
f 4297 4298 790 4287
f 4246 4270 4635 4636
f 4637 4246 4636
f 4667 1914 4640
f 4670 1914 4669
f 1916 4671 4675
f 4672 844 4853
f 4672 4853 768
f 4672 784 1911
f 4283 4297 4287
f 4856 4855 4853
f 4666 4635 4270
f 4329 4301 4323
f 4323 4324 4329
f 4302 4300 4304
f 4331 4338 4330
f 4365 4361 4357
f 4372 4366 4367
f 4358 4365 4357
f 4372 4368 4369
f 4330 4338 4335
f 4302 790 4300
f 4301 4329 4288
f 4329 4330 792 4325
f 4329 4325 4288
f 4330 4333 792
f 4330 4335 4333
f 4365 789 4359
f 4365 4366 4369 789
f 4361 4365 4359
f 4369 4368 4362
f 4369 4366 4372
f 1895 4392 4388
f 4298 4300 790
f 935 4836 4857
f 4851 4857 4859
f 935 4860 4844
f 4860 935 4857
f 4860 4851 4852
f 4856 4850 4851
f 4860 4857 4851
f 4856 4851 4859
f 4850 4853 844
f 1910 1905 1913
f 1911 1913 1905
f 1905 843 1911
f 844 845 4850
f 4853 4850 4856
f 1911 843 844
f 1906 843 1905
f 1910 1913 801
f 844 4672 1911
f 935 4844 862
f 862 4844 4845
f 4847 855 4846
f 4845 4846 862
f 4846 848 862
f 4847 4848 4849
f 845 4849 4850
f 1909 842 1906
f 842 847 841
f 846 853 845
f 840 841 783
f 783 841 847
f 847 842 1909
f 4849 845 855
f 1907 1909 1906
f 4847 4849 855
f 1906 842 843
f 4835 936 4832
f 801 803 1921 1918
f 803 786 798
f 798 816 803
f 800 815 798
f 803 816 1921
f 816 798 815
f 1920 1921 816 817
f 781 801 1918 1919
f 797 771 815
f 800 797 815
f 1892 1890 1897 1888
f 1889 810 1888
f 810 1892 1888
f 1904 1897 1890
f 815 771 760
f 801 781 1907 1910
f 818 782 817
f 782 818 780
f 1920 781 1919
f 781 1920 782
f 817 782 1920
f 759 772 770
f 1909 1907 781
f 796 779 760
f 1889 811 810
f 1896 808 1889
f 760 779 772
f 811 1889 808
f 759 770 758
f 808 1896 1901
f 759 760 772
f 796 760 771
f 1896 1897 1900
f 4400 1895 4388
f 4839 935 4838
f 4403 4401 4402
f 4431 4432 4425 4427
f 4435 4432 4437
f 4432 4441 4437
f 1893 4422 4431
f 1893 4403 4453
f 4459 4457 4463
f 4459 4434 4456
f 4466 4468 4474
f 4468 4464 4465
f 4467 4464 4468
f 4463 4464 4467 4439
f 4500 4491 4490
f 4469 4491 4500
f 4489 4491 4494
f 4459 4463 4458
f 4400 4401 4397 1895
f 4397 4401 4393
f 4393 4401 4403
f 1893 4393 4403
f 1893 4431 4427
f 4432 4435 4425
f 4458 4463 4439
f 4779 1882 4461
f 1878 4461 551
f 4497 4469 4500 4501
f 4388 4389 4400
f 735 4503 4498
f 709 4528 4534
f 4530 4534 4528
f 4497 4501 735
f 735 4501 4503
f 4531 4559 4555
f 4527 4528 709 4519
f 4559 4560 711 4555
f 4559 4531 4553
f 4517 4527 4498
f 4569 4565 4560
f 3132 4617 4612
f 4612 4617 4618
f 4590 4591 4593 708
f 4583 4590 4587
f 4597 4588 4591
f 4610 4616 3122
f 4587 4590 4585
f 4560 4565 4563
f 4616 4617 3132 4613
f 4527 4519 4498
f 4534 4532 709
f 4563 711 4560
f 4590 708 4585
f 4591 4588 4593
f 4613 3122 4616
f 4588 4610 3122
f 704 548 4567
f 4612 4619 4622
f 4789 1902 4780
f 4784 4785 4790 4789
f 1902 4789 773
f 4780 4784 4789
f 4783 4784 4780 4779
f 1904 1900 1897
f 4779 4461 4781
f 4781 4461 1878
f 1887 1880 730
f 1876 1878 1880
f 4781 4783 4779
f 1876 555 1878
f 1880 1887 1876
f 555 4781 1878
f 1887 730 557
f 4781 4777 4783
f 4787 4785 4786
f 1881 4776 4778
f 4785 4787 4790
f 4787 18 1898
f 4778 4776 4777
f 1884 555 1877
f 1877 555 1876
f 719 1885 1886
f 1887 557 1886
f 1885 1877 1886
f 4782 4778 4777
f 1877 1885 1884
f 719 1886 557
f 4782 4777 4781
f 4776 1881 4771
f 1900 1901 1896
f 705 728 720
f 707 704 702
f 705 707 702
f 717 705 702
f 728 705 717
f 703 717 702
f 723 717 703
f 704 701 702
f 701 547 4595
f 700 569 4614
f 4595 569 701
f 701 704 4567
f 701 569 700
f 1966 700 4614
f 567 564 566
f 724 723 703
f 722 724 716
f 725 552 722
f 724 703 716
f 571 572 570
f 575 572 573
f 564 568 576
f 564 576 559
f 568 564 567
f 568 570 576
f 696 697 31 563
f 564 565 566
f 558 543 544
f 697 698 31
f 701 4567 547
f 1966 699 698 700
f 739 722 716
f 848 4846 860
f 863 930 932 848
f 930 863 929
f 863 864 929
f 848 861 863
f 861 848 860
f 932 4830 4828
f 855 845 853
f 855 860 4846
f 853 854 855
f 867 868 869
f 777 12 780
f 864 858 931
f 858 864 865
f 864 931 929
f 866 858 865
f 4801 856 4802
f 4802 866 4801
f 4800 4801 866
f 866 4802 858
f 4801 4803 856
f 856 4804 1925
f 827 839 840
f 777 827 840
f 783 777 840
f 819 825 777
f 750 777 825
f 866 867 4800
f 777 780 819
f 867 869 4800
f 818 819 780
f 857 929 931
f 751 776 770
f 4791 18 4787
f 18 4791 4775
f 812 4791 4747
f 812 4775 4791
f 4771 4766 4776
f 1883 4770 518
f 4765 4744 4768
f 4770 1872 562
f 1875 1872 4770
f 4771 4744 4766
f 4786 4791 4787
f 4748 4774 4791
f 4743 4749 4742
f 4774 4747 4791
f 4748 4791 4750
f 825 819 820
f 758 776 752
f 4749 748 4742
f 748 4741 4742
f 4769 4760 4743 4765
f 4769 4765 4768
f 4751 562 1872 1873
f 4749 4743 4761
f 4761 4743 4760
f 1873 519 4751
f 4765 4766 4744
f 561 519 1873 1874
f 776 758 770
f 758 752 823
f 4803 4804 856
f 4805 878 1924
f 4797 878 4793
f 4793 878 4792
f 4792 878 4805
f 4796 4793 4794
f 836 839 838
f 870 4800 869
f 822 836 821
f 750 836 838
f 750 821 836
f 833 834 835
f 4800 870 4794
f 835 836 822
f 4795 4794 870
f 821 826 820
f 838 839 827
f 835 822 4798
f 879 4797 4793
f 873 874 4796
f 879 4796 874
f 4793 4796 879
f 876 879 874
f 882 876 881
f 881 876 874
f 871 872 873
f 873 4796 875
f 875 4795 870
f 833 4799 832
f 4798 4799 833
f 875 870 871
f 4799 824 832
f 4798 830 824
f 831 832 824
f 833 835 4798
f 873 875 871
f 4796 4794 4795
f 830 4798 822
f 825 820 826
f 4755 4745 4740
f 4740 4750 4791
f 821 750 826
f 747 4755 4740
f 758 823 757
f 747 4740 746
f 4764 4741 748
f 4740 4741 746
f 4763 4741 4764
f 745 746 4741
f 744 745 4763
f 745 4741 4763
f 601 1868 4763
f 4745 4750 4740
f 746 19 747
f 756 757 749
f 823 749 757
f 4756 755 749
f 4756 753 755
f 830 831 824
f 756 749 755
f 753 4756 19
f 830 822 829
f 753 19 746
f 744 1868 1869
f 611 744 1869
f 743 611 491
f 743 744 611
f 742 743 491
f 612 611 1869 1870
f 755 753 754
f 1868 744 4763
f 601 602 1871 1868
f 1875 4770 1883
f 543 558 542
f 553 561 1874
f 553 1875 554
f 553 1874 1875
f 560 25 722
f 1883 554 1875
f 560 722 739
f 586 558 559
f 559 584 586
f 586 584 585
f 561 553 454
f 739 553 560
f 542 558 586
f 542 586 588
f 553 739 454
f 725 722 25
f 740 599 739
f 1870 1871 600
f 600 1871 602
f 600 516 490
f 740 516 599
f 516 740 490
f 454 739 599
f 603 604 541
f 588 589 596 603
f 591 596 589
f 588 603 542
f 604 613 541
f 610 613 604
f 610 514 609
f 605 610 604
f 614 541 613
f 542 603 541
f 589 592 587 591
f 580 583 578
f 584 577 578
f 581 582 583
f 583 584 578
f 455 587 592
f 580 578 579
f 573 574 575
f 572 575 570
f 583 580 581
f 563 647 696
f 593 455 592
f 577 559 576
f 590 595 591
f 591 595 596
f 590 455 593
f 595 590 594
f 605 606 598
f 605 598 514
f 597 598 606
f 610 605 514
f 642 643 633 635
f 590 593 594
f 608 450 597
f 607 608 597
f 450 608 609
f 626 32 472
f 597 606 607
f 450 609 514
f 473 626 627
f 577 584 559
f 576 570 575
f 615 497 614
f 541 614 538
f 538 614 515 528
f 612 1870 600
f 528 537 538
f 538 540 541
f 491 612 742
f 512 530 497
f 537 528 530
f 513 537 512
f 530 512 537
f 513 527 537
f 511 512 532
f 532 512 497
f 529 515 614
f 521 522 513
f 540 538 539
f 741 490 740
f 520 534 535
f 449 742 612
f 449 741 742
f 449 490 741
f 534 520 523
f 524 520 535
f 526 525 536
f 524 536 525
f 536 527 526
f 527 536 537
f 523 488 533
f 488 521 533
f 534 523 533
f 522 527 513
f 535 536 524
f 499 501 616
f 616 501 511
f 615 531 497
f 497 529 614
f 511 532 531
f 511 531 615
f 499 500 501
f 510 511 501 502
f 498 499 616
f 617 495 498
f 617 498 616
f 617 618 479
f 626 472 625
f 479 495 617
f 486 495 479 480
f 495 496 498
f 494 485 486
f 489 508 509
f 510 505 509
f 506 505 510
f 487 506 510 502
f 504 508 489
f 521 488 522
f 507 508 504
f 505 489 509
f 502 503 487
f 493 485 494
f 493 484 485
f 504 481 507
f 507 481 503
f 467 484 493
f 487 503 481
f 492 494 480
f 494 486 480
f 511 615 616
f 643 644 385 633
f 2972 2979 2948
f 2942 2965 2977
f 1405 2933 1387
f 2976 2977 2965
f 2976 2944 2952
f 2976 2965 2944
f 2952 2959 2976
f 2979 2942 2977
f 2929 2947 2952
f 2929 2941 2946 2947
f 2935 2927 2931
f 2926 2927 1429 1431
f 1429 2927 2935
f 2931 2946 2941
f 1405 1387 1388
f 2978 2979 2977
f 2953 2959 2952
f 2959 2956 2976
f 2950 2956 2959
f 2960 2958 2950
f 2950 2959 2960
f 2957 2953 2938
f 2928 2934 2927
f 2934 2940 2931
f 2934 2931 2927
f 2940 2946 2931
f 2946 2940 2945
f 2939 2940 2934
f 2953 2947 2938
f 2952 2947 2953
f 2938 2951 2957
f 2926 1431 2925
f 2942 2979 2972
f 1438 1838 1414
f 1405 1388 1406
f 1395 1406 1388
f 2925 1403 2926
f 1427 1403 1395
f 1390 1427 1389
f 1389 1395 1388
f 1390 1428 1427
f 1838 1438 1404
f 1391 1414 1838
f 1414 1391 1834
f 1834 1402 1414
f 1427 1395 1389
f 1414 1437 1438
f 1404 1438 1839
f 1832 1808 1830
f 2921 2926 1426
f 1426 2926 1403
f 1428 1390 1434
f 1435 1426 1428
f 2921 2924 2926
f 1435 1436 2921
f 1428 1434 1435
f 2921 1426 1435
f 1808 1809 1412
f 1821 1412 1815
f 1437 1414 1415
f 1412 1809 1815
f 1816 1821 1815
f 1816 1815 1841
f 1808 1829 1416
f 1415 1823 1437
f 1830 1808 1412
f 2948 2949 2973
f 2958 2949 2950
f 2958 2963 2949
f 2975 2972 2954
f 2949 2963 2973
f 2973 2972 2948
f 2963 2958 2964
f 2958 2951 2964
f 2938 2964 2951
f 2964 2938 2961
f 2919 2939 2934
f 2919 2937 2939
f 2937 2936 2961
f 2939 2937 2961
f 2937 2919 2922
f 2939 2961 2938
f 2616 2387 2588 2598
f 2585 2616 2598
f 2585 2334 2616
f 2596 2601 2598 2600
f 2585 2598 2603
f 2598 2601 2603
f 2600 2597 2596
f 2573 2575 2577
f 2597 2557 2551
f 2597 2594 2596
f 2577 2570 2569 2573
f 2575 2573 2551
f 2573 2578 2551
f 2594 2597 2551
f 1423 2923 2920
f 2922 2919 2923
f 2920 1436 1423
f 2920 2921 1436
f 2537 2538 2540
f 2545 2538 2537 2541
f 1827 1423 1436
f 2570 2572 2569
f 1413 1828 1437
f 1822 1828 1413
f 1841 1819 1816
f 1413 1437 1823
f 1819 1822 1816
f 1423 1827 1424
f 1822 1819 1828
f 1828 1827 1437
f 1819 1841 1820
f 1436 1437 1827
f 2920 2923 2919
f 2572 2564 2569
f 2541 2546 2545
f 2523 2545 2546
f 2542 2546 2541
f 2536 2537 2535
f 2564 2567 2569
f 2540 2535 2537
f 2517 2510 2513
f 2513 2497 2517
f 2488 2496 2534 2535
f 2513 2518 2497
f 2518 2513 2514
f 2498 2497 2518 2484
f 2508 2513 2510 2512
f 2535 2540 2488
f 2526 2523 2546 2519
f 1829 1808 1832
f 2933 2932 1387
f 1420 1839 1438
f 1829 1418 1416
f 1810 1418 1829
f 1808 1416 1807
f 1416 1866 1807
f 1439 1419 1420
f 1807 1857 1863
f 1811 1852 1855
f 1864 1807 1863
f 3079 3088 1862
f 1859 3079 1862
f 1866 1857 1807
f 1420 1438 1439
f 1864 1843 1807
f 1807 1843 1867
f 3094 1853 1842
f 1842 1843 3096 3094
f 1843 1864 3096
f 1852 1817 1841 1842
f 1842 1853 1852
f 1841 1817 1820
f 1811 1817 1852
f 1848 3089 3076
f 3088 3081 3089
f 3080 3081 3088
f 3092 3094 1848
f 3092 1850 1853
f 3076 3092 1848
f 3094 3092 1853
f 3083 1862 3088
f 1439 1861 1419
f 1859 3082 3079
f 3075 1856 3069
f 3078 3079 3082 1856
f 1856 3075 3078
f 3067 3074 3072
f 3074 3075 3069 3072
f 1441 1860 1440
f 1861 1440 1860
f 1396 1860 1441 3107
f 1441 1444 3106 3107
f 3109 3067 1396
f 3109 3111 3067
f 3107 3109 1396
f 3109 3107 3108
f 3060 3074 3067
f 1440 1861 1439
f 3076 3089 3081
f 3077 3078 3075 3058
f 3090 3076 3077
f 3090 3093 3076
f 3077 3058 3084
f 3090 3084 3086
f 3084 3090 3077
f 3092 3076 3093
f 3063 3067 3111 3097
f 3074 3060 3073
f 3059 3060 3063
f 3063 3060 3067
f 3097 3098 3112 3114
f 3058 3059 3066 3065
f 3111 3109 3110
f 3112 3098 3099
f 3070 3071 3099 3100
f 3079 3080 3088
f 1811 1813 1817
f 2508 2512 2509
f 2454 2478 2509 2468
f 2465 2509 2478
f 1855 1852 1847
f 2477 2455 1766
f 2453 2446 2445 2449
f 2449 2451 2453
f 2476 2480 2477
f 2478 2480 2476 2481
f 2506 2508 2461
f 2461 2508 2509
f 2465 2478 2483
f 2465 2461 2509
f 2478 2481 2483
f 2461 2464 2505 2506
f 2508 2506 2507
f 2481 2482 2483
f 2466 2465 2483 2457
f 2476 2477 2474
f 2474 2477 1766
f 2456 1766 2449
f 1766 2451 2449
f 2476 2474 2475
f 2449 2450 2456
f 2429 1766 2456 2426
f 2445 2446 2448
f 1845 3084 3065 3062
f 3065 3084 3058
f 2418 2422 2415
f 2448 2440 2445
f 3097 3114 3063
f 3071 3112 3099
f 1791 1795 1789
f 1791 1794 1792
f 3063 3066 3059
f 1791 1792 1795
f 2440 2441 2442 2443
f 1768 2422 2425
f 2413 2418 2415 2417
f 2418 2425 2422
f 2444 2445 2443
f 2418 2419 2425
f 2399 1768 2425 2396
f 2445 2440 2443
f 1789 1795 2414
f 1795 1792 1793
f 1795 1800 2414
f 2414 1800 1488
f 1801 1800 1797 1805
f 1795 1797 1800
f 1797 1795 1796
f 2417 1488 2411
f 2411 2413 2417
f 2603 2579 2586 2585
f 2602 2603 2601
f 2593 2551 2550
f 2595 2596 2594
f 2574 2578 2573
f 2567 2568 2569
f 2563 2566 2565
f 2564 2565 2566 2567
f 2578 2547 2556 2551
f 2580 2590 2579
f 2593 2591 2592
f 2548 2560 2547
f 2566 2561 2562
f 2594 2551 2593
f 2556 2547 2552
f 2530 2519 2520
f 2531 2532 2534
f 2530 2531 2487 2525
f 2495 2498 2484
f 2531 2534 2533
f 2485 2501 2484
f 2534 2496 2489
f 2524 2526 2519
f 2525 2519 2530
f 2579 2583 2586
f 2505 2504 2502
f 2466 2457 2463
f 2464 2462 2505
f 2470 2457 2458
f 2502 2503 2505
f 2432 2471 2473
f 2413 2411 2412
f 2439 2442 2441
f 2410 2411 1488 1799
f 2410 1799 1764
f 2473 1766 2432
f 2471 2472 2473
f 2429 2426 2401
f 2427 2436 2426
f 2457 2470 2431
f 2426 2436 2401
f 1766 2473 2474
f 2470 2471 2469 2431
f 2501 2502 2504 2460
f 2437 2442 2439
f 2396 2398 2399
f 2406 2396 2397
f 2396 2406 2398
f 2410 2409 2407
f 2408 2410 2407
f 2406 2407 2409 1804
f 2438 2442 2437
f 2436 2437 2402 2428
f 2495 2484 2501
f 2582 2579 2590
f 2590 2591 2589 2582
f 2582 2583 2579
f 2591 2550 2589
f 2591 2593 2550
f 2555 2552 2560
f 2522 2555 2560 2561
f 2561 2563 2522
f 2563 2561 2566
f 2519 2525 2524
f 2552 2547 2560
f 2489 2533 2534
f 2487 2531 2533
f 2495 2501 2460
f 2463 2457 2431
f 2401 2436 2428
f 2469 2471 2432
f 2504 2505 2462
f 2437 2439 2402
f 2610 2376 1372
f 2398 2406 1804
f 1409 2246 1778
f 2225 1535 1778
f 1409 1764 1798
f 3530 1555 3555
f 1798 1772 1409
f 41 2194 2224 2190
f 3524 3523 3544 3518
f 3491 3490 3517 3486
f 3523 3547 3544
f 2409 2410 1764
f 1622 3445 3458 3454
f 3393 1598 3427 3397
f 3335 43 3368 3354
f 3458 3461 3485 3456
f 3454 3458 3475
f 3430 3429 3452 3425
f 3417 3397 3427
f 3429 3455 3452
f 3461 3460 3485
f 3488 3491 3486
f 1798 1801 1805
f 2612 2584 2376
f 1761 1805 1806
f 1769 1772 1761
f 1761 1772 1798
f 1772 1763 1409
f 2244 2246 1763
f 2219 2222 2195
f 1409 1763 2246
f 1535 2225 1777
f 2225 1778 2246
f 2195 2223 2224
f 2225 2229 1777
f 2205 2206 1534 2193
f 3569 2201 3567
f 2193 2190 2205
f 2193 41 2190
f 3569 1555 2201
f 2194 2195 2224
f 3551 1555 3569
f 3520 3524 3518
f 3518 3519 3520
f 3537 3544 3547
f 3486 3470 3488
f 3544 3537 3542
f 3497 3520 3531
f 3530 3542 3537
f 3490 3469 3517
f 3509 3515 3469
f 3460 3446 3485
f 3470 3501 3446
f 3517 3469 3516
f 3470 3486 3501
f 3551 3553 3555
f 3555 1555 3551
f 3446 3483 3485
f 3475 3458 3456
f 2220 1777 2229
f 2229 2230 1536 2220
f 2226 2229 2225
f 2201 2199 3566 3567
f 2191 2205 2190
f 2223 2195 2222
f 2244 1763 1771
f 2243 2244 1771 1487
f 1769 1782 1770 1773
f 2217 2222 2221 2218
f 2219 2221 2222
f 2201 2193 1534 2199
f 1772 1769 1773
f 1769 1761 1762
f 3567 3568 3569
f 3516 3469 3515
f 3485 3483 3484
f 3483 3446 3482
f 3486 3487 3501
f 3519 3531 3520
f 3542 3543 3544
f 3538 3542 3530
f 3553 3557 3554 3556
f 3541 3542 3538
f 3531 3510 3497
f 3532 3510 3531
f 3509 3511 3507 3515
f 3555 3553 3556
f 3552 3553 3551
f 3501 3502 1623 3446
f 2244 2245 2246
f 3427 3394 3417
f 3437 3394 3430
f 3398 3397 3424 3391
f 3437 3430 3425
f 3398 3391 3395
f 3370 3390 3371
f 3455 3450 3452
f 3424 3417 3422
f 3424 3397 3417
f 3366 3395 3391
f 3390 3370 3367
f 3367 3388 3390
f 3366 3391 3409
f 3455 3421 3450
f 3475 3421 3454
f 3390 3362 3368 3371
f 3332 3355 3352 3329
f 3355 3350 3352
f 3380 3354 3368
f 3332 3329 3333
f 2186 2183 2152
f 3354 3380 3336
f 3336 3345 3349 3350
f 3362 3378 3380
f 3355 3336 3350
f 3333 3338 2162
f 2186 2174 2183
f 3329 3338 3333
f 2181 2183 2174
f 3352 3350 3351
f 3362 3380 3368
f 2183 2148 2153 2152
f 3444 3449 3450
f 3476 3475 3473 3477
f 3475 3456 3473
f 3418 3394 3437 3438
f 3422 3423 3424
f 3426 3437 3425
f 3444 3450 3421
f 3443 3449 3444
f 3417 3419 3415 3422
f 3392 3409 3391
f 3409 3410 3405 3366
f 3389 3390 3388
f 3363 3378 3362
f 3329 3330 3338
f 2181 2182 2183
f 2175 2162 3338 3339
f 3378 3381 3380
f 3381 3378 3382
f 3334 3349 3345
f 2174 2176 2180 2181
f 3342 3343 3349
f 3387 3388 3367 3375
f 3450 3451 3452
f 3473 3456 3457
f 1761 1798 1805
f 1785 1792 1794 1786
f 3053 3106 3051
f 3106 1444 3051
f 3101 3070 3100
f 3101 3102 3070
f 3106 3104 3105
f 3053 3054 3103 3104
f 3053 3104 3106
f 3102 3103 3056
f 3054 3056 3103
f 3102 3101 3103
f 1447 1444 1445
f 1784 1786 1788
f 1783 1770 1782
f 2237 2238 2243
f 2243 2240 2237
f 2240 2242 2237
f 2240 2243 1487
f 2241 1487 1770
f 1783 1784 1775 1776
f 1784 1785 1786
f 2241 1783 1776
f 1774 2241 1776
f 2242 2235 2237
f 2241 1770 1783
f 1784 1788 1775
f 2232 2237 2235 2236
f 3057 3056 3054
f 1444 1447 3051
f 1446 1447 1445
f 1447 1448 3050 3051
f 3057 3988 1496
f 1468 1493 1497
f 1497 1493 1481
f 1496 3974 1497
f 3053 3051 3052
f 3055 3048 3057
f 3988 3048 3987
f 3057 3048 3988
f 3974 1496 3988
f 1468 1497 3974
f 1468 3974 1515
f 1476 1493 1468
f 3054 3055 3057
f 3971 3973 3970
f 3973 1491 3970
f 1476 1494 1493
f 1543 1479 3971 3961
f 3971 3957 3961
f 1490 1494 1476
f 3970 1491 1478
f 1507 3968 1478
f 1476 1477 1513 1490
f 3968 3970 1478
f 3970 3957 3971
f 3967 3968 3966
f 1514 1477 1512
f 3961 3957 3962
f 2230 2231 2227
f 2232 2227 2231
f 1536 2230 2227
f 2217 2192 2216
f 2217 2218 2192
f 2236 2227 2232
f 2208 2215 2211 2212
f 2211 2215 2192
f 2210 2208 2212
f 2192 2215 2216
f 2206 2207 2208
f 2206 2208 1534
f 3564 3565 3566
f 3557 3559 3554
f 3559 3557 3558
f 3566 2199 3564
f 3564 2199 3562
f 3564 3562 3563
f 3559 3564 3563 3561
f 3540 3528 3554
f 3561 3554 3559
f 3561 3540 3554
f 2213 3540 3561
f 1534 2208 2210
f 3538 3528 3541
f 1533 1532 3959 1550
f 1550 3959 1544 1545
f 3954 3956 1551
f 3956 3952 1548
f 1551 3956 1548
f 1550 1545 1551
f 1544 3959 3962
f 1567 1547 1546
f 1544 3962 3957
f 1547 3954 1551
f 3948 3949 3947
f 3948 3954 3955
f 1546 1547 1545
f 3956 3954 3948
f 1566 1568 1546
f 1545 1547 1551
f 1552 1554 3950 3931
f 3941 3950 3952
f 3925 3896 3932
f 3931 3940 3932
f 3931 3950 3940
f 3936 3940 3941 3942
f 3950 3941 3940
f 3956 3941 3952
f 3897 3896 3925
f 3940 3925 3932
f 3936 3934 3935
f 3882 3887 3925
f 3958 1541 1544
f 1544 3957 3958
f 3535 3528 3540
f 3958 3963 1540
f 3986 3987 3985
f 3985 3987 3048
f 3984 3977 3986
f 3977 3987 3986
f 1515 3975 3979
f 3976 3979 3975
f 1510 3976 3977
f 3976 3978 3979
f 3975 1515 3974
f 1448 1449 3050
f 3050 1442 3981
f 1449 1448 1451
f 3049 3985 3048
f 3981 3982 3049
f 3984 1510 3977
f 3982 3985 3049
f 3050 3981 3049
f 1510 3978 3976
f 1514 1513 1477
f 1511 1467 1515
f 1468 1515 1467
f 1514 1516 1508
f 1502 3966 1507
f 3965 3966 1500 3964
f 3966 3968 1507
f 1540 3963 3965
f 1511 1509 1467
f 1467 1509 1466
f 1516 1517 1501
f 1501 1506 1516
f 1502 3969 3966
f 1506 1508 1516
f 1512 1516 1514
f 3969 1500 3966
f 1456 1449 1451
f 1456 1452 1453
f 1453 1454 1464 1465
f 1456 1451 1452
f 1453 1465 1456
f 1455 1456 1465
f 1455 1465 3983
f 1442 1498 3981
f 1454 1460 1459
f 1457 1459 1460
f 1450 1457 1461
f 1460 1461 1457
f 1464 1454 1459
f 1463 1464 1458
f 1458 1464 1459
f 1450 1461 1462
f 1450 1463 1458
f 1517 1472 1501
f 1504 1509 47
f 3983 1465 1466
f 1466 1509 1504
f 1517 1518 1505 1472
f 1475 1519 1520
f 1518 1475 1505
f 1518 1519 1475
f 1503 1537 1469
f 1504 3983 1466
f 1463 1450 1462
f 3965 3964 1538
f 1449 1442 3050
f 1521 1503 1475
f 1541 1523 1544
f 1541 3958 1540
f 1569 1561 1568
f 3955 3949 3948
f 1559 3953 1561
f 1539 1522 1523
f 1541 1539 1523
f 1537 1539 1538
f 1539 1537 1522
f 1566 1569 1568
f 1526 1569 1570
f 1569 1526 1559
f 1561 1569 1559
f 1538 1540 3965
f 1525 3953 1559
f 3938 3942 3943
f 3949 1560 3947
f 3943 3945 3938
f 3946 3947 1560
f 3939 3942 3938
f 3925 3926 3929 3882
f 3888 3929 3926
f 3888 3926 3927
f 3936 3939 3934
f 3939 3936 3942
f 1564 3938 3945
f 3945 3946 1525 3944
f 1560 3953 1525
f 1564 3945 3944
f 3888 3927 3933
f 3933 3934 1563 3928
f 3937 3934 3939
f 3883 3888 3933
f 1560 1525 3946
f 1567 1546 1568
f 1526 1570 1524
f 48 1524 1571
f 1521 1537 1503
f 1571 1524 1570
f 1576 1573 1581
f 48 1572 1562
f 1571 1572 48
f 1577 1573 1576
f 1576 1581 1474
f 1582 1579 1474
f 1521 1475 1520
f 1582 1583 3912 52
f 1474 1581 1582
f 52 1579 1582
f 3912 1583 3913
f 3934 3937 1563
f 1528 1562 3920
f 1562 1572 3920
f 3933 3928 3883
f 3886 3883 3881
f 3916 3920 1572
f 3915 3916 1572 1573
f 1573 1577 3915
f 3915 1577 1575
f 3916 3919 3920
f 1565 3914 1575
f 1580 3909 1565
f 1575 3914 3915
f 3913 3908 1578
f 3913 1583 1584
f 1522 1537 1521
f 3535 3536 3541
f 3507 3448 3506
f 3510 3532 3495
f 3532 3533 3534
f 3534 3495 3532
f 3513 3534 3535
f 3495 3534 3514
f 3535 3541 3528
f 3508 3507 3511
f 3505 3499 3504
f 3506 3448 3505
f 3507 3508 3448
f 3504 3500 3467
f 3505 3448 3499
f 3540 3513 3535
f 3502 3503 3504
f 3482 3480 3481
f 3479 3477 3478
f 3449 3441 3442
f 3443 1624 3449
f 3477 3474 3476
f 3446 1623 3482
f 3474 3477 3479
f 3480 3472 3479
f 3482 1623 3480
f 1623 3502 3467
f 3472 3474 3479
f 3441 3436 3440
f 1624 3441 3449
f 3472 1624 3474
f 3441 1624 3436
f 3480 1623 3472
f 3467 3502 3504
f 3438 3439 3440
f 3513 3514 3534
f 3898 3894 3897
f 3873 3872 3894
f 3873 3870 3865
f 3870 3873 3894
f 3885 3898 3887
f 3897 3887 3898
f 3885 3887 3892
f 3870 3894 3898
f 3869 3870 3871
f 3871 3876 3862
f 3874 3877 3871
f 3869 3865 3870
f 3860 3861 3862
f 3897 3925 3887
f 3869 3871 3862
f 3850 1619 3866
f 1624 3435 3436
f 1601 1617 3434
f 1619 3850 1620
f 3869 3850 3866
f 1610 1627 3850 3851
f 1627 1617 1620
f 1617 1627 1628
f 1627 1620 3850
f 3434 1617 1628
f 1600 1628 1629
f 3866 3865 3869
f 3440 3436 3407
f 3885 3893 3884
f 3504 3499 3500
f 1628 1599 3434
f 3387 3375 3364
f 3385 3386 3387
f 3411 3412 3410
f 3413 3414 3415
f 3410 1654 3405
f 1654 3410 3412
f 3412 3408 1654
f 3415 3416 3413
f 3415 3419 3416
f 3412 3413 3408
f 3385 3387 3364
f 3347 3384 3385
f 3408 3413 3416
f 3438 3440 1621
f 3382 3379 3381
f 3339 3341 3337
f 3334 3344 3349
f 3339 3340 3341
f 2180 2171 2172
f 2171 2180 2173
f 2160 2175 3339
f 3341 3342 3344 2130
f 3384 3347 3379
f 3344 3342 3349
f 3334 3379 3347
f 2130 3337 3341
f 2173 2180 2176
f 2179 2173 2160
f 3337 2160 3339
f 3382 3384 3379
f 3384 3382 3383
f 2165 2171 2173
f 3364 3347 3385
f 3418 3438 1621
f 1621 3408 3416
f 1644 1651 3406
f 1621 3440 3407
f 1646 1652 1651
f 1651 1616 3406
f 3406 1599 1600 1644
f 1646 1651 1644
f 1646 1644 1636
f 1646 1647 1652
f 3674 1649 1652
f 3674 1657 3667 3676
f 1652 1647 3674
f 3674 1647 1657
f 1658 1648 1655
f 3672 3653 3670
f 3676 3672 3675
f 3657 3654 3653
f 2173 2179 2165
f 3660 3653 3672
f 3660 3672 3676
f 3653 3660 3657
f 3667 3669 3666
f 3676 3675 3674
f 3649 3659 3660 3661
f 3659 3658 3657
f 3658 3659 3655
f 3659 3657 3660
f 3655 3638 3627 3626
f 1647 1648 1657
f 1599 1628 1600
f 3891 3884 3893
f 3884 3891 3880
f 3876 3871 3877
f 3880 3891 3886
f 3876 3864 3862
f 3886 3891 3889
f 3864 3860 3862
f 3878 3868 3877
f 3878 3879 3867 3868
f 3879 3880 3867
f 3886 3881 3880
f 3875 3877 3868
f 3877 3875 3876
f 3880 3881 3867
f 3860 3864 3856
f 1610 3851 3854 1611
f 3859 3854 3851
f 3852 3859 3851
f 3859 3853 3854
f 3859 3860 3857 1603
f 1611 1609 1610
f 1609 1611 1597
f 1611 1604 1597
f 1603 3853 3859
f 1596 1597 1604
f 1596 1604 1602
f 1595 1596 1602
f 1602 49 1608
f 3863 3857 3860
f 3863 3860 3856
f 3892 3893 3885
f 3917 3921 3919
f 3919 3916 3917
f 3914 1565 3909
f 3918 3921 3917
f 3867 3881 3918 3899
f 3924 3899 3922
f 3914 3909 3901
f 3908 1585 3911
f 3901 3911 1585
f 3913 1584 3908
f 3900 3901 1585 1586
f 1586 3905 3900
f 1584 1585 3908
f 3904 3922 3899 3900
f 3909 3911 3901
f 1586 1593 3902
f 1589 3858 3922
f 1590 1589 3904
f 3904 1589 3922
f 1595 1608 1527
f 1595 1527 1588
f 1602 1608 1595
f 1586 3902 3905
f 3902 3907 1587
f 3907 3902 1593
f 1594 1595 1588 53
f 53 3906 1594
f 1593 3906 3907
f 3906 1593 1594
f 3905 3904 3900
f 3899 3924 3867
f 1630 1631 1612
f 1629 1613 1600
f 1614 1629 1630
f 1638 1635 1636
f 1657 3669 3667
f 3665 3666 3669
f 1658 1657 1648
f 1645 1636 1644
f 1615 1635 1638
f 1645 1638 1636
f 1655 1664 1658
f 1656 1664 1665
f 50 1637 1656
f 1664 1656 1658
f 1640 1635 1615
f 1614 1613 1629
f 3664 3651 3661
f 3649 3661 3651
f 3652 3650 3645
f 3664 3661 3662
f 3652 3649 3651
f 3648 3649 3652
f 3645 3650 3644
f 3648 3652 3645
f 3655 3659 3641
f 1661 3665 3668
f 3669 3668 3665
f 3664 3665 3671 1660
f 3663 3664 1660
f 3664 3663 3647
f 3651 3664 3647
f 3671 3665 1661
f 1607 1591 1612
f 1639 50 1666
f 1656 1665 50
f 1634 1635 1640
f 1666 1667 1670 1639
f 50 1665 1666
f 1592 1631 1632
f 1607 1631 1592
f 1634 1632 1633
f 1632 1634 1592
f 1674 195 1673
f 1668 1673 195 1669
f 1592 1634 1640
f 1630 1612 1614
f 1675 54 1674
f 3846 1663 1667
f 1670 1667 1663
f 3646 1641 1663
f 3643 3650 3646
f 3646 3650 3647
f 1663 3846 3847
f 3646 3848 3643
f 1663 3848 3646
f 3845 3846 1667 1668
f 1662 1668 1669
f 1672 1674 54
f 1674 1672 195
f 1662 3844 3845
f 1668 1662 3845
f 1662 1672 3841 3844
f 1671 54 1675
f 1671 3841 1672
f 1671 1675 1676
f 1607 1612 1631
f 3918 3881 3921
f 2171 2165 2170
f 3166 3163 3165
f 3165 3153 3160 3161
f 3162 3166 3161
f 3165 3161 3166
f 3160 3153 3155
f 3119 3163 3166
f 3155 3150 3160
f 3195 3198 3188
f 3198 3195 3199
f 3194 3187 3185
f 3194 3195 3188 3190
f 3190 3187 3194
f 3151 3160 3150
f 3142 3143 3149 3150
f 3155 3142 3150
f 3116 3137 3115
f 3166 3115 3128 3119
f 3149 3138 3139
f 3199 3170 3198
f 3199 3195 3196
f 3168 3174 3167
f 3184 3175 3176
f 3184 3185 3144 3177
f 3199 3167 3171 3170
f 3186 3194 3185
f 3180 3220 3187 365
f 3203 3187 3220
f 3220 3222 3218 3226
f 3222 3219 3218
f 3226 3228 3220
f 3211 3219 3147
f 3266 3254 3261 3262
f 3262 3264 3266
f 3262 3269 3264
f 3251 3261 3256
f 3261 3254 3256
f 3218 3219 3216
f 3203 3144 3187
f 3269 3229 3232 3211
f 3211 3264 3269
f 3216 3219 3211
f 3220 3228 3203
f 3216 3217 3218
f 3228 3226 3227
f 3204 3203 3228 3200
f 3246 3251 3256
f 3251 3252 3261
f 3241 3229 3230
f 3250 3251 3246 3247
f 3263 3269 3262
f 3235 3253 3298
f 3185 3187 3144
f 3115 3137 3127
f 3149 3143 3138
f 3128 3115 3127
f 3127 1970 3128
f 3138 3141 3118
f 3118 3127 3137 3138
f 3141 3138 3143
f 3169 3171 3174
f 3167 3174 3171
f 3177 1969 3184
f 1969 3175 3184
f 3178 3145 3174 3175
f 3174 3145 3169
f 4614 364 1966
f 1979 1968 1965
f 1963 1966 1968
f 3691 1979 3690
f 1983 3690 1979
f 1979 1965 1983
f 3691 1978 1979
f 699 1966 1963 1964
f 3175 1969 3178
f 3688 3685 1981
f 1983 1981 3689 3690
f 1981 3685 3689
f 3685 3686 3680 3689
f 1980 3691 3692
f 3202 3204 3200
f 3212 3200 3201
f 3213 3214 3215
f 3208 3179 3212 3213
f 3200 3212 3179
f 3213 3148 3208
f 3148 3213 3215
f 3209 3229 3241
f 3148 3215 3211
f 3247 3245 3250
f 3250 3245 3242
f 3231 3209 3241
f 3232 3229 3209
f 3241 3242 400 3231
f 3211 3215 3216
f 1940 3687 3239
f 394 3239 3687
f 3687 1940 395
f 395 1940 1941
f 1940 3239 409
f 3681 3685 3688
f 3245 400 3242
f 229 409 3239
f 362 1946 409
f 409 1946 1940
f 362 1945 1946
f 3200 3179 3202
f 3242 3243 3250
f 3244 3235 3298 3270
f 3294 3297 3287
f 3293 3287 3289
f 3293 3294 3287
f 3289 3286 3284
f 3284 3293 3289
f 3298 3297 3294
f 3318 3320 3323 3324
f 3306 373 4016
f 3323 3320 3317
f 3323 3317 3315
f 4016 4018 4019
f 3326 3318 3324
f 3326 3328 3318
f 4016 4019 4021
f 3294 3295 3298
f 3293 3284 3285
f 3276 3270 3271
f 3283 3284 3275 3279
f 3284 3286 3275
f 3326 3299 3303 3302
f 3324 3325 3326
f 3323 3315 3316
f 3314 3315 3306 3307
f 4002 3306 4021
f 4016 4021 3306
f 3306 3315 3317
f 4019 4020 4021
f 3328 3326 3302
f 3244 3270 3272
f 2145 2147 2121
f 2121 1715 2128
f 2147 2117 2119 2122
f 2147 2122 2121
f 2119 1758 44 1752
f 2148 2150 2153
f 2121 2128 2145
f 2167 2128 2148
f 2147 2145 2146
f 2117 2135 2119
f 2137 2119 2135
f 2117 2118 2135
f 2148 2128 2150
f 2137 1758 2119
f 1757 4010 4015
f 4015 1724 44 1757
f 4018 4015 4014 4019
f 4012 4013 4014
f 4010 4011 4008 4012
f 4015 4012 4014
f 4012 4015 4010
f 1753 1755 1759
f 1713 1758 2137
f 1712 1757 1759
f 1755 1760 1712
f 1760 1755 1756
f 1755 1712 1759
f 1718 1712 1760 1709
f 4010 1757 1712
f 1753 1759 1713
f 3283 3277 3278
f 3279 3280 3283
f 402 3272 3276
f 402 3277 3280
f 3283 3280 3277
f 402 3276 3277
f 3273 3280 3279
f 3270 3276 3272
f 3311 3299 3300
f 3312 3313 3314
f 3299 3301 3303
f 3307 3304 3314
f 3312 3314 3304
f 3299 3311 372
f 3311 3312 3308 372
f 397 407 391
f 3299 372 3301
f 379 388 407
f 397 379 407
f 379 397 399
f 396 379 399
f 3304 3308 3312
f 368 396 3309
f 231 3309 396
f 3309 352 368
f 378 379 396 368
f 4005 4002 4003
f 3306 4002 374
f 4006 4007 4008
f 1723 4004 4005 4006
f 4008 1723 4006
f 1723 4008 4009
f 4005 4004 374
f 1728 1709 1710
f 1709 371 1718
f 1717 371 1728
f 371 1709 1728
f 1729 1717 1728
f 4008 4011 4009
f 1730 1734 1717
f 3722 226 367
f 355 357 351 378
f 370 355 378
f 360 359 415
f 370 378 368
f 1732 1734 1737
f 1730 1737 1734
f 1738 1722 1737
f 1730 1731 1737
f 1730 1717 1729
f 1722 1732 1737
f 3721 3722 367
f 3721 367 3720
f 3722 3723 353 226
f 4005 374 4002
f 3718 3721 3720 3719
f 3298 3253 3297
f 1977 699 1964
f 1964 1978 1975 1977
f 1963 1968 1979
f 698 699 31
f 636 1980 3677
f 1980 1978 3691
f 3677 3678 1962 1959
f 1980 3692 3677
f 3677 1959 636
f 1960 694 691
f 691 1959 1960
f 691 636 1959
f 693 694 1960 1961
f 1980 1975 1978
f 694 637 691
f 644 645 634 385
f 639 640 646 648
f 647 637 695
f 646 634 645
f 642 635 640
f 634 640 635
f 640 634 646
f 695 637 694
f 638 639 651
f 639 648 651
f 650 651 648
f 668 669 641 453
f 669 671 386
f 647 695 696
f 3678 3679 3684
f 3680 3684 3679
f 3684 3680 3686
f 688 1962 3678
f 693 1961 685
f 1961 689 685
f 1962 689 1961
f 682 693 685
f 3684 688 3678
f 1943 1941 1944
f 1945 1944 1941
f 1962 688 689
f 685 689 674
f 3684 3682 688
f 1941 1943 395
f 682 683 693
f 670 679 671
f 670 682 686 678
f 682 685 686
f 669 670 671
f 669 386 641
f 672 649 1933 1934
f 623 1934 1936
f 1934 1938 1936
f 623 672 1934
f 670 678 679
f 1937 1933 649
f 1933 1937 1939
f 474 473 631
f 631 473 627
f 472 463 625
f 470 466 618
f 479 466 469
f 626 473 32
f 630 632 621
f 629 621 632
f 632 628 629
f 627 628 631
f 477 619 452
f 619 470 618
f 470 619 464
f 463 630 625
f 621 625 630
f 463 474 630
f 629 620 621
f 628 632 631
f 462 469 471
f 469 462 465
f 461 462 468
f 462 471 468
f 482 467 492
f 467 482 483
f 492 480 482
f 484 467 483
f 479 469 465
f 461 476 460
f 461 468 464
f 478 461 477
f 464 619 477
f 478 476 461
f 460 476 448
f 459 460 448 451
f 477 461 464
f 479 618 466
f 638 651 652
f 629 638 620
f 667 668 622
f 453 622 668
f 638 652 620
f 384 653 654
f 652 653 445 446
f 667 622 662
f 1930 1926 624
f 655 624 1926
f 663 661 659
f 659 667 662 663
f 1927 1931 1929
f 1927 655 1926
f 384 654 659
f 655 1927 457
f 452 446 451
f 446 619 652
f 666 447 445
f 653 384 445
f 444 445 447
f 665 444 447
f 446 459 451
f 446 452 619
f 1927 1929 457
f 456 665 458
f 444 456 443
f 456 440 443
f 444 665 456
f 666 445 384
f 661 384 659
f 1926 1930 1932
f 652 619 620
f 390 1945 362
f 383 1935 1938 1939
f 1939 1937 383
f 389 3696 383 38
f 412 3696 389
f 380 381 403
f 381 380 387
f 380 403 388
f 404 381 387
f 361 404 387
f 412 3704 3696
f 361 387 412
f 361 412 389
f 412 413 3703 3704
f 379 380 388
f 3704 3706 3696
f 3697 3706 3707
f 3707 2099 3697
f 253 1938 1935
f 2099 3707 382
f 382 3707 3693
f 3697 3696 3706
f 3693 3707 3708
f 3700 2095 382
f 3700 3694 3701
f 3694 429 3701
f 3694 3700 3693
f 3695 429 3694
f 3693 3700 382
f 3705 3706 3704
f 2095 2096 2094 382
f 413 414 359 228
f 253 1936 1938
f 358 360 415
f 415 359 414
f 425 3702 3703
f 413 424 3703
f 228 337 413
f 228 358 337
f 356 350 351
f 3724 45 3723
f 350 356 354
f 3723 45 353
f 356 351 357
f 202 349 45
f 350 354 349
f 45 349 354
f 417 3702 425
f 423 417 425
f 337 424 413
f 3695 3702 429
f 418 429 3702
f 429 418 430
f 418 427 430
f 418 3702 417
f 424 425 3703
f 416 423 337
f 348 349 335 336
f 358 416 337
f 427 434 426
f 426 254 427
f 427 418 434
f 202 335 349
f 423 416 417
f 358 415 416
f 2110 432 2094
f 2109 432 2110
f 1932 421 1928
f 2112 2114 422
f 2110 2111 422 2109
f 2101 2110 2096 2103
f 2094 2096 2110
f 2093 2091 2103
f 2091 2092 2101
f 2091 433 2089
f 2103 2091 2101
f 2091 2093 2102
f 1931 1932 1928
f 39 1931 1928
f 420 2113 2115
f 439 441 2090
f 2090 420 2088
f 442 440 441
f 1931 39 1929
f 2113 2114 2112 2115
f 420 2116 2088
f 439 442 441
f 439 2088 2089
f 439 2090 2088
f 2089 438 439
f 420 2115 2116
f 2112 422 2111
f 443 440 442
f 2091 2102 433
f 421 1932 1930
f 2105 325 433
f 431 325 2105
f 347 348 336
f 434 2108 426
f 347 332 338
f 326 347 336
f 347 338 346
f 434 435 2107 2108
f 333 326 202
f 330 333 3709
f 202 3709 333
f 3709 45 3724
f 338 334 331
f 334 330 331
f 334 333 330
f 332 334 338
f 347 326 332
f 435 325 2107
f 2089 435 438
f 436 437 438
f 435 436 438
f 345 341 340
f 435 2089 325
f 346 324 341
f 345 346 341
f 339 324 346
f 338 339 346
f 342 324 339
f 46 343 344
f 324 342 46
f 340 46 344
f 340 344 345
f 329 330 3709 3710
f 2089 433 325
f 390 1944 1945
f 2138 2137 2135 2139
f 2148 2149 2167
f 2163 2168 2126
f 2142 2143 2144
f 2167 2168 2163 2128
f 1716 2144 2128
f 2168 2169 2170
f 2144 2145 2128
f 2166 2126 2170
f 2165 2166 2170
f 3640 3624 3639
f 1716 2142 2144
f 2170 2126 2168
f 2131 1751 2141 2142
f 2142 1716 2131
f 2139 2140 2141
f 2136 2138 2139
f 2141 1751 2139
f 2139 1751 2136
f 3616 3608 3607
f 3607 3625 3617
f 1748 1711 1747
f 3586 3585 3605
f 3605 3608 3616
f 1749 1750 1711
f 3625 3624 3617
f 1713 1750 1749 1753
f 3641 3630 3629
f 3635 3629 3636
f 3639 3629 3640
f 3629 3635 3640
f 3640 3617 3624
f 3635 3633 3634
f 3636 3631 3635
f 3650 3643 3644
f 3633 3631 3628
f 3632 3633 3595 3613
f 3595 3633 3628
f 3618 3619 3632
f 3631 3633 3635
f 3615 3630 3641
f 3613 3620 3632
f 3594 3617 3621
f 3618 3622 3621
f 3594 3610 3607
f 3604 3616 3610 3612
f 3610 3616 3607
f 3604 3598 3599
f 3617 3594 3607
f 3620 3618 3632
f 3620 3596 3601
f 3620 3613 3596
f 3604 3609 3598
f 3609 3600 3598
f 3609 3601 3600
f 3612 3609 3604
f 3620 3622 3618
f 3617 3618 3621
f 3629 3638 3641
f 3641 3638 3655
f 3600 3577 3598
f 1744 1745 1749
f 1719 1722 1738
f 1719 1738 1739
f 1749 1711 1744
f 1753 1754 1755
f 1739 1744 1748 1742
f 3587 3570 3584
f 1719 1739 1743
f 1743 1739 1742
f 4001 4000 3570
f 4000 3584 3570
f 3587 3584 3586
f 1744 1711 1748
f 1741 3719 227
f 222 3719 1741
f 191 222 1741
f 3713 3717 3718
f 244 3713 222
f 3719 3713 3718
f 3713 3719 222
f 224 239 222
f 223 240 224
f 223 4001 3989
f 3989 240 223
f 243 244 239 241
f 244 222 239
f 215 240 3989
f 4001 223 4000
f 3713 244 245
f 4001 3570 3996
f 3588 3586 3605
f 3582 3580 3589
f 3590 3592 3589
f 3592 3590 3597
f 3588 3589 3580 3587
f 3570 3998 3996
f 3580 3583 3579
f 3589 3592 3582
f 3586 3588 3587
f 3580 3582 3583
f 3583 3581 3574
f 3597 3591 3592
f 3996 3998 3999
f 3999 3997 3994
f 3581 3572 3573
f 3574 3581 3573
f 3575 3998 3570
f 3574 3579 3583
f 3616 3588 3605
f 3994 3996 3999
f 215 3989 3990
f 215 3990 233
f 3990 3991 3993
f 242 241 215
f 233 213 215
f 242 243 241
f 213 234 204
f 213 242 215
f 217 233 216
f 216 233 3990
f 3993 216 3990
f 3993 3994 207 3992
f 234 232 200
f 232 206 200
f 217 214 232
f 204 234 200
f 216 3993 208
f 213 233 234
f 3994 3995 3996
f 3591 3597 3577
f 3577 3597 3598
f 3848 3835 3642 3643
f 3615 3642 3614
f 3849 3642 3835
f 3849 1689 3614
f 3849 3614 3642
f 3849 3835 1690
f 3615 3641 3642
f 1690 3835 3836
f 1690 3836 3837
f 3837 3838 1687 1688
f 1688 1690 3837
f 1688 194 1692
f 1688 1692 1690
f 3847 3848 1663
f 3576 51 194
f 3578 3576 3581
f 3571 134 3575
f 3994 3997 207
f 3576 3572 3581
f 1697 3572 1694
f 1694 3572 3576
f 1693 1694 194
f 3576 194 1694
f 134 3571 1697
f 1697 3571 3572
f 1696 1697 1695
f 1697 1694 1695
f 3570 3571 3575
f 1688 1693 194
f 186 1695 1698
f 135 1687 1691
f 1687 3838 1681
f 3839 1681 3838
f 3839 3840 1682 1681
f 1681 1691 1687
f 1686 1687 135
f 135 1680 1685 1686
f 1677 1678 3840 3841
f 1677 3841 1671
f 3842 3840 1678
f 1679 3842 1678
f 3843 1679 1678 1683
f 1682 3840 3842
f 1677 1671 1676
f 55 1685 1680
f 1684 1685 55 1705
f 1701 1702 196 136
f 1702 3832 70
f 3832 1702 3833
f 1703 1707 3833
f 1683 1684 1705
f 57 71 1708
f 3831 1707 1703 1704
f 3823 3831 1704
f 1708 3829 1704
f 3811 57 58
f 1703 3833 1702
f 1705 3843 1683
f 1695 186 1696
f 1699 193 186
f 3993 3992 208
f 1699 1700 182 183
f 183 193 1699
f 1699 186 1698
f 70 196 1702
f 3794 3822 3834
f 3834 3822 147
f 3828 3834 147
f 3828 147 3823
f 1700 136 192
f 1701 136 1700
f 187 193 183
f 184 182 192
f 1700 192 182
f 183 198 187
f 200 206 235
f 185 187 218
f 232 214 206
f 197 3798 181
f 3834 3805 3794
f 3805 148 3794
f 3799 148 3795
f 3798 197 146
f 3796 148 3805
f 181 182 184
f 3799 3795 180
f 3820 3834 3828
f 3828 3830 3820
f 3819 3827 1706
f 1706 3829 1708
f 3820 3830 3827
f 3820 3827 3819
f 3818 3815 3819
f 3819 1706 3817
f 3820 3821 3834
f 1708 71 3817
f 58 167 3811
f 3811 71 57
f 3809 3814 3818
f 3818 3814 3815
f 3816 3793 3809 3818
f 3814 3809 3813
f 3817 3818 3819
f 3817 1706 1708
f 3771 3796 3805 3806
f 3797 3801 3788
f 3801 3790 3787 3788
f 3790 3792 3787
f 3802 3795 3797
f 3813 3809 3808
f 3791 3813 3808
f 3791 3806 3813
f 3780 3787 3792
f 3806 3791 3771
f 59 168 3810
f 3807 3813 3806
f 3810 167 58
f 3829 3823 1704
f 3797 3788 3802
f 59 3810 58
f 199 200 235 219
f 3716 3715 3711 3712
f 237 3713 245
f 237 3712 3713
f 3711 3715 225
f 3712 237 3716
f 237 245 238
f 3710 3711 225 259
f 246 236 238
f 219 218 199
f 246 247 3738 236
f 297 3739 295
f 296 297 295
f 238 245 246
f 3736 269 203 221
f 247 3736 3738
f 3736 247 269
f 252 256 3710
f 202 45 3709
f 3725 292 294
f 3710 259 252
f 3725 294 295
f 3725 295 3739
f 3732 3729 3739
f 3731 302 297 298
f 3739 302 3732
f 3725 3726 291 292
f 3729 3730 3728
f 297 302 3739
f 299 309 306
f 218 198 199
f 299 308 309
f 308 303 298
f 303 308 301
f 299 301 308
f 308 298 300
f 3730 303 301
f 298 303 3731
f 184 197 181
f 306 309 304
f 290 304 310
f 133 101 178
f 309 310 304
f 178 179 154
f 198 218 187
f 133 178 154
f 3728 3730 3727
f 3733 3727 220
f 301 3727 3730
f 301 220 3727
f 3733 3726 3727
f 307 291 3726
f 3726 3733 307
f 81 291 307
f 3729 3732 3730
f 178 101 177
f 285 291 81 274
f 310 311 271 3734
f 310 3734 290
f 133 154 79
f 180 181 3798
f 175 176 101
f 249 329 256
f 3710 256 329
f 258 249 256
f 327 329 249
f 262 251 322
f 327 250 323
f 327 328 329
f 323 262 322
f 250 327 249
f 255 249 258
f 255 270 248
f 293 294 292
f 248 270 269
f 263 250 260
f 248 249 255
f 266 260 250
f 272 318 267
f 269 247 248
f 250 262 323
f 321 251 265
f 262 250 263
f 264 321 265
f 343 46 342
f 319 264 201
f 320 321 264
f 201 260 319
f 322 251 321
f 318 319 267
f 260 267 319
f 317 318 278
f 277 318 273
f 277 278 318
f 320 264 319
f 278 282 281
f 278 281 317
f 280 317 281
f 266 267 260
f 284 285 274
f 274 289 1987 1984
f 284 274 1984
f 1984 1985 283 284
f 1987 289 275
f 315 275 312
f 312 275 289
f 311 312 287
f 312 289 287
f 311 287 271
f 315 313 286
f 1986 1987 275 286
f 101 176 177
f 279 283 1986
f 1985 1986 283
f 279 281 282
f 279 316 268
f 279 282 283
f 317 268 316
f 313 279 1986
f 277 273 276
f 316 279 314
f 286 313 1986
f 105 104 94
f 93 94 104
f 88 93 104
f 56 88 104
f 313 314 279
f 315 312 313
f 280 268 317
f 105 94 95
f 272 273 318
f 101 63 175
f 3803 3804 3802
f 3795 3804 180
f 155 154 179
f 179 3765 144 155
f 179 180 3804 3765
f 3799 180 3798
f 3768 152 3767
f 3768 3769 152
f 3767 144 3765
f 3772 3773 3774
f 3765 3766 3767
f 3802 3788 3800
f 3769 3772 150 158
f 80 151 157
f 172 80 157
f 152 144 3767
f 169 172 112
f 129 112 172
f 172 169 80
f 151 153 157
f 3769 158 152
f 158 153 152
f 142 149 172
f 156 142 159
f 159 142 157
f 141 156 150
f 157 142 172
f 142 156 141
f 163 150 3772
f 3785 3786 3781
f 3781 3786 3780
f 3785 3781 3776
f 3774 3785 3776 3778
f 163 3772 162
f 3772 3774 3777
f 3774 3778 3777
f 162 3772 3777
f 164 68 59
f 3782 59 68
f 3786 3787 3780
f 141 163 161
f 164 59 60
f 150 163 141
f 171 141 161
f 140 171 170
f 170 139 140
f 122 115 116
f 120 116 119
f 137 117 119
f 116 137 119
f 139 74 61
f 69 61 74
f 61 69 60
f 164 60 69
f 137 138 117
f 138 139 61 72
f 72 73 138
f 65 117 138
f 170 74 139
f 170 67 74
f 72 82 66
f 171 140 141
f 3802 3804 3795
f 172 173 129
f 175 63 174
f 174 63 106
f 106 78 173 174
f 107 96 102
f 3762 96 107
f 99 105 95
f 173 78 129
f 110 108 109
f 3761 3762 3760
f 3760 3762 108
f 3760 108 110
f 3759 3760 110 114
f 107 108 3762
f 3762 95 96
f 100 103 95
f 103 99 95
f 97 100 3763 3764
f 95 3763 100
f 95 3762 3763
f 3740 3753 89
f 97 3764 89
f 3740 91 3753
f 3764 3740 89
f 3752 86 3741
f 86 3740 3741
f 92 90 91
f 91 90 3753
f 86 91 3740
f 88 90 92
f 3741 3742 3747 3745
f 93 88 92
f 125 114 121
f 120 122 116
f 125 121 118
f 114 3757 3759
f 114 125 124
f 124 3757 114
f 114 115 121
f 3757 124 111 76
f 73 65 138
f 3758 3759 3757
f 83 77 126
f 66 82 126
f 73 72 66
f 3754 3755 3759
f 3758 3746 3743 3754
f 3754 3759 3758
f 3745 3752 3741
f 3742 3743 3747
f 3747 3743 3746
f 86 3752 87
f 84 75 83
f 3748 83 75
f 86 87 85
f 3751 84 85
f 75 84 3751
f 87 3751 85
f 3745 62 3752
f 3748 77 83
f 126 82 83
f 122 121 115
f 168 59 3782
