
CASCADE Topology V3, (c) Open Cascade
Locations 0
Curve2ds 2588
1 42.83641125339264 15.935939455872159 1 0 
1 42.83641125339264 15.935939455872159 1 0 
1 43.232606253392632 15.935939455872159 0 -1 
1 43.232606253392632 15.935939455872159 0 -1 
1 43.232606253392632 15.268077455872174 -1 0 
1 43.232606253392632 15.268077455872174 -1 0 
1 42.83641125339264 15.268077455872174 0 1 
1 42.83641125339264 15.268077455872174 0 1 
1 -54.82182574660736 -3.5474435441278445 -1 0 
1 -54.82182574660736 -3.5474435441278445 -1 0 
1 -55.430142746607359 -3.5474435441278445 0 1 
1 -55.430142746607359 -3.5474435441278445 0 1 
1 -55.430142746607359 -2.7470285441278293 1 0 
1 -55.430142746607359 -2.7470285441278293 1 0 
1 -54.82182574660736 -2.7470285441278293 0 -1 
1 -54.82182574660736 -2.7470285441278293 0 -1 
1 -68.909193746607357 15.262386455872161 0 1 
1 -68.909193746607357 15.262386455872161 0 1 
1 -68.909193746607357 16.118831455872169 1 0 
1 -68.909193746607357 16.118831455872169 1 0 
1 -68.34890074660737 16.118831455872169 0 -1 
1 -68.34890074660737 16.118831455872169 0 -1 
1 -68.34890074660737 15.262386455872161 -1 0 
1 -68.34890074660737 15.262386455872161 -1 0 
1 19.065194253392633 17.101863455872177 1 0 
1 19.065194253392633 17.101863455872177 1 0 
1 19.970765253392642 17.101863455872177 0 -1 
1 19.970765253392642 17.101863455872177 0 -1 
1 19.970765253392642 16.44532345587217 -1 0 
1 19.970765253392642 16.44532345587217 -1 0 
1 19.065194253392633 16.44532345587217 0 1 
1 19.065194253392633 16.44532345587217 0 1 
1 19.110474253392638 10.536479455872154 0 1 
1 19.110474253392638 10.536479455872154 0 1 
1 19.110474253392638 11.328853455872178 1 0 
1 19.110474253392638 11.328853455872178 1 0 
1 19.993409253392642 11.328853455872178 0 -1 
1 19.993409253392642 11.328853455872178 0 -1 
1 19.993409253392642 10.536479455872154 -1 0 
1 19.993409253392642 10.536479455872154 -1 0 
1 19.072831253392636 4.8089254558721564 0 1 
1 19.072831253392636 4.8089254558721564 0 1 
1 19.072831253392636 5.6093404558721716 1 0 
1 19.072831253392636 5.6093404558721716 1 0 
1 19.969300253392632 5.6093404558721716 0 -1 
1 19.969300253392632 5.6093404558721716 0 -1 
1 19.969300253392632 4.8089254558721564 -1 0 
1 19.969300253392632 4.8089254558721564 -1 0 
1 -24.039954746607364 5.4426384558721566 1 0 
1 -24.039954746607364 5.4426384558721566 1 0 
1 -23.27021674660736 5.4426384558721566 0 -1 
1 -23.27021674660736 5.4426384558721566 0 -1 
1 -23.27021674660736 4.4691574558721641 -1 0 
1 -23.27021674660736 4.4691574558721641 -1 0 
1 -24.039954746607364 4.4691574558721641 0 1 
1 -24.039954746607364 4.4691574558721641 0 1 
1 -21.481715746607364 4.4465134558721786 -1 0 
1 -21.481715746607364 4.4465134558721786 -1 0 
1 -22.22881274660736 4.4465134558721786 0 1 
1 -22.22881274660736 4.4465134558721786 0 1 
1 -22.22881274660736 5.4426384558721566 1 0 
1 -22.22881274660736 5.4426384558721566 1 0 
1 -21.481715746607364 5.4426384558721566 0 -1 
1 -21.481715746607364 5.4426384558721566 0 -1 
1 -4.1626807466073643 4.5823474558721671 -1 0 
1 -4.1626807466073643 4.5823474558721671 -1 0 
1 -5.1022097466073575 4.5823474558721671 0 1 
1 -5.1022097466073575 4.5823474558721671 0 1 
1 -5.1022097466073575 5.4200094558721617 1 0 
1 -5.1022097466073575 5.4200094558721617 1 0 
1 -4.1626807466073643 5.4200094558721617 0 -1 
1 -4.1626807466073643 5.4200094558721617 0 -1 
1 15.358887253392638 7.978572455872154 -1 0 
1 15.358887253392638 7.978572455872154 -1 0 
1 14.398385253392632 7.978572455872154 0 1 
1 14.398385253392632 7.978572455872154 0 1 
1 14.398385253392632 8.8110154558721661 1 0 
1 14.398385253392632 8.8110154558721661 1 0 
1 15.358887253392638 8.8110154558721661 0 -1 
1 15.358887253392638 8.8110154558721661 0 -1 
1 -14.056036746607361 4.5370744558721583 -1 0 
1 -14.056036746607361 4.5370744558721583 -1 0 
1 -15.097445746607363 4.5370744558721583 0 1 
1 -15.097445746607363 4.5370744558721583 0 1 
1 -15.097445746607363 5.3068044558721681 1 0 
1 -15.097445746607363 5.3068044558721681 1 0 
1 -14.056036746607361 5.3068044558721681 0 -1 
1 -14.056036746607361 5.3068044558721681 0 -1 
1 39.979767253392637 -44.528888544127824 -1 0 
1 39.979767253392637 -44.528888544127824 -1 0 
1 39.499512253392638 -44.528888544127824 0.027763456460878928 0.99961452094562186 
1 39.499512253392638 -44.528888544127824 0.027763456460878928 0.99961452094562186 
1 39.53152525339263 -43.376270544127863 1 0 
1 39.53152525339263 -43.376270544127863 1 0 
1 39.995774253392639 -43.376270544127863 0.78349450573096646 -0.62139871217229647 
1 39.995774253392639 -43.376270544127863 0.78349450573096646 -0.62139871217229647 
1 40.46001525339264 -43.74446554412782 0 -1 
1 40.46001525339264 -43.74446554412782 0 -1 
1 40.46001525339264 -44.176716544127828 -0.80641289656797133 -0.59135288977805323 
1 40.46001525339264 -44.176716544127828 -0.80641289656797133 -0.59135288977805323 
1 -4.1233057466073575 10.539912455872155 -1 0 
1 -4.1233057466073575 10.539912455872155 -1 0 
1 -5.0998147466073647 10.539912455872155 0 1 
1 -5.0998147466073647 10.539912455872155 0 1 
1 -5.0998147466073647 11.436382455872177 1 0 
1 -5.0998147466073647 11.436382455872177 1 0 
1 -4.1233057466073575 11.436382455872177 0 -1 
1 -4.1233057466073575 11.436382455872177 0 -1 
1 13.267556253392641 -47.376423544127817 -1 0 
1 13.267556253392641 -47.376423544127817 -1 0 
1 12.581833253392631 -47.376423544127817 0.015872469653481488 0.99987402441862616 
1 12.581833253392631 -47.376423544127817 0.015872469653481488 0.99987402441862616 
1 12.596741253392636 -46.43730554412781 1 0 
1 12.596741253392636 -46.43730554412781 1 0 
1 13.535882253392643 -46.43730554412781 0 -1 
1 13.535882253392643 -46.43730554412781 0 -1 
1 13.535882253392643 -46.80998654412781 -1 0 
1 13.535882253392643 -46.80998654412781 -1 0 
1 13.267556253392641 -46.80998654412781 0 -1 
1 13.267556253392641 -46.80998654412781 0 -1 
1 27.883187253392634 -46.672931544127835 -1 0 
1 27.883187253392634 -46.672931544127835 -1 0 
1 27.781312253392642 -46.672931544127835 0 1 
1 27.781312253392642 -46.672931544127835 0 1 
1 27.781312253392642 -46.378620544127841 1 0 
1 27.781312253392642 -46.378620544127841 1 0 
1 28.777436253392636 -46.378620544127841 0 -1 
1 28.777436253392636 -46.378620544127841 0 -1 
1 28.777436253392636 -47.272877544127823 -1 0 
1 28.777436253392636 -47.272877544127823 -1 0 
1 27.883187253392634 -47.272877544127823 0 1 
1 27.883187253392634 -47.272877544127823 0 1 
1 2.9370122533926377 -47.421161544127813 0 1 
1 2.9370122533926377 -47.421161544127813 0 1 
1 2.9370122533926377 -46.884510544127806 -1 0 
1 2.9370122533926377 -46.884510544127806 -1 0 
1 2.7283102533926353 -46.884510544127806 0 1 
1 2.7283102533926353 -46.884510544127806 0 1 
1 2.7283102533926353 -46.482013544127824 1 0 
1 2.7283102533926353 -46.482013544127824 1 0 
1 3.7419902533926432 -46.482013544127824 0 -1 
1 3.7419902533926432 -46.482013544127824 0 -1 
1 3.7419902533926432 -47.422443544127816 -0.99999873183078625 0.0015925880883830305 
1 3.7419902533926432 -47.422443544127816 -0.99999873183078625 0.0015925880883830305 
1 -61.417368746607366 23.916270455872166 -0.022723229196408939 -0.99974179409229835 
1 -61.417368746607366 23.916270455872166 -0.022723229196408939 -0.99974179409229835 
1 -61.440009746607359 22.920146455872157 -0.99909546047654618 0.042523650538944927 
1 -61.440009746607359 22.920146455872157 -0.99909546047654618 0.042523650538944927 
1 -62.504053746607362 22.965434455872156 0.076695333099198765 0.9970545751767067 
1 -62.504053746607362 22.965434455872156 0.076695333099198765 0.9970545751767067 
1 -62.458775746607365 23.554057455872169 1 0 
1 -62.458775746607365 23.554057455872169 1 0 
1 -61.802237746607361 23.554057455872169 0.062382917848792581 0.99805228899124865 
1 -61.802237746607361 23.554057455872169 0.062382917848792581 0.99805228899124865 
1 -61.779597746607365 23.916270455872166 1 0 
1 -61.779597746607365 23.916270455872166 1 0 
1 -13.294592746607364 -46.486835544127814 1 0 
1 -13.294592746607364 -46.486835544127814 1 0 
1 -12.303755746607365 -46.486835544127814 0 -1 
1 -12.303755746607365 -46.486835544127814 0 -1 
1 -12.303755746607365 -47.540912544127821 -1 0 
1 -12.303755746607365 -47.540912544127821 -1 0 
1 -12.999449746607368 -47.540912544127821 0 1 
1 -12.999449746607368 -47.540912544127821 0 1 
1 -12.999449746607368 -46.887378544127841 -1 0 
1 -12.999449746607368 -46.887378544127841 -1 0 
1 -13.31568074660737 -46.887378544127841 0.052575713584847257 0.99861694074406937 
1 -13.31568074660737 -46.887378544127841 0.052575713584847257 0.99861694074406937 
1 -4.174002746607357 18.494182455872163 0 -1 
1 -4.174002746607357 18.494182455872163 0 -1 
1 -4.174002746607357 17.464091455872165 -1 0 
1 -4.174002746607357 17.464091455872165 -1 0 
1 -5.2040927466073583 17.464091455872165 0 1 
1 -5.2040927466073583 17.464091455872165 0 1 
1 -5.2040927466073583 18.494182455872163 1 0 
1 -5.2040927466073583 18.494182455872163 1 0 
1 -9.7739557466073563 -46.887378544127841 -1 0 
1 -9.7739557466073563 -46.887378544127841 -1 0 
1 -10.048018746607369 -46.887378544127841 0 -1 
1 -10.048018746607369 -46.887378544127841 0 -1 
1 -10.048018746607369 -47.435505544127807 -1 0 
1 -10.048018746607369 -47.435505544127807 -1 0 
1 -10.933447746607357 -47.435505544127807 0 1 
1 -10.933447746607357 -47.435505544127807 0 1 
1 -10.933447746607357 -46.465748544127848 1 0 
1 -10.933447746607357 -46.465748544127848 1 0 
1 -9.7739557466073563 -46.465748544127848 0 -1 
1 -9.7739557466073563 -46.465748544127848 0 -1 
1 31.188515253392637 -46.355976544127827 0 -1 
1 31.188515253392637 -46.355976544127827 0 -1 
1 31.188515253392637 -46.774799544127859 -1 0 
1 31.188515253392637 -46.774799544127859 -1 0 
1 30.928162253392642 -46.774799544127859 0 -1 
1 30.928162253392642 -46.774799544127859 0 -1 
1 30.928162253392642 -47.329456544127822 -1 0 
1 30.928162253392642 -47.329456544127822 -1 0 
1 29.988633253392635 -47.329456544127822 0 1 
1 29.988633253392635 -47.329456544127822 0 1 
1 29.988633253392635 -46.355976544127827 1 0 
1 29.988633253392635 -46.355976544127827 1 0 
1 40.051781253392633 -4.677112544127823 0 -1 
1 40.051781253392633 -4.677112544127823 0 -1 
1 40.051781253392633 -4.8468975441278417 1 0 
1 40.051781253392633 -4.8468975441278417 1 0 
1 40.481934253392637 -4.8468975441278417 0 -1 
1 40.481934253392637 -4.8468975441278417 0 -1 
1 40.481934253392637 -5.7185095441278406 -1 0 
1 40.481934253392637 -5.7185095441278406 -1 0 
1 40.029152253392638 -5.7185095441278406 0 -1 
1 40.029152253392638 -5.7185095441278406 0 -1 
1 40.029152253392638 -5.9109385441278448 -1 0 
1 40.029152253392638 -5.9109385441278448 -1 0 
1 39.51976125339263 -5.9109385441278448 -0.027512910864256262 0.99962144821716159 
1 39.51976125339263 -5.9109385441278448 -0.027512910864256262 0.99962144821716159 
1 39.485802253392634 -4.677112544127823 1 0 
1 39.485802253392634 -4.677112544127823 1 0 
1 11.35009825339263 -47.478077544127814 -0.99997326504992856 -0.0073122626720682274 
1 11.35009825339263 -47.478077544127814 -0.99997326504992856 -0.0073122626720682274 
1 10.623940253392632 -47.483387544127822 -6.830996670664785e-05 0.99999999766687431 
1 10.623940253392632 -47.483387544127822 -6.830996670664785e-05 0.99999999766687431 
1 10.623894253392635 -46.80998654412781 -1 0 
1 10.623894253392635 -46.80998654412781 -1 0 
1 10.390503253392637 -46.80998654412781 0 1 
1 10.390503253392637 -46.80998654412781 0 1 
1 10.390503253392637 -46.429828544127815 0.99997949615813964 0.0064036913818035935 
1 10.390503253392637 -46.429828544127815 0.99997949615813964 0.0064036913818035935 
1 11.553246253392643 -46.422382544127856 0.0064233260231739862 -0.99997937022860639 
1 11.553246253392643 -46.422382544127856 0.0064233260231739862 -0.99997937022860639 
1 11.55516125339264 -46.720508544127824 -0.99999998916722976 -0.00014719218884094568 
1 11.55516125339264 -46.720508544127824 -0.99999998916722976 -0.00014719218884094568 
1 11.344552253392635 -46.72053954412786 0.0073208886919586399 -0.99997320193531192 
1 11.344552253392635 -46.72053954412786 0.0073208886919586399 -0.99997320193531192 
1 -34.228690746607363 -5.293247544127837 -0.81602746064284348 0.57801313434626433 
1 -34.228690746607363 -5.293247544127837 -0.81602746064284348 0.57801313434626433 
1 -34.734648746607363 -4.9348645441278336 0.044397343867922892 0.99901395178319385 
1 -34.734648746607363 -4.9348645441278336 0.044397343867922892 0.99901395178319385 
1 -34.69248874660736 -3.9861945441278408 1 0 
1 -34.69248874660736 -3.9861945441278408 1 0 
1 -34.144362746607364 -3.9861945441278408 0 -1 
1 -34.144362746607364 -3.9861945441278408 0 -1 
1 -34.144362746607364 -4.5553935441278384 0.80000597675612151 -0.59999203090914799 
1 -34.144362746607364 -4.5553935441278384 0.80000597675612151 -0.59999203090914799 
1 -33.807055746607361 -4.8083685441278305 1 0 
1 -33.807055746607361 -4.8083685441278305 1 0 
1 -33.511916746607362 -4.8083685441278305 0 -1 
1 -33.511916746607362 -4.8083685441278305 0 -1 
1 -33.511916746607362 -5.293247544127837 -1 0 
1 -33.511916746607362 -5.293247544127837 -1 0 
1 -5.2941047466073599 -46.95061154412781 0.11550271875809488 0.99330716395256535 
1 -5.2941047466073599 -46.95061154412781 0.11550271875809488 0.99330716395256535 
1 -5.2414007466073684 -46.497364544127834 1 0 
1 -5.2414007466073684 -46.497364544127834 1 0 
1 -3.8816287466073618 -46.497364544127834 0 -1 
1 -3.8816287466073618 -46.497364544127834 0 -1 
1 -3.8816287466073618 -47.414417544127843 -1 0 
1 -3.8816287466073618 -47.414417544127843 -1 0 
1 -4.9989617466073639 -47.414417544127843 0 1 
1 -4.9989617466073639 -47.414417544127843 0 1 
1 -4.9989617466073639 -46.95061154412781 -1 0 
1 -4.9989617466073639 -46.95061154412781 -1 0 
1 6.00785125339263 -46.467121544127849 0 -1 
1 6.00785125339263 -46.467121544127849 0 -1 
1 6.00785125339263 -46.944141544127831 -1 0 
1 6.00785125339263 -46.944141544127831 -1 0 
1 5.6798942533926322 -46.944141544127831 0 -1 
1 5.6798942533926322 -46.944141544127831 0 -1 
1 5.6798942533926322 -47.436054544127842 -1 0 
1 5.6798942533926322 -47.436054544127842 -1 0 
1 4.6513142533926413 -47.436054544127842 0 1 
1 4.6513142533926413 -47.436054544127842 0 1 
1 4.6513142533926413 -46.467121544127849 1 0 
1 4.6513142533926413 -46.467121544127849 1 0 
1 39.938592253392642 -32.342274544127861 0 -1 
1 39.938592253392642 -32.342274544127861 0 -1 
1 39.938592253392642 -32.56868354412785 1 0 
1 39.938592253392642 -32.56868354412785 1 0 
1 40.549851253392632 -32.56868354412785 0 -1 
1 40.549851253392632 -32.56868354412785 0 -1 
1 40.549851253392632 -33.474232544127858 -1 0 
1 40.549851253392632 -33.474232544127858 -1 0 
1 39.893311253392639 -33.474232544127858 0 -1 
1 39.893311253392639 -33.474232544127858 0 -1 
1 39.893311253392639 -33.632709544127863 -1 0 
1 39.893311253392639 -33.632709544127863 -1 0 
1 39.474488253392636 -33.632709544127863 0 1 
1 39.474488253392636 -33.632709544127863 0 1 
1 39.474488253392636 -32.342274544127861 1 0 
1 39.474488253392636 -32.342274544127861 1 0 
1 39.938592253392642 -2.1641425441278273 0 -1 
1 39.938592253392642 -2.1641425441278273 0 -1 
1 39.938592253392642 -2.4924205441278389 1 0 
1 39.938592253392642 -2.4924205441278389 1 0 
1 40.436654253392632 -2.4924205441278389 0 -1 
1 40.436654253392632 -2.4924205441278389 0 -1 
1 40.436654253392632 -3.3979835441278397 -1 0 
1 40.436654253392632 -3.3979835441278397 -1 0 
1 40.029152253392638 -3.3979835441278397 0 -1 
1 40.029152253392638 -3.3979835441278397 0 -1 
1 40.029152253392638 -3.5904275441278344 -1 0 
1 40.029152253392638 -3.5904275441278344 -1 0 
1 39.497124253392641 -3.5904275441278344 -0.031730824683173002 0.99949645060146453 
1 39.497124253392641 -3.5904275441278344 -0.031730824683173002 0.99949645060146453 
1 39.451844253392636 -2.1641425441278273 1 0 
1 39.451844253392636 -2.1641425441278273 1 0 
1 -23.202979746607362 -4.5343055441278466 0.052558309696851185 0.99861785688110438 
1 -23.202979746607362 -4.5343055441278466 0.052558309696851185 0.99861785688110438 
1 -23.181898746607366 -4.1337625441278476 1 0 
1 -23.181898746607366 -4.1337625441278476 1 0 
1 -22.697020746607365 -4.1337625441278476 0 -1 
1 -22.697020746607365 -4.1337625441278476 0 -1 
1 -22.697020746607365 -4.8927045441278381 -0.65079105567587192 -0.7592568747481212 
1 -22.697020746607365 -4.8927045441278381 -0.65079105567587192 -0.7592568747481212 
1 -23.202979746607362 -5.4829905441278299 -1 0 
1 -23.202979746607362 -5.4829905441278299 -1 0 
1 -24.088408746607364 -5.4829905441278299 0 1 
1 -24.088408746607364 -5.4829905441278299 0 1 
1 -24.088408746607364 -4.9770245441278291 1 0 
1 -24.088408746607364 -4.9770245441278291 1 0 
1 -23.582449746607367 -4.9770245441278291 0.65078798381841407 0.75925950775578943 
1 -23.582449746607367 -4.9770245441278291 0.65078798381841407 0.75925950775578943 
1 41.387505253392632 9.8120224558721532 0 -1 
1 41.387505253392632 9.8120224558721532 0 -1 
1 41.387505253392632 9.6988174558721596 -1 0 
1 41.387505253392632 9.6988174558721596 -1 0 
1 41.047913253392636 9.6988174558721596 -0.015147485398658973 0.99988527026159235 
1 41.047913253392636 9.6988174558721596 -0.015147485398658973 0.99988527026159235 
1 41.02527725339263 11.193019455872161 1 0 
1 41.02527725339263 11.193019455872161 1 0 
1 41.998765253392634 11.193019455872161 0 -1 
1 41.998765253392634 11.193019455872161 0 -1 
1 41.998765253392634 9.8120224558721532 -1 0 
1 41.998765253392634 9.8120224558721532 -1 0 
1 39.406693253392632 1.8736834558721682 0.014814397404925574 0.9998902607934177 
1 39.406693253392632 1.8736834558721682 0.014814397404925574 0.9998902607934177 
1 39.429215253392641 3.393794455872154 1 0 
1 39.429215253392641 3.393794455872154 1 0 
1 39.893311253392639 3.393794455872154 0 -1 
1 39.893311253392639 3.393794455872154 0 -1 
1 39.893311253392639 3.1221114558721581 1 0 
1 39.893311253392639 3.1221114558721581 1 0 
1 40.47061225339263 3.1221114558721581 0 -1 
1 40.47061225339263 3.1221114558721581 0 -1 
1 40.47061225339263 2.0920364558721758 -1 0 
1 40.47061225339263 2.0920364558721758 -1 0 
1 39.949914253392635 2.0920364558721758 0 -1 
1 39.949914253392635 2.0920364558721758 0 -1 
1 39.949914253392635 1.8656424558721767 -0.99989046178365026 0.01480082545261288 
1 39.949914253392635 1.8656424558721767 -0.99989046178365026 0.01480082545261288 
1 32.978814253392642 -31.777149544127838 0 1 
1 32.978814253392642 -31.777149544127838 0 1 
1 32.978814253392642 -31.117512544127862 1 0 
1 32.978814253392642 -31.117512544127862 1 0 
1 33.28440125339263 -31.117512544127862 0 1 
1 33.28440125339263 -31.117512544127862 0 1 
1 33.28440125339263 -30.808216544127845 1 0 
1 33.28440125339263 -30.808216544127845 1 0 
1 34.022301253392641 -30.808216544127845 0 -1 
1 34.022301253392641 -30.808216544127845 0 -1 
1 34.022301253392641 -31.117512544127862 1 0 
1 34.022301253392641 -31.117512544127862 1 0 
1 34.320435253392631 -31.117512544127862 0 -1 
1 34.320435253392631 -31.117512544127862 0 -1 
1 34.320435253392631 -31.777149544127838 -1 0 
1 34.320435253392631 -31.777149544127838 -1 0 
1 34.022301253392641 -31.777149544127838 0 -1 
1 34.022301253392641 -31.777149544127838 0 -1 
1 34.022301253392641 -32.090198544127816 -1 0 
1 34.022301253392641 -32.090198544127816 -1 0 
1 33.28440125339263 -32.090198544127816 0 1 
1 33.28440125339263 -32.090198544127816 0 1 
1 33.28440125339263 -31.777149544127838 -1 0 
1 33.28440125339263 -31.777149544127838 -1 0 
1 32.978814253392642 -37.710132544127816 0 1 
1 32.978814253392642 -37.710132544127816 0 1 
1 32.978814253392642 -37.050495544127841 1 0 
1 32.978814253392642 -37.050495544127841 1 0 
1 33.28440125339263 -37.050495544127841 0 1 
1 33.28440125339263 -37.050495544127841 0 1 
1 33.28440125339263 -36.741199544127824 1 0 
1 33.28440125339263 -36.741199544127824 1 0 
1 34.022301253392641 -36.741199544127824 0 -1 
1 34.022301253392641 -36.741199544127824 0 -1 
1 34.022301253392641 -37.050495544127841 1 0 
1 34.022301253392641 -37.050495544127841 1 0 
1 34.320435253392631 -37.050495544127841 0 -1 
1 34.320435253392631 -37.050495544127841 0 -1 
1 34.320435253392631 -37.710132544127816 -1 0 
1 34.320435253392631 -37.710132544127816 -1 0 
1 34.022301253392641 -37.710132544127816 0 -1 
1 34.022301253392641 -37.710132544127816 0 -1 
1 34.022301253392641 -38.023182544127849 -1 0 
1 34.022301253392641 -38.023182544127849 -1 0 
1 33.28440125339263 -38.023182544127849 0 1 
1 33.28440125339263 -38.023182544127849 0 1 
1 33.28440125339263 -37.710132544127816 -1 0 
1 33.28440125339263 -37.710132544127816 -1 0 
1 32.919182253392634 -25.754719544127852 0 1 
1 32.919182253392634 -25.754719544127852 0 1 
1 32.919182253392634 -25.095112544127858 1 0 
1 32.919182253392634 -25.095112544127858 1 0 
1 33.224778253392643 -25.095112544127858 0 1 
1 33.224778253392643 -25.095112544127858 0 1 
1 33.224778253392643 -24.785785544127862 1 0 
1 33.224778253392643 -24.785785544127862 1 0 
1 33.962670253392631 -24.785785544127862 0 -1 
1 33.962670253392631 -24.785785544127862 0 -1 
1 33.962670253392631 -25.095112544127858 1 0 
1 33.962670253392631 -25.095112544127858 1 0 
1 34.260811253392632 -25.095112544127858 0 -1 
1 34.260811253392632 -25.095112544127858 0 -1 
1 34.260811253392632 -25.754719544127852 -1 0 
1 34.260811253392632 -25.754719544127852 -1 0 
1 33.962670253392631 -25.754719544127852 0 -1 
1 33.962670253392631 -25.754719544127852 0 -1 
1 33.962670253392631 -26.06776854412783 -1 0 
1 33.962670253392631 -26.06776854412783 -1 0 
1 33.224778253392643 -26.06776854412783 0 1 
1 33.224778253392643 -26.06776854412783 0 1 
1 33.224778253392643 -25.754719544127852 -1 0 
1 33.224778253392643 -25.754719544127852 -1 0 
1 -13.262671746607367 -2.0675245441278207 -1 0 
1 -13.262671746607367 -2.0675245441278207 -1 0 
1 -14.000571746607363 -2.0675245441278207 0 1 
1 -14.000571746607363 -2.0675245441278207 0 1 
1 -14.000571746607363 -1.7544745441278451 -1 0 
1 -14.000571746607363 -1.7544745441278451 -1 0 
1 -14.306158746607366 -1.7544745441278451 0 1 
1 -14.306158746607366 -1.7544745441278451 0 1 
1 -14.306158746607366 -1.0948525441278321 1 0 
1 -14.306158746607366 -1.0948525441278321 1 0 
1 -14.000571746607363 -1.0948525441278321 0 1 
1 -14.000571746607363 -1.0948525441278321 0 1 
1 -14.000571746607363 -0.7855265441278334 1 0 
1 -14.000571746607363 -0.7855265441278334 1 0 
1 -13.262671746607367 -0.7855265441278334 0 -1 
1 -13.262671746607367 -0.7855265441278334 0 -1 
1 -13.262671746607367 -1.0948525441278321 1 0 
1 -13.262671746607367 -1.0948525441278321 1 0 
1 -12.964537746607363 -1.0948525441278321 0 -1 
1 -12.964537746607363 -1.0948525441278321 0 -1 
1 -12.964537746607363 -1.7544745441278451 -1 0 
1 -12.964537746607363 -1.7544745441278451 -1 0 
1 -13.262671746607367 -1.7544745441278451 0 -1 
1 -13.262671746607367 -1.7544745441278451 0 -1 
1 14.702836253392633 -0.72589554412783741 0 -1 
1 14.702836253392633 -0.72589554412783741 0 -1 
1 14.702836253392633 -1.0352215441278361 1 0 
1 14.702836253392633 -1.0352215441278361 1 0 
1 15.000977253392634 -1.0352215441278361 0 -1 
1 15.000977253392634 -1.0352215441278361 0 -1 
1 15.000977253392634 -1.6948585441278397 -1 0 
1 15.000977253392634 -1.6948585441278397 -1 0 
1 14.702836253392633 -1.6948585441278397 0 -1 
1 14.702836253392633 -1.6948585441278397 0 -1 
1 14.702836253392633 -2.0078925441278273 -1 0 
1 14.702836253392633 -2.0078925441278273 -1 0 
1 13.964943253392633 -2.0078925441278273 0 1 
1 13.964943253392633 -2.0078925441278273 0 1 
1 13.964943253392633 -1.6948585441278397 -1 0 
1 13.964943253392633 -1.6948585441278397 -1 0 
1 13.659348253392636 -1.6948585441278397 0 1 
1 13.659348253392636 -1.6948585441278397 0 1 
1 13.659348253392636 -1.0352215441278361 1 0 
1 13.659348253392636 -1.0352215441278361 1 0 
1 13.964943253392633 -1.0352215441278361 0 1 
1 13.964943253392633 -1.0352215441278361 0 1 
1 13.964943253392633 -0.72589554412783741 1 0 
1 13.964943253392633 -0.72589554412783741 1 0 
1 4.6033562533926329 -1.214100544127831 0 1 
1 4.6033562533926329 -1.214100544127831 0 1 
1 4.6033562533926329 -0.90478954412782286 1 0 
1 4.6033562533926329 -0.90478954412782286 1 0 
1 5.3412482533926351 -0.90478954412782286 0 -1 
1 5.3412482533926351 -0.90478954412782286 0 -1 
1 5.3412482533926351 -1.214100544127831 1 0 
1 5.3412482533926351 -1.214100544127831 1 0 
1 5.6393902533926337 -1.214100544127831 0 -1 
1 5.6393902533926337 -1.214100544127831 0 -1 
1 5.6393902533926337 -1.8737375441278346 -1 0 
1 5.6393902533926337 -1.8737375441278346 -1 0 
1 5.3412482533926351 -1.8737375441278346 0 -1 
1 5.3412482533926351 -1.8737375441278346 0 -1 
1 5.3412482533926351 -2.1867865441278411 -1 0 
1 5.3412482533926351 -2.1867865441278411 -1 0 
1 4.6033562533926329 -2.1867865441278411 0 1 
1 4.6033562533926329 -2.1867865441278411 0 1 
1 4.6033562533926329 -1.8737375441278346 -1 0 
1 4.6033562533926329 -1.8737375441278346 -1 0 
1 4.2977612533926361 -1.8737375441278346 0 1 
1 4.2977612533926361 -1.8737375441278346 0 1 
1 4.2977612533926361 -1.214100544127831 1 0 
1 4.2977612533926361 -1.214100544127831 1 0 
1 -1.9035487466073704 -1.214100544127831 1 0 
1 -1.9035487466073704 -1.214100544127831 1 0 
1 -1.597952746607362 -1.214100544127831 0 1 
1 -1.597952746607362 -1.214100544127831 0 1 
1 -1.597952746607362 -0.90478954412782286 1 0 
1 -1.597952746607362 -0.90478954412782286 1 0 
1 -0.86006074660735976 -0.90478954412782286 0 -1 
1 -0.86006074660735976 -0.90478954412782286 0 -1 
1 -0.86006074660735976 -1.214100544127831 1 0 
1 -0.86006074660735976 -1.214100544127831 1 0 
1 -0.56191974660735866 -1.214100544127831 0 -1 
1 -0.56191974660735866 -1.214100544127831 0 -1 
1 -0.56191974660735866 -1.8737375441278346 -1 0 
1 -0.56191974660735866 -1.8737375441278346 -1 0 
1 -0.86006074660735976 -1.8737375441278346 0 -1 
1 -0.86006074660735976 -1.8737375441278346 0 -1 
1 -0.86006074660735976 -2.1867865441278411 -1 0 
1 -0.86006074660735976 -2.1867865441278411 -1 0 
1 -1.597952746607362 -2.1867865441278411 0 1 
1 -1.597952746607362 -2.1867865441278411 0 1 
1 -1.597952746607362 -1.8737375441278346 -1 0 
1 -1.597952746607362 -1.8737375441278346 -1 0 
1 -1.9035487466073704 -1.8737375441278346 0 1 
1 -1.9035487466073704 -1.8737375441278346 0 1 
1 2.1213382533926364 -2.1867865441278411 -1 0 
1 2.1213382533926364 -2.1867865441278411 -1 0 
1 1.3834462533926342 -2.1867865441278411 0 1 
1 1.3834462533926342 -2.1867865441278411 0 1 
1 1.3834462533926342 -1.8737375441278346 -1 0 
1 1.3834462533926342 -1.8737375441278346 -1 0 
1 1.0778512533926374 -1.8737375441278346 0 1 
1 1.0778512533926374 -1.8737375441278346 0 1 
1 1.0778512533926374 -1.214100544127831 1 0 
1 1.0778512533926374 -1.214100544127831 1 0 
1 1.3834462533926342 -1.214100544127831 0 1 
1 1.3834462533926342 -1.214100544127831 0 1 
1 1.3834462533926342 -0.90478954412782286 1 0 
1 1.3834462533926342 -0.90478954412782286 1 0 
1 2.1213382533926364 -0.90478954412782286 0 -1 
1 2.1213382533926364 -0.90478954412782286 0 -1 
1 2.1213382533926364 -1.214100544127831 1 0 
1 2.1213382533926364 -1.214100544127831 1 0 
1 2.4194802533926349 -1.214100544127831 0 -1 
1 2.4194802533926349 -1.214100544127831 0 -1 
1 2.4194802533926349 -1.8737375441278346 -1 0 
1 2.4194802533926349 -1.8737375441278346 -1 0 
1 2.1213382533926364 -1.8737375441278346 0 -1 
1 2.1213382533926364 -1.8737375441278346 0 -1 
1 34.08192525339264 -5.0936475441278333 -1 0 
1 34.08192525339264 -5.0936475441278333 -1 0 
1 33.783783253392642 -5.0936475441278333 0 -1 
1 33.783783253392642 -5.0936475441278333 0 -1 
1 33.783783253392642 -5.4066965441278398 -1 0 
1 33.783783253392642 -5.4066965441278398 -1 0 
1 33.045891253392639 -5.4066965441278398 0 1 
1 33.045891253392639 -5.4066965441278398 0 1 
1 33.045891253392639 -5.0936475441278333 -1 0 
1 33.045891253392639 -5.0936475441278333 -1 0 
1 32.740296253392643 -5.0936475441278333 0 1 
1 32.740296253392643 -5.0936475441278333 0 1 
1 32.740296253392643 -4.4340095441278322 1 0 
1 32.740296253392643 -4.4340095441278322 1 0 
1 33.045891253392639 -4.4340095441278322 0 1 
1 33.045891253392639 -4.4340095441278322 0 1 
1 33.045891253392639 -4.1246985441278241 1 0 
1 33.045891253392639 -4.1246985441278241 1 0 
1 33.783783253392642 -4.1246985441278241 0 -1 
1 33.783783253392642 -4.1246985441278241 0 -1 
1 33.783783253392642 -4.4340095441278322 1 0 
1 33.783783253392642 -4.4340095441278322 1 0 
1 34.08192525339264 -4.4340095441278322 0 -1 
1 34.08192525339264 -4.4340095441278322 0 -1 
1 30.325364253392635 -1.5159645441278258 -1 0 
1 30.325364253392635 -1.5159645441278258 -1 0 
1 30.027222253392637 -1.5159645441278258 0 -1 
1 30.027222253392637 -1.5159645441278258 0 -1 
1 30.027222253392637 -1.8290145441278298 -1 0 
1 30.027222253392637 -1.8290145441278298 -1 0 
1 29.289330253392635 -1.8290145441278298 0 1 
1 29.289330253392635 -1.8290145441278298 0 1 
1 29.289330253392635 -1.5159645441278258 -1 0 
1 29.289330253392635 -1.5159645441278258 -1 0 
1 28.983735253392638 -1.5159645441278258 0 1 
1 28.983735253392638 -1.5159645441278258 0 1 
1 28.983735253392638 -0.85634254412784117 1 0 
1 28.983735253392638 -0.85634254412784117 1 0 
1 29.289330253392635 -0.85634254412784117 0 1 
1 29.289330253392635 -0.85634254412784117 0 1 
1 29.289330253392635 -0.54701654412784251 1 0 
1 29.289330253392635 -0.54701654412784251 1 0 
1 30.027222253392637 -0.54701654412784251 0 -1 
1 30.027222253392637 -0.54701654412784251 0 -1 
1 30.027222253392637 -0.85634254412784117 1 0 
1 30.027222253392637 -0.85634254412784117 1 0 
1 30.325364253392635 -0.85634254412784117 0 -1 
1 30.325364253392635 -0.85634254412784117 0 -1 
1 16.64074825339263 -0.91595854412784661 1 0 
1 16.64074825339263 -0.91595854412784661 1 0 
1 16.946343253392641 -0.91595854412784661 0 1 
1 16.946343253392641 -0.91595854412784661 0 1 
1 16.946343253392641 -0.6066475441278385 1 0 
1 16.946343253392641 -0.6066475441278385 1 0 
1 17.684235253392643 -0.6066475441278385 0 -1 
1 17.684235253392643 -0.6066475441278385 0 -1 
1 17.684235253392643 -0.91595854412784661 1 0 
1 17.684235253392643 -0.91595854412784661 1 0 
1 17.982377253392642 -0.91595854412784661 0 -1 
1 17.982377253392642 -0.91595854412784661 0 -1 
1 17.982377253392642 -1.5755965441278477 -1 0 
1 17.982377253392642 -1.5755965441278477 -1 0 
1 17.684235253392643 -1.5755965441278477 0 -1 
1 17.684235253392643 -1.5755965441278477 0 -1 
1 17.684235253392643 -1.8886455441278258 -1 0 
1 17.684235253392643 -1.8886455441278258 -1 0 
1 16.946343253392641 -1.8886455441278258 0 1 
1 16.946343253392641 -1.8886455441278258 0 1 
1 16.946343253392641 -1.5755965441278477 -1 0 
1 16.946343253392641 -1.5755965441278477 -1 0 
1 16.64074825339263 -1.5755965441278477 0 1 
1 16.64074825339263 -1.5755965441278477 0 1 
1 34.290627253392643 -13.829136544127834 -1 0 
1 34.290627253392643 -13.829136544127834 -1 0 
1 33.992486253392642 -13.829136544127834 0 -1 
1 33.992486253392642 -13.829136544127834 0 -1 
1 33.992486253392642 -14.142185544127841 -1 0 
1 33.992486253392642 -14.142185544127841 -1 0 
1 33.254593253392642 -14.142185544127841 0 1 
1 33.254593253392642 -14.142185544127841 0 1 
1 33.254593253392642 -13.829136544127834 -1 0 
1 33.254593253392642 -13.829136544127834 -1 0 
1 32.948998253392631 -13.829136544127834 0 1 
1 32.948998253392631 -13.829136544127834 0 1 
1 32.948998253392631 -13.169513544127824 1 0 
1 32.948998253392631 -13.169513544127824 1 0 
1 33.254593253392642 -13.169513544127824 0 1 
1 33.254593253392642 -13.169513544127824 0 1 
1 33.254593253392642 -12.860187544127825 1 0 
1 33.254593253392642 -12.860187544127825 1 0 
1 33.992486253392642 -12.860187544127825 0 -1 
1 33.992486253392642 -12.860187544127825 0 -1 
1 33.992486253392642 -13.169513544127824 1 0 
1 33.992486253392642 -13.169513544127824 1 0 
1 34.290627253392643 -13.169513544127824 0 -1 
1 34.290627253392643 -13.169513544127824 0 -1 
1 -10.221648746607357 -0.8451575441278294 0 -1 
1 -10.221648746607357 -0.8451575441278294 0 -1 
1 -10.221648746607357 -1.1544685441278375 1 0 
1 -10.221648746607357 -1.1544685441278375 1 0 
1 -9.9235067466073588 -1.1544685441278375 0 -1 
1 -9.9235067466073588 -1.1544685441278375 0 -1 
1 -9.9235067466073588 -1.8141065441278386 -1 0 
1 -9.9235067466073588 -1.8141065441278386 -1 0 
1 -10.221648746607357 -1.8141065441278386 0 -1 
1 -10.221648746607357 -1.8141065441278386 0 -1 
1 -10.221648746607357 -2.1271555441278451 -1 0 
1 -10.221648746607357 -2.1271555441278451 -1 0 
1 -10.95954074660736 -2.1271555441278451 0 1 
1 -10.95954074660736 -2.1271555441278451 0 1 
1 -10.95954074660736 -1.8141065441278386 -1 0 
1 -10.95954074660736 -1.8141065441278386 -1 0 
1 -11.265135746607356 -1.8141065441278386 0 1 
1 -11.265135746607356 -1.8141065441278386 0 1 
1 -11.265135746607356 -1.1544685441278375 1 0 
1 -11.265135746607356 -1.1544685441278375 1 0 
1 -10.95954074660736 -1.1544685441278375 0 1 
1 -10.95954074660736 -1.1544685441278375 0 1 
1 -10.95954074660736 -0.8451575441278294 1 0 
1 -10.95954074660736 -0.8451575441278294 1 0 
1 -19.523611746607365 -1.0948525441278321 1 0 
1 -19.523611746607365 -1.0948525441278321 1 0 
1 -19.225470746607364 -1.0948525441278321 0 -1 
1 -19.225470746607364 -1.0948525441278321 0 -1 
1 -19.225470746607364 -1.7544745441278451 -1 0 
1 -19.225470746607364 -1.7544745441278451 -1 0 
1 -19.523611746607365 -1.7544745441278451 0 -1 
1 -19.523611746607365 -1.7544745441278451 0 -1 
1 -19.523611746607365 -2.0675245441278207 -1 0 
1 -19.523611746607365 -2.0675245441278207 -1 0 
1 -20.261504746607365 -2.0675245441278207 0 1 
1 -20.261504746607365 -2.0675245441278207 0 1 
1 -20.261504746607365 -1.7544745441278451 -1 0 
1 -20.261504746607365 -1.7544745441278451 -1 0 
1 -20.567099746607362 -1.7544745441278451 0 1 
1 -20.567099746607362 -1.7544745441278451 0 1 
1 -20.567099746607362 -1.0948525441278321 1 0 
1 -20.567099746607362 -1.0948525441278321 1 0 
1 -20.261504746607365 -1.0948525441278321 0 1 
1 -20.261504746607365 -1.0948525441278321 0 1 
1 -20.261504746607365 -0.7855265441278334 1 0 
1 -20.261504746607365 -0.7855265441278334 1 0 
1 -19.523611746607365 -0.7855265441278334 0 -1 
1 -19.523611746607365 -0.7855265441278334 0 -1 
1 -38.331389746607364 -0.746799544127839 1 0 
1 -38.331389746607364 -0.746799544127839 1 0 
1 -38.02579774660736 -0.746799544127839 0 1 
1 -38.02579774660736 -0.746799544127839 0 1 
1 -38.02579774660736 -0.43747354412784034 1 0 
1 -38.02579774660736 -0.43747354412784034 1 0 
1 -37.287901746607361 -0.43747354412784034 0 -1 
1 -37.287901746607361 -0.43747354412784034 0 -1 
1 -37.287901746607361 -0.746799544127839 1 0 
1 -37.287901746607361 -0.746799544127839 1 0 
1 -36.989760746607367 -0.746799544127839 0 -1 
1 -36.989760746607367 -0.746799544127839 0 -1 
1 -36.989760746607367 -1.4064215441278236 -1 0 
1 -36.989760746607367 -1.4064215441278236 -1 0 
1 -37.287901746607361 -1.4064215441278236 0 -1 
1 -37.287901746607361 -1.4064215441278236 0 -1 
1 -37.287901746607361 -1.7194715441278277 -1 0 
1 -37.287901746607361 -1.7194715441278277 -1 0 
1 -38.02579774660736 -1.7194715441278277 0 1 
1 -38.02579774660736 -1.7194715441278277 0 1 
1 -38.02579774660736 -1.4064215441278236 -1 0 
1 -38.02579774660736 -1.4064215441278236 -1 0 
1 -38.331389746607364 -1.4064215441278236 0 1 
1 -38.331389746607364 -1.4064215441278236 0 1 
1 -41.746619746607365 -0.746799544127839 1 0 
1 -41.746619746607365 -0.746799544127839 1 0 
1 -41.441027746607361 -0.746799544127839 0 1 
1 -41.441027746607361 -0.746799544127839 0 1 
1 -41.441027746607361 -0.43747354412784034 1 0 
1 -41.441027746607361 -0.43747354412784034 1 0 
1 -40.703131746607362 -0.43747354412784034 0 -1 
1 -40.703131746607362 -0.43747354412784034 0 -1 
1 -40.703131746607362 -0.746799544127839 1 0 
1 -40.703131746607362 -0.746799544127839 1 0 
1 -40.404990746607361 -0.746799544127839 0 -1 
1 -40.404990746607361 -0.746799544127839 0 -1 
1 -40.404990746607361 -1.4064215441278236 -1 0 
1 -40.404990746607361 -1.4064215441278236 -1 0 
1 -40.703131746607362 -1.4064215441278236 0 -1 
1 -40.703131746607362 -1.4064215441278236 0 -1 
1 -40.703131746607362 -1.7194715441278277 -1 0 
1 -40.703131746607362 -1.7194715441278277 -1 0 
1 -41.441027746607361 -1.7194715441278277 0 1 
1 -41.441027746607361 -1.7194715441278277 0 1 
1 -41.441027746607361 -1.4064215441278236 -1 0 
1 -41.441027746607361 -1.4064215441278236 -1 0 
1 -41.746619746607365 -1.4064215441278236 0 1 
1 -41.746619746607365 -1.4064215441278236 0 1 
1 -44.097315746607364 -7.4779555441278376 -1 0 
1 -44.097315746607364 -7.4779555441278376 -1 0 
1 -44.402911746607366 -7.4779555441278376 0 1 
1 -44.402911746607366 -7.4779555441278376 0 1 
1 -44.402911746607366 -6.8183175441278365 1 0 
1 -44.402911746607366 -6.8183175441278365 1 0 
1 -44.097315746607364 -6.8183175441278365 0 1 
1 -44.097315746607364 -6.8183175441278365 0 1 
1 -44.097315746607364 -6.5089915441278379 1 0 
1 -44.097315746607364 -6.5089915441278379 1 0 
1 -43.359419746607365 -6.5089915441278379 0 -1 
1 -43.359419746607365 -6.5089915441278379 0 -1 
1 -43.359419746607365 -6.8183175441278365 1 0 
1 -43.359419746607365 -6.8183175441278365 1 0 
1 -43.061282746607361 -6.8183175441278365 0 -1 
1 -43.061282746607361 -6.8183175441278365 0 -1 
1 -43.061282746607361 -7.4779555441278376 -1 0 
1 -43.061282746607361 -7.4779555441278376 -1 0 
1 -43.359419746607365 -7.4779555441278376 0 -1 
1 -43.359419746607365 -7.4779555441278376 0 -1 
1 -43.359419746607365 -7.7909895441278252 -1 0 
1 -43.359419746607365 -7.7909895441278252 -1 0 
1 -44.097315746607364 -7.7909895441278252 0 1 
1 -44.097315746607364 -7.7909895441278252 0 1 
1 -43.528075746607364 -4.6530035441278415 0 -1 
1 -43.528075746607364 -4.6530035441278415 0 -1 
1 -43.528075746607364 -4.9660535441278455 -1 0 
1 -43.528075746607364 -4.9660535441278455 -1 0 
1 -44.265971746607363 -4.9660535441278455 0 1 
1 -44.265971746607363 -4.9660535441278455 0 1 
1 -44.265971746607363 -4.6530035441278415 -1 0 
1 -44.265971746607363 -4.6530035441278415 -1 0 
1 -44.571562746607363 -4.6530035441278415 0 1 
1 -44.571562746607363 -4.6530035441278415 0 1 
1 -44.571562746607363 -3.9933665441278379 1 0 
1 -44.571562746607363 -3.9933665441278379 1 0 
1 -44.265971746607363 -3.9933665441278379 0 1 
1 -44.265971746607363 -3.9933665441278379 0 1 
1 -44.265971746607363 -3.6840555441278298 1 0 
1 -44.265971746607363 -3.6840555441278298 1 0 
1 -43.528075746607364 -3.6840555441278298 0 -1 
1 -43.528075746607364 -3.6840555441278298 0 -1 
1 -43.528075746607364 -3.9933665441278379 1 0 
1 -43.528075746607364 -3.9933665441278379 1 0 
1 -43.229933746607365 -3.9933665441278379 0 -1 
1 -43.229933746607365 -3.9933665441278379 0 -1 
1 -43.229933746607365 -4.6530035441278415 -1 0 
1 -43.229933746607365 -4.6530035441278415 -1 0 
1 -42.934790746607362 -10.345051544127841 -1 0 
1 -42.934790746607362 -10.345051544127841 -1 0 
1 -43.232932746607361 -10.345051544127841 0 -1 
1 -43.232932746607361 -10.345051544127841 0 -1 
1 -43.232932746607361 -10.658100544127848 -1 0 
1 -43.232932746607361 -10.658100544127848 -1 0 
1 -43.970824746607363 -10.658100544127848 0 1 
1 -43.970824746607363 -10.658100544127848 0 1 
1 -43.970824746607363 -10.345051544127841 -1 0 
1 -43.970824746607363 -10.345051544127841 -1 0 
1 -44.276419746607367 -10.345051544127841 0 1 
1 -44.276419746607367 -10.345051544127841 0 1 
1 -44.276419746607367 -9.6854285441278307 1 0 
1 -44.276419746607367 -9.6854285441278307 1 0 
1 -43.970824746607363 -9.6854285441278307 0 1 
1 -43.970824746607363 -9.6854285441278307 0 1 
1 -43.970824746607363 -9.3761025441278321 1 0 
1 -43.970824746607363 -9.3761025441278321 1 0 
1 -43.232932746607361 -9.3761025441278321 0 -1 
1 -43.232932746607361 -9.3761025441278321 0 -1 
1 -43.232932746607361 -9.6854285441278307 1 0 
1 -43.232932746607361 -9.6854285441278307 1 0 
1 -42.934790746607362 -9.6854285441278307 0 -1 
1 -42.934790746607362 -9.6854285441278307 0 -1 
1 -44.107767746607365 -15.293140544127823 1 0 
1 -44.107767746607365 -15.293140544127823 1 0 
1 -43.802172746607361 -15.293140544127823 0 1 
1 -43.802172746607361 -15.293140544127823 0 1 
1 -43.802172746607361 -14.983829544127843 1 0 
1 -43.802172746607361 -14.983829544127843 1 0 
1 -43.064276746607362 -14.983829544127843 0 -1 
1 -43.064276746607362 -14.983829544127843 0 -1 
1 -43.064276746607362 -15.293140544127823 1 0 
1 -43.064276746607362 -15.293140544127823 1 0 
1 -42.766138746607361 -15.293140544127823 0 -1 
1 -42.766138746607361 -15.293140544127823 0 -1 
1 -42.766138746607361 -15.952778544127824 -1 0 
1 -42.766138746607361 -15.952778544127824 -1 0 
1 -43.064276746607362 -15.952778544127824 0 -1 
1 -43.064276746607362 -15.952778544127824 0 -1 
1 -43.064276746607362 -16.265827544127831 -1 0 
1 -43.064276746607362 -16.265827544127831 -1 0 
1 -43.802172746607361 -16.265827544127831 0 1 
1 -43.802172746607361 -16.265827544127831 0 1 
1 -43.802172746607361 -15.952778544127824 -1 0 
1 -43.802172746607361 -15.952778544127824 -1 0 
1 -44.107767746607365 -15.952778544127824 0 1 
1 -44.107767746607365 -15.952778544127824 0 1 
1 -44.571562746607363 -1.4064215441278236 0 1 
1 -44.571562746607363 -1.4064215441278236 0 1 
1 -44.571562746607363 -0.746799544127839 1 0 
1 -44.571562746607363 -0.746799544127839 1 0 
1 -44.265971746607363 -0.746799544127839 0 1 
1 -44.265971746607363 -0.746799544127839 0 1 
1 -44.265971746607363 -0.43747354412784034 1 0 
1 -44.265971746607363 -0.43747354412784034 1 0 
1 -43.528075746607364 -0.43747354412784034 0 -1 
1 -43.528075746607364 -0.43747354412784034 0 -1 
1 -43.528075746607364 -0.746799544127839 1 0 
1 -43.528075746607364 -0.746799544127839 1 0 
1 -43.229933746607365 -0.746799544127839 0 -1 
1 -43.229933746607365 -0.746799544127839 0 -1 
1 -43.229933746607365 -1.4064215441278236 -1 0 
1 -43.229933746607365 -1.4064215441278236 -1 0 
1 -43.528075746607364 -1.4064215441278236 0 -1 
1 -43.528075746607364 -1.4064215441278236 0 -1 
1 -43.528075746607364 -1.7194715441278277 -1 0 
1 -43.528075746607364 -1.7194715441278277 -1 0 
1 -44.265971746607363 -1.7194715441278277 0 1 
1 -44.265971746607363 -1.7194715441278277 0 1 
1 -44.265971746607363 -1.4064215441278236 -1 0 
1 -44.265971746607363 -1.4064215441278236 -1 0 
1 -16.422957746607366 -2.0675245441278207 -1 0 
1 -16.422957746607366 -2.0675245441278207 -1 0 
1 -17.160849746607362 -2.0675245441278207 0 1 
1 -17.160849746607362 -2.0675245441278207 0 1 
1 -17.160849746607362 -1.7544745441278451 -1 0 
1 -17.160849746607362 -1.7544745441278451 -1 0 
1 -17.466444746607365 -1.7544745441278451 0 1 
1 -17.466444746607365 -1.7544745441278451 0 1 
1 -17.466444746607365 -1.0948525441278321 1 0 
1 -17.466444746607365 -1.0948525441278321 1 0 
1 -17.160849746607362 -1.0948525441278321 0 1 
1 -17.160849746607362 -1.0948525441278321 0 1 
1 -17.160849746607362 -0.7855265441278334 1 0 
1 -17.160849746607362 -0.7855265441278334 1 0 
1 -16.422957746607366 -0.7855265441278334 0 -1 
1 -16.422957746607366 -0.7855265441278334 0 -1 
1 -16.422957746607366 -1.0948525441278321 1 0 
1 -16.422957746607366 -1.0948525441278321 1 0 
1 -16.124815746607361 -1.0948525441278321 0 -1 
1 -16.124815746607361 -1.0948525441278321 0 -1 
1 -16.124815746607361 -1.7544745441278451 -1 0 
1 -16.124815746607361 -1.7544745441278451 -1 0 
1 -16.422957746607366 -1.7544745441278451 0 -1 
1 -16.422957746607366 -1.7544745441278451 0 -1 
1 -7.1209937466073683 -2.1271555441278451 -1 0 
1 -7.1209937466073683 -2.1271555441278451 -1 0 
1 -7.8588857466073563 -2.1271555441278451 0 1 
1 -7.8588857466073563 -2.1271555441278451 0 1 
1 -7.8588857466073563 -1.8141065441278386 -1 0 
1 -7.8588857466073563 -1.8141065441278386 -1 0 
1 -8.1644817466073647 -1.8141065441278386 0 1 
1 -8.1644817466073647 -1.8141065441278386 0 1 
1 -8.1644817466073647 -1.1544685441278375 1 0 
1 -8.1644817466073647 -1.1544685441278375 1 0 
1 -7.8588857466073563 -1.1544685441278375 0 1 
1 -7.8588857466073563 -1.1544685441278375 0 1 
1 -7.8588857466073563 -0.8451575441278294 1 0 
1 -7.8588857466073563 -0.8451575441278294 1 0 
1 -7.1209937466073683 -0.8451575441278294 0 -1 
1 -7.1209937466073683 -0.8451575441278294 0 -1 
1 -7.1209937466073683 -1.1544685441278375 1 0 
1 -7.1209937466073683 -1.1544685441278375 1 0 
1 -6.8228527466073672 -1.1544685441278375 0 -1 
1 -6.8228527466073672 -1.1544685441278375 0 -1 
1 -6.8228527466073672 -1.8141065441278386 -1 0 
1 -6.8228527466073672 -1.8141065441278386 -1 0 
1 -7.1209937466073683 -1.8141065441278386 0 -1 
1 -7.1209937466073683 -1.8141065441278386 0 -1 
1 -3.9010837466073696 -2.1271555441278451 -1 0 
1 -3.9010837466073696 -2.1271555441278451 -1 0 
1 -4.6389767466073693 -2.1271555441278451 0 1 
1 -4.6389767466073693 -2.1271555441278451 0 1 
1 -4.6389767466073693 -1.8141065441278386 -1 0 
1 -4.6389767466073693 -1.8141065441278386 -1 0 
1 -4.944571746607366 -1.8141065441278386 0 1 
1 -4.944571746607366 -1.8141065441278386 0 1 
1 -4.944571746607366 -1.1544685441278375 1 0 
1 -4.944571746607366 -1.1544685441278375 1 0 
1 -4.6389767466073693 -1.1544685441278375 0 1 
1 -4.6389767466073693 -1.1544685441278375 0 1 
1 -4.6389767466073693 -0.8451575441278294 1 0 
1 -4.6389767466073693 -0.8451575441278294 1 0 
1 -3.9010837466073696 -0.8451575441278294 0 -1 
1 -3.9010837466073696 -0.8451575441278294 0 -1 
1 -3.9010837466073696 -1.1544685441278375 1 0 
1 -3.9010837466073696 -1.1544685441278375 1 0 
1 -3.6029427466073685 -1.1544685441278375 0 -1 
1 -3.6029427466073685 -1.1544685441278375 0 -1 
1 -3.6029427466073685 -1.8141065441278386 -1 0 
1 -3.6029427466073685 -1.8141065441278386 -1 0 
1 -3.9010837466073696 -1.8141065441278386 0 -1 
1 -3.9010837466073696 -1.8141065441278386 0 -1 
1 8.4419032533926384 -2.1271555441278451 -1 0 
1 8.4419032533926384 -2.1271555441278451 -1 0 
1 7.7040112533926361 -2.1271555441278451 0 1 
1 7.7040112533926361 -2.1271555441278451 0 1 
1 7.7040112533926361 -1.8141065441278386 -1 0 
1 7.7040112533926361 -1.8141065441278386 -1 0 
1 7.3984152533926419 -1.8141065441278386 0 1 
1 7.3984152533926419 -1.8141065441278386 0 1 
1 7.3984152533926419 -1.1544685441278375 1 0 
1 7.3984152533926419 -1.1544685441278375 1 0 
1 7.7040112533926361 -1.1544685441278375 0 1 
1 7.7040112533926361 -1.1544685441278375 0 1 
1 7.7040112533926361 -0.8451575441278294 1 0 
1 7.7040112533926361 -0.8451575441278294 1 0 
1 8.4419032533926384 -0.8451575441278294 0 -1 
1 8.4419032533926384 -0.8451575441278294 0 -1 
1 8.4419032533926384 -1.1544685441278375 1 0 
1 8.4419032533926384 -1.1544685441278375 1 0 
1 8.7400442533926395 -1.1544685441278375 0 -1 
1 8.7400442533926395 -1.1544685441278375 0 -1 
1 8.7400442533926395 -1.8141065441278386 -1 0 
1 8.7400442533926395 -1.8141065441278386 -1 0 
1 8.4419032533926384 -1.8141065441278386 0 -1 
1 8.4419032533926384 -1.8141065441278386 0 -1 
1 32.859551253392638 -16.899982544127823 0 1 
1 32.859551253392638 -16.899982544127823 0 1 
1 32.859551253392638 -16.240345544127848 1 0 
1 32.859551253392638 -16.240345544127848 1 0 
1 33.165146253392635 -16.240345544127848 0 1 
1 33.165146253392635 -16.240345544127848 0 1 
1 33.165146253392635 -15.93103454412784 1 0 
1 33.165146253392635 -15.93103454412784 1 0 
1 33.903039253392635 -15.93103454412784 0 -1 
1 33.903039253392635 -15.93103454412784 0 -1 
1 33.903039253392635 -16.240345544127848 1 0 
1 33.903039253392635 -16.240345544127848 1 0 
1 34.201180253392636 -16.240345544127848 0 -1 
1 34.201180253392636 -16.240345544127848 0 -1 
1 34.201180253392636 -16.899982544127823 -1 0 
1 34.201180253392636 -16.899982544127823 -1 0 
1 33.903039253392635 -16.899982544127823 0 -1 
1 33.903039253392635 -16.899982544127823 0 -1 
1 33.903039253392635 -17.213032544127827 -1 0 
1 33.903039253392635 -17.213032544127827 -1 0 
1 33.165146253392635 -17.213032544127827 0 1 
1 33.165146253392635 -17.213032544127827 0 1 
1 33.165146253392635 -16.899982544127823 -1 0 
1 33.165146253392635 -16.899982544127823 -1 0 
1 32.740296253392643 -10.966999544127845 0 1 
1 32.740296253392643 -10.966999544127845 0 1 
1 32.740296253392643 -10.307361544127843 1 0 
1 32.740296253392643 -10.307361544127843 1 0 
1 33.045891253392639 -10.307361544127843 0 1 
1 33.045891253392639 -10.307361544127843 0 1 
1 33.045891253392639 -9.9980505441278353 1 0 
1 33.045891253392639 -9.9980505441278353 1 0 
1 33.783783253392642 -9.9980505441278353 0 -1 
1 33.783783253392642 -9.9980505441278353 0 -1 
1 33.783783253392642 -10.307361544127843 1 0 
1 33.783783253392642 -10.307361544127843 1 0 
1 34.08192525339264 -10.307361544127843 0 -1 
1 34.08192525339264 -10.307361544127843 0 -1 
1 34.08192525339264 -10.966999544127845 -1 0 
1 34.08192525339264 -10.966999544127845 -1 0 
1 33.783783253392642 -10.966999544127845 0 -1 
1 33.783783253392642 -10.966999544127845 0 -1 
1 33.783783253392642 -11.280048544127823 -1 0 
1 33.783783253392642 -11.280048544127823 -1 0 
1 33.045891253392639 -11.280048544127823 0 1 
1 33.045891253392639 -11.280048544127823 0 1 
1 33.045891253392639 -10.966999544127845 -1 0 
1 33.045891253392639 -10.966999544127845 -1 0 
1 11.54255725339263 -2.0675245441278207 -1 0 
1 11.54255725339263 -2.0675245441278207 -1 0 
1 10.804665253392642 -2.0675245441278207 0 1 
1 10.804665253392642 -2.0675245441278207 0 1 
1 10.804665253392642 -1.7544745441278451 -1 0 
1 10.804665253392642 -1.7544745441278451 -1 0 
1 10.499070253392631 -1.7544745441278451 0 1 
1 10.499070253392631 -1.7544745441278451 0 1 
1 10.499070253392631 -1.0948525441278321 1 0 
1 10.499070253392631 -1.0948525441278321 1 0 
1 10.804665253392642 -1.0948525441278321 0 1 
1 10.804665253392642 -1.0948525441278321 0 1 
1 10.804665253392642 -0.7855265441278334 1 0 
1 10.804665253392642 -0.7855265441278334 1 0 
1 11.54255725339263 -0.7855265441278334 0 -1 
1 11.54255725339263 -0.7855265441278334 0 -1 
1 11.54255725339263 -1.0948525441278321 1 0 
1 11.54255725339263 -1.0948525441278321 1 0 
1 11.840699253392643 -1.0948525441278321 0 -1 
1 11.840699253392643 -1.0948525441278321 0 -1 
1 11.840699253392643 -1.7544745441278451 -1 0 
1 11.840699253392643 -1.7544745441278451 -1 0 
1 11.54255725339263 -1.7544745441278451 0 -1 
1 11.54255725339263 -1.7544745441278451 0 -1 
1 27.045830253392637 -0.66626354412784394 0 -1 
1 27.045830253392637 -0.66626354412784394 0 -1 
1 27.045830253392637 -0.97559054412784008 1 0 
1 27.045830253392637 -0.97559054412784008 1 0 
1 27.343964253392642 -0.97559054412784008 0 -1 
1 27.343964253392642 -0.97559054412784008 0 -1 
1 27.343964253392642 -1.6352275441278437 -1 0 
1 27.343964253392642 -1.6352275441278437 -1 0 
1 27.045830253392637 -1.6352275441278437 0 -1 
1 27.045830253392637 -1.6352275441278437 0 -1 
1 27.045830253392637 -1.9482765441278218 -1 0 
1 27.045830253392637 -1.9482765441278218 -1 0 
1 26.307931253392638 -1.9482765441278218 0 1 
1 26.307931253392638 -1.9482765441278218 0 1 
1 26.307931253392638 -1.6352275441278437 -1 0 
1 26.307931253392638 -1.6352275441278437 -1 0 
1 26.002343253392638 -1.6352275441278437 0 1 
1 26.002343253392638 -1.6352275441278437 0 1 
1 26.002343253392638 -0.97559054412784008 1 0 
1 26.002343253392638 -0.97559054412784008 1 0 
1 26.307931253392638 -0.97559054412784008 0 1 
1 26.307931253392638 -0.97559054412784008 0 1 
1 26.307931253392638 -0.66626354412784394 1 0 
1 26.307931253392638 -0.66626354412784394 1 0 
1 34.022301253392641 -33.700153544127829 0 -1 
1 34.022301253392641 -33.700153544127829 0 -1 
1 34.022301253392641 -34.009479544127828 1 0 
1 34.022301253392641 -34.009479544127828 1 0 
1 34.320435253392631 -34.009479544127828 0 -1 
1 34.320435253392631 -34.009479544127828 0 -1 
1 34.320435253392631 -34.669117544127857 -1 0 
1 34.320435253392631 -34.669117544127857 -1 0 
1 34.022301253392641 -34.669117544127857 0 -1 
1 34.022301253392641 -34.669117544127857 0 -1 
1 34.022301253392641 -34.982166544127836 -1 0 
1 34.022301253392641 -34.982166544127836 -1 0 
1 33.28440125339263 -34.982166544127836 0 1 
1 33.28440125339263 -34.982166544127836 0 1 
1 33.28440125339263 -34.669117544127857 -1 0 
1 33.28440125339263 -34.669117544127857 -1 0 
1 32.978814253392642 -34.669117544127857 0 1 
1 32.978814253392642 -34.669117544127857 0 1 
1 32.978814253392642 -34.009479544127828 1 0 
1 32.978814253392642 -34.009479544127828 1 0 
1 33.28440125339263 -34.009479544127828 0 1 
1 33.28440125339263 -34.009479544127828 0 1 
1 33.28440125339263 -33.700153544127829 1 0 
1 33.28440125339263 -33.700153544127829 1 0 
1 17.386101253392638 -40.538746544127832 1 0 
1 17.386101253392638 -40.538746544127832 1 0 
1 17.691689253392639 -40.538746544127832 0 1 
1 17.691689253392639 -40.538746544127832 0 1 
1 17.691689253392639 -40.229419544127836 1 0 
1 17.691689253392639 -40.229419544127836 1 0 
1 18.429589253392635 -40.229419544127836 0 -1 
1 18.429589253392635 -40.229419544127836 0 -1 
1 18.429589253392635 -40.538746544127832 1 0 
1 18.429589253392635 -40.538746544127832 1 0 
1 18.727723253392639 -40.538746544127832 0 -1 
1 18.727723253392639 -40.538746544127832 0 -1 
1 18.727723253392639 -41.198383544127807 -1 0 
1 18.727723253392639 -41.198383544127807 -1 0 
1 18.429589253392635 -41.198383544127807 0 -1 
1 18.429589253392635 -41.198383544127807 0 -1 
1 18.429589253392635 -41.511432544127842 -1 0 
1 18.429589253392635 -41.511432544127842 -1 0 
1 17.691689253392639 -41.511432544127842 0 1 
1 17.691689253392639 -41.511432544127842 0 1 
1 17.691689253392639 -41.198383544127807 -1 0 
1 17.691689253392639 -41.198383544127807 -1 0 
1 17.386101253392638 -41.198383544127807 0 1 
1 17.386101253392638 -41.198383544127807 0 1 
1 6.2058572533926366 -40.110157544127844 0 -1 
1 6.2058572533926366 -40.110157544127844 0 -1 
1 6.2058572533926366 -40.419483544127843 1 0 
1 6.2058572533926366 -40.419483544127843 1 0 
1 6.5039912533926412 -40.419483544127843 0 -1 
1 6.5039912533926412 -40.419483544127843 0 -1 
1 6.5039912533926412 -41.079120544127818 -1 0 
1 6.5039912533926412 -41.079120544127818 -1 0 
1 6.2058572533926366 -41.079120544127818 0 -1 
1 6.2058572533926366 -41.079120544127818 0 -1 
1 6.2058572533926366 -41.39217054412785 -1 0 
1 6.2058572533926366 -41.39217054412785 -1 0 
1 5.4679572533926404 -41.39217054412785 0 1 
1 5.4679572533926404 -41.39217054412785 0 1 
1 5.4679572533926404 -41.079120544127818 -1 0 
1 5.4679572533926404 -41.079120544127818 -1 0 
1 5.1623692533926402 -41.079120544127818 0 1 
1 5.1623692533926402 -41.079120544127818 0 1 
1 5.1623692533926402 -40.419483544127843 1 0 
1 5.1623692533926402 -40.419483544127843 1 0 
1 5.4679572533926404 -40.419483544127843 0 1 
1 5.4679572533926404 -40.419483544127843 0 1 
1 5.4679572533926404 -40.110157544127844 1 0 
1 5.4679572533926404 -40.110157544127844 1 0 
1 -19.314909746607363 -41.049305544127833 0 1 
1 -19.314909746607363 -41.049305544127833 0 1 
1 -19.314909746607363 -40.38966754412786 1 0 
1 -19.314909746607363 -40.38966754412786 1 0 
1 -19.009318746607363 -40.38966754412786 0 1 
1 -19.009318746607363 -40.38966754412786 0 1 
1 -19.009318746607363 -40.080341544127862 1 0 
1 -19.009318746607363 -40.080341544127862 1 0 
1 -18.271422746607364 -40.080341544127862 0 -1 
1 -18.271422746607364 -40.080341544127862 0 -1 
1 -18.271422746607364 -40.38966754412786 1 0 
1 -18.271422746607364 -40.38966754412786 1 0 
1 -17.973284746607362 -40.38966754412786 0 -1 
1 -17.973284746607362 -40.38966754412786 0 -1 
1 -17.973284746607362 -41.049305544127833 -1 0 
1 -17.973284746607362 -41.049305544127833 -1 0 
1 -18.271422746607364 -41.049305544127833 0 -1 
1 -18.271422746607364 -41.049305544127833 0 -1 
1 -18.271422746607364 -41.362354544127811 -1 0 
1 -18.271422746607364 -41.362354544127811 -1 0 
1 -19.009318746607363 -41.362354544127811 0 1 
1 -19.009318746607363 -41.362354544127811 0 1 
1 -19.009318746607363 -41.049305544127833 -1 0 
1 -19.009318746607363 -41.049305544127833 -1 0 
1 22.842057253392639 -0.97559054412784008 1 0 
1 22.842057253392639 -0.97559054412784008 1 0 
1 23.147652253392636 -0.97559054412784008 0 1 
1 23.147652253392636 -0.97559054412784008 0 1 
1 23.147652253392636 -0.66626354412784394 1 0 
1 23.147652253392636 -0.66626354412784394 1 0 
1 23.885544253392638 -0.66626354412784394 0 -1 
1 23.885544253392638 -0.66626354412784394 0 -1 
1 23.885544253392638 -0.97559054412784008 1 0 
1 23.885544253392638 -0.97559054412784008 1 0 
1 24.183686253392636 -0.97559054412784008 0 -1 
1 24.183686253392636 -0.97559054412784008 0 -1 
1 24.183686253392636 -1.6352275441278437 -1 0 
1 24.183686253392636 -1.6352275441278437 -1 0 
1 23.885544253392638 -1.6352275441278437 0 -1 
1 23.885544253392638 -1.6352275441278437 0 -1 
1 23.885544253392638 -1.9482765441278218 -1 0 
1 23.885544253392638 -1.9482765441278218 -1 0 
1 23.147652253392636 -1.9482765441278218 0 1 
1 23.147652253392636 -1.9482765441278218 0 1 
1 23.147652253392636 -1.6352275441278437 -1 0 
1 23.147652253392636 -1.6352275441278437 -1 0 
1 22.842057253392639 -1.6352275441278437 0 1 
1 22.842057253392639 -1.6352275441278437 0 1 
1 34.141556253392636 -8.0750465441278436 -1 0 
1 34.141556253392636 -8.0750465441278436 -1 0 
1 33.843415253392635 -8.0750465441278436 0 -1 
1 33.843415253392635 -8.0750465441278436 0 -1 
1 33.843415253392635 -8.3880965441278477 -1 0 
1 33.843415253392635 -8.3880965441278477 -1 0 
1 33.105523253392633 -8.3880965441278477 0 1 
1 33.105523253392633 -8.3880965441278477 0 1 
1 33.105523253392633 -8.0750465441278436 -1 0 
1 33.105523253392633 -8.0750465441278436 -1 0 
1 32.799927253392639 -8.0750465441278436 0 1 
1 32.799927253392639 -8.0750465441278436 0 1 
1 32.799927253392639 -7.41540954412784 1 0 
1 32.799927253392639 -7.41540954412784 1 0 
1 33.105523253392633 -7.41540954412784 0 1 
1 33.105523253392633 -7.41540954412784 0 1 
1 33.105523253392633 -7.1060835441278414 1 0 
1 33.105523253392633 -7.1060835441278414 1 0 
1 33.843415253392635 -7.1060835441278414 0 -1 
1 33.843415253392635 -7.1060835441278414 0 -1 
1 33.843415253392635 -7.41540954412784 1 0 
1 33.843415253392635 -7.41540954412784 1 0 
1 34.141556253392636 -7.41540954412784 0 -1 
1 34.141556253392636 -7.41540954412784 0 -1 
1 34.141556253392636 -19.762134544127832 -1 0 
1 34.141556253392636 -19.762134544127832 -1 0 
1 33.843415253392635 -19.762134544127832 0 -1 
1 33.843415253392635 -19.762134544127832 0 -1 
1 33.843415253392635 -20.075184544127808 -1 0 
1 33.843415253392635 -20.075184544127808 -1 0 
1 33.105523253392633 -20.075184544127808 0 1 
1 33.105523253392633 -20.075184544127808 0 1 
1 33.105523253392633 -19.762134544127832 -1 0 
1 33.105523253392633 -19.762134544127832 -1 0 
1 32.799927253392639 -19.762134544127832 0 1 
1 32.799927253392639 -19.762134544127832 0 1 
1 32.799927253392639 -19.102497544127829 1 0 
1 32.799927253392639 -19.102497544127829 1 0 
1 33.105523253392633 -19.102497544127829 0 1 
1 33.105523253392633 -19.102497544127829 0 1 
1 33.105523253392633 -18.79317154412783 1 0 
1 33.105523253392633 -18.79317154412783 1 0 
1 33.843415253392635 -18.79317154412783 0 -1 
1 33.843415253392635 -18.79317154412783 0 -1 
1 33.843415253392635 -19.102497544127829 1 0 
1 33.843415253392635 -19.102497544127829 1 0 
1 34.141556253392636 -19.102497544127829 0 -1 
1 34.141556253392636 -19.102497544127829 0 -1 
1 34.290627253392643 -28.765949544127807 -1 0 
1 34.290627253392643 -28.765949544127807 -1 0 
1 33.992486253392642 -28.765949544127807 0 -1 
1 33.992486253392642 -28.765949544127807 0 -1 
1 33.992486253392642 -29.078998544127842 -1 0 
1 33.992486253392642 -29.078998544127842 -1 0 
1 33.254593253392642 -29.078998544127842 0 1 
1 33.254593253392642 -29.078998544127842 0 1 
1 33.254593253392642 -28.765949544127807 -1 0 
1 33.254593253392642 -28.765949544127807 -1 0 
1 32.948998253392631 -28.765949544127807 0 1 
1 32.948998253392631 -28.765949544127807 0 1 
1 32.948998253392631 -28.106312544127832 1 0 
1 32.948998253392631 -28.106312544127832 1 0 
1 33.254593253392642 -28.106312544127832 0 1 
1 33.254593253392642 -28.106312544127832 0 1 
1 33.254593253392642 -27.796985544127836 1 0 
1 33.254593253392642 -27.796985544127836 1 0 
1 33.992486253392642 -27.796985544127836 0 -1 
1 33.992486253392642 -27.796985544127836 0 -1 
1 33.992486253392642 -28.106312544127832 1 0 
1 33.992486253392642 -28.106312544127832 1 0 
1 34.290627253392643 -28.106312544127832 0 -1 
1 34.290627253392643 -28.106312544127832 0 -1 
1 9.2170642533926355 -40.110157544127844 0 -1 
1 9.2170642533926355 -40.110157544127844 0 -1 
1 9.2170642533926355 -40.419483544127843 1 0 
1 9.2170642533926355 -40.419483544127843 1 0 
1 9.515206253392634 -40.419483544127843 0 -1 
1 9.515206253392634 -40.419483544127843 0 -1 
1 9.515206253392634 -41.079120544127818 -1 0 
1 9.515206253392634 -41.079120544127818 -1 0 
1 9.2170642533926355 -41.079120544127818 0 -1 
1 9.2170642533926355 -41.079120544127818 0 -1 
1 9.2170642533926355 -41.39217054412785 -1 0 
1 9.2170642533926355 -41.39217054412785 -1 0 
1 8.4791722533926333 -41.39217054412785 0 1 
1 8.4791722533926333 -41.39217054412785 0 1 
1 8.4791722533926333 -41.079120544127818 -1 0 
1 8.4791722533926333 -41.079120544127818 -1 0 
1 8.1735772533926365 -41.079120544127818 0 1 
1 8.1735772533926365 -41.079120544127818 0 1 
1 8.1735772533926365 -40.419483544127843 1 0 
1 8.1735772533926365 -40.419483544127843 1 0 
1 8.4791722533926333 -40.419483544127843 0 1 
1 8.4791722533926333 -40.419483544127843 0 1 
1 8.4791722533926333 -40.110157544127844 1 0 
1 8.4791722533926333 -40.110157544127844 1 0 
1 12.287903253392642 -40.199604544127851 0 -1 
1 12.287903253392642 -40.199604544127851 0 -1 
1 12.287903253392642 -40.50893054412785 1 0 
1 12.287903253392642 -40.50893054412785 1 0 
1 12.586045253392641 -40.50893054412785 0 -1 
1 12.586045253392641 -40.50893054412785 0 -1 
1 12.586045253392641 -41.168567544127825 -1 0 
1 12.586045253392641 -41.168567544127825 -1 0 
1 12.287903253392642 -41.168567544127825 0 -1 
1 12.287903253392642 -41.168567544127825 0 -1 
1 12.287903253392642 -41.481617544127857 -1 0 
1 12.287903253392642 -41.481617544127857 -1 0 
1 11.55001125339264 -41.481617544127857 0 1 
1 11.55001125339264 -41.481617544127857 0 1 
1 11.55001125339264 -41.168567544127825 -1 0 
1 11.55001125339264 -41.168567544127825 -1 0 
1 11.244416253392643 -41.168567544127825 0 1 
1 11.244416253392643 -41.168567544127825 0 1 
1 11.244416253392643 -40.50893054412785 1 0 
1 11.244416253392643 -40.50893054412785 1 0 
1 11.55001125339264 -40.50893054412785 0 1 
1 11.55001125339264 -40.50893054412785 0 1 
1 11.55001125339264 -40.199604544127851 1 0 
1 11.55001125339264 -40.199604544127851 1 0 
1 30.712945253392633 -40.538746544127832 1 0 
1 30.712945253392633 -40.538746544127832 1 0 
1 31.011086253392634 -40.538746544127832 0 -1 
1 31.011086253392634 -40.538746544127832 0 -1 
1 31.011086253392634 -41.198383544127807 -1 0 
1 31.011086253392634 -41.198383544127807 -1 0 
1 30.712945253392633 -41.198383544127807 0 -1 
1 30.712945253392633 -41.198383544127807 0 -1 
1 30.712945253392633 -41.511432544127842 -1 0 
1 30.712945253392633 -41.511432544127842 -1 0 
1 29.975052253392633 -41.511432544127842 0 1 
1 29.975052253392633 -41.511432544127842 0 1 
1 29.975052253392633 -41.198383544127807 -1 0 
1 29.975052253392633 -41.198383544127807 -1 0 
1 29.669457253392636 -41.198383544127807 0 1 
1 29.669457253392636 -41.198383544127807 0 1 
1 29.669457253392636 -40.538746544127832 1 0 
1 29.669457253392636 -40.538746544127832 1 0 
1 29.975052253392633 -40.538746544127832 0 1 
1 29.975052253392633 -40.538746544127832 0 1 
1 29.975052253392633 -40.229419544127836 1 0 
1 29.975052253392633 -40.229419544127836 1 0 
1 30.712945253392633 -40.229419544127836 0 -1 
1 30.712945253392633 -40.229419544127836 0 -1 
1 21.440796253392634 -40.229419544127836 0 -1 
1 21.440796253392634 -40.229419544127836 0 -1 
1 21.440796253392634 -40.538746544127832 1 0 
1 21.440796253392634 -40.538746544127832 1 0 
1 21.738938253392632 -40.538746544127832 0 -1 
1 21.738938253392632 -40.538746544127832 0 -1 
1 21.738938253392632 -41.198383544127807 -1 0 
1 21.738938253392632 -41.198383544127807 -1 0 
1 21.440796253392634 -41.198383544127807 0 -1 
1 21.440796253392634 -41.198383544127807 0 -1 
1 21.440796253392634 -41.511432544127842 -1 0 
1 21.440796253392634 -41.511432544127842 -1 0 
1 20.702904253392632 -41.511432544127842 0 1 
1 20.702904253392632 -41.511432544127842 0 1 
1 20.702904253392632 -41.198383544127807 -1 0 
1 20.702904253392632 -41.198383544127807 -1 0 
1 20.397309253392635 -41.198383544127807 0 1 
1 20.397309253392635 -41.198383544127807 0 1 
1 20.397309253392635 -40.538746544127832 1 0 
1 20.397309253392635 -40.538746544127832 1 0 
1 20.702904253392632 -40.538746544127832 0 1 
1 20.702904253392632 -40.538746544127832 0 1 
1 20.702904253392632 -40.229419544127836 1 0 
1 20.702904253392632 -40.229419544127836 1 0 
1 26.84458225339263 -40.538746544127832 0 1 
1 26.84458225339263 -40.538746544127832 0 1 
1 26.84458225339263 -40.229419544127836 1 0 
1 26.84458225339263 -40.229419544127836 1 0 
1 27.582482253392641 -40.229419544127836 0 -1 
1 27.582482253392641 -40.229419544127836 0 -1 
1 27.582482253392641 -40.538746544127832 1 0 
1 27.582482253392641 -40.538746544127832 1 0 
1 27.880616253392631 -40.538746544127832 0 -1 
1 27.880616253392631 -40.538746544127832 0 -1 
1 27.880616253392631 -41.198383544127807 -1 0 
1 27.880616253392631 -41.198383544127807 -1 0 
1 27.582482253392641 -41.198383544127807 0 -1 
1 27.582482253392641 -41.198383544127807 0 -1 
1 27.582482253392641 -41.511432544127842 -1 0 
1 27.582482253392641 -41.511432544127842 -1 0 
1 26.84458225339263 -41.511432544127842 0 1 
1 26.84458225339263 -41.511432544127842 0 1 
1 26.84458225339263 -41.198383544127807 -1 0 
1 26.84458225339263 -41.198383544127807 -1 0 
1 26.538987253392634 -41.198383544127807 0 1 
1 26.538987253392634 -41.198383544127807 0 1 
1 26.538987253392634 -40.538746544127832 1 0 
1 26.538987253392634 -40.538746544127832 1 0 
1 0.21324225339263592 -40.110157544127844 0 -1 
1 0.21324225339263592 -40.110157544127844 0 -1 
1 0.21324225339263592 -40.419483544127843 1 0 
1 0.21324225339263592 -40.419483544127843 1 0 
1 0.51138425339263449 -40.419483544127843 0 -1 
1 0.51138425339263449 -40.419483544127843 0 -1 
1 0.51138425339263449 -41.079120544127818 -1 0 
1 0.51138425339263449 -41.079120544127818 -1 0 
1 0.21324225339263592 -41.079120544127818 0 -1 
1 0.21324225339263592 -41.079120544127818 0 -1 
1 0.21324225339263592 -41.39217054412785 -1 0 
1 0.21324225339263592 -41.39217054412785 -1 0 
1 -0.5246497466073663 -41.39217054412785 0 1 
1 -0.5246497466073663 -41.39217054412785 0 1 
1 -0.5246497466073663 -41.079120544127818 -1 0 
1 -0.5246497466073663 -41.079120544127818 -1 0 
1 -0.83024474660736303 -41.079120544127818 0 1 
1 -0.83024474660736303 -41.079120544127818 0 1 
1 -0.83024474660736303 -40.419483544127843 1 0 
1 -0.83024474660736303 -40.419483544127843 1 0 
1 -0.5246497466073663 -40.419483544127843 0 1 
1 -0.5246497466073663 -40.419483544127843 0 1 
1 -0.5246497466073663 -40.110157544127844 1 0 
1 -0.5246497466073663 -40.110157544127844 1 0 
1 2.4567502533926415 -40.110157544127844 1 0 
1 2.4567502533926415 -40.110157544127844 1 0 
1 3.1946422533926437 -40.110157544127844 0 -1 
1 3.1946422533926437 -40.110157544127844 0 -1 
1 3.1946422533926437 -40.419483544127843 1 0 
1 3.1946422533926437 -40.419483544127843 1 0 
1 3.4927832533926306 -40.419483544127843 0 -1 
1 3.4927832533926306 -40.419483544127843 0 -1 
1 3.4927832533926306 -41.079120544127818 -1 0 
1 3.4927832533926306 -41.079120544127818 -1 0 
1 3.1946422533926437 -41.079120544127818 0 -1 
1 3.1946422533926437 -41.079120544127818 0 -1 
1 3.1946422533926437 -41.39217054412785 -1 0 
1 3.1946422533926437 -41.39217054412785 -1 0 
1 2.4567502533926415 -41.39217054412785 0 1 
1 2.4567502533926415 -41.39217054412785 0 1 
1 2.4567502533926415 -41.079120544127818 -1 0 
1 2.4567502533926415 -41.079120544127818 -1 0 
1 2.1511542533926331 -41.079120544127818 0 1 
1 2.1511542533926331 -41.079120544127818 0 1 
1 2.1511542533926331 -40.419483544127843 1 0 
1 2.1511542533926331 -40.419483544127843 1 0 
1 2.4567502533926415 -40.419483544127843 0 1 
1 2.4567502533926415 -40.419483544127843 0 1 
1 -9.7669817466073567 -40.139972544127829 1 0 
1 -9.7669817466073567 -40.139972544127829 1 0 
1 -9.0290897466073687 -40.139972544127829 0 -1 
1 -9.0290897466073687 -40.139972544127829 0 -1 
1 -9.0290897466073687 -40.449299544127825 1 0 
1 -9.0290897466073687 -40.449299544127825 1 0 
1 -8.7309487466073676 -40.449299544127825 0 -1 
1 -8.7309487466073676 -40.449299544127825 0 -1 
1 -8.7309487466073676 -41.108936544127857 -1 0 
1 -8.7309487466073676 -41.108936544127857 -1 0 
1 -9.0290897466073687 -41.108936544127857 0 -1 
1 -9.0290897466073687 -41.108936544127857 0 -1 
1 -9.0290897466073687 -41.421985544127836 -1 0 
1 -9.0290897466073687 -41.421985544127836 -1 0 
1 -9.7669817466073567 -41.421985544127836 0 1 
1 -9.7669817466073567 -41.421985544127836 0 1 
1 -9.7669817466073567 -41.108936544127857 -1 0 
1 -9.7669817466073567 -41.108936544127857 -1 0 
1 -10.072577746607365 -41.108936544127857 0 1 
1 -10.072577746607365 -41.108936544127857 0 1 
1 -10.072577746607365 -40.449299544127825 1 0 
1 -10.072577746607365 -40.449299544127825 1 0 
1 -9.7669817466073567 -40.449299544127825 0 1 
1 -9.7669817466073567 -40.449299544127825 0 1 
1 -13.113600746607361 -40.38966754412786 1 0 
1 -13.113600746607361 -40.38966754412786 1 0 
1 -12.808012746607361 -40.38966754412786 0 1 
1 -12.808012746607361 -40.38966754412786 0 1 
1 -12.808012746607361 -40.080341544127862 1 0 
1 -12.808012746607361 -40.080341544127862 1 0 
1 -12.070113746607362 -40.080341544127862 0 -1 
1 -12.070113746607362 -40.080341544127862 0 -1 
1 -12.070113746607362 -40.38966754412786 1 0 
1 -12.070113746607362 -40.38966754412786 1 0 
1 -11.771971746607363 -40.38966754412786 0 -1 
1 -11.771971746607363 -40.38966754412786 0 -1 
1 -11.771971746607363 -41.049305544127833 -1 0 
1 -11.771971746607363 -41.049305544127833 -1 0 
1 -12.070113746607362 -41.049305544127833 0 -1 
1 -12.070113746607362 -41.049305544127833 0 -1 
1 -12.070113746607362 -41.362354544127811 -1 0 
1 -12.070113746607362 -41.362354544127811 -1 0 
1 -12.808012746607361 -41.362354544127811 0 1 
1 -12.808012746607361 -41.362354544127811 0 1 
1 -12.808012746607361 -41.049305544127833 -1 0 
1 -12.808012746607361 -41.049305544127833 -1 0 
1 -13.113600746607361 -41.049305544127833 0 1 
1 -13.113600746607361 -41.049305544127833 0 1 
1 -2.6787097466073675 -41.108936544127857 -1 0 
1 -2.6787097466073675 -41.108936544127857 -1 0 
1 -2.9768517466073661 -41.108936544127857 0 -1 
1 -2.9768517466073661 -41.108936544127857 0 -1 
1 -2.9768517466073661 -41.421985544127836 -1 0 
1 -2.9768517466073661 -41.421985544127836 -1 0 
1 -3.7147437466073683 -41.421985544127836 0 1 
1 -3.7147437466073683 -41.421985544127836 0 1 
1 -3.7147437466073683 -41.108936544127857 -1 0 
1 -3.7147437466073683 -41.108936544127857 -1 0 
1 -4.020338746607365 -41.108936544127857 0 1 
1 -4.020338746607365 -41.108936544127857 0 1 
1 -4.020338746607365 -40.449299544127825 1 0 
1 -4.020338746607365 -40.449299544127825 1 0 
1 -3.7147437466073683 -40.449299544127825 0 1 
1 -3.7147437466073683 -40.449299544127825 0 1 
1 -3.7147437466073683 -40.139972544127829 1 0 
1 -3.7147437466073683 -40.139972544127829 1 0 
1 -2.9768517466073661 -40.139972544127829 0 -1 
1 -2.9768517466073661 -40.139972544127829 0 -1 
1 -2.9768517466073661 -40.449299544127825 1 0 
1 -2.9768517466073661 -40.449299544127825 1 0 
1 -2.6787097466073675 -40.449299544127825 0 -1 
1 -2.6787097466073675 -40.449299544127825 0 -1 
1 -15.140955746607361 -41.049305544127833 0 -1 
1 -15.140955746607361 -41.049305544127833 0 -1 
1 -15.140955746607361 -41.362354544127811 -1 0 
1 -15.140955746607361 -41.362354544127811 -1 0 
1 -15.878847746607363 -41.362354544127811 0 1 
1 -15.878847746607363 -41.362354544127811 0 1 
1 -15.878847746607363 -41.049305544127833 -1 0 
1 -15.878847746607363 -41.049305544127833 -1 0 
1 -16.184443746607364 -41.049305544127833 0 1 
1 -16.184443746607364 -41.049305544127833 0 1 
1 -16.184443746607364 -40.38966754412786 1 0 
1 -16.184443746607364 -40.38966754412786 1 0 
1 -15.878847746607363 -40.38966754412786 0 1 
1 -15.878847746607363 -40.38966754412786 0 1 
1 -15.878847746607363 -40.080341544127862 1 0 
1 -15.878847746607363 -40.080341544127862 1 0 
1 -15.140955746607361 -40.080341544127862 0 -1 
1 -15.140955746607361 -40.080341544127862 0 -1 
1 -15.140955746607361 -40.38966754412786 1 0 
1 -15.140955746607361 -40.38966754412786 1 0 
1 -14.842814746607367 -40.38966754412786 0 -1 
1 -14.842814746607367 -40.38966754412786 0 -1 
1 -14.842814746607367 -41.049305544127833 -1 0 
1 -14.842814746607367 -41.049305544127833 -1 0 
1 -42.892626746607363 -13.17000254412784 -1 0 
1 -42.892626746607363 -13.17000254412784 -1 0 
1 -43.190768746607361 -13.17000254412784 0 -1 
1 -43.190768746607361 -13.17000254412784 0 -1 
1 -43.190768746607361 -13.483051544127846 -1 0 
1 -43.190768746607361 -13.483051544127846 -1 0 
1 -43.92866474660736 -13.483051544127846 0 1 
1 -43.92866474660736 -13.483051544127846 0 1 
1 -43.92866474660736 -13.17000254412784 -1 0 
1 -43.92866474660736 -13.17000254412784 -1 0 
1 -44.23425574660736 -13.17000254412784 0 1 
1 -44.23425574660736 -13.17000254412784 0 1 
1 -44.23425574660736 -12.510364544127839 1 0 
1 -44.23425574660736 -12.510364544127839 1 0 
1 -43.92866474660736 -12.510364544127839 0 1 
1 -43.92866474660736 -12.510364544127839 0 1 
1 -43.92866474660736 -12.20103854412784 1 0 
1 -43.92866474660736 -12.20103854412784 1 0 
1 -43.190768746607361 -12.20103854412784 0 -1 
1 -43.190768746607361 -12.20103854412784 0 -1 
1 -43.190768746607361 -12.510364544127839 1 0 
1 -43.190768746607361 -12.510364544127839 1 0 
1 -42.892626746607363 -12.510364544127839 0 -1 
1 -42.892626746607363 -12.510364544127839 0 -1 
1 -7.0315547466073696 -41.108936544127857 0 1 
1 -7.0315547466073696 -41.108936544127857 0 1 
1 -7.0315547466073696 -40.449299544127825 1 0 
1 -7.0315547466073696 -40.449299544127825 1 0 
1 -6.7259587466073611 -40.449299544127825 0 1 
1 -6.7259587466073611 -40.449299544127825 0 1 
1 -6.7259587466073611 -40.139972544127829 1 0 
1 -6.7259587466073611 -40.139972544127829 1 0 
1 -5.9880667466073589 -40.139972544127829 0 -1 
1 -5.9880667466073589 -40.139972544127829 0 -1 
1 -5.9880667466073589 -40.449299544127825 1 0 
1 -5.9880667466073589 -40.449299544127825 1 0 
1 -5.6899257466073578 -40.449299544127825 0 -1 
1 -5.6899257466073578 -40.449299544127825 0 -1 
1 -5.6899257466073578 -41.108936544127857 -1 0 
1 -5.6899257466073578 -41.108936544127857 -1 0 
1 -5.9880667466073589 -41.108936544127857 0 -1 
1 -5.9880667466073589 -41.108936544127857 0 -1 
1 -5.9880667466073589 -41.421985544127836 -1 0 
1 -5.9880667466073589 -41.421985544127836 -1 0 
1 -6.7259587466073611 -41.421985544127836 0 1 
1 -6.7259587466073611 -41.421985544127836 0 1 
1 -6.7259587466073611 -41.108936544127857 -1 0 
1 -6.7259587466073611 -41.108936544127857 -1 0 
1 15.418374253392642 -41.481617544127857 -1 0 
1 15.418374253392642 -41.481617544127857 -1 0 
1 14.680481253392642 -41.481617544127857 0 1 
1 14.680481253392642 -41.481617544127857 0 1 
1 14.680481253392642 -41.168567544127825 -1 0 
1 14.680481253392642 -41.168567544127825 -1 0 
1 14.374886253392631 -41.168567544127825 0 1 
1 14.374886253392631 -41.168567544127825 0 1 
1 14.374886253392631 -40.50893054412785 1 0 
1 14.374886253392631 -40.50893054412785 1 0 
1 14.680481253392642 -40.50893054412785 0 1 
1 14.680481253392642 -40.50893054412785 0 1 
1 14.680481253392642 -40.199604544127851 1 0 
1 14.680481253392642 -40.199604544127851 1 0 
1 15.418374253392642 -40.199604544127851 0 -1 
1 15.418374253392642 -40.199604544127851 0 -1 
1 15.418374253392642 -40.50893054412785 1 0 
1 15.418374253392642 -40.50893054412785 1 0 
1 15.716515253392643 -40.50893054412785 0 -1 
1 15.716515253392643 -40.50893054412785 0 -1 
1 15.716515253392643 -41.168567544127825 -1 0 
1 15.716515253392643 -41.168567544127825 -1 0 
1 15.418374253392642 -41.168567544127825 0 -1 
1 15.418374253392642 -41.168567544127825 0 -1 
1 24.452012253392638 -41.511432544127842 -1 0 
1 24.452012253392638 -41.511432544127842 -1 0 
1 23.714119253392639 -41.511432544127842 0 1 
1 23.714119253392639 -41.511432544127842 0 1 
1 23.714119253392639 -41.198383544127807 -1 0 
1 23.714119253392639 -41.198383544127807 -1 0 
1 23.408524253392642 -41.198383544127807 0 1 
1 23.408524253392642 -41.198383544127807 0 1 
1 23.408524253392642 -40.538746544127832 1 0 
1 23.408524253392642 -40.538746544127832 1 0 
1 23.714119253392639 -40.538746544127832 0 1 
1 23.714119253392639 -40.538746544127832 0 1 
1 23.714119253392639 -40.229419544127836 1 0 
1 23.714119253392639 -40.229419544127836 1 0 
1 24.452012253392638 -40.229419544127836 0 -1 
1 24.452012253392638 -40.229419544127836 0 -1 
1 24.452012253392638 -40.538746544127832 1 0 
1 24.452012253392638 -40.538746544127832 1 0 
1 24.750153253392639 -40.538746544127832 0 -1 
1 24.750153253392639 -40.538746544127832 0 -1 
1 24.750153253392639 -41.198383544127807 -1 0 
1 24.750153253392639 -41.198383544127807 -1 0 
1 24.452012253392638 -41.198383544127807 0 -1 
1 24.452012253392638 -41.198383544127807 0 -1 
1 32.859551253392638 -22.773334544127863 0 1 
1 32.859551253392638 -22.773334544127863 0 1 
1 32.859551253392638 -22.113697544127831 1 0 
1 32.859551253392638 -22.113697544127831 1 0 
1 33.165146253392635 -22.113697544127831 0 1 
1 33.165146253392635 -22.113697544127831 0 1 
1 33.165146253392635 -21.804371544127832 1 0 
1 33.165146253392635 -21.804371544127832 1 0 
1 33.903039253392635 -21.804371544127832 0 -1 
1 33.903039253392635 -21.804371544127832 0 -1 
1 33.903039253392635 -22.113697544127831 1 0 
1 33.903039253392635 -22.113697544127831 1 0 
1 34.201180253392636 -22.113697544127831 0 -1 
1 34.201180253392636 -22.113697544127831 0 -1 
1 34.201180253392636 -22.773334544127863 -1 0 
1 34.201180253392636 -22.773334544127863 -1 0 
1 33.903039253392635 -22.773334544127863 0 -1 
1 33.903039253392635 -22.773334544127863 0 -1 
1 33.903039253392635 -23.086384544127839 -1 0 
1 33.903039253392635 -23.086384544127839 -1 0 
1 33.165146253392635 -23.086384544127839 0 1 
1 33.165146253392635 -23.086384544127839 0 1 
1 33.165146253392635 -22.773334544127863 -1 0 
1 33.165146253392635 -22.773334544127863 -1 0 
1 20.904145253392642 -1.9482765441278218 -1 0 
1 20.904145253392642 -1.9482765441278218 -1 0 
1 20.16625325339264 -1.9482765441278218 0 1 
1 20.16625325339264 -1.9482765441278218 0 1 
1 20.16625325339264 -1.6352275441278437 -1 0 
1 20.16625325339264 -1.6352275441278437 -1 0 
1 19.860657253392631 -1.6352275441278437 0 1 
1 19.860657253392631 -1.6352275441278437 0 1 
1 19.860657253392631 -0.97559054412784008 1 0 
1 19.860657253392631 -0.97559054412784008 1 0 
1 20.16625325339264 -0.97559054412784008 0 1 
1 20.16625325339264 -0.97559054412784008 0 1 
1 20.16625325339264 -0.66626354412784394 1 0 
1 20.16625325339264 -0.66626354412784394 1 0 
1 20.904145253392642 -0.66626354412784394 0 -1 
1 20.904145253392642 -0.66626354412784394 0 -1 
1 20.904145253392642 -0.97559054412784008 1 0 
1 20.904145253392642 -0.97559054412784008 1 0 
1 21.202286253392643 -0.97559054412784008 0 -1 
1 21.202286253392643 -0.97559054412784008 0 -1 
1 21.202286253392643 -1.6352275441278437 -1 0 
1 21.202286253392643 -1.6352275441278437 -1 0 
1 20.904145253392642 -1.6352275441278437 0 -1 
1 20.904145253392642 -1.6352275441278437 0 -1 
1 40.549851253392632 -31.165027544127838 -1 0 
1 40.549851253392632 -31.165027544127838 -1 0 
1 39.893311253392639 -31.165027544127838 0 -1 
1 39.893311253392639 -31.165027544127838 0 -1 
1 39.893311253392639 -31.436695544127815 -1 0 
1 39.893311253392639 -31.436695544127815 -1 0 
1 39.451844253392636 -31.436695544127815 0 1 
1 39.451844253392636 -31.436695544127815 0 1 
1 39.451844253392636 -29.89723654412785 1 0 
1 39.451844253392636 -29.89723654412785 1 0 
1 39.983872253392633 -29.89723654412785 0 -1 
1 39.983872253392633 -29.89723654412785 0 -1 
1 39.983872253392633 -30.101002544127823 1 0 
1 39.983872253392633 -30.101002544127823 1 0 
1 40.549851253392632 -30.101002544127823 0 -1 
1 40.549851253392632 -30.101002544127823 0 -1 
1 -33.999159746607361 -0.8732795441278256 1 0 
1 -33.999159746607361 -0.8732795441278256 1 0 
1 -33.701022746607364 -0.8732795441278256 0 -1 
1 -33.701022746607364 -0.8732795441278256 0 -1 
1 -33.701022746607364 -1.5329175441278267 -1 0 
1 -33.701022746607364 -1.5329175441278267 -1 0 
1 -33.999159746607361 -1.5329175441278267 0 -1 
1 -33.999159746607361 -1.5329175441278267 0 -1 
1 -33.999159746607361 -2.0778695441278217 -1 0 
1 -33.999159746607361 -2.0778695441278217 -1 0 
1 -34.737055746607361 -2.0778695441278217 0 1 
1 -34.737055746607361 -2.0778695441278217 0 1 
1 -34.737055746607361 -1.5329175441278267 -1 0 
1 -34.737055746607361 -1.5329175441278267 -1 0 
1 -35.042651746607362 -1.5329175441278267 0 1 
1 -35.042651746607362 -1.5329175441278267 0 1 
1 -35.042651746607362 -0.8732795441278256 1 0 
1 -35.042651746607362 -0.8732795441278256 1 0 
1 -34.737055746607361 -0.8732795441278256 0 1 
1 -34.737055746607361 -0.8732795441278256 0 1 
1 -34.737055746607361 -0.56396854412784592 1 0 
1 -34.737055746607361 -0.56396854412784592 1 0 
1 -33.999159746607361 -0.56396854412784592 0 -1 
1 -33.999159746607361 -0.56396854412784592 0 -1 
1 56.510537253392641 2.7485924558721706 0.0072826110844606915 0.99997348143627918 
1 56.510537253392641 2.7485924558721706 0.0072826110844606915 0.99997348143627918 
1 56.522408253392626 4.378596455872156 1 0 
1 56.522408253392626 4.378596455872156 1 0 
1 57.416100253392642 4.378596455872156 0 -1 
1 57.416100253392642 4.378596455872156 0 -1 
1 57.416100253392642 4.0163684558721684 1 0 
1 57.416100253392642 4.0163684558721684 1 0 
1 57.77832825339263 4.0163684558721684 0 -1 
1 57.77832825339263 4.0163684558721684 0 -1 
1 57.77832825339263 3.2919114558721674 -0.99991899615112445 -0.012727966692587007 
1 57.77832825339263 3.2919114558721674 -0.99991899615112445 -0.012727966692587007 
1 57.464242253392626 3.2879134558721717 0.012735063591501727 -0.99991890578952469 
1 57.464242253392626 3.2879134558721717 0.012735063591501727 -0.99991890578952469 
1 57.472451253392649 2.643367455872152 -0.99999911263101371 -0.0013321926231931809 
1 57.472451253392649 2.643367455872152 -0.99999911263101371 -0.0013321926231931809 
1 56.865182253392646 2.6425584558721766 0.027723862357639333 0.99961561985393899 
1 56.865182253392646 2.6425584558721766 0.027723862357639333 0.99961561985393899 
1 56.868477253392626 2.7613634558721571 -0.99936410568140821 -0.035656475927933036 
1 56.868477253392626 2.7613634558721571 -0.99936410568140821 -0.035656475927933036 
1 -22.530733746607361 -0.7326245441278445 0 -1 
1 -22.530733746607361 -0.7326245441278445 0 -1 
1 -22.530733746607361 -1.0419355441278242 1 0 
1 -22.530733746607361 -1.0419355441278242 1 0 
1 -22.232592746607367 -1.0419355441278242 0 -1 
1 -22.232592746607367 -1.0419355441278242 0 -1 
1 -22.232592746607367 -1.7015725441278278 -1 0 
1 -22.232592746607367 -1.7015725441278278 -1 0 
1 -22.530733746607361 -1.7015725441278278 0 -1 
1 -22.530733746607361 -1.7015725441278278 0 -1 
1 -22.530733746607361 -2.4692885441278349 -1 0 
1 -22.530733746607361 -2.4692885441278349 -1 0 
1 -23.268629746607367 -2.4692885441278349 0 1 
1 -23.268629746607367 -2.4692885441278349 0 1 
1 -23.268629746607367 -1.7015725441278278 -1 0 
1 -23.268629746607367 -1.7015725441278278 -1 0 
1 -23.574221746607364 -1.7015725441278278 0 1 
1 -23.574221746607364 -1.7015725441278278 0 1 
1 -23.574221746607364 -1.0419355441278242 1 0 
1 -23.574221746607364 -1.0419355441278242 1 0 
1 -23.268629746607367 -1.0419355441278242 0 1 
1 -23.268629746607367 -1.0419355441278242 0 1 
1 -23.268629746607367 -0.7326245441278445 1 0 
1 -23.268629746607367 -0.7326245441278445 1 0 
1 -32.710787746607366 15.177516455872166 0 -1 
1 -32.710787746607366 15.177516455872166 0 -1 
1 -32.710787746607366 14.271953455872165 -1 0 
1 -32.710787746607366 14.271953455872165 -1 0 
1 -34.974715746607366 14.271953455872165 0 1 
1 -34.974715746607366 14.271953455872165 0 1 
1 -34.974715746607366 15.177516455872166 1 0 
1 -34.974715746607366 15.177516455872166 1 0 
1 39.938592253392642 -39.315174544127842 0 -1 
1 39.938592253392642 -39.315174544127842 0 -1 
1 39.938592253392642 -39.609485544127836 -1 0 
1 39.938592253392642 -39.609485544127836 -1 0 
1 39.508446253392634 -39.609485544127836 0 1 
1 39.508446253392634 -39.609485544127836 0 1 
1 39.508446253392634 -37.436115544127858 1 0 
1 39.508446253392634 -37.436115544127858 1 0 
1 39.938592253392642 -37.436115544127858 0 -1 
1 39.938592253392642 -37.436115544127858 0 -1 
1 39.938592253392642 -37.685138544127824 1 0 
1 39.938592253392642 -37.685138544127824 1 0 
1 40.52721525339264 -37.685138544127824 0 -1 
1 40.52721525339264 -37.685138544127824 0 -1 
1 40.52721525339264 -39.315174544127842 -1 0 
1 40.52721525339264 -39.315174544127842 -1 0 
1 -32.122168746607365 4.9898644558721514 -1 0 
1 -32.122168746607365 4.9898644558721514 -1 0 
1 -32.529673746607365 4.9898644558721514 0 -1 
1 -32.529673746607365 4.9898644558721514 0 -1 
1 -32.529673746607365 4.6049914558721525 -1 0 
1 -32.529673746607365 4.6049914558721525 -1 0 
1 -33.706915746607365 4.6049914558721525 0 1 
1 -33.706915746607365 4.6049914558721525 0 1 
1 -33.706915746607365 5.5105544558721533 1 0 
1 -33.706915746607365 5.5105544558721533 1 0 
1 -33.118296746607363 5.5105544558721533 0 1 
1 -33.118296746607363 5.5105544558721533 0 1 
1 -33.118296746607363 6.2576554558721682 1 0 
1 -33.118296746607363 6.2576554558721682 1 0 
1 -32.710787746607366 6.2576554558721682 0 -1 
1 -32.710787746607366 6.2576554558721682 0 -1 
1 -32.710787746607366 5.5331994558721647 1 0 
1 -32.710787746607366 5.5331994558721647 1 0 
1 -32.122168746607365 5.5331994558721647 0 -1 
1 -32.122168746607365 5.5331994558721647 0 -1 
1 24.835839253392635 11.683528455872164 0 -1 
1 24.835839253392635 11.683528455872164 0 -1 
1 24.835839253392635 9.8035384558721717 -1 0 
1 24.835839253392635 9.8035384558721717 -1 0 
1 23.795296253392635 9.8035384558721717 0 1 
1 23.795296253392635 9.8035384558721717 0 1 
1 23.795296253392635 10.587947455872154 -1 0 
1 23.795296253392635 10.587947455872154 -1 0 
1 23.539162253392632 10.587947455872154 0 1 
1 23.539162253392632 10.587947455872154 0 1 
1 23.539162253392632 11.29230845587216 1 0 
1 23.539162253392632 11.29230845587216 1 0 
1 23.939370253392639 11.29230845587216 -0.026304262062591094 0.99965398303480124 
1 23.939370253392639 11.29230845587216 -0.026304262062591094 0.99965398303480124 
1 23.923363253392637 11.900630455872175 1 0 
1 23.923363253392637 11.900630455872175 1 0 
1 24.438561253392635 11.900630455872175 0 -1 
1 24.438561253392635 11.900630455872175 0 -1 
1 24.438561253392635 11.683528455872164 1 0 
1 24.438561253392635 11.683528455872164 1 0 
1 9.2575772533926397 -46.780170544127827 0 -1 
1 9.2575772533926397 -46.780170544127827 0 -1 
1 9.2575772533926397 -47.391346544127828 -1 0 
1 9.2575772533926397 -47.391346544127828 -1 0 
1 7.2302252533926321 -47.391346544127828 0 1 
1 7.2302252533926321 -47.391346544127828 0 1 
1 7.2302252533926321 -46.869587544127853 -1 0 
1 7.2302252533926321 -46.869587544127853 -1 0 
1 6.9469922533926365 -46.869587544127853 0.033315202297496883 0.99944489457692309 
1 6.9469922533926365 -46.869587544127853 0.033315202297496883 0.99944489457692309 
1 6.9618992533926303 -46.422382544127856 1 0 
1 6.9618992533926303 -46.422382544127856 1 0 
1 9.4960872533926306 -46.422382544127856 0 -1 
1 9.4960872533926306 -46.422382544127856 0 -1 
1 9.4960872533926306 -46.780170544127827 -1 0 
1 9.4960872533926306 -46.780170544127827 -1 0 
1 -8.8881297466073619 -46.486194544127841 0.99996653376464884 -0.0081811582745704818 
1 -8.8881297466073619 -46.486194544127841 0.99996653376464884 -0.0081811582745704818 
1 -6.2322377466073675 -46.507923544127834 0 -1 
1 -6.2322377466073675 -46.507923544127834 0 -1 
1 -6.2322377466073675 -46.95061154412781 -1 0 
1 -6.2322377466073675 -46.95061154412781 -1 0 
1 -6.4852207466073679 -46.95061154412781 0 -1 
1 -6.4852207466073679 -46.95061154412781 0 -1 
1 -6.4852207466073679 -47.435505544127807 -1 0 
1 -6.4852207466073679 -47.435505544127807 -1 0 
1 -8.6777107466073602 -47.435505544127807 0 1 
1 -8.6777107466073602 -47.435505544127807 0 1 
1 -8.6777107466073602 -46.95061154412781 -1 0 
1 -8.6777107466073602 -46.95061154412781 -1 0 
1 -8.8885257466073568 -46.95061154412781 0.00085268165471093303 0.9999996364669318 
1 -8.8885257466073568 -46.95061154412781 0.00085268165471093303 0.9999996364669318 
1 1.2227102533926342 -46.899402544127838 0 -1 
1 1.2227102533926342 -46.899402544127838 0 -1 
1 1.2227102533926342 -47.436054544127842 -1 0 
1 1.2227102533926342 -47.436054544127842 -1 0 
1 -0.8791797466073632 -47.436054544127842 0 1 
1 -0.8791797466073632 -47.436054544127842 0 1 
1 -0.8791797466073632 -46.944141544127831 -0.99944243097721308 0.033389027574321752 
1 -0.8791797466073632 -46.944141544127831 -0.99944243097721308 0.033389027574321752 
1 -1.1769857466073574 -46.934192544127825 0.033307600132692919 0.99944514795630512 
1 -1.1769857466073574 -46.934192544127825 0.033307600132692919 0.99944514795630512 
1 -1.1624137466073563 -46.496937544127832 1 0 
1 -1.1624137466073563 -46.496937544127832 1 0 
1 1.5655682533926409 -46.496937544127832 0 -1 
1 1.5655682533926409 -46.496937544127832 0 -1 
1 1.5655682533926409 -46.899402544127838 -1 0 
1 1.5655682533926409 -46.899402544127838 -1 0 
1 40.436654253392632 -25.482593544127838 -1 0 
1 40.436654253392632 -25.482593544127838 -1 0 
1 39.961236253392642 -25.482593544127838 0 -1 
1 39.961236253392642 -25.482593544127838 0 -1 
1 39.961236253392642 -25.776905544127828 -0.99986702562361585 0.016307393126538706 
1 39.961236253392642 -25.776905544127828 -0.99986702562361585 0.016307393126538706 
1 39.485932253392633 -25.769153544127846 0.016257431097009719 0.99986783923382894 
1 39.485932253392633 -25.769153544127846 0.016257431097009719 0.99986783923382894 
1 39.531083253392637 -22.992267544127856 1 0 
1 39.531083253392637 -22.992267544127856 1 0 
1 40.006516253392633 -22.992267544127856 0 -1 
1 40.006516253392633 -22.992267544127856 0 -1 
1 40.006516253392633 -23.241291544127819 1 0 
1 40.006516253392633 -23.241291544127819 1 0 
1 40.436654253392632 -23.241291544127819 0 -1 
1 40.436654253392632 -23.241291544127819 0 -1 
1 39.904633253392632 -12.306537544127849 0.026729807140862902 -0.99964269487162882 
1 39.904633253392632 -12.306537544127849 0.026729807140862902 -0.99964269487162882 
1 39.908738253392642 -12.460056544127838 -1 0 
1 39.908738253392642 -12.460056544127838 -1 0 
1 39.553681253392639 -12.460056544127838 -0.004040096013643542 0.9999918387787976 
1 39.553681253392639 -12.460056544127838 -0.004040096013643542 0.9999918387787976 
1 39.54240525339263 -9.6690565441278409 1 0 
1 39.54240525339263 -9.6690565441278409 1 0 
1 40.01783825339264 -9.6690565441278409 0 -1 
1 40.01783825339264 -9.6690565441278409 0 -1 
1 40.01783825339264 -9.9294165441278324 1 0 
1 40.01783825339264 -9.9294165441278324 1 0 
1 40.651734253392632 -9.9294165441278324 0 -1 
1 40.651734253392632 -9.9294165441278324 0 -1 
1 40.651734253392632 -12.306537544127849 -1 0 
1 40.651734253392632 -12.306537544127849 -1 0 
1 13.309815253392642 5.5773274558721653 0 -1 
1 13.309815253392642 5.5773274558721653 0 -1 
1 13.309815253392642 4.7448844558721532 -1 0 
1 13.309815253392642 4.7448844558721532 -1 0 
1 10.172173253392643 4.7448844558721532 0 1 
1 10.172173253392643 4.7448844558721532 0 1 
1 10.172173253392643 5.5773274558721653 1 0 
1 10.172173253392643 5.5773274558721653 1 0 
1 -37.487673746607364 5.578471455872176 0 -1 
1 -37.487673746607364 5.578471455872176 0 -1 
1 -37.487673746607364 4.5597034558721532 -1 0 
1 -37.487673746607364 4.5597034558721532 -1 0 
1 -39.910075746607362 4.5597034558721532 0 1 
1 -39.910075746607362 4.5597034558721532 0 1 
1 -39.910075746607362 5.578471455872176 1 0 
1 -39.910075746607362 5.578471455872176 1 0 
1 -38.891306746607363 5.578471455872176 -0.041633068728534207 0.99913296792181028 
1 -38.891306746607363 5.578471455872176 -0.041633068728534207 0.99913296792181028 
1 -38.913947746607363 6.1218224558721772 1 0 
1 -38.913947746607363 6.1218224558721772 1 0 
1 -37.985735746607361 6.1218224558721772 0 -1 
1 -37.985735746607361 6.1218224558721772 0 -1 
1 -37.985735746607361 5.578471455872176 1 0 
1 -37.985735746607361 5.578471455872176 1 0 
1 -28.658362746607366 6.2576554558721682 0 -1 
1 -28.658362746607366 6.2576554558721682 0 -1 
1 -28.658362746607366 5.5558434558721785 1 0 
1 -28.658362746607366 5.5558434558721785 1 0 
1 -27.956545746607361 5.5558434558721785 0 -1 
1 -27.956545746607361 5.5558434558721785 0 -1 
1 -27.956545746607361 4.5597034558721532 -1 0 
1 -27.956545746607361 4.5597034558721532 -1 0 
1 -29.858240746607365 4.5597034558721532 0 1 
1 -29.858240746607365 4.5597034558721532 0 1 
1 -29.858240746607365 4.9445754558721546 -1 0 
1 -29.858240746607365 4.9445754558721546 -1 0 
1 -30.378943746607362 4.9445754558721546 0 1 
1 -30.378943746607362 4.9445754558721546 0 1 
1 -30.378943746607362 5.578471455872176 1 0 
1 -30.378943746607362 5.578471455872176 1 0 
1 -29.654490746607365 5.578471455872176 0.033315614181700065 0.99944488084721117 
1 -29.654490746607365 5.578471455872176 0.033315614181700065 0.99944488084721117 
1 -29.631850746607363 6.2576554558721682 1 0 
1 -29.631850746607363 6.2576554558721682 1 0 
1 15.294854253392643 7.4663044558721765 0 -1 
1 15.294854253392643 7.4663044558721765 0 -1 
1 15.294854253392643 5.5773274558721653 1 0 
1 15.294854253392643 5.5773274558721653 1 0 
1 15.518967253392631 5.5773274558721653 0 -1 
1 15.518967253392631 5.5773274558721653 0 -1 
1 15.518967253392631 4.7448844558721532 -1 0 
1 15.518967253392631 4.7448844558721532 -1 0 
1 14.110230253392643 4.7448844558721532 -0.039963551453686304 0.99920113818750655 
1 14.110230253392643 4.7448844558721532 -0.039963551453686304 0.99920113818750655 
1 14.078217253392637 5.5452994558721684 1 0 
1 14.078217253392637 5.5452994558721684 1 0 
1 14.366364253392632 5.5452994558721684 0 1 
1 14.366364253392632 5.5452994558721684 0 1 
1 14.366364253392632 7.4663044558721765 1 0 
1 14.366364253392632 7.4663044558721765 1 0 
1 17.60549225339264 -47.316822544127831 -1 0 
1 17.60549225339264 -47.316822544127831 -1 0 
1 14.78807125339263 -47.316822544127831 0 1 
1 14.78807125339263 -47.316822544127831 0 1 
1 14.78807125339263 -46.839771544127814 -1 0 
1 14.78807125339263 -46.839771544127814 -1 0 
1 14.519745253392642 -46.839771544127814 0.064372149324929726 0.99792596237961917 
1 14.519745253392642 -46.839771544127814 0.064372149324929726 0.99792596237961917 
1 14.549553253392631 -46.377674544127842 1 0 
1 14.549553253392631 -46.377674544127842 1 0 
1 17.948350253392633 -46.377674544127842 0 -1 
1 17.948350253392633 -46.377674544127842 0 -1 
1 17.948350253392633 -46.824878544127841 -1 0 
1 17.948350253392633 -46.824878544127841 -1 0 
1 17.60549225339264 -46.824878544127841 0 -1 
1 17.60549225339264 -46.824878544127841 0 -1 
1 -26.95150274660736 -3.3859145441278429 1 0 
1 -26.95150274660736 -3.3859145441278429 1 0 
1 -25.878199746607365 -3.3859145441278429 0 -1 
1 -25.878199746607365 -3.3859145441278429 0 -1 
1 -25.878199746607365 -6.7548865441278281 -1 0 
1 -25.878199746607365 -6.7548865441278281 -1 0 
1 -26.891871746607364 -6.7548865441278281 -0.017697286066783821 0.99984339076970974 
1 -26.891871746607364 -6.7548865441278281 -0.017697286066783821 0.99984339076970974 
1 33.421807253392643 -42.14409254412783 0 1 
1 33.421807253392643 -42.14409254412783 0 1 
1 33.421807253392643 -41.756489544127817 -1 0 
1 33.421807253392643 -41.756489544127817 -1 0 
1 32.795716253392641 -41.756489544127817 0 1 
1 32.795716253392641 -41.756489544127817 0 1 
1 32.795716253392641 -41.249653544127852 -1 0 
1 32.795716253392641 -41.249653544127852 -1 0 
1 32.497574253392642 -41.249653544127852 0 1 
1 32.497574253392642 -41.249653544127852 0 1 
1 32.497574253392642 -40.62358554412782 1 0 
1 32.497574253392642 -40.62358554412782 1 0 
1 32.795716253392641 -40.62358554412782 0 1 
1 32.795716253392641 -40.62358554412782 0 1 
1 32.795716253392641 -39.99748654412781 1 0 
1 32.795716253392641 -39.99748654412781 1 0 
1 33.302544253392639 -39.99748654412781 0 1 
1 33.302544253392639 -39.99748654412781 0 1 
1 33.302544253392639 -39.639698544127839 1 0 
1 33.302544253392639 -39.639698544127839 1 0 
1 34.196961253392644 -39.639698544127839 0.78487070697797912 -0.61965956244367537 
1 34.196961253392644 -39.639698544127839 0.78487070697797912 -0.61965956244367537 
1 34.763436253392641 -40.086933544127817 0 -1 
1 34.763436253392641 -40.086933544127817 0 -1 
1 34.763436253392641 -41.637256544127808 -0.72701450506084409 -0.68662210089039233 
1 34.763436253392641 -41.637256544127808 -0.72701450506084409 -0.68662210089039233 
1 34.226784253392637 -42.14409254412783 -1 0 
1 34.226784253392637 -42.14409254412783 -1 0 
1 32.408127253392635 -1.8057745441278428 0 1 
1 32.408127253392635 -1.8057745441278428 0 1 
1 32.408127253392635 -1.388370544127838 -1 0 
1 32.408127253392635 -1.388370544127838 -1 0 
1 31.960923253392636 -1.388370544127838 0 1 
1 31.960923253392636 -1.388370544127838 0 1 
1 31.960923253392636 -0.88153454412784527 1 0 
1 31.960923253392636 -0.88153454412784527 1 0 
1 32.229218253392631 -0.88153454412784527 0 1 
1 32.229218253392631 -0.88153454412784527 0 1 
1 32.229218253392631 -0.52377754412782451 1 0 
1 32.229218253392631 -0.52377754412782451 1 0 
1 32.53641625339263 -0.52377754412782451 0 1 
1 32.53641625339263 -0.52377754412782451 0 1 
1 32.53641625339263 -0.072574544127832041 0.99995173046038588 0.0098253116632475157 
1 32.53641625339263 -0.072574544127832041 0.99995173046038588 0.0098253116632475157 
1 32.888856253392632 -0.069111544127821389 -0.010564278332090579 0.99994419645464327 
1 32.888856253392632 -0.069111544127821389 -0.010564278332090579 0.99994419645464327 
1 32.885155253392639 0.28120045587215259 1 0 
1 32.885155253392639 0.28120045587215259 1 0 
1 33.80938825339264 0.28120045587215259 0.70710151062249327 -0.70711205171131697 
1 33.80938825339264 0.28120045587215259 0.70710151062249327 -0.70711205171131697 
1 34.346032253392636 -0.25545154412782267 0 -1 
1 34.346032253392636 -0.25545154412782267 0 -1 
1 34.346032253392636 -1.5076335441278275 -0.86542199690967125 -0.50104367800110705 
1 34.346032253392636 -1.5076335441278275 -0.86542199690967125 -0.50104367800110705 
1 33.779572253392644 -1.8355905441278253 0 -1 
1 33.779572253392644 -1.8355905441278253 0 -1 
1 33.779572253392644 -2.1933485441278435 -1 0 
1 33.779572253392644 -2.1933485441278435 -1 0 
1 33.12366525339263 -2.1933485441278435 0 1 
1 33.12366525339263 -2.1933485441278435 0 1 
1 33.12366525339263 -1.8057745441278428 -1 0 
1 33.12366525339263 -1.8057745441278428 -1 0 
1 39.928795253392636 -28.629444544127807 0 -1 
1 39.928795253392636 -28.629444544127807 0 -1 
1 39.928795253392636 -28.761829544127863 -1 0 
1 39.928795253392636 -28.761829544127863 -1 0 
1 39.440522253392643 -28.761829544127863 0 1 
1 39.440522253392643 -28.761829544127863 0 1 
1 39.440522253392643 -26.795673544127851 1 0 
1 39.440522253392643 -26.795673544127851 1 0 
1 39.915955253392639 -26.795673544127851 0 -1 
1 39.915955253392639 -26.795673544127851 0 -1 
1 39.915955253392639 -27.044697544127814 1 0 
1 39.915955253392639 -27.044697544127814 1 0 
1 40.481934253392637 -27.044697544127814 0 -1 
1 40.481934253392637 -27.044697544127814 0 -1 
1 40.481934253392637 -27.79179754412786 1 0 
1 40.481934253392637 -27.79179754412786 1 0 
1 42.111962253392633 -27.79179754412786 0 -1 
1 42.111962253392633 -27.79179754412786 0 -1 
1 42.111962253392633 -28.629444544127807 -1 0 
1 42.111962253392633 -28.629444544127807 -1 0 
1 40.006516253392633 -8.5936935441278308 -1 0 
1 40.006516253392633 -8.5936935441278308 -1 0 
1 39.531083253392637 -8.5936935441278308 -0.0071441712269130139 0.99997448008310719 
1 39.531083253392637 -8.5936935441278308 -0.0071441712269130139 0.99997448008310719 
1 39.51976125339263 -7.0089455441278403 1 0 
1 39.51976125339263 -7.0089455441278403 1 0 
1 42.75718725339263 -7.0089455441278403 0 -1 
1 42.75718725339263 -7.0089455441278403 0 -1 
1 42.75718725339263 -7.9145245441278291 -1 0 
1 42.75718725339263 -7.9145245441278291 -1 0 
1 40.47061225339263 -7.9145245441278291 0 -1 
1 40.47061225339263 -7.9145245441278291 0 -1 
1 40.47061225339263 -8.4239085441278405 -1 0 
1 40.47061225339263 -8.4239085441278405 -1 0 
1 40.006516253392633 -8.4239085441278405 0 -1 
1 40.006516253392633 -8.4239085441278405 0 -1 
1 56.442620253392647 6.2802994558721537 -1 0 
1 56.442620253392647 6.2802994558721537 -1 0 
1 55.695519253392632 6.2802994558721537 0 1 
1 55.695519253392632 6.2802994558721537 0 1 
1 55.695519253392632 7.412257455872151 1 0 
1 55.695519253392632 7.412257455872151 1 0 
1 56.510537253392641 7.412257455872151 -0.025637851973587037 0.99967129625001261 
1 56.510537253392641 7.412257455872151 -0.025637851973587037 0.99967129625001261 
1 56.487893253392627 8.2951924558721544 1 0 
1 56.487893253392627 8.2951924558721544 1 0 
1 56.940667253392633 8.2951924558721544 0 1 
1 56.940667253392633 8.2951924558721544 0 1 
1 56.940667253392633 8.5668594558721622 1 0 
1 56.940667253392633 8.5668594558721622 1 0 
1 57.461373253392622 8.5668594558721622 0 -1 
1 57.461373253392622 8.5668594558721622 0 -1 
1 57.461373253392622 7.8424034558721587 1 0 
1 57.461373253392622 7.8424034558721587 1 0 
1 57.665139253392624 7.8424034558721587 0 -1 
1 57.665139253392624 7.8424034558721587 0 -1 
1 57.665139253392624 7.1405904558721716 -1 0 
1 57.665139253392624 7.1405904558721716 -1 0 
1 57.393471253392647 7.1405904558721716 0 -1 
1 57.393471253392647 7.1405904558721716 0 -1 
1 57.393471253392647 5.6011154558721614 -1 0 
1 57.393471253392647 5.6011154558721614 -1 0 
1 56.985955253392632 5.6011154558721614 0 1 
1 56.985955253392632 5.6011154558721614 0 1 
1 56.985955253392632 5.7595934558721638 -1 0 
1 56.985955253392632 5.7595934558721638 -1 0 
1 56.442620253392647 5.7595934558721638 0 1 
1 56.442620253392647 5.7595934558721638 0 1 
1 -26.238737746607363 -1.0347485441278366 -0.25883209902444193 0.96592232840669012 
1 -26.238737746607363 -1.0347485441278366 -0.25883209902444193 0.96592232840669012 
1 -26.304808746607364 -0.7881815441278377 1 0 
1 -26.304808746607364 -0.7881815441278377 1 0 
1 -25.332228746607363 -0.7881815441278377 0 -1 
1 -25.332228746607363 -0.7881815441278377 0 -1 
1 -25.332228746607363 -1.0769235441278227 1 0 
1 -25.332228746607363 -1.0769235441278227 1 0 
1 -25.016001746607365 -1.0769235441278227 0 -1 
1 -25.016001746607365 -1.0769235441278227 0 -1 
1 -25.016001746607365 -1.5618025441278292 -1 0 
1 -25.016001746607365 -1.5618025441278292 -1 0 
1 -25.290064746607364 -1.5618025441278292 -0.50000387374520561 -0.86602316726504991 
1 -25.290064746607364 -1.5618025441278292 -0.50000387374520561 -0.86602316726504991 
1 -25.758170746607362 -2.3725775441278358 0 -1 
1 -25.758170746607362 -2.3725775441278358 0 -1 
1 -25.758170746607362 -2.8688545441278279 -1 0 
1 -25.758170746607362 -2.8688545441278279 -1 0 
1 -26.871188746607366 -2.8688545441278279 0 1 
1 -26.871188746607366 -2.8688545441278279 0 1 
1 -26.871188746607366 -2.0888405441278337 -1 0 
1 -26.871188746607366 -2.0888405441278337 -1 0 
1 -27.419310746607366 -2.0888405441278337 0 1 
1 -27.419310746607366 -2.0888405441278337 0 1 
1 -27.419310746607366 -1.7726175441278258 -1 0 
1 -27.419310746607366 -1.7726175441278258 -1 0 
1 -28.030680746607366 -1.7726175441278258 -0.028557105380121808 0.99959216270052298 
1 -28.030680746607366 -1.7726175441278258 -0.028557105380121808 0.99959216270052298 
1 -28.051760746607364 -1.0347485441278366 1 0 
1 -28.051760746607364 -1.0347485441278366 1 0 
1 39.440522253392643 -1.0321845441278299 -0.031824836994587234 0.99949346158455088 
1 39.440522253392643 -1.0321845441278299 -0.031824836994587234 0.99949346158455088 
1 39.383935253392636 0.74499145587216731 1 0 
1 39.383935253392636 0.74499145587216731 1 0 
1 42.689263253392639 0.74499145587216731 0 -1 
1 42.689263253392639 0.74499145587216731 0 -1 
1 42.689263253392639 -0.30772854412782635 -1 0 
1 42.689263253392639 -0.30772854412782635 -1 0 
1 40.481934253392637 -0.30772854412782635 0 -1 
1 40.481934253392637 -0.30772854412782635 0 -1 
1 40.481934253392637 -0.79446854412782386 -1 0 
1 40.481934253392637 -0.79446854412782386 -1 0 
1 39.893311253392639 -0.79446854412782386 0 -1 
1 39.893311253392639 -0.79446854412782386 0 -1 
1 39.893311253392639 -1.0321845441278299 -1 0 
1 39.893311253392639 -1.0321845441278299 -1 0 
1 -60.285406746607364 10.038417455872178 0 -1 
1 -60.285406746607364 10.038417455872178 0 -1 
1 -60.285406746607364 9.6082724558721679 1 0 
1 -60.285406746607364 9.6082724558721679 1 0 
1 -58.859133746607363 9.6082724558721679 0 -1 
1 -58.859133746607363 9.6082724558721679 0 -1 
1 -58.859133746607363 9.1328384558721609 -1 0 
1 -58.859133746607363 9.1328384558721609 -1 0 
1 -59.153443746607365 9.1328384558721609 0 -1 
1 -59.153443746607365 9.1328384558721609 0 -1 
1 -59.153443746607365 8.6574204558721704 -1 0 
1 -59.153443746607365 8.6574204558721704 -1 0 
1 -59.968457746607363 8.6574204558721704 0 -1 
1 -59.968457746607363 8.6574204558721704 0 -1 
1 -59.968457746607363 7.525447455872154 -1 0 
1 -59.968457746607363 7.525447455872154 -1 0 
1 -60.806109746607362 7.525447455872154 0 -1 
1 -60.806109746607362 7.525447455872154 0 -1 
1 -60.806109746607362 7.3669854558721681 -1 0 
1 -60.806109746607362 7.3669854558721681 -1 0 
1 -61.372090746607363 7.3669854558721681 0 1 
1 -61.372090746607363 7.3669854558721681 0 1 
1 -61.372090746607363 8.6347764558721565 0.9998702051761883 0.016111263169821758 
1 -61.372090746607363 8.6347764558721565 0.9998702051761883 0.016111263169821758 
1 -61.145756746607361 8.6384234558721573 -0.016127257174447594 0.9998699473311663 
1 -61.145756746607361 8.6384234558721573 -0.016127257174447594 0.9998699473311663 
1 -61.168337746607364 10.038417455872178 1 0 
1 -61.168337746607364 10.038417455872178 1 0 
1 -29.694388746607366 -6.725071544127843 -1 0 
1 -29.694388746607366 -6.725071544127843 -1 0 
1 -30.946574746607361 -6.725071544127843 0 1 
1 -30.946574746607361 -6.725071544127843 0 1 
1 -30.946574746607361 -5.2641945441278324 -1 0 
1 -30.946574746607361 -5.2641945441278324 -1 0 
1 -31.721739746607362 -5.2641945441278324 0 1 
1 -31.721739746607362 -5.2641945441278324 0 1 
1 -31.721739746607362 -4.041813544127848 1 0 
1 -31.721739746607362 -4.041813544127848 1 0 
1 -31.244715746607362 -4.041813544127848 0 1 
1 -31.244715746607362 -4.041813544127848 0 1 
1 -31.244715746607362 -3.4455455441278389 1 0 
1 -31.244715746607362 -3.4455455441278389 1 0 
1 -29.694388746607366 -3.4455455441278389 0 -1 
1 -29.694388746607366 -3.4455455441278389 0 -1 
1 -28.810702746607362 -1.0979965441278239 0 -1 
1 -28.810702746607362 -1.0979965441278239 0 -1 
1 -28.810702746607362 -1.8358655441278415 -1 0 
1 -28.810702746607362 -1.8358655441278415 -1 0 
1 -29.295580746607364 -1.8358655441278415 0 -1 
1 -29.295580746607364 -1.8358655441278415 0 -1 
1 -29.295580746607364 -2.1099135441278349 -1 0 
1 -29.295580746607364 -2.1099135441278349 -1 0 
1 -29.738295746607363 -2.1099135441278349 0 -1 
1 -29.738295746607363 -2.1099135441278349 0 -1 
1 -29.738295746607363 -2.7423745441278413 -1 0 
1 -29.738295746607363 -2.7423745441278413 -1 0 
1 -31.256174746607364 -2.7423745441278413 0 1 
1 -31.256174746607364 -2.7423745441278413 0 1 
1 -31.256174746607364 -2.278568544127836 -1 0 
1 -31.256174746607364 -2.278568544127836 -1 0 
1 -31.656725746607364 -2.278568544127836 0 1 
1 -31.656725746607364 -2.278568544127836 0 1 
1 -31.656725746607364 -1.8358655441278415 -1 0 
1 -31.656725746607364 -1.8358655441278415 -1 0 
1 -31.909708746607365 -1.8358655441278415 0 1 
1 -31.909708746607365 -1.8358655441278415 0 1 
1 -31.909708746607365 -1.4353065441278261 -1 0 
1 -31.909708746607365 -1.4353065441278261 -1 0 
1 -32.268095746607365 -1.4353065441278261 0 1 
1 -32.268095746607365 -1.4353065441278261 0 1 
1 -32.268095746607365 -0.99258854412784103 0.84226841123096474 0.53905836738006996 
1 -32.268095746607365 -0.99258854412784103 0.84226841123096474 0.53905836738006996 
1 -31.741053746607363 -0.65527754412784134 1 0 
1 -31.741053746607363 -0.65527754412784134 1 0 
1 -30.834544746607364 -0.65527754412784134 0 -1 
1 -30.834544746607364 -0.65527754412784134 0 -1 
1 -30.834544746607364 -1.0979965441278239 1 0 
1 -30.834544746607364 -1.0979965441278239 1 0 
1 23.971390253392642 13.261348455872167 0 1 
1 23.971390253392642 13.261348455872167 0 1 
1 23.971390253392642 16.463023455872161 -1 0 
1 23.971390253392642 16.463023455872161 -1 0 
1 23.619202253392643 16.463023455872161 0 1 
1 23.619202253392643 16.463023455872161 0 1 
1 23.619202253392643 17.167384455872167 1 0 
1 23.619202253392643 17.167384455872167 1 0 
1 24.003403253392634 17.167384455872167 -0.045401806697102635 0.99896880629408991 
1 24.003403253392634 17.167384455872167 -0.045401806697102635 0.99896880629408991 
1 23.971390253392642 17.871761455872161 1 0 
1 23.971390253392642 17.871761455872161 1 0 
1 24.739792253392636 17.871761455872161 0 -1 
1 24.739792253392636 17.871761455872161 0 -1 
1 24.739792253392636 13.453441455872166 -1 0 
1 24.739792253392636 13.453441455872166 -1 0 
1 24.419625253392638 13.453441455872166 0 -1 
1 24.419625253392638 13.453441455872166 0 -1 
1 24.419625253392638 13.261348455872167 -1 0 
1 24.419625253392638 13.261348455872167 -1 0 
1 -25.01359474660736 -37.045887544127822 0 1 
1 -25.01359474660736 -37.045887544127822 0 1 
1 -25.01359474660736 -34.51170754412783 1 0 
1 -25.01359474660736 -34.51170754412783 1 0 
1 -21.555170746607367 -34.51170754412783 0 -1 
1 -21.555170746607367 -34.51170754412783 0 -1 
1 -21.555170746607367 -37.045887544127822 -1 0 
1 -21.555170746607367 -37.045887544127822 -1 0 
1 -25.01359474660736 -32.27565454412786 0 1 
1 -25.01359474660736 -32.27565454412786 0 1 
1 -25.01359474660736 -29.741474544127811 1 0 
1 -25.01359474660736 -29.741474544127811 1 0 
1 -21.555170746607367 -29.741474544127811 0 -1 
1 -21.555170746607367 -29.741474544127811 0 -1 
1 -21.555170746607367 -32.27565454412786 -1 0 
1 -21.555170746607367 -32.27565454412786 -1 0 
1 -41.155230746607366 5.6011154558721614 1 0 
1 -41.155230746607366 5.6011154558721614 1 0 
1 -40.634528746607366 5.6011154558721614 0 -1 
1 -40.634528746607366 5.6011154558721614 0 -1 
1 -40.634528746607366 4.6729084558721752 -1 0 
1 -40.634528746607366 4.6729084558721752 -1 0 
1 -42.151358746607364 4.6729084558721752 0 1 
1 -42.151358746607364 4.6729084558721752 0 1 
1 -42.151358746607364 5.6690324558721557 1 0 
1 -42.151358746607364 5.6690324558721557 1 0 
1 -41.857050746607364 5.6690324558721557 0.007352995536266442 0.99997296636291311 
1 -41.857050746607364 5.6690324558721557 0.007352995536266442 0.99997296636291311 
1 -41.834410746607361 8.7479664558721595 1 0 
1 -41.834410746607361 8.7479664558721595 1 0 
1 -40.611891746607363 8.7479664558721595 0 -1 
1 -40.611891746607363 8.7479664558721595 0 -1 
1 -40.611891746607363 8.0235244558721774 -1 0 
1 -40.611891746607363 8.0235244558721774 -1 0 
1 -41.155230746607366 8.0235244558721774 0 -1 
1 -41.155230746607366 8.0235244558721774 0 -1 
1 -25.01359474660736 -39.90803954412786 0.99996747897815053 0.0080647991966456278 
1 -25.01359474660736 -39.90803954412786 0.99996747897815053 0.0080647991966456278 
1 -21.316660746607361 -39.87822354412782 0.0080631599928061119 -0.99996749219708658 
1 -21.316660746607361 -39.87822354412782 0.0080631599928061119 -0.99996749219708658 
1 -21.305842746607361 -41.219837544127813 -1 0 
1 -21.305842746607361 -41.219837544127813 -1 0 
1 -23.880663746607361 -41.219837544127813 0 -1 
1 -23.880663746607361 -41.219837544127813 0 -1 
1 -23.880663746607361 -42.472034544127837 -1 0 
1 -23.880663746607361 -42.472034544127837 -1 0 
1 -24.983778746607364 -42.472034544127837 -0.011627941644068969 0.9999323932012214 
1 -24.983778746607364 -42.472034544127837 -0.011627941644068969 0.9999323932012214 
1 57.733056253392647 15.788783455872164 -1 0 
1 57.733056253392647 15.788783455872164 -1 0 
1 57.461373253392622 15.788783455872164 0 -1 
1 57.461373253392622 15.788783455872164 0 -1 
1 57.461373253392622 15.064326455872163 -1 0 
1 57.461373253392622 15.064326455872163 -1 0 
1 56.329415253392625 15.064326455872163 0 1 
1 56.329415253392625 15.064326455872163 0 1 
1 56.329415253392625 15.403911455872162 -1 0 
1 56.329415253392625 15.403911455872162 -1 0 
1 54.880501253392623 15.403911455872162 0 1 
1 54.880501253392623 15.403911455872162 0 1 
1 54.880501253392623 15.856700455872158 1 0 
1 54.880501253392623 15.856700455872158 1 0 
1 56.284127253392626 15.856700455872158 0.031984997537166222 0.99948834907293815 
1 56.284127253392626 15.856700455872158 0.031984997537166222 0.99948834907293815 
1 56.374688253392634 18.68661045587217 1 0 
1 56.374688253392634 18.68661045587217 1 0 
1 57.438744253392628 18.68661045587217 0 -1 
1 57.438744253392628 18.68661045587217 0 -1 
1 57.438744253392628 16.467967455872156 1 0 
1 57.438744253392628 16.467967455872156 1 0 
1 57.733056253392647 16.467967455872156 0 -1 
1 57.733056253392647 16.467967455872156 0 -1 
1 20.945443253392639 -47.12242554412785 0 1 
1 20.945443253392639 -47.12242554412785 0 1 
1 20.945443253392639 -46.869312544127808 -1 0 
1 20.945443253392639 -46.869312544127808 -1 0 
1 20.854813253392635 -46.869312544127808 0.030849142156800343 0.99952405195082206 
1 20.854813253392635 -46.869312544127808 0.030849142156800343 0.99952405195082206 
1 20.870438253392635 -46.363056544127858 1 0 
1 20.870438253392635 -46.363056544127858 1 0 
1 26.801690253392636 -46.363056544127858 0 -1 
1 26.801690253392636 -46.363056544127858 0 -1 
1 26.801690253392636 -46.750568544127816 -1 0 
1 26.801690253392636 -46.750568544127816 -1 0 
1 26.520440253392636 -46.750568544127816 0 -1 
1 26.520440253392636 -46.750568544127816 0 -1 
1 26.520440253392636 -47.131519544127855 -0.99999866957694761 0.0016312094699131436 
1 26.520440253392636 -47.131519544127855 -0.99999866957694761 0.0016312094699131436 
1 40.556061253392642 -45.649463544127855 0 -1 
1 40.556061253392642 -45.649463544127855 0 -1 
1 40.556061253392642 -49.747608544127843 -1 0 
1 40.556061253392642 -49.747608544127843 -1 0 
1 39.419472253392641 -49.747608544127843 0 1 
1 39.419472253392641 -49.747608544127843 0 1 
1 39.419472253392641 -47.298328544127855 -1 0 
1 39.419472253392641 -47.298328544127855 -1 0 
1 37.690568253392641 -47.298328544127855 0 1 
1 37.690568253392641 -47.298328544127855 0 1 
1 37.690568253392641 -46.35384054412782 1 0 
1 37.690568253392641 -46.35384054412782 1 0 
1 39.467492253392635 -46.35384054412782 0.022729110901507053 0.99974166038913626 
1 39.467492253392635 -46.35384054412782 0.022729110901507053 0.99974166038913626 
1 39.483506253392633 -45.649463544127855 1 0 
1 39.483506253392633 -45.649463544127855 1 0 
1 -25.458716746607365 -47.604145544127846 0 1 
1 -25.458716746607365 -47.604145544127846 0 1 
1 -25.458716746607365 -46.887378544127841 1 0 
1 -25.458716746607365 -46.887378544127841 1 0 
1 -24.973837746607366 -46.887378544127841 0.017539701091187646 0.99984616761061396 
1 -24.973837746607366 -46.887378544127841 0.017539701091187646 0.99984616761061396 
1 -24.952757746607361 -45.685718544127838 1 0 
1 -24.952757746607361 -45.685718544127838 1 0 
1 -23.856509746607365 -45.685718544127838 0 -1 
1 -23.856509746607365 -45.685718544127838 0 -1 
1 -23.856509746607365 -46.191669544127819 1 0 
1 -23.856509746607365 -46.191669544127819 1 0 
1 -22.085650746607364 -46.191669544127819 0 -1 
1 -22.085650746607364 -46.191669544127819 0 -1 
1 -22.085650746607364 -49.480427544127849 -1 0 
1 -22.085650746607364 -49.480427544127849 -1 0 
1 -24.046244746607364 -49.480427544127849 0 -1 
1 -24.046244746607364 -49.480427544127849 0 -1 
1 -24.046244746607364 -49.775562544127808 -1 0 
1 -24.046244746607364 -49.775562544127808 -1 0 
1 -24.973837746607366 -49.775562544127808 -0.0057919731853507978 0.99998322638263293 
1 -24.973837746607366 -49.775562544127808 -0.0057919731853507978 0.99998322638263293 
1 -24.986414746607366 -47.604145544127846 -1 0 
1 -24.986414746607366 -47.604145544127846 -1 0 
1 36.463463253392632 -46.322010544127806 0 -1 
1 36.463463253392632 -46.322010544127806 0 -1 
1 36.463463253392632 -47.306843544127844 -1 0 
1 36.463463253392632 -47.306843544127844 -1 0 
1 34.867394253392632 -47.306843544127844 0 -1 
1 34.867394253392632 -47.306843544127844 0 -1 
1 34.867394253392632 -49.464680544127816 -1 0 
1 34.867394253392632 -49.464680544127816 -1 0 
1 33.033616253392637 -49.464680544127816 0 1 
1 33.033616253392637 -49.464680544127816 0 1 
1 33.033616253392637 -47.340778544127829 -1 0 
1 33.033616253392637 -47.340778544127829 -1 0 
1 32.444993253392639 -47.340778544127829 0 1 
1 32.444993253392639 -47.340778544127829 0 1 
1 32.444993253392639 -46.786121544127809 -1 0 
1 32.444993253392639 -46.786121544127809 -1 0 
1 32.139367253392635 -46.786121544127809 0 1 
1 32.139367253392635 -46.786121544127809 0 1 
1 32.139367253392635 -46.367298544127834 1 0 
1 32.139367253392635 -46.367298544127834 1 0 
1 32.954384253392632 -46.367298544127834 0.65618467093792177 0.75460034298036949 
1 32.954384253392632 -46.367298544127834 0.65618467093792177 0.75460034298036949 
1 33.407166253392631 -45.846607544127835 1 0 
1 33.407166253392631 -45.846607544127835 1 0 
1 34.210862253392634 -45.846607544127835 0.71538901026182722 -0.69872638707623136 
1 34.210862253392634 -45.846607544127835 0.71538901026182722 -0.69872638707623136 
1 34.697602253392631 -46.322010544127806 1 0 
1 34.697602253392631 -46.322010544127806 1 0 
1 -29.58656974660736 18.618694455872173 1 0 
1 -29.58656974660736 18.618694455872173 1 0 
1 -28.862116746607363 18.618694455872173 0.01315674057958053 -0.99991344634289303 
1 -28.862116746607363 18.618694455872173 0.01315674057958053 -0.99991344634289303 
1 -28.771559746607366 11.736354455872174 -0.99982851484774249 0.018518663487347268 
1 -28.771559746607366 11.736354455872174 -0.99982851484774249 0.018518663487347268 
1 -29.541029746607364 11.750606455872173 0.018516349107863102 0.99982855771162882 
1 -29.541029746607364 11.750606455872173 0.018516349107863102 0.99982855771162882 
1 -29.496012746607363 14.181392455872157 -1 0 
1 -29.496012746607363 14.181392455872157 -1 0 
1 -30.12991274660736 14.181392455872157 0 1 
1 -30.12991274660736 14.181392455872157 0 1 
1 -30.12991274660736 14.951137455872157 1 0 
1 -30.12991274660736 14.951137455872157 1 0 
1 -29.541293746607366 14.951137455872157 -0.012344061832932183 0.99992380916621082 
1 -29.541293746607366 14.951137455872157 -0.012344061832932183 0.99992380916621082 
1 -16.161703746607365 -47.498737544127835 0 -1 
1 -16.161703746607365 -47.498737544127835 0 -1 
1 -16.161703746607365 -50.682087544127853 -1 0 
1 -16.161703746607365 -50.682087544127853 -1 0 
1 -17.426600746607363 -50.682087544127853 0 1 
1 -17.426600746607363 -50.682087544127853 0 1 
1 -17.426600746607363 -49.459339544127829 -1 0 
1 -17.426600746607363 -49.459339544127829 -1 0 
1 -18.417441746607366 -49.459339544127829 0.019863394830407204 0.99980270330991372 
1 -18.417441746607366 -49.459339544127829 0.019863394830407204 0.99980270330991372 
1 -18.354197746607362 -46.276020544127846 1 0 
1 -18.354197746607362 -46.276020544127846 1 0 
1 -17.489848746607365 -46.276020544127846 0 -1 
1 -17.489848746607365 -46.276020544127846 0 -1 
1 -17.489848746607365 -46.507923544127834 1 0 
1 -17.489848746607365 -46.507923544127834 1 0 
1 -14.243269746607368 -46.507923544127834 0 -1 
1 -14.243269746607368 -46.507923544127834 0 -1 
1 -14.243269746607368 -46.908466544127862 -1 0 
1 -14.243269746607368 -46.908466544127862 -1 0 
1 -14.454089746607366 -46.908466544127862 0 -1 
1 -14.454089746607366 -46.908466544127862 0 -1 
1 -14.454089746607366 -47.498737544127835 -1 0 
1 -14.454089746607366 -47.498737544127835 -1 0 
1 -10.382582746607369 5.3852194558721749 1 0 
1 -10.382582746607369 5.3852194558721749 1 0 
1 -10.094427746607366 5.3852194558721749 0.0082155684796635028 0.9999662516478024 
1 -10.094427746607366 5.3852194558721749 0.0082155684796635028 0.9999662516478024 
1 -10.026251746607358 13.683330455872152 1 0 
1 -10.026251746607358 13.683330455872152 1 0 
1 -9.0301277466073628 13.683330455872152 -0.032392740364142726 -0.99947521748750801 
1 -9.0301277466073628 13.683330455872152 -0.032392740364142726 -0.99947521748750801 
1 -9.1019127466073684 11.468410455872174 1 0 
1 -9.1019127466073684 11.468410455872174 1 0 
1 -8.6856907466073636 11.468410455872174 0 -1 
1 -8.6856907466073636 11.468410455872174 0 -1 
1 -8.6856907466073636 10.507899455872177 -1 0 
1 -8.6856907466073636 10.507899455872177 -1 0 
1 -9.1019127466073684 10.507899455872177 -0.0062491459374493944 -0.99998047389689193 
1 -9.1019127466073684 10.507899455872177 -0.0062491459374493944 -0.99998047389689193 
1 -9.1339257466073605 5.3852194558721749 0.9899515254610598 -0.14140713290821241 
1 -9.1339257466073605 5.3852194558721749 0.9899515254610598 -0.14140713290821241 
1 -8.9098117466073603 5.3532064558721686 0 -1 
1 -8.9098117466073603 5.3532064558721686 0 -1 
1 -8.9098117466073603 4.6488304558721723 -1 0 
1 -8.9098117466073603 4.6488304558721723 -1 0 
1 -10.382582746607369 4.6488304558721723 0 1 
1 -10.382582746607369 4.6488304558721723 0 1 
1 51.235589253392646 -7.0202675441278473 0 -1 
1 51.235589253392646 -7.0202675441278473 0 -1 
1 51.235589253392646 -7.8579295441278418 -1 0 
1 51.235589253392646 -7.8579295441278418 -1 0 
1 47.171837253392638 -7.8579295441278418 0 -1 
1 47.171837253392638 -7.8579295441278418 0 -1 
1 47.171837253392638 -10.246357544127846 -1 0 
1 47.171837253392638 -10.246357544127846 -1 0 
1 46.424744253392632 -10.246357544127846 0.0048086556373200008 0.99998843834864504 
1 46.424744253392632 -10.246357544127846 0.0048086556373200008 0.99998843834864504 
1 46.436066253392639 -7.8918805441278437 -1 0 
1 46.436066253392639 -7.8918805441278437 -1 0 
1 44.194771253392631 -7.8918805441278437 0 1 
1 44.194771253392631 -7.8918805441278437 0 1 
1 44.194771253392631 -7.0202675441278473 1 0 
1 44.194771253392631 -7.0202675441278473 1 0 
1 46.436066253392639 -7.0202675441278473 0 1 
1 46.436066253392639 -7.0202675441278473 0 1 
1 46.436066253392639 -5.990177544127846 1 0 
1 46.436066253392639 -5.990177544127846 1 0 
1 47.11523525339264 -5.990177544127846 0 -1 
1 47.11523525339264 -5.990177544127846 0 -1 
1 47.11523525339264 -7.0202675441278473 1 0 
1 47.11523525339264 -7.0202675441278473 1 0 
1 46.005913253392634 -31.14589354412783 -1 0 
1 46.005913253392634 -31.14589354412783 -1 0 
1 45.294541253392637 -31.14589354412783 0 1 
1 45.294541253392637 -31.14589354412783 0 1 
1 45.294541253392637 -28.60680054412785 -0.99999524189157363 0.0030848329311827759 
1 45.294541253392637 -28.60680054412785 -0.99999524189157363 0.0030848329311827759 
1 43.26656425339263 -28.600544544127843 0 1 
1 43.26656425339263 -28.600544544127843 0 1 
1 43.26656425339263 -27.769153544127846 1 0 
1 43.26656425339263 -27.769153544127846 1 0 
1 51.235589253392646 -27.769153544127846 0 -1 
1 51.235589253392646 -27.769153544127846 0 -1 
1 51.235589253392646 -28.60680054412785 -1 0 
1 51.235589253392646 -28.60680054412785 -1 0 
1 46.005913253392634 -28.60680054412785 0 -1 
1 46.005913253392634 -28.60680054412785 0 -1 
1 36.203118253392631 4.9219474558721572 -1 0 
1 36.203118253392631 4.9219474558721572 -1 0 
1 33.926461253392631 4.9219474558721572 0 -1 
1 33.926461253392631 4.9219474558721572 0 -1 
1 33.926461253392631 4.1974904558721562 -1 0 
1 33.926461253392631 4.1974904558721562 -1 0 
1 32.920426253392634 4.1974904558721562 -0.70711209758901161 0.70710146474411173 
1 32.920426253392634 4.1974904558721562 -0.70711209758901161 0.70710146474411173 
1 32.388405253392634 4.7295034558721625 0 1 
1 32.388405253392634 4.7295034558721625 0 1 
1 32.388405253392634 5.6690324558721557 1 0 
1 32.388405253392634 5.6690324558721557 1 0 
1 32.875145253392631 5.6690324558721557 -0.0028991445590105451 0.9999957974715824 
1 32.875145253392631 5.6690324558721557 -0.0028991445590105451 0.9999957974715824 
1 32.852501253392631 13.47957945587217 1 0 
1 32.852501253392631 13.47957945587217 1 0 
1 33.644875253392641 13.47957945587217 0 -1 
1 33.644875253392641 13.47957945587217 0 -1 
1 33.644875253392641 5.714320455872155 1 0 
1 33.644875253392641 5.714320455872155 1 0 
1 36.203118253392631 5.714320455872155 0 -1 
1 36.203118253392631 5.714320455872155 0 -1 
1 -20.422240746607365 -27.058216544127845 -1 0 
1 -20.422240746607365 -27.058216544127845 -1 0 
1 -25.04340674660736 -27.058216544127845 0 1 
1 -25.04340674660736 -27.058216544127845 0 1 
1 -25.04340674660736 -19.189487544127843 0.29293010559837346 0.95613385738301626 
1 -25.04340674660736 -19.189487544127843 0.29293010559837346 0.95613385738301626 
1 -24.357684746607362 -16.95126754412783 1 0 
1 -24.357684746607362 -16.95126754412783 1 0 
1 -20.422240746607365 -16.95126754412783 0 -1 
1 -20.422240746607365 -16.95126754412783 0 -1 
1 3.2023470511792063 1.1921474891128128 0 1 
1 -52.497500746607365 9.4724384558721511 0 1 
1 -52.497500746607365 9.4724384558721511 0 1 
1 3.2023470511792063 1.5770044891128236 -1 0 
1 -52.497500746607365 9.8572954558721619 1 0 
1 -52.497500746607365 9.8572954558721619 1 0 
1 2.2967780511792064 1.5770044891128236 0 -1 
1 -51.591931746607365 9.8572954558721619 0 -1 
1 -51.591931746607365 9.8572954558721619 0 -1 
1 2.2967780511792064 1.2147764891128361 -0.99996037978001462 -0.0089016217740932272 
1 -51.591931746607365 9.4950674558721744 0.99996037978001462 -0.0089016217740932272 
1 -51.591931746607365 9.4950674558721744 0.99996037978001462 -0.0089016217740932272 
1 -5.3326529488207974 1.1468594891128134 0 -1 
1 -43.962500746607361 9.4271504558721517 0 -1 
1 -43.962500746607361 9.4271504558721517 0 -1 
1 -5.3326529488207974 -2.7018195108871623 -1 0 
1 -43.962500746607361 5.578471455872176 1 0 
1 -43.962500746607361 5.578471455872176 1 0 
1 -5.7401579488207979 -2.7018195108871623 0 -1 
1 -43.554995746607361 5.578471455872176 0 -1 
1 -43.554995746607361 5.578471455872176 0 -1 
1 -5.7401579488207979 -3.6979435108871712 1 0 
1 -43.554995746607361 4.5823474558721671 -1 0 
1 -43.554995746607361 4.5823474558721671 -1 0 
1 -5.0609819488207926 -3.6979435108871712 0 -1 
1 -44.234171746607366 4.5823474558721671 0 -1 
1 -44.234171746607366 4.5823474558721671 0 -1 
1 -5.0609819488207926 -3.9696105108871791 1 0 
1 -44.234171746607366 4.3106804558721592 -1 0 
1 -44.234171746607366 4.3106804558721592 -1 0 
1 -4.5176389488207924 -3.9696105108871791 0 1 
1 -44.777514746607366 4.3106804558721592 0 1 
1 -44.777514746607366 4.3106804558721592 0 1 
1 -4.5176389488207924 -3.5847385108871777 -1 0 
1 -44.777514746607366 4.6955524558721606 1 0 
1 -44.777514746607366 4.6955524558721606 1 0 
1 -4.7893099488207973 -3.5847385108871777 0 1 
1 -44.505843746607361 4.6955524558721606 0 1 
1 -44.505843746607361 4.6955524558721606 0 1 
1 -4.7893099488207973 0.16159948911283095 1 0 
1 -44.505843746607361 8.4418904558721692 -1 0 
1 -44.505843746607361 8.4418904558721692 -1 0 
1 -0.41993294882079368 0.16159948911283095 0 -1 
1 -48.875220746607368 8.4418904558721692 0 -1 
1 -48.875220746607368 8.4418904558721692 0 -1 
1 -0.41993294882079368 -0.098303510887177481 1 0 
1 -48.875220746607368 8.1819874558721608 -1 0 
1 -48.875220746607368 8.1819874558721608 -1 0 
1 0.34980205117920349 -0.098303510887177481 0 1 
1 -49.644955746607366 8.1819874558721608 0 1 
1 -49.644955746607366 8.1819874558721608 0 1 
1 0.34980205117920349 0.24129648911281265 1 0 
1 -49.644955746607366 8.5215874558721509 -1 0 
1 -49.644955746607366 8.5215874558721509 -1 0 
1 8.1829850511792053 0.24129648911281265 0 1 
1 -57.478138746607364 8.5215874558721509 0 1 
1 -57.478138746607364 8.5215874558721509 0 1 
1 8.1829850511792053 0.87519148911283651 1 0 
1 -57.478138746607364 9.1554824558721748 -1 0 
1 -57.478138746607364 9.1554824558721748 -1 0 
1 8.4546570511792041 0.87519148911283651 0 1 
1 -57.749810746607366 9.1554824558721748 0 1 
1 -57.749810746607366 9.1554824558721748 0 1 
1 8.4546570511792041 1.3506104891128246 -0.99954519137733155 -0.030156432057749438 
1 -57.749810746607366 9.6309014558721628 0.99954519137733155 -0.030156432057749438 
1 -57.749810746607366 9.6309014558721628 0.99954519137733155 -0.030156432057749438 
Curves 1866
1 141.02525299999999 -215.412994 0 -0.99889443030602387 0.047009755408893614 0 
1 135.86968999999999 -215.17036400000001 0 -1.9352224833381287e-05 -0.99999999981274557 0 
1 135.86965900000001 -216.77224699999999 0 -0.99954128329104686 0.030285689638627281 0 
1 134.81310999999999 -216.74023399999999 0 0 1 0 
1 134.81310999999999 -215.18742399999999 0 -0.99901554698566797 0.044361434613036425 0 
1 129.08210800000001 -214.93293800000001 0 0.0082545142357525868 -0.99996593091701458 0 
1 129.12762499999999 -220.446945 0 0.99987231868036897 -0.015979559967113803 0 
1 132.875122 -220.50683599999999 0 -0.099526783349465978 -0.99503488350716052 0 
1 132.82983400000001 -220.95961 0 -1 0 0 
1 132.39970400000001 -220.95961 0 0 -1 0 
1 132.39970400000001 -222.25006099999999 0 0.89442719099990353 -0.44721359549998291 0 
1 133.21470600000001 -222.65756200000001 0 1 0 0 
1 134.82209800000001 -222.65756200000001 0 0 1 0 
1 134.82209800000001 -222.34060700000001 0 1 0 0 
1 135.908783 -222.34060700000001 0 0 -1 0 
1 135.908783 -224.40078700000001 0 1 0 0 
1 136.11253400000001 -224.40078700000001 0 0 -1 0 
1 136.11253400000001 -224.76301599999999 0 1 0 0 
1 137.94631999999999 -224.76301599999999 0 0 -1 0 
1 137.94631999999999 -225.261078 0 -1 0 0 
1 135.908783 -225.261078 0 0 -1 0 
1 135.908783 -226.57415800000001 0 -1 0 0 
1 135.38807700000001 -226.57415800000001 0 0 1 0 
1 135.38807700000001 -226.37039200000001 0 -1 0 0 
1 134.91265899999999 -226.37039200000001 0 0 1 0 
1 134.91265899999999 -223.29145800000001 0 -1 0 0 
1 133.01095599999999 -223.29145800000001 0 -0.85478807069427754 0.51897721934469809 0 
1 131.74316400000001 -222.52172899999999 0 0 1 0 
1 131.74316400000001 -221.25392199999999 0 -1 0 0 
1 127.35114299999999 -221.25392199999999 0 0 -1 0 
1 127.35114299999999 -228.92863500000001 0 1 0 0 
1 132.988327 -228.92863500000001 0 0 -1 0 
1 132.988327 -230.03796399999999 0 -1 0 0 
1 125.49472 -230.03796399999999 0 0 -1 0 
1 125.49472 -232.00756799999999 0 -1 0 0 
1 124.838188 -232.00756799999999 0 0 1 0 
1 124.838188 -230.03796399999999 0 -1 0 0 
1 118.83878300000001 -230.03796399999999 0 0 -1 0 
1 118.83878300000001 -231.690628 0 -1 0 0 
1 118.295441 -231.690628 0 0 -1 0 
1 118.295441 -231.89437899999999 0 -1 0 0 
1 117.88793200000001 -231.89437899999999 0 0 1 0 
1 117.88793200000001 -231.48687699999999 0 -1 0 0 
1 115.94096399999999 -231.48687699999999 0 0 1 0 
1 115.94096399999999 -230.60394299999999 0 1 0 0 
1 117.480431 -230.60394299999999 0 0 1 0 
1 117.480431 -221.661438 0 -1 0 0 
1 112.884659 -221.661438 0 0.027022511446402008 0.99963482526126957 0 
1 112.907303 -220.82377600000001 0 1 0 0 
1 117.163483 -220.82377600000001 0 0 1 0 
1 117.163483 -220.59738200000001 0 1 0 0 
1 119.540604 -220.59738200000001 0 0 1 0 
1 119.540604 -220.30306999999999 0 1 0 0 
1 119.970749 -220.30306999999999 0 -0.49160003652393802 0.87082110912038801 0 
1 119.17836800000001 -218.89944499999999 0 0 1 0 
1 119.17836800000001 -218.152344 0 1 0 0 
1 119.67643700000001 -218.152344 0 0.48889383794716718 -0.87234328977604292 0 
1 120.831039 -220.212524 0 0 -1 0 
1 120.831039 -221.23129299999999 0 -1 0 0 
1 120.423531 -221.23129299999999 0 0 -1 0 
1 120.423531 -224.35549900000001 0 -1 0 0 
1 119.472679 -224.35549900000001 0 0 1 0 
1 119.472679 -221.684067 0 -1 0 0 
1 118.340721 -221.684067 0 0 -1 0 
1 118.340721 -228.65696700000001 0 1 0 0 
1 119.40476200000001 -228.65696700000001 0 0 1 0 
1 119.40476200000001 -227.36653100000001 0 1 0 0 
1 119.857552 -227.36653100000001 0 0 -1 0 
1 119.857552 -227.615555 0 1 0 0 
1 120.33297 -227.615555 0 0 -1 0 
1 120.33297 -228.70223999999999 0 1 0 0 
1 125.811668 -228.70223999999999 0 0 1 0 
1 125.811668 -221.163376 0 -1 0 0 
1 122.959129 -221.163376 0 0 1 0 
1 122.959129 -220.34835799999999 0 0.99987247647868704 -0.015969683164583828 0 
1 123.36422 -220.354828 0 -0.019656461912978505 0.99980679308807652 0 
1 123.25507399999999 -214.803223 0 -0.99949967983412069 0.031628942623649958 0 
1 118.19641900000001 -214.64314300000001 0 -0.017061994941400108 -0.99985443356951698 0 
1 118.11637899999999 -219.33358799999999 0 -1 0 0 
1 116.979782 -219.33358799999999 0 0 1 0 
1 116.979782 -214.57910200000001 0 -0.99955031219357027 0.029986220064160966 0 
1 112.177269 -214.43502799999999 0 -0.0050006004104511627 -0.99998749691960398 0 
1 112.145248 -220.838379 0 1 0 0 
1 112.385384 -220.838379 0 0.020400950544230283 -0.99979187895126054 0 
1 112.40139000000001 -221.62278699999999 0 -1 0 0 
1 112.12925 -221.62278699999999 0 0 -1 0 
1 112.12925 -221.974976 0 -1 0 0 
1 111.104713 -221.974976 0 -0.043452178617251251 0.99905550805418941 0 
1 111.08869900000001 -221.60678100000001 0 -0.99990085652377103 -0.014081090974393959 0 
1 109.95211 -221.62278699999999 0 0 1 0 
1 109.95211 -220.87039200000001 0 0.99974189342957176 -0.022718858286782384 0 
1 111.36084 -220.90240499999999 0 -0.0049013382686175265 0.99998798836944858 0 
1 111.328827 -214.371002 0 -0.99983166748932462 0.018347661581706559 0 
1 107.83899700000001 -214.306961 0 -0.0098263806875580496 -0.99995171995581034 0 
1 107.77497099999999 -220.822372 0 0.99975063892842231 -0.022330695515617303 0 
1 109.222572 -220.85470599999999 0 -0.04756764993154336 -0.99886801864910568 0 
1 109.183708 -221.670807 0 -0.99886841500179968 0.047559326233584678 0 
1 107.83899700000001 -221.60678100000001 0 0 -1 0 
1 107.83899700000001 -230.660538 0 1 0 0 
1 108.08512899999999 -230.660538 0 0 -1 0 
1 108.08512899999999 -231.452911 0 -1 0 0 
1 102.063095 -231.452911 0 0 1 0 
1 102.063095 -230.62657200000001 0 1 0 0 
1 102.17628499999999 -230.62657200000001 0 0 1 0 
1 102.17628499999999 -227.47972100000001 0 1 0 0 
1 103.149773 -227.47972100000001 0 0 -1 0 
1 103.149773 -230.60394299999999 0 1 0 0 
1 106.885254 -230.60394299999999 0 0 1 0 
1 106.885254 -225.17051699999999 0 -1 0 0 
1 103.942154 -225.17051699999999 0 0 1 0 
1 103.942154 -224.78564499999999 0 1 0 0 
1 106.930527 -224.78564499999999 0 0 1 0 
1 106.930527 -214.25839199999999 0 -0.99873673636731941 0.050248695807508487 0 
1 103.330887 -214.07728599999999 0 0 -1 0 
1 103.330887 -217.314697 0 -0.99971655220962241 0.023807881848357946 0 
1 102.380043 -217.29205300000001 0 0 1 0 
1 102.380043 -213.08114599999999 0 -0.99943340795672841 0.033658031136708517 0 
1 93.641289 -212.78684999999999 0 -0.0047856433910358313 -0.99998854874310128 0 
1 93.618645000000001 -217.51844800000001 0 -1 0 0 
1 92.758353999999997 -217.51844800000001 0 0 1 0 
1 92.758353999999997 -213.60185200000001 0 -1 0 0 
1 90.177482999999995 -213.60185200000001 0 0 -1 0 
1 90.177482999999995 -216.99774199999999 0 -1 0 0 
1 89.520943000000003 -216.99774199999999 0 0 1 0 
1 89.520943000000003 -216.861908 0 -1 0 0 
1 88.072029000000001 -216.861908 0 0 1 0 
1 88.072029000000001 -216.137451 0 1 0 0 
1 89.339827999999997 -216.137451 0 0 1 0 
1 89.339827999999997 -213.55658 0 -0.99942869102495646 0.033797804013605527 0 
1 86.996666000000005 -213.477341 0 0.0083667294803189442 -0.99996499830634222 0 
1 87.019301999999996 -216.18272400000001 0 0.99959299556278169 0.028527937566969187 0 
1 87.415488999999994 -216.17141699999999 0 0 -1 0 
1 87.415488999999994 -216.77134699999999 0 -1 0 0 
1 87.041945999999996 -216.77134699999999 0 0 -1 0 
1 87.041945999999996 -217.07698099999999 0 -1 0 0 
1 86.408043000000006 -217.07698099999999 0 0 1 0 
1 86.408043000000006 -216.77134699999999 0 -1 0 0 
1 85.604354999999998 -216.77134699999999 0 0 1 0 
1 85.604354999999998 -216.04688999999999 0 1 0 0 
1 86.034499999999994 -216.04688999999999 0 0.00421766685462697 0.9999911056035965 0 
1 86.045815000000005 -213.36415099999999 0 -0.9997532038996233 0.022215564193563148 0 
1 83.906807000000001 -213.31662 0 -0.0084738824089415059 -0.99996409601391167 0 
1 83.883765999999994 -216.035583 0 0.99996417277325178 -0.0084648195436268503 0 
1 85.219481999999999 -216.04688999999999 0 0 -1 0 
1 85.219481999999999 -216.79399100000001 0 -0.99938187456666694 0.035154925510016796 0 
1 82.966881000000001 -216.714752 0 0.029395044694348345 0.99956787230653688 0 
1 82.989517000000006 -215.94502299999999 0 0.99805176359681813 0.062391322964663806 0 
1 83.170631 -215.93370100000001 0 0.012929966635688442 0.99991640448729513 0 
1 83.204589999999996 -213.30754099999999 0 -0.99860335287055324 0.052833167950536372 0 
1 81.065178000000003 -213.19435100000001 0 0 -1 0 
1 81.065178000000003 -215.911057 0 1 0 0 
1 82.502769000000001 -215.911057 0 0 -1 0 
1 82.502769000000001 -216.669479 0 -0.99986989731715237 0.016130357683181818 0 
1 80.397323999999998 -216.635513 0 0 1 0 
1 80.397323999999998 -213.20567299999999 0 -0.9994798981811247 0.032247994229854783 0 
1 79.344596999999993 -213.171707 0 -0.0082798271427134331 -0.99996572164374053 0 
1 79.207618999999994 -229.71472199999999 0 0.99996575687258926 -0.0082755714140943931 0 
1 79.967178000000004 -229.72100800000001 0 0.0080406322379110856 0.99996767359410899 0 
1 79.990013000000005 -226.88114899999999 0 0.99980039226344342 -0.019979380117130626 0 
1 80.487876999999997 -226.891098 0 -0.019995771647855296 -0.99980006457101545 0 
1 80.419960000000003 -230.28698700000001 0 -1 0 0 
1 79.202872999999997 -230.28698700000001 0 -0.0082733939884898928 -0.99996577489027649 0 
1 79.197440999999998 -230.94352699999999 0 0.99992376873650957 0.01234733638382347 0 
1 81.031218999999993 -230.920883 0 0.027024219744722241 0.99963477908043441 0 
1 81.053864000000004 -230.083237 0 0.99936257917599502 -0.035699234483432207 0 
1 81.687759 -230.10588100000001 0 0.030286534263882944 -0.99954125769889191 0 
1 81.710396000000003 -230.85296600000001 0 0.99987270712675913 0.015955235598576832 0 
1 85.966576000000003 -230.78504899999999 0 -0.029986297369579994 0.99955030987442706 0 
1 85.898658999999995 -228.52113299999999 0 -1 0 0 
1 81.733040000000003 -228.52113299999999 0 0 -1 0 
1 81.733040000000003 -229.404053 0 -1 0 0 
1 81.121780000000001 -229.404053 0 -0.024684762980939381 0.99969528481261472 0 
1 81.076499999999996 -227.57028199999999 0 1 0 0 
1 81.642478999999994 -227.57028199999999 0 0.04757573061978617 -0.99886763380139287 0 
1 81.665122999999994 -228.04570000000001 0 0.99987405013235153 0.015870849754432412 0 
1 85.943939 -227.97778299999999 0 0 1 0 
1 85.943939 -225.75914 0 -0.99998569594972353 0.005348634961095099 0 
1 81.710396000000003 -225.73649599999999 0 0 -1 0 
1 81.710396000000003 -226.75526400000001 0 -0.99931454707927214 0.03701940026188013 0 
1 81.099136000000001 -226.73262 0 -0.048715693706927903 0.99881268573574533 0 
1 81.053864000000004 -225.80441300000001 0 -0.99944541969436318 0.03329944521997992 0 
1 80.374679999999998 -225.78178399999999 0 -0.006943580489002843 0.99997589305442403 0 
1 80.352042999999995 -222.52172899999999 0 1 0 0 
1 81.076499999999996 -222.52172899999999 0 0 -1 0 
1 81.076499999999996 -224.491333 0 0.99995792887023471 0.0091728125212752493 0 
1 86.011855999999995 -224.44605999999999 0 0 1 0 
1 86.011855999999995 -221.729355 0 -0.99973703804375624 0.022931523357532266 0 
1 81.076499999999996 -221.61615 0 0 -1 0 
1 81.076499999999996 -221.97837799999999 0 -1 0 0 
1 80.397323999999998 -221.97837799999999 0 0 1 0 
1 80.397323999999998 -219.12583900000001 0 1 0 0 
1 81.099136000000001 -219.12583900000001 0 0.011629557162604472 -0.99993237441349081 0 
1 81.121780000000001 -221.07281499999999 0 1 0 0 
1 86.034499999999994 -221.07281499999999 0 -0.0089300780976993861 0.99996012605761875 0 
1 86.011855999999995 -218.537216 0 -0.99973943276235289 0.022826882836006177 0 
1 81.053864000000004 -218.42401100000001 0 0 -1 0 
1 81.053864000000004 -218.74096700000001 0 -0.99940575345705851 0.034469406100611187 0 
1 80.397323999999998 -218.718323 0 0 1 0 
1 80.397323999999998 -217.812759 0 0.99961142733106434 -0.027874618367831335 0 
1 86.464645000000004 -217.98194899999999 0 0 1 0 
1 86.464645000000004 -217.69955400000001 0 0.99999997901346671 0.00020487329332862306 0 
1 87.060135000000002 -217.699432 0 0.017848189389685562 -0.99984070838084482 0 
1 87.064987000000002 -217.971237 0 1 0 0 
1 91.626396 -217.971237 0 0.021497756423363271 -0.99976889652997403 0 
1 91.671668999999994 -220.07669100000001 0 -1 0 0 
1 90.879294999999999 -220.07669100000001 0 0 1 0 
1 90.879294999999999 -218.58248900000001 0 -1 0 0 
1 87.075905000000006 -218.58248900000001 0 0.017852107223538916 -0.99984063843578552 0 
1 87.121178 -221.118088 0 0.99993162662963397 0.011693676317326865 0 
1 90.992492999999996 -221.07281499999999 0 -0.062372110813183779 0.99805296442258407 0 
1 90.969855999999993 -220.710587 0 0.9995409839620456 0.030295567005513675 0 
1 91.716949 -220.68794299999999 0 0.016527581946212819 -0.9998634101891174 0 
1 91.762230000000002 -223.42729199999999 0 -1 0 0 
1 90.992492999999996 -223.42729199999999 0 0 1 0 
1 90.992492999999996 -221.684067 0 -1 0 0 
1 87.053261000000006 -221.684067 0 0 -1 0 
1 87.053261000000006 -224.51397700000001 0 1 0 0 
1 90.969855999999993 -224.51397700000001 0 0 1 0 
1 90.969855999999993 -224.01591500000001 0 1 0 0 
1 91.784865999999994 -224.01591500000001 0 0 -1 0 
1 91.784865999999994 -224.536621 0 1 0 0 
1 92.848915000000005 -224.536621 0 0 1 0 
1 92.848915000000005 -218.763611 0 1 0 0 
1 93.618645000000001 -218.763611 0 0 -1 0 
1 93.618645000000001 -219.17111199999999 0 1 0 0 
1 93.980873000000003 -219.17111199999999 0 0 -1 0 
1 93.980873000000003 -219.85029599999999 0 -1 0 0 
1 93.641289 -219.85029599999999 0 0 -1 0 
1 93.641289 -225.01203899999999 0 1 0 0 
1 94.003517000000002 -225.01203899999999 0 0 -1 0 
1 94.003517000000002 -225.87233000000001 0 -1 0 0 
1 93.731842 -225.87233000000001 0 0 -1 0 
1 93.731842 -226.709991 0 -1 0 0 
1 92.803635 -226.709991 0 0 1 0 
1 92.803635 -225.64593500000001 0 -1 0 0 
1 86.985343999999998 -225.64593500000001 0 0 -1 0 
1 86.985343999999998 -230.739777 0 1 0 0 
1 87.755081000000004 -230.739777 0 0 -1 0 
1 87.755081000000004 -231.64534 0 -1 0 0 
1 77.907004999999998 -231.64534 0 0 1 0 
1 77.907004999999998 -230.888443 0 1 0 0 
1 78.039398000000006 -230.888443 0 0.015506525893647984 0.99987976659931943 0 
1 78.314507000000006 -213.149078 0 -0.99951456631481272 0.031154963079926244 0 
1 69.598395999999994 -212.877396 0 -0.011080133831054773 -0.99993861343298751 0 
1 69.507835 -221.05017100000001 0 -0.99972957938689988 -0.023254421061218368 0 
1 68.534347999999994 -221.07281499999999 0 -0.0027319588633410085 0.99999626819342124 0 
1 68.511711000000005 -212.78684999999999 0 -0.99965208427932428 0.026376322639868881 0 
1 59.931431000000003 -212.56045499999999 0 -0.013562216324624569 -0.99990802891484187 0 
1 59.682400000000001 -230.920883 0 1 0 0 
1 59.840873999999999 -230.920883 0 0.048723443927405477 -0.99881230769942608 0 
1 59.886153999999998 -231.84910600000001 0 -0.99994457975944795 0.010527934731038698 0 
1 57.735424000000002 -231.82646199999999 0 0 1 0 
1 57.735424000000002 -230.920883 0 1 0 0 
1 58.663631000000002 -230.920883 0 0 1 0 
1 58.663631000000002 -222.27269000000001 0 -1 0 0 
1 56.331791000000003 -222.27269000000001 0 0 1 0 
1 56.331791000000003 -221.48031599999999 0 1 0 0 
1 58.663631000000002 -221.48031599999999 0 0.020300504285882238 0.99979392352911356 0 
1 58.844746000000001 -212.56045499999999 0 -0.9995305369084142 0.030638305886212861 0 
1 52.935901999999999 -212.379333 0 -0.014886946482720809 -0.99988918327203669 0 
1 52.800063999999999 -221.50296 0 0.99995679259339243 0.0092958564067671459 0 
1 55.229320999999999 -221.480377 0 -0.0091758291559796475 -0.99995790119349537 0 
1 55.222465999999997 -222.227417 0 -0.99995790102320381 0.0091758477138976866 0 
1 52.754787 -222.20477299999999 0 -0.0052632562926762348 -0.99998614897067328 0 
1 52.709507000000002 -230.807693 0 1 0 0 
1 53.728274999999996 -230.807693 0 -0.066521025666182967 -0.99778502351173781 0 
1 53.660355000000003 -231.82646199999999 0 -1 0 0 
1 51.351151000000002 -231.82646199999999 0 0.02127256080647497 0.99977371347557187 0 
1 51.373790999999997 -230.76242099999999 0 0.99905576009836894 0.043446383212764568 0 
1 51.894492999999997 -230.739777 0 -0.0098020411104106885 0.99995195884105847 0 
1 51.871856999999999 -228.43057300000001 0 -0.99852621292464261 0.054271558871762451 0 
1 49.856960000000001 -228.32105999999999 0 0 -1 0 
1 49.856960000000001 -229.22294600000001 0 -0.99654546098751284 0.083049046865005027 0 
1 48.770274999999998 -229.132385 0 0 1 0 
1 48.770274999999998 -228.43057300000001 0 -1 0 0 
1 48.023181999999998 -228.43057300000001 0 0.0001373300207161339 0.9999999905702327 0 
1 48.023288999999998 -227.65142800000001 0 0.99993682354260938 -0.011240503703861874 0 
1 48.860832000000002 -227.660843 0 0.011176888182368065 0.99993753663444351 0 
1 48.883471999999998 -225.63536099999999 0 0.99994101399485591 -0.010861331913697132 0 
1 49.856960000000001 -225.64593500000001 0 -0.01086729001594287 -0.99994094926035981 0 
1 49.834324000000002 -227.72875999999999 0 0.99993400722756465 -0.011488306656106628 0 
1 51.803936 -227.75138899999999 0 0.016150821829214228 0.99986956697073293 0 
1 52.052970999999999 -212.33406099999999 0 -0.99907624073193946 0.042972842644344068 0 
1 49.947516999999998 -212.24350000000001 0 0.0068969045008607024 -0.99997621607131537 0 
1 49.970157999999998 -215.52619899999999 0 -1 0 0 
1 48.883471999999998 -215.52619899999999 0 0 1 0 
1 48.883471999999998 -212.152939 0 -0.99904059691754277 0.04379367203877884 0 
1 40.620144000000003 -211.79070999999999 0 -0.009584110712704718 -0.99995407135620318 0 
1 40.552227000000002 -218.876801 0 -0.99909606045352906 0.042509551705915999 0 
1 39.488182000000002 -218.83152799999999 0 0.016178788564040609 0.99986911483483676 0 
1 39.601376000000002 -211.83599899999999 0 -0.99873003491276546 0.050381716556169791 0 
1 36.857875999999997 -211.69760099999999 0 -0.0044511203775692808 -0.99999009371462499 0 
1 36.816749999999999 -220.936981 0 0.99910357573737352 -0.042332551881431459 0 
1 39.488182000000002 -221.05017100000001 0 -0.024993211667287341 0.99968762089492447 0 
1 39.465541999999999 -220.14460800000001 0 1 0 0 
1 40.529586999999999 -220.14460800000001 0 -0.025633790308339101 -0.99967140040836822 0 
1 40.506946999999997 -221.02752699999999 0 0.94867421850166567 -0.31625500336003182 0 
1 40.914454999999997 -221.163376 0 0 -1 0 
1 40.914454999999997 -221.842545 0 -0.96351282836267171 -0.26766215567495621 0 
1 40.506946999999997 -221.95574999999999 0 -0.011951211438030953 -0.99992858172229648 0 
1 40.439030000000002 -227.63819899999999 0 0.9999373541601192 -0.011193201296340752 0 
1 46.506351000000002 -227.70611600000001 0 0 -1 0 
1 46.506351000000002 -228.43057300000001 0 -1 0 0 
1 45.804535000000001 -228.43057300000001 0 0 -1 0 
1 45.804535000000001 -229.15502900000001 0 -0.99905700889593596 -0.043417657420753222 0 
1 45.283833000000001 -229.17765800000001 0 -0.028561970746633192 0.99959202369120004 0 
1 45.261192000000001 -228.38528400000001 0 -0.99983726046776622 0.018040304329809825 0 
1 43.676388000000003 -228.35668899999999 0 -0.0088851194327199887 -0.99996052654725642 0 
1 43.653804999999998 -230.89825400000001 0 1 0 0 
1 44.083950000000002 -230.89825400000001 0 -0.027768326854508689 -0.99961438566264205 0 
1 44.061309999999999 -231.713257 0 -0.99994684131543143 -0.010310894398223906 0 
1 41.865302999999997 -231.73590100000001 0 0 1 0 
1 41.865302999999997 -230.76242099999999 0 0.99980774111187865 0.019608182291146865 0 
1 43.019905000000001 -230.739777 0 0 1 0 
1 43.019905000000001 -228.36265599999999 0 -0.9999587213165062 -0.0090860146961053694 0 
1 40.529586999999999 -228.38528400000001 0 -0.026307109887959625 -0.99965390809486798 0 
1 40.506946999999997 -229.24558999999999 0 -1 0 0 
1 39.556099000000003 -229.24558999999999 0 0 1 0 
1 39.556099000000003 -228.340012 0 -0.99944467830250194 0.033321689825224009 0 
1 38.876919000000001 -228.31736799999999 0 0 1 0 
1 38.876919000000001 -227.59291099999999 0 0.99926087118425966 -0.038441010913794232 0 
1 39.465541999999999 -227.615555 0 0.0079044442239271841 0.99996875939276764 0 
1 39.510818 -221.88781700000001 0 -0.99954945717791666 0.030014707317115273 0 
1 31.971947 -221.661438 0 0.049938772088474338 0.99875228111994596 0 
1 32.017226999999998 -220.75585899999999 0 0.99931484832353323 -0.037011267475105532 0 
1 35.684784000000001 -220.891693 0 0.021839516350065532 0.99976148931912523 0 
1 35.888537999999997 -211.56431599999999 0 -0.99946021998586887 0.032852224670464593 0 
1 26.934711 -211.270004 0 -0.0011962104512933697 -0.99999928454002229 0 
1 26.923390999999999 -220.733215 0 0.99992376894433832 -0.012347319553226379 0 
1 30.590952000000001 -220.778503 0 0.027018224940940073 -0.99963494112652973 0 
1 30.613592000000001 -221.61615 0 -0.99968365093670197 0.025151501940561156 0 
1 19.809704 -221.34433000000001 0 0.029725397823534262 0.99955810272551571 0 
1 19.837302999999999 -220.41627500000001 0 0.99955810064647088 -0.029725467734244917 0 
1 25.927264999999998 -220.59738200000001 0 0 1 0 
1 25.927264999999998 -211.33793600000001 0 -0.99827435334218184 0.05872235910833809 0 
1 17.075313999999999 -210.81723 0 -0.020703340688716067 -0.99978566287196124 0 
1 17.050217 -212.02919 0 -0.99999410458747084 -0.0034337720224841763 0 
1 16.623574999999999 -212.030655 0 -0.0034152118214557411 0.99999416814710207 0 
1 16.622523999999999 -211.722916 0 -1 0 0 
1 16.029288999999999 -211.722916 0 -0.096865610211802788 0.99529746988440349 0 
1 15.943346999999999 -210.83985899999999 0 -0.99877097294678963 0.049563530936802491 0 
1 13.20458 -210.70394899999999 0 0 -1 0 
1 13.20458 -214.28207399999999 0 0.99942531413279279 -0.03389751422403299 0 
1 15.876455 -214.37269599999999 0 0.18835316052108142 0.98210136285503635 0 
1 15.920204999999999 -214.144577 0 0.99898701519716249 -0.044999371856331676 0 
1 16.960830999999999 -214.191452 0 -0.0070528825116618439 -0.99997512811483302 0 
1 16.917079999999999 -220.394577 0 0.99967740872119315 -0.025398395470592656 0 
1 18.638956 -220.43832399999999 0 0 -1 0 
1 18.638956 -221.38832099999999 0 -1 0 0 
1 18.185831 -221.38832099999999 0 0 -1 0 
1 18.185831 -221.79769899999999 0 -0.99879283706246724 0.049120959199793472 0 
1 17.232706 -221.75082399999999 0 -0.096106983858367814 0.99537101005285833 0 
1 17.188955 -221.29769899999999 0 -0.99948257093207005 0.032165049401792351 0 
1 15.82958 -221.253952 0 0.0073419356679549084 0.99997304762710859 0 
1 15.876455 -214.86956799999999 0 -0.99912809514221479 0.041749844281020548 0 
1 12.660830000000001 -214.73519899999999 0 0.033314830232638128 0.99944490697915445 0 
1 12.795204999999999 -210.70394899999999 0 -0.99792525671788435 0.064383087876746098 0 
1 9.1139550000000007 -210.46644599999999 0 -0.015746079099390964 -0.99987602281132615 0 
1 9.0514550000000007 -214.43519599999999 0 0.99716604474060877 -0.075232168760246659 0 
1 11.154019 -214.59382600000001 0 0.075228937490251988 0.99716628852167266 0 
1 11.179759000000001 -214.25264000000001 0 0.99971925679455953 -0.023694041321256368 0 
1 12.157705 -214.27581799999999 0 -0.023692373040635366 -0.99971929633257717 0 
1 12.013987 -220.34011799999999 0 0.99971942378540246 -0.023686994452293979 0 
1 13.388954999999999 -220.37269599999999 0 0 -1 0 
1 13.388954999999999 -220.75708 0 1 0 0 
1 13.645205000000001 -220.75708 0 0 -1 0 
1 13.645205000000001 -221.207077 0 -0.99899095471550725 0.044911829138874468 0 
1 10.795204999999999 -221.07894899999999 0 -0.018047476548753744 0.99983713103196081 0 
1 10.779579999999999 -220.21331799999999 0 0.99574069913525787 0.092197939703813264 0 
1 11.117081000000001 -220.18206799999999 0 0 1 0 
1 11.117081000000001 -218.46957399999999 0 -0.99990099060494009 0.014071566624212764 0 
1 7.563955 -218.41957099999999 0 0.0090249188391255727 -0.99995927459069411 0 
1 7.57958 -220.15081799999999 0 0.9982743731749959 -0.058722021951470346 0 
1 8.907705 -220.22894299999999 0 0.03742667380845948 -0.99929937660724844 0 
1 8.938955 -221.06332399999999 0 -0.99966327384305087 0.025948775103909721 0 
1 6.4241919999999997 -220.99804700000001 0 -0.01992851870323252 0.99980140735162737 0 
1 6.1913650000000002 -209.317261 0 -0.99999837638762512 0.0018020050259602162 0 
1 3.464407 -209.31234699999999 0 -0.0018018122617372038 -0.99999837673496927 0 
1 3.4323899999999998 -227.08165 0 1 0 0 
1 6.3779310000000002 -227.08165 0 -0.0080643148319787424 0.99996748288446391 0 
1 6.3459139999999996 -223.111572 0 0.99931499449012173 -0.037007320724526276 0 
1 8.0748189999999997 -223.17559800000001 0 0.67828340234851248 0.73480039881489312 0 
1 8.4590200000000006 -222.75938400000001 0 0.038432568880692929 -0.99926119590887286 0 
1 8.4910359999999994 -223.591812 0 -0.99956785525062175 0.029395624668849148 0 
1 7.4024669999999997 -223.559799 0 0.0050761185824365444 -0.99998711642707527 0 
1 7.4344840000000003 -229.867096 0 0.9999552184752496 0.0094636696960453907 0 
1 17.583791999999999 -229.77104199999999 0 0.16792910044181064 -0.98579907548384527 0 
1 17.660864 -230.22348 0 0.95203127469169324 -0.30600073857575877 0 
1 18.544294000000001 -230.507431 0 -0.02776699502383528 -0.99961442265873013 0 
1 18.448243999999999 -233.96523999999999 0 1 0 0 
1 19.152612999999999 -233.96523999999999 0 0 -1 0 
1 19.152612999999999 -234.477509 0 -1 0 0 
1 17.071524 -234.477509 0 0.0075184132145206892 0.99997173633195047 0 
1 17.103539999999999 -230.21928399999999 0 -0.99991344610613331 -0.013156758573329732 0 
1 7.3704499999999999 -230.347351 0 0 -1 0 
1 7.3704499999999999 -235.85423299999999 0 0.99980001302999888 0.019998348562176308 0 
1 10.572124000000001 -235.79019199999999 0 0.98194154896081243 -0.18918455123090866 0 
1 14.06195 -236.46255500000001 0 0.99994343134556396 -0.010636451892408492 0 
1 17.071524 -236.49456799999999 0 -0.030289470340924819 0.99954116873016607 0 
1 17.039507 -235.438019 0 1 0 0 
1 17.519760000000002 -235.438019 0 0.41036260478438069 -0.91192243781726212 0 
1 17.807908999999999 -236.07835399999999 0 0.99971647489504456 0.023811128142650965 0 
1 19.152612999999999 -236.04632599999999 0 0 -1 0 
1 19.152612999999999 -236.43052700000001 0 -1 0 0 
1 18.320177000000001 -236.43052700000001 0 0 -1 0 
1 18.320177000000001 -237.00683599999999 0 -0.99805303331297213 -0.062371008447637377 0 
1 17.807908999999999 -237.038849 0 0 -1 0 
1 17.807908999999999 -239.36161799999999 0 0.50377249960349912 -0.86383636682142673 0 
1 19.440763 -242.16153 0 0 -1 0 
1 19.440763 -244.050522 0 0.99996015204694577 -0.0089271674258445451 0 
1 23.02664 -244.08253500000001 0 0 1 0 
1 23.02664 -242.417664 0 1 0 0 
1 23.570924999999999 -242.417664 0 0 -1 0 
1 23.570924999999999 -244.08253500000001 0 1 0 0 
1 26.484446999999999 -244.08253500000001 0 0 1 0 
1 26.484446999999999 -240.816833 0 -1 0 0 
1 25.139744 -240.816833 0 0 1 0 
1 25.139744 -237.80725100000001 0 -1 0 0 
1 21.489836 -237.80725100000001 0 0 1 0 
1 21.489836 -236.46255500000001 0 -1 0 0 
1 20.401266 -236.46255500000001 0 0 1 0 
1 20.401266 -236.07835399999999 0 1 0 0 
1 25.139744 -236.07835399999999 0 0 -1 0 
1 25.139744 -236.74641399999999 0 1 0 0 
1 25.514216999999999 -236.74641399999999 0 0 -1 0 
1 25.514216999999999 -240.40060399999999 0 1 0 0 
1 26.580497999999999 -240.40060399999999 0 0 1 0 
1 26.580497999999999 -236.846756 0 -1 0 0 
1 26.228313 -236.846756 0 0 1 0 
1 26.228313 -234.44549599999999 0 -1 0 0 
1 20.465299999999999 -234.44549599999999 0 0 1 0 
1 20.465299999999999 -233.997253 0 1 0 0 
1 26.708565 -233.997253 0 0 -1 0 
1 26.708565 -235.98230000000001 0 1 0 0 
1 28.341418999999998 -235.98230000000001 0 0 1 0 
1 28.341418999999998 -232.23634300000001 0 -1 0 0 
1 22.130171000000001 -232.23634300000001 0 0.09053408880588211 0.99589335712418958 0 
1 22.194203999999999 -231.53196700000001 0 1 0 0 
1 28.853687000000001 -231.53196700000001 0 0 1 0 
1 28.853687000000001 -231.19580099999999 0 1 0 0 
1 29.478014000000002 -231.19580099999999 0 0 -1 0 
1 29.478014000000002 -231.61201500000001 0 1 0 0 
1 29.798182000000001 -231.61201500000001 0 0 -1 0 
1 29.798182000000001 -232.04423499999999 0 -1 0 0 
1 29.141838 -232.04423499999999 0 0 -1 0 
1 29.141838 -237.05049099999999 0 1 0 0 
1 29.830197999999999 -237.05049099999999 0 0 -1 0 
1 29.830197999999999 -237.56712300000001 0 -1 0 0 
1 29.542048000000001 -237.56712300000001 0 0 -1 0 
1 29.542048000000001 -237.88729900000001 0 -1 0 0 
1 27.877175999999999 -237.88729900000001 0 0.0082637990058949239 -0.99996585423002837 0 
1 28.026436 -255.94859299999999 0 0.99940223730083333 0.034571203017668285 0 
1 34.730407999999997 -255.71669 0 0 1 0 
1 34.730407999999997 -254.43071 0 0.99959766536337979 0.028363839656871628 0 
1 45.503138999999997 -254.12503100000001 0 0.69433628347515575 -0.71965069683139204 0 
1 47.526978 -256.22265599999997 0 -0.0041525161532238669 -0.9999913782676314 0 
1 47.388748 -289.51062000000002 0 1 0 0 
1 53.092537 -289.51062000000002 0 0 1 0 
1 53.092537 -288.96249399999999 0 1 0 0 
1 53.429844000000003 -288.96249399999999 0 0 1 0 
1 53.429844000000003 -286.64349399999998 0 1 0 0 
1 54.336357 -286.64349399999998 0 0 -1 0 
1 54.336357 -286.854309 0 1 0 0 
1 55.833157 -286.854309 0 0 -1 0 
1 55.833157 -289.067902 0 1 0 0 
1 56.465603000000002 -289.067902 0 0 -1 0 
1 56.465603000000002 -289.59494000000001 0 0.99993246159741844 -0.011622058497838325 0 
1 60.091652000000003 -289.63708500000001 0 0 1 0 
1 60.091652000000003 -289.19439699999998 0 1 0 0 
1 60.977080999999998 -289.19439699999998 0 0.018866457222275312 0.99982201255617487 0 
1 60.998165 -288.07705700000002 0 1 0 0 
1 62.220897999999998 -288.07705700000002 0 0 -1 0 
1 62.220897999999998 -289.516144 0 1 0 0 
1 65.843604999999997 -289.516144 0 0 1 0 
1 65.843604999999997 -285.04406699999998 0 1 0 0 
1 66.678391000000005 -285.04406699999998 0 0 -1 0 
1 66.678391000000005 -289.57577500000002 0 0.99996259735831516 0.0086489238875198469 0 
1 75.294631999999993 -289.50125100000002 0 -0.0068257224257937182 0.99997670448534259 0 
1 75.249367000000007 -282.86987299999998 0 1 0 0 
1 76.261291999999997 -282.86987299999998 0 0 -1 0 
1 76.261291999999997 -283.25988799999999 0 -0.99995549282837037 -0.0094346363136500154 0 
1 75.976714999999999 -283.26257299999997 0 0.0094203078047825975 -0.99995562791599069 0 
1 76.035278000000005 -289.478973 0 0.99999994056083208 0.00034478737235594875 0 
1 97.895126000000005 -289.47143599999998 0 0 1 0 
1 97.895126000000005 -283.68753099999998 0 -1 0 0 
1 97.580582000000007 -283.68753099999998 0 0 1 0 
1 97.580582000000007 -283.18066399999998 0 -1 0 0 
1 97.342072000000002 -283.18066399999998 0 -0.032244848668227986 0.9994799996670084 0 
1 97.327163999999996 -282.71856700000001 0 1 0 0 
1 98.385559000000001 -282.71856700000001 0 0.010054267963788105 -0.99994945457043594 0 
1 98.452858000000006 -289.41180400000002 0 0.99999998325565376 0.00018299915944678099 0 
1 111.458382 -289.409424 0 0 1 0 
1 111.458382 -287.132294 0 1 0 0 
1 113.29216 -287.132294 0 0 -1 0 
1 113.29216 -289.37545799999998 0 0.99999932866767105 0.0011587338811817833 0 
1 117.796211 -289.37023900000003 0 0.0080635308198078876 0.99996748920688316 0 
1 117.812218 -287.38519300000002 0 1 0 0 
1 118.93280799999999 -287.38519300000002 0 0 -1 0 
1 118.93280799999999 -289.43426499999998 0 0.99999986875923907 -0.00051232948823699094 0 
1 126.19961499999999 -289.43798800000002 0 0.00862014213529653 0.99996284588456941 0 
1 126.216621 -287.46523999999999 0 1 0 0 
1 127.449257 -287.46523999999999 0 0 -1 0 
1 127.449257 -289.43426499999998 0 0.99999432117176701 0.0033701074488602764 0 
1 134.811295 -289.40945399999998 0 -0.0077981181766046672 0.99996959421419596 0 
1 134.75418099999999 -282.08560199999999 0 -1 0 0 
1 127.449257 -282.08560199999999 0 -0.0018330887293956876 -0.99999831989144372 0 
1 127.441704 -286.205963 0 -1 0 0 
1 126.355019 -286.205963 0 -0.0030248377286833201 0.99999542516789297 0 
1 126.332382 -278.72228999999999 0 -1 0 0 
1 118.81510900000001 -278.72228999999999 0 -0.96591914176989746 0.25884399077920434 0 
1 117.933212 -278.48596199999997 0 0 1 0 
1 117.933212 -277.35400399999997 0 1 0 0 
1 118.340721 -277.35400399999997 0 0 -1 0 
1 118.340721 -277.46719400000001 0 1 0 0 
1 118.951981 -277.46719400000001 0 0 -1 0 
1 118.951981 -278.010559 0 1 0 0 
1 134.75418099999999 -278.010559 0 0.0082631760481145754 0.99996585937800786 0 
1 134.799454 -272.53185999999999 0 -0.99996584578428982 0.0082648209242376942 0 
1 118.951981 -272.40087899999997 0 -0.0082631338273747874 -0.99996585972689633 0 
1 118.948654 -272.80349699999999 0 -1 0 0 
1 117.910568 -272.80349699999999 0 0 1 0 
1 117.910568 -270.856537 0 1 0 0 
1 118.340721 -270.856537 0 0 -1 0 
1 118.340721 -271.03765900000002 0 1 0 0 
1 118.9067 -271.03765900000002 0 0 -1 0 
1 118.9067 -271.42251599999997 0 0.99998843842230078 -0.0048086403201313219 0 
1 123.615669 -271.44515999999999 0 0 1 0 
1 123.615669 -268.66052200000001 0 1 0 0 
1 124.47596 -268.66052200000001 0 0 -1 0 
1 124.47596 -271.49044800000001 0 1 0 0 
1 134.82209800000001 -271.49044800000001 0 0 1 0 
1 134.82209800000001 -265.05349699999999 0 -1 0 0 
1 130.186691 -265.05349699999999 0 0 1 0 
1 130.186691 -264.07699600000001 0 1 0 0 
1 134.829117 -264.07699600000001 0 0.0057781932099836564 0.99998330610227082 0 
1 134.86738600000001 -257.45410199999998 0 -1 0 0 
1 118.951981 -257.45410199999998 0 0 -1 0 
1 118.951981 -258.06536899999998 0 -1 0 0 
1 118.431282 -258.06536899999998 0 0 -1 0 
1 118.431282 -258.38232399999998 0 -1 0 0 
1 117.88793200000001 -258.38232399999998 0 0.00171828422899057 0.99999852374856457 0 
1 117.892258 -255.8647 0 1 0 0 
1 118.948807 -255.8647 0 0 -1 0 
1 118.948807 -256.47302200000001 0 1 0 0 
1 134.829117 -256.47302200000001 0 0.02214670448503717 0.99975473166194728 0 
1 134.94117700000001 -251.414368 0 -0.99998217774409048 -0.0059702758886122998 0 
1 118.85276 -251.51042200000001 0 0.0059684578953229884 -0.99998218859655286 0 
1 118.85715500000001 -252.24678 0 -0.99999999948390295 -3.2127781505174538e-05 0 
1 117.892258 -252.24681100000001 0 0 1 0 
1 117.892258 -250.10766599999999 0 0.99971075703150936 -0.024049995332360376 0 
1 118.385712 -250.11953700000001 0 -0.024066252668271771 -0.9997103657972678 0 
1 118.37809799999999 -250.435822 0 1 0 0 
1 119.031212 -250.435822 0 0 -1 0 
1 119.031212 -250.67364499999999 0 0.99973688297062868 0.022938283025794384 0 
1 124.95137 -250.537811 0 0 1 0 
1 124.95137 -247.821091 0 1 0 0 
1 125.641869 -247.821091 0 0 -1 0 
1 125.641869 -250.58308400000001 0 0.99966737079993684 0.02579045866093909 0 
1 134.85604900000001 -250.34536700000001 0 -0.0090596669603621362 0.99995896037515841 0 
1 134.79943800000001 -244.09693899999999 0 -1 0 0 
1 130.656464 -244.09693899999999 0 0 1 0 
1 130.656464 -243.21400499999999 0 1 0 0 
1 134.776794 -243.21400499999999 0 0.010025039477432621 0.99994974802910763 0 
1 134.845123 -236.39851400000001 0 -1 0 0 
1 125.512253 -236.39851400000001 0 0 -1 0 
1 125.512253 -241.13699299999999 0 -1 0 0 
1 124.903931 -241.13699299999999 0 0 1 0 
1 124.903931 -236.46255500000001 0 -1 0 0 
1 122.566711 -236.46255500000001 0 0 1 0 
1 122.566711 -235.630112 0 1 0 0 
1 124.83989 -235.630112 0 0 1 0 
1 124.83989 -233.48498499999999 0 1 0 0 
1 125.512253 -233.48498499999999 0 0 -1 0 
1 125.512253 -235.56608600000001 0 1 0 0 
1 134.95718400000001 -235.56608600000001 0 0 1 0 
1 134.95718400000001 -234.82969700000001 0 1 0 0 
1 135.86965900000001 -234.82969700000001 0 0 -1 0 
1 135.86965900000001 -236.20642100000001 0 0.99959694106282715 0.028389353952472125 0 
1 141.02525299999999 -236.05999800000001 0 0.002101274920034616 0.99999779231941821 0 
1 141.04789700000001 -225.28370699999999 0 -1 0 0 
1 139.39523299999999 -225.28370699999999 0 0 1 0 
1 139.39523299999999 -224.74037200000001 0 1 0 0 
1 141.04789700000001 -224.74037200000001 0 -0.0024276847439841957 0.99999705316905008 0 
1 121.261177 -220.40495300000001 0 1 0 0 
1 121.657372 -220.40495300000001 0 0 -1 0 
1 121.657372 -221.07281499999999 0 -1 0 0 
1 121.261177 -221.07281499999999 0 0 1 0 
1 23.60294 -239.88833600000001 0 -1 0 0 
1 22.994623000000001 -239.88833600000001 0 0 1 0 
1 22.994623000000001 -239.08792099999999 0 1 0 0 
1 23.60294 -239.08792099999999 0 0 -1 0 
1 9.5155720000000006 -221.078506 0 0 1 0 
1 9.5155720000000006 -220.222061 0 1 0 0 
1 10.075865 -220.222061 0 0 -1 0 
1 10.075865 -221.078506 0 -1 0 0 
1 97.489959999999996 -219.23902899999999 0 1 0 0 
1 98.395531000000005 -219.23902899999999 0 0 -1 0 
1 98.395531000000005 -219.89556899999999 0 -1 0 0 
1 97.489959999999996 -219.89556899999999 0 0 1 0 
1 97.535240000000002 -225.80441300000001 0 0 1 0 
1 97.535240000000002 -225.01203899999999 0 1 0 0 
1 98.418175000000005 -225.01203899999999 0 0 -1 0 
1 98.418175000000005 -225.80441300000001 0 -1 0 0 
1 97.497596999999999 -231.53196700000001 0 0 1 0 
1 97.497596999999999 -230.73155199999999 0 1 0 0 
1 98.394065999999995 -230.73155199999999 0 0 -1 0 
1 98.394065999999995 -231.53196700000001 0 -1 0 0 
1 54.384810999999999 -230.89825400000001 0 1 0 0 
1 55.154549000000003 -230.89825400000001 0 0 -1 0 
1 55.154549000000003 -231.871735 0 -1 0 0 
1 54.384810999999999 -231.871735 0 0 1 0 
1 56.943049999999999 -231.89437899999999 0 -1 0 0 
1 56.195953000000003 -231.89437899999999 0 0 1 0 
1 56.195953000000003 -230.89825400000001 0 1 0 0 
1 56.943049999999999 -230.89825400000001 0 0 -1 0 
1 74.262084999999999 -231.758545 0 -1 0 0 
1 73.322556000000006 -231.758545 0 0 1 0 
1 73.322556000000006 -230.920883 0 1 0 0 
1 74.262084999999999 -230.920883 0 0 -1 0 
1 93.783653000000001 -228.36232000000001 0 -1 0 0 
1 92.823150999999996 -228.36232000000001 0 0 1 0 
1 92.823150999999996 -227.529877 0 1 0 0 
1 93.783653000000001 -227.529877 0 0 -1 0 
1 64.368729000000002 -231.80381800000001 0 -1 0 0 
1 63.32732 -231.80381800000001 0 0 1 0 
1 63.32732 -231.034088 0 1 0 0 
1 64.368729000000002 -231.034088 0 0 -1 0 
1 118.404533 -280.86978099999999 0 -1 0 0 
1 117.924278 -280.86978099999999 0 0.027763456460878928 0.99961452094562186 0 
1 117.95629099999999 -279.71716300000003 0 1 0 0 
1 118.42054 -279.71716300000003 0 0.78349450573096646 -0.62139871217229647 0 
1 118.884781 -280.08535799999999 0 0 -1 0 
1 118.884781 -280.51760899999999 0 -0.80641289656797133 -0.59135288977805323 0 
1 74.301460000000006 -225.80098000000001 0 -1 0 0 
1 73.324950999999999 -225.80098000000001 0 0 1 0 
1 73.324950999999999 -224.90450999999999 0 1 0 0 
1 74.301460000000006 -224.90450999999999 0 0 -1 0 
1 91.692322000000004 -283.71731599999998 0 -1 0 0 
1 91.006598999999994 -283.71731599999998 0 0.015872469653481488 0.99987402441862616 0 
1 91.021507 -282.77819799999997 0 1 0 0 
1 91.960648000000006 -282.77819799999997 0 0 -1 0 
1 91.960648000000006 -283.15087899999997 0 -1 0 0 
1 91.692322000000004 -283.15087899999997 0 0 -1 0 
1 106.307953 -283.013824 0 -1 0 0 
1 106.20607800000001 -283.013824 0 0 1 0 
1 106.20607800000001 -282.71951300000001 0 1 0 0 
1 107.202202 -282.71951300000001 0 0 -1 0 
1 107.202202 -283.61376999999999 0 -1 0 0 
1 106.307953 -283.61376999999999 0 0 1 0 
1 81.361778000000001 -283.76205399999998 0 0 1 0 
1 81.361778000000001 -283.22540299999997 0 -1 0 0 
1 81.153075999999999 -283.22540299999997 0 0 1 0 
1 81.153075999999999 -282.82290599999999 0 1 0 0 
1 82.166756000000007 -282.82290599999999 0 0 -1 0 
1 82.166756000000007 -283.76333599999998 0 -0.99999873183078625 0.0015925880883830305 0 
1 17.007397000000001 -212.424622 0 -0.022723229196408939 -0.99974179409229835 0 
1 16.984756000000001 -213.42074600000001 0 -0.99909546047654607 0.04252365053894492 0 
1 15.920712 -213.37545800000001 0 0.076695333099198751 0.99705457517670659 0 
1 15.96599 -212.786835 0 1 0 0 
1 16.622527999999999 -212.786835 0 0.062382917848792581 0.99805228899124865 0 
1 16.645168000000002 -212.424622 0 1 0 0 
1 65.130172999999999 -282.82772799999998 0 1 0 0 
1 66.121009999999998 -282.82772799999998 0 0 -1 0 
1 66.121009999999998 -283.88180499999999 0 -1 0 0 
1 65.425315999999995 -283.88180499999999 0 0 1 0 
1 65.425315999999995 -283.22827100000001 0 -1 0 0 
1 65.109084999999993 -283.22827100000001 0 0.052575713584847257 0.99861694074406937 0 
1 74.250763000000006 -217.84671 0 0 -1 0 
1 74.250763000000006 -218.876801 0 -1 0 0 
1 73.220673000000005 -218.876801 0 0 1 0 
1 73.220673000000005 -217.84671 0 1 0 0 
1 68.650810000000007 -283.22827100000001 0 -1 0 0 
1 68.376746999999995 -283.22827100000001 0 0 -1 0 
1 68.376746999999995 -283.77639799999997 0 -1 0 0 
1 67.491318000000007 -283.77639799999997 0 0 1 0 
1 67.491318000000007 -282.80664100000001 0 1 0 0 
1 68.650810000000007 -282.80664100000001 0 0 -1 0 
1 109.613281 -282.69686899999999 0 0 -1 0 
1 109.613281 -283.11569200000002 0 -1 0 0 
1 109.35292800000001 -283.11569200000002 0 0 -1 0 
1 109.35292800000001 -283.67034899999999 0 -1 0 0 
1 108.413399 -283.67034899999999 0 0 1 0 
1 108.413399 -282.69686899999999 0 1 0 0 
1 118.476547 -241.01800499999999 0 0 -1 0 
1 118.476547 -241.18779000000001 0 1 0 0 
1 118.9067 -241.18779000000001 0 0 -1 0 
1 118.9067 -242.05940200000001 0 -1 0 0 
1 118.453918 -242.05940200000001 0 0 -1 0 
1 118.453918 -242.25183100000001 0 -1 0 0 
1 117.94452699999999 -242.25183100000001 0 -0.027512910864256258 0.99962144821716148 0 
1 117.910568 -241.01800499999999 0 1 0 0 
1 89.774863999999994 -283.81896999999998 0 -0.99997326504992856 -0.0073122626720682274 0 
1 89.048705999999996 -283.82427999999999 0 -6.8309966706647836e-05 0.9999999976668742 0 
1 89.048659999999998 -283.15087899999997 0 -1 0 0 
1 88.815269000000001 -283.15087899999997 0 0 1 0 
1 88.815269000000001 -282.77072099999998 0 0.99997949615813952 0.0064036913818035926 0 
1 89.978012000000007 -282.76327500000002 0 0.0064233260231739862 -0.99997937022860639 0 
1 89.979927000000004 -283.06140099999999 0 -0.99999998916722965 -0.00014719218884094566 0 
1 89.769317999999998 -283.06143200000002 0 0.007320888691958639 -0.99997320193531181 0 
1 44.196075 -241.63414 0 -0.81602746064284337 0.57801313434626422 0 
1 43.690117000000001 -241.275757 0 0.044397343867922892 0.99901395178319385 0 
1 43.732277000000003 -240.32708700000001 0 1 0 0 
1 44.280403 -240.32708700000001 0 0 -1 0 
1 44.280403 -240.896286 0 0.80000597675612151 -0.59999203090914799 0 
1 44.617710000000002 -241.149261 0 1 0 0 
1 44.912849000000001 -241.149261 0 0 -1 0 
1 44.912849000000001 -241.63414 0 -1 0 0 
1 73.130661000000003 -283.29150399999997 0 0.11550271875809488 0.99330716395256535 0 
1 73.183364999999995 -282.838257 0 1 0 0 
1 74.543137000000002 -282.838257 0 0 -1 0 
1 74.543137000000002 -283.75531000000001 0 -1 0 0 
1 73.425803999999999 -283.75531000000001 0 0 1 0 
1 73.425803999999999 -283.29150399999997 0 -1 0 0 
1 84.432616999999993 -282.80801400000001 0 0 -1 0 
1 84.432616999999993 -283.285034 0 -1 0 0 
1 84.104659999999996 -283.285034 0 0 -1 0 
1 84.104659999999996 -283.77694700000001 0 -1 0 0 
1 83.076080000000005 -283.77694700000001 0 0 1 0 
1 83.076080000000005 -282.80801400000001 0 1 0 0 
1 118.36335800000001 -268.68316700000003 0 0 -1 0 
1 118.36335800000001 -268.90957600000002 0 1 0 0 
1 118.97461699999999 -268.90957600000002 0 0 -1 0 
1 118.97461699999999 -269.81512500000002 0 -1 0 0 
1 118.318077 -269.81512500000002 0 0 -1 0 
1 118.318077 -269.97360200000003 0 -1 0 0 
1 117.899254 -269.97360200000003 0 0 1 0 
1 117.899254 -268.68316700000003 0 1 0 0 
1 118.36335800000001 -238.50503499999999 0 0 -1 0 
1 118.36335800000001 -238.833313 0 1 0 0 
1 118.86142 -238.833313 0 0 -1 0 
1 118.86142 -239.738876 0 -1 0 0 
1 118.453918 -239.738876 0 0 -1 0 
1 118.453918 -239.93132 0 -1 0 0 
1 117.92189 -239.93132 0 -0.031730824683172995 0.99949645060146441 0 
1 117.87661 -238.50503499999999 0 1 0 0 
1 55.221786000000002 -240.87519800000001 0 0.052558309696851185 0.99861785688110438 0 
1 55.242866999999997 -240.47465500000001 0 1 0 0 
1 55.727744999999999 -240.47465500000001 0 0 -1 0 
1 55.727744999999999 -241.233597 0 -0.65079105567587192 -0.7592568747481212 0 
1 55.221786000000002 -241.823883 0 -1 0 0 
1 54.336357 -241.823883 0 0 1 0 
1 54.336357 -241.31791699999999 0 1 0 0 
1 54.842315999999997 -241.31791699999999 0 0.65078798381841407 0.75925950775578943 0 
1 119.812271 -226.52887000000001 0 0 -1 0 
1 119.812271 -226.64207500000001 0 -1 0 0 
1 119.472679 -226.64207500000001 0 -0.015147485398658971 0.99988527026159224 0 
1 119.45004299999999 -225.147873 0 1 0 0 
1 120.423531 -225.147873 0 0 -1 0 
1 120.423531 -226.52887000000001 0 -1 0 0 
1 117.831459 -234.467209 0 0.014814397404925574 0.9998902607934177 0 
1 117.853981 -232.94709800000001 0 1 0 0 
1 118.318077 -232.94709800000001 0 0 -1 0 
1 118.318077 -233.21878100000001 0 1 0 0 
1 118.89537799999999 -233.21878100000001 0 0 -1 0 
1 118.89537799999999 -234.24885599999999 0 -1 0 0 
1 118.37468 -234.24885599999999 0 0 -1 0 
1 118.37468 -234.47524999999999 0 -0.99989046178365015 0.014800825452612878 0 
1 111.40358000000001 -268.118042 0 0 1 0 
1 111.40358000000001 -267.45840500000003 0 1 0 0 
1 111.70916699999999 -267.45840500000003 0 0 1 0 
1 111.70916699999999 -267.14910900000001 0 1 0 0 
1 112.447067 -267.14910900000001 0 0 -1 0 
1 112.447067 -267.45840500000003 0 1 0 0 
1 112.74520099999999 -267.45840500000003 0 0 -1 0 
1 112.74520099999999 -268.118042 0 -1 0 0 
1 112.447067 -268.118042 0 0 -1 0 
1 112.447067 -268.43109099999998 0 -1 0 0 
1 111.70916699999999 -268.43109099999998 0 0 1 0 
1 111.70916699999999 -268.118042 0 -1 0 0 
1 111.40358000000001 -274.05102499999998 0 0 1 0 
1 111.40358000000001 -273.39138800000001 0 1 0 0 
1 111.70916699999999 -273.39138800000001 0 0 1 0 
1 111.70916699999999 -273.08209199999999 0 1 0 0 
1 112.447067 -273.08209199999999 0 0 -1 0 
1 112.447067 -273.39138800000001 0 1 0 0 
1 112.74520099999999 -273.39138800000001 0 0 -1 0 
1 112.74520099999999 -274.05102499999998 0 -1 0 0 
1 112.447067 -274.05102499999998 0 0 -1 0 
1 112.447067 -274.36407500000001 0 -1 0 0 
1 111.70916699999999 -274.36407500000001 0 0 1 0 
1 111.70916699999999 -274.05102499999998 0 -1 0 0 
1 111.343948 -262.09561200000002 0 0 1 0 
1 111.343948 -261.43600500000002 0 1 0 0 
1 111.64954400000001 -261.43600500000002 0 0 1 0 
1 111.64954400000001 -261.12667800000003 0 1 0 0 
1 112.38743599999999 -261.12667800000003 0 0 -1 0 
1 112.38743599999999 -261.43600500000002 0 1 0 0 
1 112.68557699999999 -261.43600500000002 0 0 -1 0 
1 112.68557699999999 -262.09561200000002 0 -1 0 0 
1 112.38743599999999 -262.09561200000002 0 0 -1 0 
1 112.38743599999999 -262.408661 0 -1 0 0 
1 111.64954400000001 -262.408661 0 0 1 0 
1 111.64954400000001 -262.09561200000002 0 -1 0 0 
1 65.162093999999996 -238.40841699999999 0 -1 0 0 
1 64.424194 -238.40841699999999 0 0 1 0 
1 64.424194 -238.09536700000001 0 -1 0 0 
1 64.118606999999997 -238.09536700000001 0 0 1 0 
1 64.118606999999997 -237.435745 0 1 0 0 
1 64.424194 -237.435745 0 0 1 0 
1 64.424194 -237.126419 0 1 0 0 
1 65.162093999999996 -237.126419 0 0 -1 0 
1 65.162093999999996 -237.435745 0 1 0 0 
1 65.460228000000001 -237.435745 0 0 -1 0 
1 65.460228000000001 -238.09536700000001 0 -1 0 0 
1 65.162093999999996 -238.09536700000001 0 0 -1 0 
1 93.127601999999996 -237.066788 0 0 -1 0 
1 93.127601999999996 -237.376114 0 1 0 0 
1 93.425742999999997 -237.376114 0 0 -1 0 
1 93.425742999999997 -238.035751 0 -1 0 0 
1 93.127601999999996 -238.035751 0 0 -1 0 
1 93.127601999999996 -238.34878499999999 0 -1 0 0 
1 92.389708999999996 -238.34878499999999 0 0 1 0 
1 92.389708999999996 -238.035751 0 -1 0 0 
1 92.084114 -238.035751 0 0 1 0 
1 92.084114 -237.376114 0 1 0 0 
1 92.389708999999996 -237.376114 0 0 1 0 
1 92.389708999999996 -237.066788 0 1 0 0 
1 83.028121999999996 -237.554993 0 0 1 0 
1 83.028121999999996 -237.24568199999999 0 1 0 0 
1 83.766013999999998 -237.24568199999999 0 0 -1 0 
1 83.766013999999998 -237.554993 0 1 0 0 
1 84.064155999999997 -237.554993 0 0 -1 0 
1 84.064155999999997 -238.21463 0 -1 0 0 
1 83.766013999999998 -238.21463 0 0 -1 0 
1 83.766013999999998 -238.52767900000001 0 -1 0 0 
1 83.028121999999996 -238.52767900000001 0 0 1 0 
1 83.028121999999996 -238.21463 0 -1 0 0 
1 82.722526999999999 -238.21463 0 0 1 0 
1 82.722526999999999 -237.554993 0 1 0 0 
1 76.521216999999993 -237.554993 0 1 0 0 
1 76.826813000000001 -237.554993 0 0 1 0 
1 76.826813000000001 -237.24568199999999 0 1 0 0 
1 77.564705000000004 -237.24568199999999 0 0 -1 0 
1 77.564705000000004 -237.554993 0 1 0 0 
1 77.862846000000005 -237.554993 0 0 -1 0 
1 77.862846000000005 -238.21463 0 -1 0 0 
1 77.564705000000004 -238.21463 0 0 -1 0 
1 77.564705000000004 -238.52767900000001 0 -1 0 0 
1 76.826813000000001 -238.52767900000001 0 0 1 0 
1 76.826813000000001 -238.21463 0 -1 0 0 
1 76.521216999999993 -238.21463 0 0 1 0 
1 80.546104 -238.52767900000001 0 -1 0 0 
1 79.808211999999997 -238.52767900000001 0 0 1 0 
1 79.808211999999997 -238.21463 0 -1 0 0 
1 79.502617000000001 -238.21463 0 0 1 0 
1 79.502617000000001 -237.554993 0 1 0 0 
1 79.808211999999997 -237.554993 0 0 1 0 
1 79.808211999999997 -237.24568199999999 0 1 0 0 
1 80.546104 -237.24568199999999 0 0 -1 0 
1 80.546104 -237.554993 0 1 0 0 
1 80.844245999999998 -237.554993 0 0 -1 0 
1 80.844245999999998 -238.21463 0 -1 0 0 
1 80.546104 -238.21463 0 0 -1 0 
1 112.506691 -241.43454 0 -1 0 0 
1 112.208549 -241.43454 0 0 -1 0 
1 112.208549 -241.747589 0 -1 0 0 
1 111.470657 -241.747589 0 0 1 0 
1 111.470657 -241.43454 0 -1 0 0 
1 111.16506200000001 -241.43454 0 0 1 0 
1 111.16506200000001 -240.774902 0 1 0 0 
1 111.470657 -240.774902 0 0 1 0 
1 111.470657 -240.46559099999999 0 1 0 0 
1 112.208549 -240.46559099999999 0 0 -1 0 
1 112.208549 -240.774902 0 1 0 0 
1 112.506691 -240.774902 0 0 -1 0 
1 108.75013 -237.85685699999999 0 -1 0 0 
1 108.451988 -237.85685699999999 0 0 -1 0 
1 108.451988 -238.16990699999999 0 -1 0 0 
1 107.714096 -238.16990699999999 0 0 1 0 
1 107.714096 -237.85685699999999 0 -1 0 0 
1 107.408501 -237.85685699999999 0 0 1 0 
1 107.408501 -237.19723500000001 0 1 0 0 
1 107.714096 -237.19723500000001 0 0 1 0 
1 107.714096 -236.88790900000001 0 1 0 0 
1 108.451988 -236.88790900000001 0 0 -1 0 
1 108.451988 -237.19723500000001 0 1 0 0 
1 108.75013 -237.19723500000001 0 0 -1 0 
1 95.065513999999993 -237.25685100000001 0 1 0 0 
1 95.371109000000004 -237.25685100000001 0 0 1 0 
1 95.371109000000004 -236.94754 0 1 0 0 
1 96.109001000000006 -236.94754 0 0 -1 0 
1 96.109001000000006 -237.25685100000001 0 1 0 0 
1 96.407143000000005 -237.25685100000001 0 0 -1 0 
1 96.407143000000005 -237.91648900000001 0 -1 0 0 
1 96.109001000000006 -237.91648900000001 0 0 -1 0 
1 96.109001000000006 -238.22953799999999 0 -1 0 0 
1 95.371109000000004 -238.22953799999999 0 0 1 0 
1 95.371109000000004 -237.91648900000001 0 -1 0 0 
1 95.065513999999993 -237.91648900000001 0 0 1 0 
1 112.71539300000001 -250.170029 0 -1 0 0 
1 112.417252 -250.170029 0 0 -1 0 
1 112.417252 -250.48307800000001 0 -1 0 0 
1 111.67935900000001 -250.48307800000001 0 0 1 0 
1 111.67935900000001 -250.170029 0 -1 0 0 
1 111.37376399999999 -250.170029 0 0 1 0 
1 111.37376399999999 -249.51040599999999 0 1 0 0 
1 111.67935900000001 -249.51040599999999 0 0 1 0 
1 111.67935900000001 -249.20107999999999 0 1 0 0 
1 112.417252 -249.20107999999999 0 0 -1 0 
1 112.417252 -249.51040599999999 0 1 0 0 
1 112.71539300000001 -249.51040599999999 0 0 -1 0 
1 68.203117000000006 -237.18604999999999 0 0 -1 0 
1 68.203117000000006 -237.495361 0 1 0 0 
1 68.501259000000005 -237.495361 0 0 -1 0 
1 68.501259000000005 -238.154999 0 -1 0 0 
1 68.203117000000006 -238.154999 0 0 -1 0 
1 68.203117000000006 -238.46804800000001 0 -1 0 0 
1 67.465225000000004 -238.46804800000001 0 0 1 0 
1 67.465225000000004 -238.154999 0 -1 0 0 
1 67.159630000000007 -238.154999 0 0 1 0 
1 67.159630000000007 -237.495361 0 1 0 0 
1 67.465225000000004 -237.495361 0 0 1 0 
1 67.465225000000004 -237.18604999999999 0 1 0 0 
1 58.901153999999998 -237.435745 0 1 0 0 
1 59.199294999999999 -237.435745 0 0 -1 0 
1 59.199294999999999 -238.09536700000001 0 -1 0 0 
1 58.901153999999998 -238.09536700000001 0 0 -1 0 
1 58.901153999999998 -238.40841699999999 0 -1 0 0 
1 58.163260999999999 -238.40841699999999 0 0 1 0 
1 58.163260999999999 -238.09536700000001 0 -1 0 0 
1 57.857666000000002 -238.09536700000001 0 0 1 0 
1 57.857666000000002 -237.435745 0 1 0 0 
1 58.163260999999999 -237.435745 0 0 1 0 
1 58.163260999999999 -237.126419 0 1 0 0 
1 58.901153999999998 -237.126419 0 0 -1 0 
1 40.093375999999999 -237.087692 0 1 0 0 
1 40.398968000000004 -237.087692 0 0 1 0 
1 40.398968000000004 -236.77836600000001 0 1 0 0 
1 41.136864000000003 -236.77836600000001 0 0 -1 0 
1 41.136864000000003 -237.087692 0 1 0 0 
1 41.435004999999997 -237.087692 0 0 -1 0 
1 41.435004999999997 -237.74731399999999 0 -1 0 0 
1 41.136864000000003 -237.74731399999999 0 0 -1 0 
1 41.136864000000003 -238.06036399999999 0 -1 0 0 
1 40.398968000000004 -238.06036399999999 0 0 1 0 
1 40.398968000000004 -237.74731399999999 0 -1 0 0 
1 40.093375999999999 -237.74731399999999 0 0 1 0 
1 36.678145999999998 -237.087692 0 1 0 0 
1 36.983738000000002 -237.087692 0 0 1 0 
1 36.983738000000002 -236.77836600000001 0 1 0 0 
1 37.721634000000002 -236.77836600000001 0 0 -1 0 
1 37.721634000000002 -237.087692 0 1 0 0 
1 38.019775000000003 -237.087692 0 0 -1 0 
1 38.019775000000003 -237.74731399999999 0 -1 0 0 
1 37.721634000000002 -237.74731399999999 0 0 -1 0 
1 37.721634000000002 -238.06036399999999 0 -1 0 0 
1 36.983738000000002 -238.06036399999999 0 0 1 0 
1 36.983738000000002 -237.74731399999999 0 -1 0 0 
1 36.678145999999998 -237.74731399999999 0 0 1 0 
1 34.327449999999999 -243.818848 0 -1 0 0 
1 34.021853999999998 -243.818848 0 0 1 0 
1 34.021853999999998 -243.15921 0 1 0 0 
1 34.327449999999999 -243.15921 0 0 1 0 
1 34.327449999999999 -242.849884 0 1 0 0 
1 35.065345999999998 -242.849884 0 0 -1 0 
1 35.065345999999998 -243.15921 0 1 0 0 
1 35.363483000000002 -243.15921 0 0 -1 0 
1 35.363483000000002 -243.818848 0 -1 0 0 
1 35.065345999999998 -243.818848 0 0 -1 0 
1 35.065345999999998 -244.13188199999999 0 -1 0 0 
1 34.327449999999999 -244.13188199999999 0 0 1 0 
1 34.89669 -240.99389600000001 0 0 -1 0 
1 34.89669 -241.30694600000001 0 -1 0 0 
1 34.158794 -241.30694600000001 0 0 1 0 
1 34.158794 -240.99389600000001 0 -1 0 0 
1 33.853203000000001 -240.99389600000001 0 0 1 0 
1 33.853203000000001 -240.334259 0 1 0 0 
1 34.158794 -240.334259 0 0 1 0 
1 34.158794 -240.02494799999999 0 1 0 0 
1 34.89669 -240.02494799999999 0 0 -1 0 
1 34.89669 -240.334259 0 1 0 0 
1 35.194831999999998 -240.334259 0 0 -1 0 
1 35.194831999999998 -240.99389600000001 0 -1 0 0 
1 35.489975000000001 -246.68594400000001 0 -1 0 0 
1 35.191833000000003 -246.68594400000001 0 0 -1 0 
1 35.191833000000003 -246.99899300000001 0 -1 0 0 
1 34.453941 -246.99899300000001 0 0 1 0 
1 34.453941 -246.68594400000001 0 -1 0 0 
1 34.148345999999997 -246.68594400000001 0 0 1 0 
1 34.148345999999997 -246.026321 0 1 0 0 
1 34.453941 -246.026321 0 0 1 0 
1 34.453941 -245.716995 0 1 0 0 
1 35.191833000000003 -245.716995 0 0 -1 0 
1 35.191833000000003 -246.026321 0 1 0 0 
1 35.489975000000001 -246.026321 0 0 -1 0 
1 34.316997999999998 -251.63403299999999 0 1 0 0 
1 34.622593000000002 -251.63403299999999 0 0 1 0 
1 34.622593000000002 -251.32472200000001 0 1 0 0 
1 35.360489000000001 -251.32472200000001 0 0 -1 0 
1 35.360489000000001 -251.63403299999999 0 1 0 0 
1 35.658627000000003 -251.63403299999999 0 0 -1 0 
1 35.658627000000003 -252.29367099999999 0 -1 0 0 
1 35.360489000000001 -252.29367099999999 0 0 -1 0 
1 35.360489000000001 -252.60672 0 -1 0 0 
1 34.622593000000002 -252.60672 0 0 1 0 
1 34.622593000000002 -252.29367099999999 0 -1 0 0 
1 34.316997999999998 -252.29367099999999 0 0 1 0 
1 33.853203000000001 -237.74731399999999 0 0 1 0 
1 33.853203000000001 -237.087692 0 1 0 0 
1 34.158794 -237.087692 0 0 1 0 
1 34.158794 -236.77836600000001 0 1 0 0 
1 34.89669 -236.77836600000001 0 0 -1 0 
1 34.89669 -237.087692 0 1 0 0 
1 35.194831999999998 -237.087692 0 0 -1 0 
1 35.194831999999998 -237.74731399999999 0 -1 0 0 
1 34.89669 -237.74731399999999 0 0 -1 0 
1 34.89669 -238.06036399999999 0 -1 0 0 
1 34.158794 -238.06036399999999 0 0 1 0 
1 34.158794 -237.74731399999999 0 -1 0 0 
1 62.001807999999997 -238.40841699999999 0 -1 0 0 
1 61.263916000000002 -238.40841699999999 0 0 1 0 
1 61.263916000000002 -238.09536700000001 0 -1 0 0 
1 60.958320999999998 -238.09536700000001 0 0 1 0 
1 60.958320999999998 -237.435745 0 1 0 0 
1 61.263916000000002 -237.435745 0 0 1 0 
1 61.263916000000002 -237.126419 0 1 0 0 
1 62.001807999999997 -237.126419 0 0 -1 0 
1 62.001807999999997 -237.435745 0 1 0 0 
1 62.299950000000003 -237.435745 0 0 -1 0 
1 62.299950000000003 -238.09536700000001 0 -1 0 0 
1 62.001807999999997 -238.09536700000001 0 0 -1 0 
1 71.303771999999995 -238.46804800000001 0 -1 0 0 
1 70.565880000000007 -238.46804800000001 0 0 1 0 
1 70.565880000000007 -238.154999 0 -1 0 0 
1 70.260283999999999 -238.154999 0 0 1 0 
1 70.260283999999999 -237.495361 0 1 0 0 
1 70.565880000000007 -237.495361 0 0 1 0 
1 70.565880000000007 -237.18604999999999 0 1 0 0 
1 71.303771999999995 -237.18604999999999 0 0 -1 0 
1 71.303771999999995 -237.495361 0 1 0 0 
1 71.601912999999996 -237.495361 0 0 -1 0 
1 71.601912999999996 -238.154999 0 -1 0 0 
1 71.303771999999995 -238.154999 0 0 -1 0 
1 74.523681999999994 -238.46804800000001 0 -1 0 0 
1 73.785788999999994 -238.46804800000001 0 0 1 0 
1 73.785788999999994 -238.154999 0 -1 0 0 
1 73.480193999999997 -238.154999 0 0 1 0 
1 73.480193999999997 -237.495361 0 1 0 0 
1 73.785788999999994 -237.495361 0 0 1 0 
1 73.785788999999994 -237.18604999999999 0 1 0 0 
1 74.523681999999994 -237.18604999999999 0 0 -1 0 
1 74.523681999999994 -237.495361 0 1 0 0 
1 74.821822999999995 -237.495361 0 0 -1 0 
1 74.821822999999995 -238.154999 0 -1 0 0 
1 74.523681999999994 -238.154999 0 0 -1 0 
1 86.866669000000002 -238.46804800000001 0 -1 0 0 
1 86.128776999999999 -238.46804800000001 0 0 1 0 
1 86.128776999999999 -238.154999 0 -1 0 0 
1 85.823181000000005 -238.154999 0 0 1 0 
1 85.823181000000005 -237.495361 0 1 0 0 
1 86.128776999999999 -237.495361 0 0 1 0 
1 86.128776999999999 -237.18604999999999 0 1 0 0 
1 86.866669000000002 -237.18604999999999 0 0 -1 0 
1 86.866669000000002 -237.495361 0 1 0 0 
1 87.164810000000003 -237.495361 0 0 -1 0 
1 87.164810000000003 -238.154999 0 -1 0 0 
1 86.866669000000002 -238.154999 0 0 -1 0 
1 111.284317 -253.24087499999999 0 0 1 0 
1 111.284317 -252.58123800000001 0 1 0 0 
1 111.589912 -252.58123800000001 0 0 1 0 
1 111.589912 -252.27192700000001 0 1 0 0 
1 112.327805 -252.27192700000001 0 0 -1 0 
1 112.327805 -252.58123800000001 0 1 0 0 
1 112.625946 -252.58123800000001 0 0 -1 0 
1 112.625946 -253.24087499999999 0 -1 0 0 
1 112.327805 -253.24087499999999 0 0 -1 0 
1 112.327805 -253.55392499999999 0 -1 0 0 
1 111.589912 -253.55392499999999 0 0 1 0 
1 111.589912 -253.24087499999999 0 -1 0 0 
1 111.16506200000001 -247.30789200000001 0 0 1 0 
1 111.16506200000001 -246.64825400000001 0 1 0 0 
1 111.470657 -246.64825400000001 0 0 1 0 
1 111.470657 -246.338943 0 1 0 0 
1 112.208549 -246.338943 0 0 -1 0 
1 112.208549 -246.64825400000001 0 1 0 0 
1 112.506691 -246.64825400000001 0 0 -1 0 
1 112.506691 -247.30789200000001 0 -1 0 0 
1 112.208549 -247.30789200000001 0 0 -1 0 
1 112.208549 -247.62094099999999 0 -1 0 0 
1 111.470657 -247.62094099999999 0 0 1 0 
1 111.470657 -247.30789200000001 0 -1 0 0 
1 89.967322999999993 -238.40841699999999 0 -1 0 0 
1 89.229431000000005 -238.40841699999999 0 0 1 0 
1 89.229431000000005 -238.09536700000001 0 -1 0 0 
1 88.923835999999994 -238.09536700000001 0 0 1 0 
1 88.923835999999994 -237.435745 0 1 0 0 
1 89.229431000000005 -237.435745 0 0 1 0 
1 89.229431000000005 -237.126419 0 1 0 0 
1 89.967322999999993 -237.126419 0 0 -1 0 
1 89.967322999999993 -237.435745 0 1 0 0 
1 90.265465000000006 -237.435745 0 0 -1 0 
1 90.265465000000006 -238.09536700000001 0 -1 0 0 
1 89.967322999999993 -238.09536700000001 0 0 -1 0 
1 105.470596 -237.00715600000001 0 0 -1 0 
1 105.470596 -237.31648300000001 0 1 0 0 
1 105.76873000000001 -237.31648300000001 0 0 -1 0 
1 105.76873000000001 -237.97612000000001 0 -1 0 0 
1 105.470596 -237.97612000000001 0 0 -1 0 
1 105.470596 -238.28916899999999 0 -1 0 0 
1 104.732697 -238.28916899999999 0 0 1 0 
1 104.732697 -237.97612000000001 0 -1 0 0 
1 104.427109 -237.97612000000001 0 0 1 0 
1 104.427109 -237.31648300000001 0 1 0 0 
1 104.732697 -237.31648300000001 0 0 1 0 
1 104.732697 -237.00715600000001 0 1 0 0 
1 112.447067 -270.04104599999999 0 0 -1 0 
1 112.447067 -270.35037199999999 0 1 0 0 
1 112.74520099999999 -270.35037199999999 0 0 -1 0 
1 112.74520099999999 -271.01001000000002 0 -1 0 0 
1 112.447067 -271.01001000000002 0 0 -1 0 
1 112.447067 -271.323059 0 -1 0 0 
1 111.70916699999999 -271.323059 0 0 1 0 
1 111.70916699999999 -271.01001000000002 0 -1 0 0 
1 111.40358000000001 -271.01001000000002 0 0 1 0 
1 111.40358000000001 -270.35037199999999 0 1 0 0 
1 111.70916699999999 -270.35037199999999 0 0 1 0 
1 111.70916699999999 -270.04104599999999 0 1 0 0 
1 95.810867000000002 -276.879639 0 1 0 0 
1 96.116455000000002 -276.879639 0 0 1 0 
1 96.116455000000002 -276.570312 0 1 0 0 
1 96.854354999999998 -276.570312 0 0 -1 0 
1 96.854354999999998 -276.879639 0 1 0 0 
1 97.152489000000003 -276.879639 0 0 -1 0 
1 97.152489000000003 -277.53927599999997 0 -1 0 0 
1 96.854354999999998 -277.53927599999997 0 0 -1 0 
1 96.854354999999998 -277.85232500000001 0 -1 0 0 
1 96.116455000000002 -277.85232500000001 0 0 1 0 
1 96.116455000000002 -277.53927599999997 0 -1 0 0 
1 95.810867000000002 -277.53927599999997 0 0 1 0 
1 84.630623 -276.45105000000001 0 0 -1 0 
1 84.630623 -276.76037600000001 0 1 0 0 
1 84.928757000000004 -276.76037600000001 0 0 -1 0 
1 84.928757000000004 -277.42001299999998 0 -1 0 0 
1 84.630623 -277.42001299999998 0 0 -1 0 
1 84.630623 -277.73306300000002 0 -1 0 0 
1 83.892723000000004 -277.73306300000002 0 0 1 0 
1 83.892723000000004 -277.42001299999998 0 -1 0 0 
1 83.587135000000004 -277.42001299999998 0 0 1 0 
1 83.587135000000004 -276.76037600000001 0 1 0 0 
1 83.892723000000004 -276.76037600000001 0 0 1 0 
1 83.892723000000004 -276.45105000000001 0 1 0 0 
1 59.109856000000001 -277.390198 0 0 1 0 
1 59.109856000000001 -276.73056000000003 0 1 0 0 
1 59.415447 -276.73056000000003 0 0 1 0 
1 59.415447 -276.42123400000003 0 1 0 0 
1 60.153343 -276.42123400000003 0 0 -1 0 
1 60.153343 -276.73056000000003 0 1 0 0 
1 60.451481000000001 -276.73056000000003 0 0 -1 0 
1 60.451481000000001 -277.390198 0 -1 0 0 
1 60.153343 -277.390198 0 0 -1 0 
1 60.153343 -277.70324699999998 0 -1 0 0 
1 59.415447 -277.70324699999998 0 0 1 0 
1 59.415447 -277.390198 0 -1 0 0 
1 101.266823 -237.31648300000001 0 1 0 0 
1 101.572418 -237.31648300000001 0 0 1 0 
1 101.572418 -237.00715600000001 0 1 0 0 
1 102.31031 -237.00715600000001 0 0 -1 0 
1 102.31031 -237.31648300000001 0 1 0 0 
1 102.608452 -237.31648300000001 0 0 -1 0 
1 102.608452 -237.97612000000001 0 -1 0 0 
1 102.31031 -237.97612000000001 0 0 -1 0 
1 102.31031 -238.28916899999999 0 -1 0 0 
1 101.572418 -238.28916899999999 0 0 1 0 
1 101.572418 -237.97612000000001 0 -1 0 0 
1 101.266823 -237.97612000000001 0 0 1 0 
1 112.566322 -244.41593900000001 0 -1 0 0 
1 112.268181 -244.41593900000001 0 0 -1 0 
1 112.268181 -244.72898900000001 0 -1 0 0 
1 111.530289 -244.72898900000001 0 0 1 0 
1 111.530289 -244.41593900000001 0 -1 0 0 
1 111.224693 -244.41593900000001 0 0 1 0 
1 111.224693 -243.75630200000001 0 1 0 0 
1 111.530289 -243.75630200000001 0 0 1 0 
1 111.530289 -243.44697600000001 0 1 0 0 
1 112.268181 -243.44697600000001 0 0 -1 0 
1 112.268181 -243.75630200000001 0 1 0 0 
1 112.566322 -243.75630200000001 0 0 -1 0 
1 112.566322 -256.103027 0 -1 0 0 
1 112.268181 -256.103027 0 0 -1 0 
1 112.268181 -256.41607699999997 0 -1 0 0 
1 111.530289 -256.41607699999997 0 0 1 0 
1 111.530289 -256.103027 0 -1 0 0 
1 111.224693 -256.103027 0 0 1 0 
1 111.224693 -255.44338999999999 0 1 0 0 
1 111.530289 -255.44338999999999 0 0 1 0 
1 111.530289 -255.134064 0 1 0 0 
1 112.268181 -255.134064 0 0 -1 0 
1 112.268181 -255.44338999999999 0 1 0 0 
1 112.566322 -255.44338999999999 0 0 -1 0 
1 112.71539300000001 -265.10684199999997 0 -1 0 0 
1 112.417252 -265.10684199999997 0 0 -1 0 
1 112.417252 -265.41989100000001 0 -1 0 0 
1 111.67935900000001 -265.41989100000001 0 0 1 0 
1 111.67935900000001 -265.10684199999997 0 -1 0 0 
1 111.37376399999999 -265.10684199999997 0 0 1 0 
1 111.37376399999999 -264.447205 0 1 0 0 
1 111.67935900000001 -264.447205 0 0 1 0 
1 111.67935900000001 -264.137878 0 1 0 0 
1 112.417252 -264.137878 0 0 -1 0 
1 112.417252 -264.447205 0 1 0 0 
1 112.71539300000001 -264.447205 0 0 -1 0 
1 87.641829999999999 -276.45105000000001 0 0 -1 0 
1 87.641829999999999 -276.76037600000001 0 1 0 0 
1 87.939971999999997 -276.76037600000001 0 0 -1 0 
1 87.939971999999997 -277.42001299999998 0 -1 0 0 
1 87.641829999999999 -277.42001299999998 0 0 -1 0 
1 87.641829999999999 -277.73306300000002 0 -1 0 0 
1 86.903937999999997 -277.73306300000002 0 0 1 0 
1 86.903937999999997 -277.42001299999998 0 -1 0 0 
1 86.598343 -277.42001299999998 0 0 1 0 
1 86.598343 -276.76037600000001 0 1 0 0 
1 86.903937999999997 -276.76037600000001 0 0 1 0 
1 86.903937999999997 -276.45105000000001 0 1 0 0 
1 90.712669000000005 -276.54049700000002 0 0 -1 0 
1 90.712669000000005 -276.84982300000001 0 1 0 0 
1 91.010811000000004 -276.84982300000001 0 0 -1 0 
1 91.010811000000004 -277.50945999999999 0 -1 0 0 
1 90.712669000000005 -277.50945999999999 0 0 -1 0 
1 90.712669000000005 -277.82251000000002 0 -1 0 0 
1 89.974777000000003 -277.82251000000002 0 0 1 0 
1 89.974777000000003 -277.50945999999999 0 -1 0 0 
1 89.669182000000006 -277.50945999999999 0 0 1 0 
1 89.669182000000006 -276.84982300000001 0 1 0 0 
1 89.974777000000003 -276.84982300000001 0 0 1 0 
1 89.974777000000003 -276.54049700000002 0 1 0 0 
1 109.137711 -276.879639 0 1 0 0 
1 109.435852 -276.879639 0 0 -1 0 
1 109.435852 -277.53927599999997 0 -1 0 0 
1 109.137711 -277.53927599999997 0 0 -1 0 
1 109.137711 -277.85232500000001 0 -1 0 0 
1 108.399818 -277.85232500000001 0 0 1 0 
1 108.399818 -277.53927599999997 0 -1 0 0 
1 108.094223 -277.53927599999997 0 0 1 0 
1 108.094223 -276.879639 0 1 0 0 
1 108.399818 -276.879639 0 0 1 0 
1 108.399818 -276.570312 0 1 0 0 
1 109.137711 -276.570312 0 0 -1 0 
1 99.865561999999997 -276.570312 0 0 -1 0 
1 99.865561999999997 -276.879639 0 1 0 0 
1 100.163704 -276.879639 0 0 -1 0 
1 100.163704 -277.53927599999997 0 -1 0 0 
1 99.865561999999997 -277.53927599999997 0 0 -1 0 
1 99.865561999999997 -277.85232500000001 0 -1 0 0 
1 99.127669999999995 -277.85232500000001 0 0 1 0 
1 99.127669999999995 -277.53927599999997 0 -1 0 0 
1 98.822074999999998 -277.53927599999997 0 0 1 0 
1 98.822074999999998 -276.879639 0 1 0 0 
1 99.127669999999995 -276.879639 0 0 1 0 
1 99.127669999999995 -276.570312 0 1 0 0 
1 105.26934799999999 -276.879639 0 0 1 0 
1 105.26934799999999 -276.570312 0 1 0 0 
1 106.007248 -276.570312 0 0 -1 0 
1 106.007248 -276.879639 0 1 0 0 
1 106.30538199999999 -276.879639 0 0 -1 0 
1 106.30538199999999 -277.53927599999997 0 -1 0 0 
1 106.007248 -277.53927599999997 0 0 -1 0 
1 106.007248 -277.85232500000001 0 -1 0 0 
1 105.26934799999999 -277.85232500000001 0 0 1 0 
1 105.26934799999999 -277.53927599999997 0 -1 0 0 
1 104.963753 -277.53927599999997 0 0 1 0 
1 104.963753 -276.879639 0 1 0 0 
1 78.638007999999999 -276.45105000000001 0 0 -1 0 
1 78.638007999999999 -276.76037600000001 0 1 0 0 
1 78.936149999999998 -276.76037600000001 0 0 -1 0 
1 78.936149999999998 -277.42001299999998 0 -1 0 0 
1 78.638007999999999 -277.42001299999998 0 0 -1 0 
1 78.638007999999999 -277.73306300000002 0 -1 0 0 
1 77.900115999999997 -277.73306300000002 0 0 1 0 
1 77.900115999999997 -277.42001299999998 0 -1 0 0 
1 77.594521 -277.42001299999998 0 0 1 0 
1 77.594521 -276.76037600000001 0 1 0 0 
1 77.900115999999997 -276.76037600000001 0 0 1 0 
1 77.900115999999997 -276.45105000000001 0 1 0 0 
1 80.881516000000005 -276.45105000000001 0 1 0 0 
1 81.619408000000007 -276.45105000000001 0 0 -1 0 
1 81.619408000000007 -276.76037600000001 0 1 0 0 
1 81.917548999999994 -276.76037600000001 0 0 -1 0 
1 81.917548999999994 -277.42001299999998 0 -1 0 0 
1 81.619408000000007 -277.42001299999998 0 0 -1 0 
1 81.619408000000007 -277.73306300000002 0 -1 0 0 
1 80.881516000000005 -277.73306300000002 0 0 1 0 
1 80.881516000000005 -277.42001299999998 0 -1 0 0 
1 80.575919999999996 -277.42001299999998 0 0 1 0 
1 80.575919999999996 -276.76037600000001 0 1 0 0 
1 80.881516000000005 -276.76037600000001 0 0 1 0 
1 68.657784000000007 -276.48086499999999 0 1 0 0 
1 69.395675999999995 -276.48086499999999 0 0 -1 0 
1 69.395675999999995 -276.79019199999999 0 1 0 0 
1 69.693816999999996 -276.79019199999999 0 0 -1 0 
1 69.693816999999996 -277.44982900000002 0 -1 0 0 
1 69.395675999999995 -277.44982900000002 0 0 -1 0 
1 69.395675999999995 -277.762878 0 -1 0 0 
1 68.657784000000007 -277.762878 0 0 1 0 
1 68.657784000000007 -277.44982900000002 0 -1 0 0 
1 68.352187999999998 -277.44982900000002 0 0 1 0 
1 68.352187999999998 -276.79019199999999 0 1 0 0 
1 68.657784000000007 -276.79019199999999 0 0 1 0 
1 65.311165000000003 -276.73056000000003 0 1 0 0 
1 65.616753000000003 -276.73056000000003 0 0 1 0 
1 65.616753000000003 -276.42123400000003 0 1 0 0 
1 66.354652000000002 -276.42123400000003 0 0 -1 0 
1 66.354652000000002 -276.73056000000003 0 1 0 0 
1 66.652794 -276.73056000000003 0 0 -1 0 
1 66.652794 -277.390198 0 -1 0 0 
1 66.354652000000002 -277.390198 0 0 -1 0 
1 66.354652000000002 -277.70324699999998 0 -1 0 0 
1 65.616753000000003 -277.70324699999998 0 0 1 0 
1 65.616753000000003 -277.390198 0 -1 0 0 
1 65.311165000000003 -277.390198 0 0 1 0 
1 75.746055999999996 -277.44982900000002 0 -1 0 0 
1 75.447913999999997 -277.44982900000002 0 0 -1 0 
1 75.447913999999997 -277.762878 0 -1 0 0 
1 74.710021999999995 -277.762878 0 0 1 0 
1 74.710021999999995 -277.44982900000002 0 -1 0 0 
1 74.404426999999998 -277.44982900000002 0 0 1 0 
1 74.404426999999998 -276.79019199999999 0 1 0 0 
1 74.710021999999995 -276.79019199999999 0 0 1 0 
1 74.710021999999995 -276.48086499999999 0 1 0 0 
1 75.447913999999997 -276.48086499999999 0 0 -1 0 
1 75.447913999999997 -276.79019199999999 0 1 0 0 
1 75.746055999999996 -276.79019199999999 0 0 -1 0 
1 63.283810000000003 -277.390198 0 0 -1 0 
1 63.283810000000003 -277.70324699999998 0 -1 0 0 
1 62.545918 -277.70324699999998 0 0 1 0 
1 62.545918 -277.390198 0 -1 0 0 
1 62.240321999999999 -277.390198 0 0 1 0 
1 62.240321999999999 -276.73056000000003 0 1 0 0 
1 62.545918 -276.73056000000003 0 0 1 0 
1 62.545918 -276.42123400000003 0 1 0 0 
1 63.283810000000003 -276.42123400000003 0 0 -1 0 
1 63.283810000000003 -276.73056000000003 0 1 0 0 
1 63.581950999999997 -276.73056000000003 0 0 -1 0 
1 63.581950999999997 -277.390198 0 -1 0 0 
1 35.532139000000001 -249.510895 0 -1 0 0 
1 35.233997000000002 -249.510895 0 0 -1 0 
1 35.233997000000002 -249.82394400000001 0 -1 0 0 
1 34.496101000000003 -249.82394400000001 0 0 1 0 
1 34.496101000000003 -249.510895 0 -1 0 0 
1 34.190510000000003 -249.510895 0 0 1 0 
1 34.190510000000003 -248.851257 0 1 0 0 
1 34.496101000000003 -248.851257 0 0 1 0 
1 34.496101000000003 -248.54193100000001 0 1 0 0 
1 35.233997000000002 -248.54193100000001 0 0 -1 0 
1 35.233997000000002 -248.851257 0 1 0 0 
1 35.532139000000001 -248.851257 0 0 -1 0 
1 71.393210999999994 -277.44982900000002 0 0 1 0 
1 71.393210999999994 -276.79019199999999 0 1 0 0 
1 71.698807000000002 -276.79019199999999 0 0 1 0 
1 71.698807000000002 -276.48086499999999 0 1 0 0 
1 72.436699000000004 -276.48086499999999 0 0 -1 0 
1 72.436699000000004 -276.79019199999999 0 1 0 0 
1 72.734840000000005 -276.79019199999999 0 0 -1 0 
1 72.734840000000005 -277.44982900000002 0 -1 0 0 
1 72.436699000000004 -277.44982900000002 0 0 -1 0 
1 72.436699000000004 -277.762878 0 -1 0 0 
1 71.698807000000002 -277.762878 0 0 1 0 
1 71.698807000000002 -277.44982900000002 0 -1 0 0 
1 93.843140000000005 -277.82251000000002 0 -1 0 0 
1 93.105247000000006 -277.82251000000002 0 0 1 0 
1 93.105247000000006 -277.50945999999999 0 -1 0 0 
1 92.799651999999995 -277.50945999999999 0 0 1 0 
1 92.799651999999995 -276.84982300000001 0 1 0 0 
1 93.105247000000006 -276.84982300000001 0 0 1 0 
1 93.105247000000006 -276.54049700000002 0 1 0 0 
1 93.843140000000005 -276.54049700000002 0 0 -1 0 
1 93.843140000000005 -276.84982300000001 0 1 0 0 
1 94.141281000000006 -276.84982300000001 0 0 -1 0 
1 94.141281000000006 -277.50945999999999 0 -1 0 0 
1 93.843140000000005 -277.50945999999999 0 0 -1 0 
1 102.876778 -277.85232500000001 0 -1 0 0 
1 102.138885 -277.85232500000001 0 0 1 0 
1 102.138885 -277.53927599999997 0 -1 0 0 
1 101.83329000000001 -277.53927599999997 0 0 1 0 
1 101.83329000000001 -276.879639 0 1 0 0 
1 102.138885 -276.879639 0 0 1 0 
1 102.138885 -276.570312 0 1 0 0 
1 102.876778 -276.570312 0 0 -1 0 
1 102.876778 -276.879639 0 1 0 0 
1 103.174919 -276.879639 0 0 -1 0 
1 103.174919 -277.53927599999997 0 -1 0 0 
1 102.876778 -277.53927599999997 0 0 -1 0 
1 111.284317 -259.11422700000003 0 0 1 0 
1 111.284317 -258.45459 0 1 0 0 
1 111.589912 -258.45459 0 0 1 0 
1 111.589912 -258.145264 0 1 0 0 
1 112.327805 -258.145264 0 0 -1 0 
1 112.327805 -258.45459 0 1 0 0 
1 112.625946 -258.45459 0 0 -1 0 
1 112.625946 -259.11422700000003 0 -1 0 0 
1 112.327805 -259.11422700000003 0 0 -1 0 
1 112.327805 -259.427277 0 -1 0 0 
1 111.589912 -259.427277 0 0 1 0 
1 111.589912 -259.11422700000003 0 -1 0 0 
1 99.328911000000005 -238.28916899999999 0 -1 0 0 
1 98.591019000000003 -238.28916899999999 0 0 1 0 
1 98.591019000000003 -237.97612000000001 0 -1 0 0 
1 98.285422999999994 -237.97612000000001 0 0 1 0 
1 98.285422999999994 -237.31648300000001 0 1 0 0 
1 98.591019000000003 -237.31648300000001 0 0 1 0 
1 98.591019000000003 -237.00715600000001 0 1 0 0 
1 99.328911000000005 -237.00715600000001 0 0 -1 0 
1 99.328911000000005 -237.31648300000001 0 1 0 0 
1 99.627052000000006 -237.31648300000001 0 0 -1 0 
1 99.627052000000006 -237.97612000000001 0 -1 0 0 
1 99.328911000000005 -237.97612000000001 0 0 -1 0 
1 118.97461699999999 -267.50592 0 -1 0 0 
1 118.318077 -267.50592 0 0 -1 0 
1 118.318077 -267.77758799999998 0 -1 0 0 
1 117.87661 -267.77758799999998 0 0 1 0 
1 117.87661 -266.23812900000001 0 1 0 0 
1 118.408638 -266.23812900000001 0 0 -1 0 
1 118.408638 -266.44189499999999 0 1 0 0 
1 118.97461699999999 -266.44189499999999 0 0 -1 0 
1 44.425606000000002 -237.21417199999999 0 1 0 0 
1 44.723742999999999 -237.21417199999999 0 0 -1 0 
1 44.723742999999999 -237.87380999999999 0 -1 0 0 
1 44.425606000000002 -237.87380999999999 0 0 -1 0 
1 44.425606000000002 -238.41876199999999 0 -1 0 0 
1 43.687710000000003 -238.41876199999999 0 0 1 0 
1 43.687710000000003 -237.87380999999999 0 -1 0 0 
1 43.382114000000001 -237.87380999999999 0 0 1 0 
1 43.382114000000001 -237.21417199999999 0 1 0 0 
1 43.687710000000003 -237.21417199999999 0 0 1 0 
1 43.687710000000003 -236.90486100000001 0 1 0 0 
1 44.425606000000002 -236.90486100000001 0 0 -1 0 
1 134.935303 -233.59229999999999 0 0.0072826110844606915 0.99997348143627918 0 
1 134.94717399999999 -231.96229600000001 0 1 0 0 
1 135.84086600000001 -231.96229600000001 0 0 -1 0 
1 135.84086600000001 -232.324524 0 1 0 0 
1 136.20309399999999 -232.324524 0 0 -1 0 
1 136.20309399999999 -233.048981 0 -0.99991899615112445 -0.012727966692587007 0 
1 135.88900799999999 -233.05297899999999 0 0.012735063591501727 -0.99991890578952469 0 
1 135.89721700000001 -233.69752500000001 0 -0.99999911263101371 -0.0013321926231931809 0 
1 135.28994800000001 -233.69833399999999 0 0.027723862357639333 0.99961561985393899 0 
1 135.29324299999999 -233.57952900000001 0 -0.9993641056814081 -0.035656475927933029 0 
1 55.894032000000003 -237.07351700000001 0 0 -1 0 
1 55.894032000000003 -237.38282799999999 0 1 0 0 
1 56.192172999999997 -237.38282799999999 0 0 -1 0 
1 56.192172999999997 -238.04246499999999 0 -1 0 0 
1 55.894032000000003 -238.04246499999999 0 0 -1 0 
1 55.894032000000003 -238.810181 0 -1 0 0 
1 55.156135999999996 -238.810181 0 0 1 0 
1 55.156135999999996 -238.04246499999999 0 -1 0 0 
1 54.850543999999999 -238.04246499999999 0 0 1 0 
1 54.850543999999999 -237.38282799999999 0 1 0 0 
1 55.156135999999996 -237.38282799999999 0 0 1 0 
1 55.156135999999996 -237.07351700000001 0 1 0 0 
1 45.713977999999997 -221.163376 0 0 -1 0 
1 45.713977999999997 -222.068939 0 -1 0 0 
1 43.450049999999997 -222.068939 0 0 1 0 
1 43.450049999999997 -221.163376 0 1 0 0 
1 118.36335800000001 -275.65606700000001 0 0 -1 0 
1 118.36335800000001 -275.950378 0 -1 0 0 
1 117.933212 -275.950378 0 0 1 0 
1 117.933212 -273.77700800000002 0 1 0 0 
1 118.36335800000001 -273.77700800000002 0 0 -1 0 
1 118.36335800000001 -274.02603099999999 0 1 0 0 
1 118.951981 -274.02603099999999 0 0 -1 0 
1 118.951981 -275.65606700000001 0 -1 0 0 
1 46.302596999999999 -231.35102800000001 0 -1 0 0 
1 45.895091999999998 -231.35102800000001 0 0 -1 0 
1 45.895091999999998 -231.73590100000001 0 -1 0 0 
1 44.717849999999999 -231.73590100000001 0 0 1 0 
1 44.717849999999999 -230.83033800000001 0 1 0 0 
1 45.306469 -230.83033800000001 0 0 1 0 
1 45.306469 -230.083237 0 1 0 0 
1 45.713977999999997 -230.083237 0 0 -1 0 
1 45.713977999999997 -230.807693 0 1 0 0 
1 46.302596999999999 -230.807693 0 0 -1 0 
1 103.260605 -224.657364 0 0 -1 0 
1 103.260605 -226.53735399999999 0 -1 0 0 
1 102.220062 -226.53735399999999 0 0 1 0 
1 102.220062 -225.75294500000001 0 -1 0 0 
1 101.963928 -225.75294500000001 0 0 1 0 
1 101.963928 -225.04858400000001 0 1 0 0 
1 102.364136 -225.04858400000001 0 -0.026304262062591094 0.99965398303480124 0 
1 102.348129 -224.44026199999999 0 1 0 0 
1 102.863327 -224.44026199999999 0 0 -1 0 
1 102.863327 -224.657364 0 1 0 0 
1 87.682343000000003 -283.12106299999999 0 0 -1 0 
1 87.682343000000003 -283.73223899999999 0 -1 0 0 
1 85.654990999999995 -283.73223899999999 0 0 1 0 
1 85.654990999999995 -283.21048000000002 0 -1 0 0 
1 85.371758 -283.21048000000002 0 0.033315202297496876 0.99944489457692298 0 
1 85.386664999999994 -282.76327500000002 0 1 0 0 
1 87.920852999999994 -282.76327500000002 0 0 -1 0 
1 87.920852999999994 -283.12106299999999 0 -1 0 0 
1 69.536636000000001 -282.82708700000001 0 0.99996653376464884 -0.0081811582745704818 0 
1 72.192527999999996 -282.848816 0 0 -1 0 
1 72.192527999999996 -283.29150399999997 0 -1 0 0 
1 71.939544999999995 -283.29150399999997 0 0 -1 0 
1 71.939544999999995 -283.77639799999997 0 -1 0 0 
1 69.747055000000003 -283.77639799999997 0 0 1 0 
1 69.747055000000003 -283.29150399999997 0 -1 0 0 
1 69.536240000000006 -283.29150399999997 0 0.00085268165471093303 0.9999996364669318 0 
1 79.647475999999997 -283.240295 0 0 -1 0 
1 79.647475999999997 -283.77694700000001 0 -1 0 0 
1 77.545586 -283.77694700000001 0 0 1 0 
1 77.545586 -283.285034 0 -0.99944243097721297 0.033389027574321745 0 
1 77.247780000000006 -283.27508499999999 0 0.033307600132692919 0.99944514795630512 0 
1 77.262352000000007 -282.83783 0 1 0 0 
1 79.990334000000004 -282.83783 0 0 -1 0 
1 79.990334000000004 -283.240295 0 -1 0 0 
1 118.86142 -261.823486 0 -1 0 0 
1 118.386002 -261.823486 0 0 -1 0 
1 118.386002 -262.11779799999999 0 -0.99986702562361585 0.016307393126538706 0 
1 117.910698 -262.11004600000001 0 0.016257431097009719 0.99986783923382894 0 
1 117.955849 -259.33316000000002 0 1 0 0 
1 118.431282 -259.33316000000002 0 0 -1 0 
1 118.431282 -259.58218399999998 0 1 0 0 
1 118.86142 -259.58218399999998 0 0 -1 0 
1 118.329399 -248.64743000000001 0 0.026729807140862899 -0.99964269487162871 0 
1 118.333504 -248.800949 0 -1 0 0 
1 117.978447 -248.800949 0 -0.0040400960136435411 0.99999183877879749 0 
1 117.96717099999999 -246.00994900000001 0 1 0 0 
1 118.442604 -246.00994900000001 0 0 -1 0 
1 118.442604 -246.270309 0 1 0 0 
1 119.0765 -246.270309 0 0 -1 0 
1 119.0765 -248.64743000000001 0 -1 0 0 
1 91.734581000000006 -230.763565 0 0 -1 0 
1 91.734581000000006 -231.59600800000001 0 -1 0 0 
1 88.596939000000006 -231.59600800000001 0 0 1 0 
1 88.596939000000006 -230.763565 0 1 0 0 
1 40.937092 -230.76242099999999 0 0 -1 0 
1 40.937092 -231.78118900000001 0 -1 0 0 
1 38.514690000000002 -231.78118900000001 0 0 1 0 
1 38.514690000000002 -230.76242099999999 0 1 0 0 
1 39.533459000000001 -230.76242099999999 0 -0.041633068728534207 0.99913296792181028 0 
1 39.510818 -230.21906999999999 0 1 0 0 
1 40.439030000000002 -230.21906999999999 0 0 -1 0 
1 40.439030000000002 -230.76242099999999 0 1 0 0 
1 49.766402999999997 -230.083237 0 0 -1 0 
1 49.766402999999997 -230.78504899999999 0 1 0 0 
1 50.468220000000002 -230.78504899999999 0 0 -1 0 
1 50.468220000000002 -231.78118900000001 0 -1 0 0 
1 48.566524999999999 -231.78118900000001 0 0 1 0 
1 48.566524999999999 -231.39631700000001 0 -1 0 0 
1 48.045822000000001 -231.39631700000001 0 0 1 0 
1 48.045822000000001 -230.76242099999999 0 1 0 0 
1 48.770274999999998 -230.76242099999999 0 0.033315614181700065 0.99944488084721117 0 
1 48.792915000000001 -230.083237 0 1 0 0 
1 93.719620000000006 -228.87458799999999 0 0 -1 0 
1 93.719620000000006 -230.763565 0 1 0 0 
1 93.943732999999995 -230.763565 0 0 -1 0 
1 93.943732999999995 -231.59600800000001 0 -1 0 0 
1 92.534996000000007 -231.59600800000001 0 -0.039963551453686297 0.99920113818750644 0 
1 92.502983 -230.795593 0 1 0 0 
1 92.791129999999995 -230.795593 0 0 1 0 
1 92.791129999999995 -228.87458799999999 0 1 0 0 
1 96.030258000000003 -283.657715 0 -1 0 0 
1 93.212836999999993 -283.657715 0 0 1 0 
1 93.212836999999993 -283.18066399999998 0 -1 0 0 
1 92.944511000000006 -283.18066399999998 0 0.064372149324929726 0.99792596237961917 0 
1 92.974318999999994 -282.71856700000001 0 1 0 0 
1 96.373115999999996 -282.71856700000001 0 0 -1 0 
1 96.373115999999996 -283.16577100000001 0 -1 0 0 
1 96.030258000000003 -283.16577100000001 0 0 -1 0 
1 51.473263000000003 -239.72680700000001 0 1 0 0 
1 52.546565999999999 -239.72680700000001 0 0 -1 0 
1 52.546565999999999 -243.09577899999999 0 -1 0 0 
1 51.532893999999999 -243.09577899999999 0 -0.017697286066783818 0.99984339076970963 0 
1 111.84657300000001 -278.48498499999999 0 0 1 0 
1 111.84657300000001 -278.09738199999998 0 -1 0 0 
1 111.220482 -278.09738199999998 0 0 1 0 
1 111.220482 -277.59054600000002 0 -1 0 0 
1 110.92234000000001 -277.59054600000002 0 0 1 0 
1 110.92234000000001 -276.96447799999999 0 1 0 0 
1 111.220482 -276.96447799999999 0 0 1 0 
1 111.220482 -276.33837899999997 0 1 0 0 
1 111.72731 -276.33837899999997 0 0 1 0 
1 111.72731 -275.980591 0 1 0 0 
1 112.62172700000001 -275.980591 0 0.78487070697797912 -0.61965956244367537 0 
1 113.188202 -276.42782599999998 0 0 -1 0 
1 113.188202 -277.97814899999997 0 -0.72701450506084409 -0.68662210089039233 0 
1 112.65155 -278.48498499999999 0 -1 0 0 
1 110.832893 -238.14666700000001 0 0 1 0 
1 110.832893 -237.729263 0 -1 0 0 
1 110.385689 -237.729263 0 0 1 0 
1 110.385689 -237.22242700000001 0 1 0 0 
1 110.65398399999999 -237.22242700000001 0 0 1 0 
1 110.65398399999999 -236.86466999999999 0 1 0 0 
1 110.96118199999999 -236.86466999999999 0 0 1 0 
1 110.96118199999999 -236.413467 0 0.99995173046038577 0.009825311663247514 0 
1 111.313622 -236.41000399999999 0 -0.010564278332090577 0.99994419645464316 0 
1 111.309921 -236.05969200000001 0 1 0 0 
1 112.234154 -236.05969200000001 0 0.70710151062249316 -0.70711205171131686 0 
1 112.770798 -236.59634399999999 0 0 -1 0 
1 112.770798 -237.84852599999999 0 -0.86542199690967125 -0.50104367800110705 0 
1 112.20433800000001 -238.17648299999999 0 0 -1 0 
1 112.20433800000001 -238.53424100000001 0 -1 0 0 
1 111.54843099999999 -238.53424100000001 0 0 1 0 
1 111.54843099999999 -238.14666700000001 0 -1 0 0 
1 118.353561 -264.97033699999997 0 0 -1 0 
1 118.353561 -265.10272200000003 0 -1 0 0 
1 117.86528800000001 -265.10272200000003 0 0 1 0 
1 117.86528800000001 -263.13656600000002 0 1 0 0 
1 118.340721 -263.13656600000002 0 0 -1 0 
1 118.340721 -263.38558999999998 0 1 0 0 
1 118.9067 -263.38558999999998 0 0 -1 0 
1 118.9067 -264.13269000000003 0 1 0 0 
1 120.536728 -264.13269000000003 0 0 -1 0 
1 120.536728 -264.97033699999997 0 -1 0 0 
1 118.431282 -244.934586 0 -1 0 0 
1 117.955849 -244.934586 0 -0.0071441712269130139 0.99997448008310719 0 
1 117.94452699999999 -243.34983800000001 0 1 0 0 
1 121.18195299999999 -243.34983800000001 0 0 -1 0 
1 121.18195299999999 -244.25541699999999 0 -1 0 0 
1 118.89537799999999 -244.25541699999999 0 0 -1 0 
1 118.89537799999999 -244.76480100000001 0 -1 0 0 
1 118.431282 -244.76480100000001 0 0 -1 0 
1 134.86738600000001 -230.06059300000001 0 -1 0 0 
1 134.120285 -230.06059300000001 0 0 1 0 
1 134.120285 -228.92863500000001 0 1 0 0 
1 134.935303 -228.92863500000001 0 -0.025637851973587037 0.99967129625001261 0 
1 134.91265899999999 -228.04570000000001 0 1 0 0 
1 135.365433 -228.04570000000001 0 0 1 0 
1 135.365433 -227.774033 0 1 0 0 
1 135.88613899999999 -227.774033 0 0 -1 0 
1 135.88613899999999 -228.49848900000001 0 1 0 0 
1 136.08990499999999 -228.49848900000001 0 0 -1 0 
1 136.08990499999999 -229.20030199999999 0 -1 0 0 
1 135.81823700000001 -229.20030199999999 0 0 -1 0 
1 135.81823700000001 -230.739777 0 -1 0 0 
1 135.410721 -230.739777 0 0 1 0 
1 135.410721 -230.581299 0 -1 0 0 
1 134.86738600000001 -230.581299 0 0 1 0 
1 52.186028 -237.375641 0 -0.25883209902444193 0.96592232840669012 0 
1 52.119956999999999 -237.129074 0 1 0 0 
1 53.092537 -237.129074 0 0 -1 0 
1 53.092537 -237.41781599999999 0 1 0 0 
1 53.408763999999998 -237.41781599999999 0 0 -1 0 
1 53.408763999999998 -237.90269499999999 0 -1 0 0 
1 53.134701 -237.90269499999999 0 -0.50000387374520561 -0.86602316726504991 0 
1 52.666595000000001 -238.71347 0 0 -1 0 
1 52.666595000000001 -239.20974699999999 0 -1 0 0 
1 51.553576999999997 -239.20974699999999 0 0 1 0 
1 51.553576999999997 -238.429733 0 -1 0 0 
1 51.005454999999998 -238.429733 0 0 1 0 
1 51.005454999999998 -238.11350999999999 0 -1 0 0 
1 50.394084999999997 -238.11350999999999 0 -0.028557105380121808 0.99959216270052298 0 
1 50.373004999999999 -237.375641 0 1 0 0 
1 117.86528800000001 -237.37307699999999 0 -0.031824836994587234 0.99949346158455088 0 
1 117.808701 -235.595901 0 1 0 0 
1 121.114029 -235.595901 0 0 -1 0 
1 121.114029 -236.64862099999999 0 -1 0 0 
1 118.9067 -236.64862099999999 0 0 -1 0 
1 118.9067 -237.13536099999999 0 -1 0 0 
1 118.318077 -237.13536099999999 0 0 -1 0 
1 118.318077 -237.37307699999999 0 -1 0 0 
1 18.139358999999999 -226.30247499999999 0 0 -1 0 
1 18.139358999999999 -226.73262 0 1 0 0 
1 19.565632000000001 -226.73262 0 0 -1 0 
1 19.565632000000001 -227.208054 0 -1 0 0 
1 19.271322000000001 -227.208054 0 0 -1 0 
1 19.271322000000001 -227.68347199999999 0 -1 0 0 
1 18.456308 -227.68347199999999 0 0 -1 0 
1 18.456308 -228.81544500000001 0 -1 0 0 
1 17.618656000000001 -228.81544500000001 0 0 -1 0 
1 17.618656000000001 -228.973907 0 -1 0 0 
1 17.052675000000001 -228.973907 0 0 1 0 
1 17.052675000000001 -227.70611600000001 0 0.9998702051761883 0.016111263169821758 0 
1 17.279008999999999 -227.70246900000001 0 -0.016127257174447591 0.99986994733116619 0 
1 17.256428 -226.30247499999999 0 1 0 0 
1 48.730376999999997 -243.06596400000001 0 -1 0 0 
1 47.478191000000002 -243.06596400000001 0 0 1 0 
1 47.478191000000002 -241.605087 0 -1 0 0 
1 46.703026000000001 -241.605087 0 0 1 0 
1 46.703026000000001 -240.38270600000001 0 1 0 0 
1 47.180050000000001 -240.38270600000001 0 0 1 0 
1 47.180050000000001 -239.786438 0 1 0 0 
1 48.730376999999997 -239.786438 0 0 -1 0 
1 49.614063000000002 -237.43888899999999 0 0 -1 0 
1 49.614063000000002 -238.17675800000001 0 -1 0 0 
1 49.129185 -238.17675800000001 0 0 -1 0 
1 49.129185 -238.450806 0 -1 0 0 
1 48.68647 -238.450806 0 0 -1 0 
1 48.68647 -239.08326700000001 0 -1 0 0 
1 47.168590999999999 -239.08326700000001 0 0 1 0 
1 47.168590999999999 -238.619461 0 -1 0 0 
1 46.768039999999999 -238.619461 0 0 1 0 
1 46.768039999999999 -238.17675800000001 0 -1 0 0 
1 46.515056999999999 -238.17675800000001 0 0 1 0 
1 46.515056999999999 -237.77619899999999 0 -1 0 0 
1 46.156669999999998 -237.77619899999999 0 0 1 0 
1 46.156669999999998 -237.33348100000001 0 0.84226841123096474 0.53905836738006996 0 
1 46.683712 -236.99617000000001 0 1 0 0 
1 47.590221 -236.99617000000001 0 0 -1 0 
1 47.590221 -237.43888899999999 0 1 0 0 
1 102.396156 -223.079544 0 0 1 0 
1 102.396156 -219.877869 0 -1 0 0 
1 102.04396800000001 -219.877869 0 0 1 0 
1 102.04396800000001 -219.173508 0 1 0 0 
1 102.428169 -219.173508 0 -0.045401806697102635 0.99896880629408991 0 
1 102.396156 -218.469131 0 1 0 0 
1 103.164558 -218.469131 0 0 -1 0 
1 103.164558 -222.887451 0 -1 0 0 
1 102.844391 -222.887451 0 0 -1 0 
1 102.844391 -223.079544 0 -1 0 0 
1 53.411171000000003 -273.38677999999999 0 0 1 0 
1 53.411171000000003 -270.8526 0 1 0 0 
1 56.869594999999997 -270.8526 0 0 -1 0 
1 56.869594999999997 -273.38677999999999 0 -1 0 0 
1 53.411171000000003 -268.61654700000003 0 0 1 0 
1 53.411171000000003 -266.08236699999998 0 1 0 0 
1 56.869594999999997 -266.08236699999998 0 0 -1 0 
1 56.869594999999997 -268.61654700000003 0 -1 0 0 
1 37.269534999999998 -230.739777 0 1 0 0 
1 37.790236999999998 -230.739777 0 0 -1 0 
1 37.790236999999998 -231.66798399999999 0 -1 0 0 
1 36.273406999999999 -231.66798399999999 0 0 1 0 
1 36.273406999999999 -230.67186000000001 0 1 0 0 
1 36.567715 -230.67186000000001 0 0.007352995536266442 0.99997296636291311 0 
1 36.590355000000002 -227.59292600000001 0 1 0 0 
1 37.812874000000001 -227.59292600000001 0 0 -1 0 
1 37.812874000000001 -228.31736799999999 0 -1 0 0 
1 37.269534999999998 -228.31736799999999 0 0 -1 0 
1 53.411171000000003 -276.24893200000002 0 0.99996747897815053 0.0080647991966456278 0 
1 57.108105000000002 -276.21911599999999 0 0.0080631599928061119 -0.99996749219708658 0 
1 57.118923000000002 -277.56072999999998 0 -1 0 0 
1 54.544102000000002 -277.56072999999998 0 0 -1 0 
1 54.544102000000002 -278.812927 0 -1 0 0 
1 53.440987 -278.812927 0 -0.011627941644068969 0.9999323932012214 0 
1 136.15782200000001 -220.552109 0 -1 0 0 
1 135.88613899999999 -220.552109 0 0 -1 0 
1 135.88613899999999 -221.276566 0 -1 0 0 
1 134.75418099999999 -221.276566 0 0 1 0 
1 134.75418099999999 -220.936981 0 -1 0 0 
1 133.30526699999999 -220.936981 0 0 1 0 
1 133.30526699999999 -220.48419200000001 0 1 0 0 
1 134.70889299999999 -220.48419200000001 0 0.031984997537166222 0.99948834907293815 0 
1 134.799454 -217.65428199999999 0 1 0 0 
1 135.86350999999999 -217.65428199999999 0 0 -1 0 
1 135.86350999999999 -219.87292500000001 0 1 0 0 
1 136.15782200000001 -219.87292500000001 0 0 -1 0 
1 99.370209000000003 -283.46331800000002 0 0 1 0 
1 99.370209000000003 -283.21020499999997 0 -1 0 0 
1 99.279578999999998 -283.21020499999997 0 0.03084914215680034 0.99952405195082195 0 
1 99.295203999999998 -282.70394900000002 0 1 0 0 
1 105.226456 -282.70394900000002 0 0 -1 0 
1 105.226456 -283.09146099999998 0 -1 0 0 
1 104.945206 -283.09146099999998 0 0 -1 0 
1 104.945206 -283.47241200000002 0 -0.99999866957694761 0.0016312094699131436 0 
1 118.98082700000001 -281.99035600000002 0 0 -1 0 
1 118.98082700000001 -286.08850100000001 0 -1 0 0 
1 117.844238 -286.08850100000001 0 0 1 0 
1 117.844238 -283.63922100000002 0 -1 0 0 
1 116.115334 -283.63922100000002 0 0 1 0 
1 116.115334 -282.69473299999999 0 1 0 0 
1 117.892258 -282.69473299999999 0 0.02272911090150705 0.99974166038913614 0 
1 117.908272 -281.99035600000002 0 1 0 0 
1 52.966048999999998 -283.94503800000001 0 0 1 0 
1 52.966048999999998 -283.22827100000001 0 1 0 0 
1 53.450927999999998 -283.22827100000001 0 0.017539701091187642 0.99984616761061385 0 
1 53.472008000000002 -282.026611 0 1 0 0 
1 54.568255999999998 -282.026611 0 0 -1 0 
1 54.568255999999998 -282.53256199999998 0 1 0 0 
1 56.339115 -282.53256199999998 0 0 -1 0 
1 56.339115 -285.82132000000001 0 -1 0 0 
1 54.378520999999999 -285.82132000000001 0 0 -1 0 
1 54.378520999999999 -286.11645499999997 0 -1 0 0 
1 53.450927999999998 -286.11645499999997 0 -0.0057919731853507978 0.99998322638263293 0 
1 53.438350999999997 -283.94503800000001 0 -1 0 0 
1 114.888229 -282.66290299999997 0 0 -1 0 
1 114.888229 -283.64773600000001 0 -1 0 0 
1 113.29216 -283.64773600000001 0 0 -1 0 
1 113.29216 -285.80557299999998 0 -1 0 0 
1 111.458382 -285.80557299999998 0 0 1 0 
1 111.458382 -283.68167099999999 0 -1 0 0 
1 110.869759 -283.68167099999999 0 0 1 0 
1 110.869759 -283.12701399999997 0 -1 0 0 
1 110.564133 -283.12701399999997 0 0 1 0 
1 110.564133 -282.708191 0 1 0 0 
1 111.37915 -282.708191 0 0.65618467093792177 0.75460034298036949 0 
1 111.83193199999999 -282.1875 0 1 0 0 
1 112.635628 -282.1875 0 0.71538901026182711 -0.69872638707623125 0 
1 113.12236799999999 -282.66290299999997 0 1 0 0 
1 48.838196000000003 -217.72219799999999 0 1 0 0 
1 49.562649 -217.72219799999999 0 0.013156740579580528 -0.99991344634289292 0 
1 49.653205999999997 -224.60453799999999 0 -0.99982851484774238 0.018518663487347264 0 
1 48.883735999999999 -224.59028599999999 0 0.018516349107863098 0.99982855771162871 0 
1 48.928753 -222.15950000000001 0 -1 0 0 
1 48.294853000000003 -222.15950000000001 0 0 1 0 
1 48.294853000000003 -221.38975500000001 0 1 0 0 
1 48.883471999999998 -221.38975500000001 0 -0.012344061832932183 0.99992380916621082 0 
1 62.263061999999998 -283.83963 0 0 -1 0 
1 62.263061999999998 -287.02298000000002 0 -1 0 0 
1 60.998165 -287.02298000000002 0 0 1 0 
1 60.998165 -285.80023199999999 0 -1 0 0 
1 60.007323999999997 -285.80023199999999 0 0.019863394830407204 0.99980270330991372 0 
1 60.070568000000002 -282.61691300000001 0 1 0 0 
1 60.934916999999999 -282.61691300000001 0 0 -1 0 
1 60.934916999999999 -282.848816 0 1 0 0 
1 64.181495999999996 -282.848816 0 0 -1 0 
1 64.181495999999996 -283.24935900000003 0 -1 0 0 
1 63.970675999999997 -283.24935900000003 0 0 -1 0 
1 63.970675999999997 -283.83963 0 -1 0 0 
1 68.042182999999994 -230.95567299999999 0 1 0 0 
1 68.330337999999998 -230.95567299999999 0 0.0082155684796635028 0.9999662516478024 0 
1 68.398514000000006 -222.65756200000001 0 1 0 0 
1 69.394638 -222.65756200000001 0 -0.032392740364142726 -0.99947521748750801 0 
1 69.322852999999995 -224.87248199999999 0 1 0 0 
1 69.739075 -224.87248199999999 0 0 -1 0 
1 69.739075 -225.83299299999999 0 -1 0 0 
1 69.322852999999995 -225.83299299999999 0 -0.0062491459374493944 -0.99998047389689193 0 
1 69.290840000000003 -230.95567299999999 0 0.98995152546105969 -0.14140713290821239 0 
1 69.514954000000003 -230.987686 0 0 -1 0 
1 69.514954000000003 -231.69206199999999 0 -1 0 0 
1 68.042182999999994 -231.69206199999999 0 0 1 0 
1 129.66035500000001 -243.36116000000001 0 0 -1 0 
1 129.66035500000001 -244.19882200000001 0 -1 0 0 
1 125.596603 -244.19882200000001 0 0 -1 0 
1 125.596603 -246.58725000000001 0 -1 0 0 
1 124.84951 -246.58725000000001 0 0.0048086556373200008 0.99998843834864504 0 
1 124.860832 -244.23277300000001 0 -1 0 0 
1 122.61953699999999 -244.23277300000001 0 0 1 0 
1 122.61953699999999 -243.36116000000001 0 1 0 0 
1 124.860832 -243.36116000000001 0 0 1 0 
1 124.860832 -242.33107000000001 0 1 0 0 
1 125.540001 -242.33107000000001 0 0 -1 0 
1 125.540001 -243.36116000000001 0 1 0 0 
1 124.430679 -267.486786 0 -1 0 0 
1 123.719307 -267.486786 0 0 1 0 
1 123.719307 -264.94769300000002 0 -0.99999524189157341 0.003084832931182775 0 
1 121.69132999999999 -264.94143700000001 0 0 1 0 
1 121.69132999999999 -264.11004600000001 0 1 0 0 
1 129.66035500000001 -264.11004600000001 0 0 -1 0 
1 129.66035500000001 -264.94769300000002 0 -1 0 0 
1 124.430679 -264.94769300000002 0 0 -1 0 
1 114.62788399999999 -231.41894500000001 0 -1 0 0 
1 112.35122699999999 -231.41894500000001 0 0 -1 0 
1 112.35122699999999 -232.14340200000001 0 -1 0 0 
1 111.345192 -232.14340200000001 0 -0.70711209758901161 0.70710146474411173 0 
1 110.813171 -231.611389 0 0 1 0 
1 110.813171 -230.67186000000001 0 1 0 0 
1 111.29991099999999 -230.67186000000001 0 -0.0028991445590105451 0.9999957974715824 0 
1 111.27726699999999 -222.861313 0 1 0 0 
1 112.069641 -222.861313 0 0 -1 0 
1 112.069641 -230.62657200000001 0 1 0 0 
1 114.62788399999999 -230.62657200000001 0 0 -1 0 
1 58.002524999999999 -263.39910900000001 0 -1 0 0 
1 53.381359000000003 -263.39910900000001 0 0 1 0 
1 53.381359000000003 -255.53038000000001 0 0.29293010559837346 0.95613385738301626 0 
1 54.067081000000002 -253.29216 0 1 0 0 
1 58.002524999999999 -253.29216 0 0 -1 0 
1 25.927264999999998 -226.86845400000001 0 0 1 0 
1 25.927264999999998 -226.483597 0 1 0 0 
1 26.832833999999998 -226.483597 0 0 -1 0 
1 26.832833999999998 -226.84582499999999 0 0.99996037978001462 -0.0089016217740932272 0 
1 34.462265000000002 -226.91374200000001 0 0 -1 0 
1 34.462265000000002 -230.76242099999999 0 1 0 0 
1 34.869770000000003 -230.76242099999999 0 0 -1 0 
1 34.869770000000003 -231.758545 0 -1 0 0 
1 34.190593999999997 -231.758545 0 0 -1 0 
1 34.190593999999997 -232.03021200000001 0 -1 0 0 
1 33.647250999999997 -232.03021200000001 0 0 1 0 
1 33.647250999999997 -231.64534 0 1 0 0 
1 33.918922000000002 -231.64534 0 0 1 0 
1 33.918922000000002 -227.899002 0 -1 0 0 
1 29.549544999999998 -227.899002 0 0 -1 0 
1 29.549544999999998 -228.158905 0 -1 0 0 
1 28.779810000000001 -228.158905 0 0 1 0 
1 28.779810000000001 -227.81930500000001 0 -1 0 0 
1 20.946626999999999 -227.81930500000001 0 0 1 0 
1 20.946626999999999 -227.18540999999999 0 -1 0 0 
1 20.674955000000001 -227.18540999999999 0 0 1 0 
1 20.674955000000001 -226.709991 0 0.99954519137733155 -0.030156432057749438 0 
Polygon3D 0
PolygonOnTriangulations 0
Surfaces 266
1 78.424765746607363 -236.34089245587217 0 0 0 1 1 0 -0 -0 1 0 
1 78.424765746607363 -236.34089245587217 0 0 0 1 1 0 -0 -0 1 0 
1 78.424765746607363 -236.34089245587217 0 0 0 1 1 0 -0 -0 1 0 
1 78.424765746607363 -236.34089245587217 0 0 0 1 1 0 -0 -0 1 0 
1 78.424765746607363 -236.34089245587217 0 0 0 1 1 0 -0 -0 1 0 
1 78.424765746607363 -236.34089245587217 0 0 0 1 1 0 -0 -0 1 0 
1 78.424765746607363 -236.34089245587217 0 0 0 1 1 0 -0 -0 1 0 
1 78.424765746607363 -236.34089245587217 0 0 0 1 1 0 -0 -0 1 0 
1 78.424765746607363 -236.34089245587217 0 0 0 1 1 0 -0 -0 1 0 
1 78.424765746607363 -236.34089245587217 0 0 0 1 1 0 -0 -0 1 0 
1 78.424765746607363 -236.34089245587217 0 0 0 1 1 0 -0 -0 1 0 
1 78.424765746607363 -236.34089245587217 0 0 0 1 1 0 -0 -0 1 0 
1 78.424765746607363 -236.34089245587217 0 0 0 1 1 0 -0 -0 1 0 
1 78.424765746607363 -236.34089245587217 0 0 0 1 1 0 -0 -0 1 0 
1 78.424765746607363 -236.34089245587217 0 0 0 1 1 0 -0 -0 1 0 
1 78.424765746607363 -236.34089245587217 0 0 0 1 1 0 -0 -0 1 0 
1 78.424765746607363 -236.34089245587217 0 0 0 1 1 0 -0 -0 1 0 
1 78.424765746607363 -236.34089245587217 0 0 0 1 1 0 -0 -0 1 0 
1 78.424765746607363 -236.34089245587217 0 0 0 1 1 0 -0 -0 1 0 
1 78.424765746607363 -236.34089245587217 0 0 0 1 1 0 -0 -0 1 0 
1 78.424765746607363 -236.34089245587217 0 0 0 1 1 0 -0 -0 1 0 
1 78.424765746607363 -236.34089245587217 0 0 0 1 1 0 -0 -0 1 0 
1 78.424765746607363 -236.34089245587217 0 0 0 1 1 0 -0 -0 1 0 
1 78.424765746607363 -236.34089245587217 0 0 0 1 1 0 -0 -0 1 0 
1 78.424765746607363 -236.34089245587217 0 0 0 1 1 0 -0 -0 1 0 
1 78.424765746607363 -236.34089245587217 0 0 0 1 1 0 -0 -0 1 0 
1 78.424765746607363 -236.34089245587217 0 0 0 1 1 0 -0 -0 1 0 
1 78.424765746607363 -236.34089245587217 0 0 0 1 1 0 -0 -0 1 0 
1 78.424765746607363 -236.34089245587217 0 0 0 1 1 0 -0 -0 1 0 
1 78.424765746607363 -236.34089245587217 0 0 0 1 1 0 -0 -0 1 0 
1 78.424765746607363 -236.34089245587217 0 0 0 1 1 0 -0 -0 1 0 
1 78.424765746607363 -236.34089245587217 0 0 0 1 1 0 -0 -0 1 0 
1 78.424765746607363 -236.34089245587217 0 0 0 1 1 0 -0 -0 1 0 
1 78.424765746607363 -236.34089245587217 0 0 0 1 1 0 -0 -0 1 0 
1 78.424765746607363 -236.34089245587217 0 0 0 1 1 0 -0 -0 1 0 
1 78.424765746607363 -236.34089245587217 0 0 0 1 1 0 -0 -0 1 0 
1 78.424765746607363 -236.34089245587217 0 0 0 1 1 0 -0 -0 1 0 
1 78.424765746607363 -236.34089245587217 0 0 0 1 1 0 -0 -0 1 0 
1 78.424765746607363 -236.34089245587217 0 0 0 1 1 0 -0 -0 1 0 
1 78.424765746607363 -236.34089245587217 0 0 0 1 1 0 -0 -0 1 0 
1 78.424765746607363 -236.34089245587217 0 0 0 1 1 0 -0 -0 1 0 
1 78.424765746607363 -236.34089245587217 0 0 0 1 1 0 -0 -0 1 0 
1 78.424765746607363 -236.34089245587217 0 0 0 1 1 0 -0 -0 1 0 
1 78.424765746607363 -236.34089245587217 0 0 0 1 1 0 -0 -0 1 0 
1 78.424765746607363 -236.34089245587217 0 0 0 1 1 0 -0 -0 1 0 
1 78.424765746607363 -236.34089245587217 0 0 0 1 1 0 -0 -0 1 0 
1 78.424765746607363 -236.34089245587217 0 0 0 1 1 0 -0 -0 1 0 
1 78.424765746607363 -236.34089245587217 0 0 0 1 1 0 -0 -0 1 0 
1 78.424765746607363 -236.34089245587217 0 0 0 1 1 0 -0 -0 1 0 
1 78.424765746607363 -236.34089245587217 0 0 0 1 1 0 -0 -0 1 0 
1 78.424765746607363 -236.34089245587217 0 0 0 1 1 0 -0 -0 1 0 
1 78.424765746607363 -236.34089245587217 0 0 0 1 1 0 -0 -0 1 0 
1 78.424765746607363 -236.34089245587217 0 0 0 1 1 0 -0 -0 1 0 
1 78.424765746607363 -236.34089245587217 0 0 0 1 1 0 -0 -0 1 0 
1 78.424765746607363 -236.34089245587217 0 0 0 1 1 0 -0 -0 1 0 
1 78.424765746607363 -236.34089245587217 0 0 0 1 1 0 -0 -0 1 0 
1 78.424765746607363 -236.34089245587217 0 0 0 1 1 0 -0 -0 1 0 
1 78.424765746607363 -236.34089245587217 0 0 0 1 1 0 -0 -0 1 0 
1 78.424765746607363 -236.34089245587217 0 0 0 1 1 0 -0 -0 1 0 
1 78.424765746607363 -236.34089245587217 0 0 0 1 1 0 -0 -0 1 0 
1 78.424765746607363 -236.34089245587217 0 0 0 1 1 0 -0 -0 1 0 
1 78.424765746607363 -236.34089245587217 0 0 0 1 1 0 -0 -0 1 0 
1 78.424765746607363 -236.34089245587217 0 0 0 1 1 0 -0 -0 1 0 
1 78.424765746607363 -236.34089245587217 0 0 0 1 1 0 -0 -0 1 0 
1 78.424765746607363 -236.34089245587217 0 0 0 1 1 0 -0 -0 1 0 
1 78.424765746607363 -236.34089245587217 0 0 0 1 1 0 -0 -0 1 0 
1 78.424765746607363 -236.34089245587217 0 0 0 1 1 0 -0 -0 1 0 
1 78.424765746607363 -236.34089245587217 0 0 0 1 1 0 -0 -0 1 0 
1 78.424765746607363 -236.34089245587217 0 0 0 1 1 0 -0 -0 1 0 
1 78.424765746607363 -236.34089245587217 0 0 0 1 1 0 -0 -0 1 0 
1 78.424765746607363 -236.34089245587217 0 0 0 1 1 0 -0 -0 1 0 
1 78.424765746607363 -236.34089245587217 0 0 0 1 1 0 -0 -0 1 0 
1 78.424765746607363 -236.34089245587217 0 0 0 1 1 0 -0 -0 1 0 
1 78.424765746607363 -236.34089245587217 0 0 0 1 1 0 -0 -0 1 0 
1 78.424765746607363 -236.34089245587217 0 0 0 1 1 0 -0 -0 1 0 
1 78.424765746607363 -236.34089245587217 0 0 0 1 1 0 -0 -0 1 0 
1 78.424765746607363 -236.34089245587217 0 0 0 1 1 0 -0 -0 1 0 
1 78.424765746607363 -236.34089245587217 0 0 0 1 1 0 -0 -0 1 0 
1 78.424765746607363 -236.34089245587217 0 0 0 1 1 0 -0 -0 1 0 
1 78.424765746607363 -236.34089245587217 0 0 0 1 1 0 -0 -0 1 0 
1 78.424765746607363 -236.34089245587217 0 0 0 1 1 0 -0 -0 1 0 
1 78.424765746607363 -236.34089245587217 0 0 0 1 1 0 -0 -0 1 0 
1 78.424765746607363 -236.34089245587217 0 0 0 1 1 0 -0 -0 1 0 
1 78.424765746607363 -236.34089245587217 0 0 0 1 1 0 -0 -0 1 0 
1 78.424765746607363 -236.34089245587217 0 0 0 1 1 0 -0 -0 1 0 
1 78.424765746607363 -236.34089245587217 0 0 0 1 1 0 -0 -0 1 0 
1 78.424765746607363 -236.34089245587217 0 0 0 1 1 0 -0 -0 1 0 
1 78.424765746607363 -236.34089245587217 0 0 0 1 1 0 -0 -0 1 0 
1 78.424765746607363 -236.34089245587217 0 0 0 1 1 0 -0 -0 1 0 
1 78.424765746607363 -236.34089245587217 0 0 0 1 1 0 -0 -0 1 0 
1 78.424765746607363 -236.34089245587217 0 0 0 1 1 0 -0 -0 1 0 
1 78.424765746607363 -236.34089245587217 0 0 0 1 1 0 -0 -0 1 0 
1 78.424765746607363 -236.34089245587217 0 0 0 1 1 0 -0 -0 1 0 
1 78.424765746607363 -236.34089245587217 0 0 0 1 1 0 -0 -0 1 0 
1 78.424765746607363 -236.34089245587217 0 0 0 1 1 0 -0 -0 1 0 
1 78.424765746607363 -236.34089245587217 0 0 0 1 1 0 -0 -0 1 0 
1 78.424765746607363 -236.34089245587217 0 0 0 1 1 0 -0 -0 1 0 
1 78.424765746607363 -236.34089245587217 0 0 0 1 1 0 -0 -0 1 0 
1 78.424765746607363 -236.34089245587217 0 0 0 1 1 0 -0 -0 1 0 
1 78.424765746607363 -236.34089245587217 0 0 0 1 1 0 -0 -0 1 0 
1 78.424765746607363 -236.34089245587217 0 0 0 1 1 0 -0 -0 1 0 
1 78.424765746607363 -236.34089245587217 0 0 0 1 1 0 -0 -0 1 0 
1 78.424765746607363 -236.34089245587217 0 0 0 1 1 0 -0 -0 1 0 
1 78.424765746607363 -236.34089245587217 0 0 0 1 1 0 -0 -0 1 0 
1 78.424765746607363 -236.34089245587217 0 0 0 1 1 0 -0 -0 1 0 
1 78.424765746607363 -236.34089245587217 0 0 0 1 1 0 -0 -0 1 0 
1 78.424765746607363 -236.34089245587217 0 0 0 1 1 0 -0 -0 1 0 
1 78.424765746607363 -236.34089245587217 0 0 0 1 1 0 -0 -0 1 0 
1 78.424765746607363 -236.34089245587217 0 0 0 1 1 0 -0 -0 1 0 
1 78.424765746607363 -236.34089245587217 0 0 0 1 1 0 -0 -0 1 0 
1 78.424765746607363 -236.34089245587217 0 0 0 1 1 0 -0 -0 1 0 
1 78.424765746607363 -236.34089245587217 0 0 0 1 1 0 -0 -0 1 0 
1 78.424765746607363 -236.34089245587217 0 0 0 1 1 0 -0 -0 1 0 
1 78.424765746607363 -236.34089245587217 0 0 0 1 1 0 -0 -0 1 0 
1 78.424765746607363 -236.34089245587217 0 0 0 1 1 0 -0 -0 1 0 
1 78.424765746607363 -236.34089245587217 0 0 0 1 1 0 -0 -0 1 0 
1 78.424765746607363 -236.34089245587217 0 0 0 1 1 0 -0 -0 1 0 
1 78.424765746607363 -236.34089245587217 0 0 0 1 1 0 -0 -0 1 0 
1 78.424765746607363 -236.34089245587217 0 0 0 1 1 0 -0 -0 1 0 
1 78.424765746607363 -236.34089245587217 0 0 0 1 1 0 -0 -0 1 0 
1 78.424765746607363 -236.34089245587217 0 0 0 1 1 0 -0 -0 1 0 
1 78.424765746607363 -236.34089245587217 0 0 0 1 1 0 -0 -0 1 0 
1 78.424765746607363 -236.34089245587217 0 0 0 1 1 0 -0 -0 1 0 
1 78.424765746607363 -236.34089245587217 0 0 0 1 1 0 -0 -0 1 0 
1 78.424765746607363 -236.34089245587217 0 0 0 1 1 0 -0 -0 1 0 
1 78.424765746607363 -236.34089245587217 0 0 0 1 1 0 -0 -0 1 0 
1 78.424765746607363 -236.34089245587217 0 0 0 1 1 0 -0 -0 1 0 
1 78.424765746607363 -236.34089245587217 0 0 0 1 1 0 -0 -0 1 0 
1 78.424765746607363 -236.34089245587217 0 0 0 1 1 0 -0 -0 1 0 
1 78.424765746607363 -236.34089245587217 0 0 0 1 1 0 -0 -0 1 0 
1 78.424765746607363 -236.34089245587217 0 0 0 1 1 0 -0 -0 1 0 
1 78.424765746607363 -236.34089245587217 0 0 0 1 1 0 -0 -0 1 0 
1 78.424765746607363 -236.34089245587217 0 0 0 1 1 0 -0 -0 1 0 
1 78.424765746607363 -236.34089245587217 0 0 0 1 1 0 -0 -0 1 0 
1 78.424765746607363 -236.34089245587217 0 0 0 1 1 0 -0 -0 1 0 
1 78.424765746607363 -236.34089245587217 0 0 0 1 1 0 -0 -0 1 0 
1 78.424765746607363 -236.34089245587217 0 0 0 1 1 0 -0 -0 1 0 
1 78.424765746607363 -236.34089245587217 0 0 0 1 1 0 -0 -0 1 0 
1 78.424765746607363 -236.34089245587217 0 0 0 1 1 0 -0 -0 1 0 
1 78.424765746607363 -236.34089245587217 0 0 0 1 1 0 -0 -0 1 0 
1 78.424765746607363 -236.34089245587217 0 0 0 1 1 0 -0 -0 1 0 
1 78.424765746607363 -236.34089245587217 0 0 0 1 1 0 -0 -0 1 0 
1 78.424765746607363 -236.34089245587217 0 0 0 1 1 0 -0 -0 1 0 
1 78.424765746607363 -236.34089245587217 0 0 0 1 1 0 -0 -0 1 0 
1 78.424765746607363 -236.34089245587217 0 0 0 1 1 0 -0 -0 1 0 
1 78.424765746607363 -236.34089245587217 0 0 0 1 1 0 -0 -0 1 0 
1 78.424765746607363 -236.34089245587217 0 0 0 1 1 0 -0 -0 1 0 
1 78.424765746607363 -236.34089245587217 0 0 0 1 1 0 -0 -0 1 0 
1 78.424765746607363 -236.34089245587217 0 0 0 1 1 0 -0 -0 1 0 
1 78.424765746607363 -236.34089245587217 0 0 0 1 1 0 -0 -0 1 0 
1 78.424765746607363 -236.34089245587217 0 0 0 1 1 0 -0 -0 1 0 
1 78.424765746607363 -236.34089245587217 0 0 0 1 1 0 -0 -0 1 0 
1 78.424765746607363 -236.34089245587217 0 0 0 1 1 0 -0 -0 1 0 
1 78.424765746607363 -236.34089245587217 0 0 0 1 1 0 -0 -0 1 0 
1 78.424765746607363 -236.34089245587217 0 0 0 1 1 0 -0 -0 1 0 
1 78.424765746607363 -236.34089245587217 0 0 0 1 1 0 -0 -0 1 0 
1 78.424765746607363 -236.34089245587217 0 0 0 1 1 0 -0 -0 1 0 
1 78.424765746607363 -236.34089245587217 0 0 0 1 1 0 -0 -0 1 0 
1 78.424765746607363 -236.34089245587217 0 0 0 1 1 0 -0 -0 1 0 
1 78.424765746607363 -236.34089245587217 0 0 0 1 1 0 -0 -0 1 0 
1 78.424765746607363 -236.34089245587217 0 0 0 1 1 0 -0 -0 1 0 
1 78.424765746607363 -236.34089245587217 0 0 0 1 1 0 -0 -0 1 0 
1 78.424765746607363 -236.34089245587217 0 0 0 1 1 0 -0 -0 1 0 
1 78.424765746607363 -236.34089245587217 0 0 0 1 1 0 -0 -0 1 0 
1 78.424765746607363 -236.34089245587217 0 0 0 1 1 0 -0 -0 1 0 
1 78.424765746607363 -236.34089245587217 0 0 0 1 1 0 -0 -0 1 0 
1 78.424765746607363 -236.34089245587217 0 0 0 1 1 0 -0 -0 1 0 
1 78.424765746607363 -236.34089245587217 0 0 0 1 1 0 -0 -0 1 0 
1 78.424765746607363 -236.34089245587217 0 0 0 1 1 0 -0 -0 1 0 
1 78.424765746607363 -236.34089245587217 0 0 0 1 1 0 -0 -0 1 0 
1 78.424765746607363 -236.34089245587217 0 0 0 1 1 0 -0 -0 1 0 
1 78.424765746607363 -236.34089245587217 0 0 0 1 1 0 -0 -0 1 0 
1 78.424765746607363 -236.34089245587217 0 0 0 1 1 0 -0 -0 1 0 
1 78.424765746607363 -236.34089245587217 0 0 0 1 1 0 -0 -0 1 0 
1 78.424765746607363 -236.34089245587217 0 0 0 1 1 0 -0 -0 1 0 
1 78.424765746607363 -236.34089245587217 0 0 0 1 1 0 -0 -0 1 0 
1 78.424765746607363 -236.34089245587217 0 0 0 1 1 0 -0 -0 1 0 
1 78.424765746607363 -236.34089245587217 0 0 0 1 1 0 -0 -0 1 0 
1 78.424765746607363 -236.34089245587217 0 0 0 1 1 0 -0 -0 1 0 
1 78.424765746607363 -236.34089245587217 0 0 0 1 1 0 -0 -0 1 0 
1 78.424765746607363 -236.34089245587217 0 0 0 1 1 0 -0 -0 1 0 
1 78.424765746607363 -236.34089245587217 0 0 0 1 1 0 -0 -0 1 0 
1 78.424765746607363 -236.34089245587217 0 0 0 1 1 0 -0 -0 1 0 
1 78.424765746607363 -236.34089245587217 0 0 0 1 1 0 -0 -0 1 0 
1 78.424765746607363 -236.34089245587217 0 0 0 1 1 0 -0 -0 1 0 
1 78.424765746607363 -236.34089245587217 0 0 0 1 1 0 -0 -0 1 0 
1 78.424765746607363 -236.34089245587217 0 0 0 1 1 0 -0 -0 1 0 
1 78.424765746607363 -236.34089245587217 0 0 0 1 1 0 -0 -0 1 0 
1 78.424765746607363 -236.34089245587217 0 0 0 1 1 0 -0 -0 1 0 
1 78.424765746607363 -236.34089245587217 0 0 0 1 1 0 -0 -0 1 0 
1 78.424765746607363 -236.34089245587217 0 0 0 1 1 0 -0 -0 1 0 
1 78.424765746607363 -236.34089245587217 0 0 0 1 1 0 -0 -0 1 0 
1 78.424765746607363 -236.34089245587217 0 0 0 1 1 0 -0 -0 1 0 
1 78.424765746607363 -236.34089245587217 0 0 0 1 1 0 -0 -0 1 0 
1 78.424765746607363 -236.34089245587217 0 0 0 1 1 0 -0 -0 1 0 
1 78.424765746607363 -236.34089245587217 0 0 0 1 1 0 -0 -0 1 0 
1 78.424765746607363 -236.34089245587217 0 0 0 1 1 0 -0 -0 1 0 
1 78.424765746607363 -236.34089245587217 0 0 0 1 1 0 -0 -0 1 0 
1 78.424765746607363 -236.34089245587217 0 0 0 1 1 0 -0 -0 1 0 
1 78.424765746607363 -236.34089245587217 0 0 0 1 1 0 -0 -0 1 0 
1 78.424765746607363 -236.34089245587217 0 0 0 1 1 0 -0 -0 1 0 
1 78.424765746607363 -236.34089245587217 0 0 0 1 1 0 -0 -0 1 0 
1 78.424765746607363 -236.34089245587217 0 0 0 1 1 0 -0 -0 1 0 
1 78.424765746607363 -236.34089245587217 0 0 0 1 1 0 -0 -0 1 0 
1 78.424765746607363 -236.34089245587217 0 0 0 1 1 0 -0 -0 1 0 
1 78.424765746607363 -236.34089245587217 0 0 0 1 1 0 -0 -0 1 0 
1 78.424765746607363 -236.34089245587217 0 0 0 1 1 0 -0 -0 1 0 
1 78.424765746607363 -236.34089245587217 0 0 0 1 1 0 -0 -0 1 0 
1 78.424765746607363 -236.34089245587217 0 0 0 1 1 0 -0 -0 1 0 
1 78.424765746607363 -236.34089245587217 0 0 0 1 1 0 -0 -0 1 0 
1 78.424765746607363 -236.34089245587217 0 0 0 1 1 0 -0 -0 1 0 
1 78.424765746607363 -236.34089245587217 0 0 0 1 1 0 -0 -0 1 0 
1 78.424765746607363 -236.34089245587217 0 0 0 1 1 0 -0 -0 1 0 
1 78.424765746607363 -236.34089245587217 0 0 0 1 1 0 -0 -0 1 0 
1 78.424765746607363 -236.34089245587217 0 0 0 1 1 0 -0 -0 1 0 
1 78.424765746607363 -236.34089245587217 0 0 0 1 1 0 -0 -0 1 0 
1 78.424765746607363 -236.34089245587217 0 0 0 1 1 0 -0 -0 1 0 
1 78.424765746607363 -236.34089245587217 0 0 0 1 1 0 -0 -0 1 0 
1 78.424765746607363 -236.34089245587217 0 0 0 1 1 0 -0 -0 1 0 
1 78.424765746607363 -236.34089245587217 0 0 0 1 1 0 -0 -0 1 0 
1 78.424765746607363 -236.34089245587217 0 0 0 1 1 0 -0 -0 1 0 
1 78.424765746607363 -236.34089245587217 0 0 0 1 1 0 -0 -0 1 0 
1 78.424765746607363 -236.34089245587217 0 0 0 1 1 0 -0 -0 1 0 
1 78.424765746607363 -236.34089245587217 0 0 0 1 1 0 -0 -0 1 0 
1 78.424765746607363 -236.34089245587217 0 0 0 1 1 0 -0 -0 1 0 
1 78.424765746607363 -236.34089245587217 0 0 0 1 1 0 -0 -0 1 0 
1 78.424765746607363 -236.34089245587217 0 0 0 1 1 0 -0 -0 1 0 
1 78.424765746607363 -236.34089245587217 0 0 0 1 1 0 -0 -0 1 0 
1 78.424765746607363 -236.34089245587217 0 0 0 1 1 0 -0 -0 1 0 
1 78.424765746607363 -236.34089245587217 0 0 0 1 1 0 -0 -0 1 0 
1 78.424765746607363 -236.34089245587217 0 0 0 1 1 0 -0 -0 1 0 
1 78.424765746607363 -236.34089245587217 0 0 0 1 1 0 -0 -0 1 0 
1 78.424765746607363 -236.34089245587217 0 0 0 1 1 0 -0 -0 1 0 
1 78.424765746607363 -236.34089245587217 0 0 0 1 1 0 -0 -0 1 0 
1 78.424765746607363 -236.34089245587217 0 0 0 1 1 0 -0 -0 1 0 
1 78.424765746607363 -236.34089245587217 0 0 0 1 1 0 -0 -0 1 0 
1 78.424765746607363 -236.34089245587217 0 0 0 1 1 0 -0 -0 1 0 
1 78.424765746607363 -236.34089245587217 0 0 0 1 1 0 -0 -0 1 0 
1 78.424765746607363 -236.34089245587217 0 0 0 1 1 0 -0 -0 1 0 
1 78.424765746607363 -236.34089245587217 0 0 0 1 1 0 -0 -0 1 0 
1 78.424765746607363 -236.34089245587217 0 0 0 1 1 0 -0 -0 1 0 
1 78.424765746607363 -236.34089245587217 0 0 0 1 1 0 -0 -0 1 0 
1 78.424765746607363 -236.34089245587217 0 0 0 1 1 0 -0 -0 1 0 
1 78.424765746607363 -236.34089245587217 0 0 0 1 1 0 -0 -0 1 0 
1 78.424765746607363 -236.34089245587217 0 0 0 1 1 0 -0 -0 1 0 
1 78.424765746607363 -236.34089245587217 0 0 0 1 1 0 -0 -0 1 0 
1 78.424765746607363 -236.34089245587217 0 0 0 1 1 0 -0 -0 1 0 
1 78.424765746607363 -236.34089245587217 0 0 0 1 1 0 -0 -0 1 0 
1 78.424765746607363 -236.34089245587217 0 0 0 1 1 0 -0 -0 1 0 
1 78.424765746607363 -236.34089245587217 0 0 0 1 1 0 -0 -0 1 0 
1 78.424765746607363 -236.34089245587217 0 0 0 1 1 0 -0 -0 1 0 
1 78.424765746607363 -236.34089245587217 0 0 0 1 1 0 -0 -0 1 0 
1 78.424765746607363 -236.34089245587217 0 0 0 1 1 0 -0 -0 1 0 
1 78.424765746607363 -236.34089245587217 0 0 0 1 1 0 -0 -0 1 0 
1 78.424765746607363 -236.34089245587217 0 0 0 1 1 0 -0 -0 1 0 
1 78.424765746607363 -236.34089245587217 0 0 0 1 1 0 -0 -0 1 0 
1 78.424765746607363 -236.34089245587217 0 0 0 1 1 0 -0 -0 1 0 
1 78.424765746607363 -236.34089245587217 0 0 0 1 1 0 -0 -0 1 0 
1 78.424765746607363 -236.34089245587217 0 0 0 1 1 0 -0 -0 1 0 
1 78.424765746607363 -236.34089245587217 0 0 0 1 1 0 -0 -0 1 0 
1 78.424765746607363 -236.34089245587217 0 0 0 1 1 0 -0 -0 1 0 
1 78.424765746607363 -236.34089245587217 0 0 0 1 1 0 -0 -0 1 0 
1 78.424765746607363 -236.34089245587217 0 0 0 1 1 0 -0 -0 1 0 
1 29.129612051179205 -228.06060148911283 0 -0 -0 -1 -1 0 0 0 1 -0 
1 78.424765746607363 -236.34089245587217 0 0 0 1 1 0 -0 -0 1 0 
1 78.424765746607363 -236.34089245587217 0 0 0 1 1 0 -0 -0 1 0 
Triangulations 0

TShapes 3866
Ve
1e-07
141.025253 -215.412994 0
0 0

0101101
*
Ve
1e-07
135.86969 -215.170364 0
0 0

0101101
*
Ed
 1e-07 1 1 0
1  1 0 0 5.16126914274668
0

0101000
+3866 0 -3865 0 *
Ve
1e-07
135.869659 -216.772247 0
0 0

0101101
*
Ed
 1e-07 1 1 0
1  2 0 0 1.60188300029995
0

0101000
+3865 0 -3863 0 *
Ve
1e-07
134.81311 -216.740234 0
0 0

0101101
*
Ed
 1e-07 1 1 0
1  3 0 0 1.05703387910229
0

0101000
+3863 0 -3861 0 *
Ve
1e-07
134.81311 -215.187424 0
0 0

0101101
*
Ed
 1e-07 1 1 0
1  4 0 0 1.55280999999999
0

0101000
+3861 0 -3859 0 *
Ve
1e-07
129.082108 -214.932938 0
0 0

0101101
*
Ed
 1e-07 1 1 0
1  5 0 0 5.73664946185488
0

0101000
+3859 0 -3857 0 *
Ve
1e-07
129.127625 -220.446945 0
0 0

0101101
*
Ed
 1e-07 1 1 0
1  6 0 0 5.5141948635624
0

0101000
+3857 0 -3855 0 *
Ve
1e-07
132.875122 -220.506836 0
0 0

0101101
*
Ed
 1e-07 1 1 0
1  7 0 0 3.74797554646373
0

0101000
+3855 0 -3853 0 *
Ve
1e-07
132.829834 -220.95961 0
0 0

0101101
*
Ed
 1e-07 1 1 0
1  8 0 0 0.455033293309407
0

0101000
+3853 0 -3851 0 *
Ve
1e-07
132.399704 -220.95961 0
0 0

0101101
*
Ed
 1e-07 1 1 0
1  9 0 0 0.430129999999991
0

0101000
+3851 0 -3849 0 *
Ve
1e-07
132.399704 -222.250061 0
0 0

0101101
*
Ed
 1e-07 1 1 0
1  10 0 0 1.29045099999999
0

0101000
+3849 0 -3847 0 *
Ve
1e-07
133.214706 -222.657562 0
0 0

0101101
*
Ed
 1e-07 1 1 0
1  11 0 0 0.911199936899146
0

0101000
+3847 0 -3845 0 *
Ve
1e-07
134.822098 -222.657562 0
0 0

0101101
*
Ed
 1e-07 1 1 0
1  12 0 0 1.607392
0

0101000
+3845 0 -3843 0 *
Ve
1e-07
134.822098 -222.340607 0
0 0

0101101
*
Ed
 1e-07 1 1 0
1  13 0 0 0.316955000000007
0

0101000
+3843 0 -3841 0 *
Ve
1e-07
135.908783 -222.340607 0
0 0

0101101
*
Ed
 1e-07 1 1 0
1  14 0 0 1.08668499999999
0

0101000
+3841 0 -3839 0 *
Ve
1e-07
135.908783 -224.400787 0
0 0

0101101
*
Ed
 1e-07 1 1 0
1  15 0 0 2.06018
0

0101000
+3839 0 -3837 0 *
Ve
1e-07
136.112534 -224.400787 0
0 0

0101101
*
Ed
 1e-07 1 1 0
1  16 0 0 0.203751000000011
0

0101000
+3837 0 -3835 0 *
Ve
1e-07
136.112534 -224.763016 0
0 0

0101101
*
Ed
 1e-07 1 1 0
1  17 0 0 0.362228999999985
0

0101000
+3835 0 -3833 0 *
Ve
1e-07
137.94632 -224.763016 0
0 0

0101101
*
Ed
 1e-07 1 1 0
1  18 0 0 1.83378599999998
0

0101000
+3833 0 -3831 0 *
Ve
1e-07
137.94632 -225.261078 0
0 0

0101101
*
Ed
 1e-07 1 1 0
1  19 0 0 0.498062000000004
0

0101000
+3831 0 -3829 0 *
Ve
1e-07
135.908783 -225.261078 0
0 0

0101101
*
Ed
 1e-07 1 1 0
1  20 0 0 2.03753699999999
0

0101000
+3829 0 -3827 0 *
Ve
1e-07
135.908783 -226.574158 0
0 0

0101101
*
Ed
 1e-07 1 1 0
1  21 0 0 1.31308000000001
0

0101000
+3827 0 -3825 0 *
Ve
1e-07
135.388077 -226.574158 0
0 0

0101101
*
Ed
 1e-07 1 1 0
1  22 0 0 0.52070599999999
0

0101000
+3825 0 -3823 0 *
Ve
1e-07
135.388077 -226.370392 0
0 0

0101101
*
Ed
 1e-07 1 1 0
1  23 0 0 0.203766000000002
0

0101000
+3823 0 -3821 0 *
Ve
1e-07
134.912659 -226.370392 0
0 0

0101101
*
Ed
 1e-07 1 1 0
1  24 0 0 0.475418000000019
0

0101000
+3821 0 -3819 0 *
Ve
1e-07
134.912659 -223.291458 0
0 0

0101101
*
Ed
 1e-07 1 1 0
1  25 0 0 3.078934
0

0101000
+3819 0 -3817 0 *
Ve
1e-07
133.010956 -223.291458 0
0 0

0101101
*
Ed
 1e-07 1 1 0
1  26 0 0 1.901703
0

0101000
+3817 0 -3815 0 *
Ve
1e-07
131.743164 -222.521729 0
0 0

0101101
*
Ed
 1e-07 1 1 0
1  27 0 0 1.48316529379061
0

0101000
+3815 0 -3813 0 *
Ve
1e-07
131.743164 -221.253922 0
0 0

0101101
*
Ed
 1e-07 1 1 0
1  28 0 0 1.267807
0

0101000
+3813 0 -3811 0 *
Ve
1e-07
127.351143 -221.253922 0
0 0

0101101
*
Ed
 1e-07 1 1 0
1  29 0 0 4.39202100000001
0

0101000
+3811 0 -3809 0 *
Ve
1e-07
127.351143 -228.928635 0
0 0

0101101
*
Ed
 1e-07 1 1 0
1  30 0 0 7.67471300000003
0

0101000
+3809 0 -3807 0 *
Ve
1e-07
132.988327 -228.928635 0
0 0

0101101
*
Ed
 1e-07 1 1 0
1  31 0 0 5.637184
0

0101000
+3807 0 -3805 0 *
Ve
1e-07
132.988327 -230.037964 0
0 0

0101101
*
Ed
 1e-07 1 1 0
1  32 0 0 1.10932899999997
0

0101000
+3805 0 -3803 0 *
Ve
1e-07
125.49472 -230.037964 0
0 0

0101101
*
Ed
 1e-07 1 1 0
1  33 0 0 7.493607
0

0101000
+3803 0 -3801 0 *
Ve
1e-07
125.49472 -232.007568 0
0 0

0101101
*
Ed
 1e-07 1 1 0
1  34 0 0 1.969604
0

0101000
+3801 0 -3799 0 *
Ve
1e-07
124.838188 -232.007568 0
0 0

0101101
*
Ed
 1e-07 1 1 0
1  35 0 0 0.656531999999999
0

0101000
+3799 0 -3797 0 *
Ve
1e-07
124.838188 -230.037964 0
0 0

0101101
*
Ed
 1e-07 1 1 0
1  36 0 0 1.969604
0

0101000
+3797 0 -3795 0 *
Ve
1e-07
118.838783 -230.037964 0
0 0

0101101
*
Ed
 1e-07 1 1 0
1  37 0 0 5.999405
0

0101000
+3795 0 -3793 0 *
Ve
1e-07
118.838783 -231.690628 0
0 0

0101101
*
Ed
 1e-07 1 1 0
1  38 0 0 1.65266400000002
0

0101000
+3793 0 -3791 0 *
Ve
1e-07
118.295441 -231.690628 0
0 0

0101101
*
Ed
 1e-07 1 1 0
1  39 0 0 0.54334200000001
0

0101000
+3791 0 -3789 0 *
Ve
1e-07
118.295441 -231.894379 0
0 0

0101101
*
Ed
 1e-07 1 1 0
1  40 0 0 0.203750999999983
0

0101000
+3789 0 -3787 0 *
Ve
1e-07
117.887932 -231.894379 0
0 0

0101101
*
Ed
 1e-07 1 1 0
1  41 0 0 0.40750899999999
0

0101000
+3787 0 -3785 0 *
Ve
1e-07
117.887932 -231.486877 0
0 0

0101101
*
Ed
 1e-07 1 1 0
1  42 0 0 0.407501999999994
0

0101000
+3785 0 -3783 0 *
Ve
1e-07
115.940964 -231.486877 0
0 0

0101101
*
Ed
 1e-07 1 1 0
1  43 0 0 1.94696800000001
0

0101000
+3783 0 -3781 0 *
Ve
1e-07
115.940964 -230.603943 0
0 0

0101101
*
Ed
 1e-07 1 1 0
1  44 0 0 0.882934000000006
0

0101000
+3781 0 -3779 0 *
Ve
1e-07
117.480431 -230.603943 0
0 0

0101101
*
Ed
 1e-07 1 1 0
1  45 0 0 1.539467
0

0101000
+3779 0 -3777 0 *
Ve
1e-07
117.480431 -221.661438 0
0 0

0101101
*
Ed
 1e-07 1 1 0
1  46 0 0 8.94250499999998
0

0101000
+3777 0 -3775 0 *
Ve
1e-07
112.884659 -221.661438 0
0 0

0101101
*
Ed
 1e-07 1 1 0
1  47 0 0 4.595772
0

0101000
+3775 0 -3773 0 *
Ve
1e-07
112.907303 -220.823776 0
0 0

0101101
*
Ed
 1e-07 1 1 0
1  48 0 0 0.837968004747193
0

0101000
+3773 0 -3771 0 *
Ve
1e-07
117.163483 -220.823776 0
0 0

0101101
*
Ed
 1e-07 1 1 0
1  49 0 0 4.25618
0

0101000
+3771 0 -3769 0 *
Ve
1e-07
117.163483 -220.597382 0
0 0

0101101
*
Ed
 1e-07 1 1 0
1  50 0 0 0.226393999999999
0

0101000
+3769 0 -3767 0 *
Ve
1e-07
119.540604 -220.597382 0
0 0

0101101
*
Ed
 1e-07 1 1 0
1  51 0 0 2.377121
0

0101000
+3767 0 -3765 0 *
Ve
1e-07
119.540604 -220.30307 0
0 0

0101101
*
Ed
 1e-07 1 1 0
1  52 0 0 0.294312000000019
0

0101000
+3765 0 -3763 0 *
Ve
1e-07
119.970749 -220.30307 0
0 0

0101101
*
Ed
 1e-07 1 1 0
1  53 0 0 0.430144999999996
0

0101000
+3763 0 -3761 0 *
Ve
1e-07
119.178368 -218.899445 0
0 0

0101101
*
Ed
 1e-07 1 1 0
1  54 0 0 1.61184080782998
0

0101000
+3761 0 -3759 0 *
Ve
1e-07
119.178368 -218.152344 0
0 0

0101101
*
Ed
 1e-07 1 1 0
1  55 0 0 0.747100999999986
0

0101000
+3759 0 -3757 0 *
Ve
1e-07
119.676437 -218.152344 0
0 0

0101101
*
Ed
 1e-07 1 1 0
1  56 0 0 0.498069000000001
0

0101000
+3757 0 -3755 0 *
Ve
1e-07
120.831039 -220.212524 0
0 0

0101101
*
Ed
 1e-07 1 1 0
1  57 0 0 2.36166200181228
0

0101000
+3755 0 -3753 0 *
Ve
1e-07
120.831039 -221.231293 0
0 0

0101101
*
Ed
 1e-07 1 1 0
1  58 0 0 1.01876899999999
0

0101000
+3753 0 -3751 0 *
Ve
1e-07
120.423531 -221.231293 0
0 0

0101101
*
Ed
 1e-07 1 1 0
1  59 0 0 0.407508000000007
0

0101000
+3751 0 -3749 0 *
Ve
1e-07
120.423531 -224.355499 0
0 0

0101101
*
Ed
 1e-07 1 1 0
1  60 0 0 3.12420600000002
0

0101000
+3749 0 -3747 0 *
Ve
1e-07
119.472679 -224.355499 0
0 0

0101101
*
Ed
 1e-07 1 1 0
1  61 0 0 0.950851999999998
0

0101000
+3747 0 -3745 0 *
Ve
1e-07
119.472679 -221.684067 0
0 0

0101101
*
Ed
 1e-07 1 1 0
1  62 0 0 2.67143200000001
0

0101000
+3745 0 -3743 0 *
Ve
1e-07
118.340721 -221.684067 0
0 0

0101101
*
Ed
 1e-07 1 1 0
1  63 0 0 1.131958
0

0101000
+3743 0 -3741 0 *
Ve
1e-07
118.340721 -228.656967 0
0 0

0101101
*
Ed
 1e-07 1 1 0
1  64 0 0 6.97290000000001
0

0101000
+3741 0 -3739 0 *
Ve
1e-07
119.404762 -228.656967 0
0 0

0101101
*
Ed
 1e-07 1 1 0
1  65 0 0 1.064041
0

0101000
+3739 0 -3737 0 *
Ve
1e-07
119.404762 -227.366531 0
0 0

0101101
*
Ed
 1e-07 1 1 0
1  66 0 0 1.290436
0

0101000
+3737 0 -3735 0 *
Ve
1e-07
119.857552 -227.366531 0
0 0

0101101
*
Ed
 1e-07 1 1 0
1  67 0 0 0.452789999999993
0

0101000
+3735 0 -3733 0 *
Ve
1e-07
119.857552 -227.615555 0
0 0

0101101
*
Ed
 1e-07 1 1 0
1  68 0 0 0.249023999999991
0

0101000
+3733 0 -3731 0 *
Ve
1e-07
120.33297 -227.615555 0
0 0

0101101
*
Ed
 1e-07 1 1 0
1  69 0 0 0.475418000000005
0

0101000
+3731 0 -3729 0 *
Ve
1e-07
120.33297 -228.70224 0
0 0

0101101
*
Ed
 1e-07 1 1 0
1  70 0 0 1.08668499999999
0

0101000
+3729 0 -3727 0 *
Ve
1e-07
125.811668 -228.70224 0
0 0

0101101
*
Ed
 1e-07 1 1 0
1  71 0 0 5.47869799999999
0

0101000
+3727 0 -3725 0 *
Ve
1e-07
125.811668 -221.163376 0
0 0

0101101
*
Ed
 1e-07 1 1 0
1  72 0 0 7.53886399999999
0

0101000
+3725 0 -3723 0 *
Ve
1e-07
122.959129 -221.163376 0
0 0

0101101
*
Ed
 1e-07 1 1 0
1  73 0 0 2.85253899999999
0

0101000
+3723 0 -3721 0 *
Ve
1e-07
122.959129 -220.348358 0
0 0

0101101
*
Ed
 1e-07 1 1 0
1  74 0 0 0.815018000000009
0

0101000
+3721 0 -3719 0 *
Ve
1e-07
123.36422 -220.354828 0
0 0

0101101
*
Ed
 1e-07 1 1 0
1  75 0 0 0.405142665219302
0

0101000
+3719 0 -3717 0 *
Ve
1e-07
123.255074 -214.803223 0
0 0

0101101
*
Ed
 1e-07 1 1 0
1  76 0 0 5.55267781573368
0

0101000
+3717 0 -3715 0 *
Ve
1e-07
118.196419 -214.643143 0
0 0

0101101
*
Ed
 1e-07 1 1 0
1  77 0 0 5.06118721402646
0

0101000
+3715 0 -3713 0 *
Ve
1e-07
118.116379 -219.333588 0
0 0

0101101
*
Ed
 1e-07 1 1 0
1  78 0 0 4.69112787073907
0

0101000
+3713 0 -3711 0 *
Ve
1e-07
116.979782 -219.333588 0
0 0

0101101
*
Ed
 1e-07 1 1 0
1  79 0 0 1.13659699999999
0

0101000
+3711 0 -3709 0 *
Ve
1e-07
116.979782 -214.579102 0
0 0

0101101
*
Ed
 1e-07 1 1 0
1  80 0 0 4.75448599999999
0

0101000
+3709 0 -3707 0 *
Ve
1e-07
112.177269 -214.435028 0
0 0

0101101
*
Ed
 1e-07 1 1 0
1  81 0 0 4.80467360313321
0

0101000
+3707 0 -3705 0 *
Ve
1e-07
112.145248 -220.838379 0
0 0

0101101
*
Ed
 1e-07 1 1 0
1  82 0 0 6.4034310626134
0

0101000
+3705 0 -3703 0 *
Ve
1e-07
112.385384 -220.838379 0
0 0

0101101
*
Ed
 1e-07 1 1 0
1  83 0 0 0.240136000000007
0

0101000
+3703 0 -3701 0 *
Ve
1e-07
112.40139 -221.622787 0
0 0

0101101
*
Ed
 1e-07 1 1 0
1  84 0 0 0.784571285798796
0

0101000
+3701 0 -3699 0 *
Ve
1e-07
112.12925 -221.622787 0
0 0

0101101
*
Ed
 1e-07 1 1 0
1  85 0 0 0.272140000000007
0

0101000
+3699 0 -3697 0 *
Ve
1e-07
112.12925 -221.974976 0
0 0

0101101
*
Ed
 1e-07 1 1 0
1  86 0 0 0.35218900000001
0

0101000
+3697 0 -3695 0 *
Ve
1e-07
111.104713 -221.974976 0
0 0

0101101
*
Ed
 1e-07 1 1 0
1  87 0 0 1.024537
0

0101000
+3695 0 -3693 0 *
Ve
1e-07
111.088699 -221.606781 0
0 0

0101101
*
Ed
 1e-07 1 1 0
1  88 0 0 0.368543085976375
0

0101000
+3693 0 -3691 0 *
Ve
1e-07
109.95211 -221.622787 0
0 0

0101101
*
Ed
 1e-07 1 1 0
1  89 0 0 1.13670169655763
0

0101000
+3691 0 -3689 0 *
Ve
1e-07
109.95211 -220.870392 0
0 0

0101101
*
Ed
 1e-07 1 1 0
1  90 0 0 0.752394999999979
0

0101000
+3689 0 -3687 0 *
Ve
1e-07
111.36084 -220.902405 0
0 0

0101101
*
Ed
 1e-07 1 1 0
1  91 0 0 1.40909369634137
0

0101000
+3687 0 -3685 0 *
Ve
1e-07
111.328827 -214.371002 0
0 0

0101101
*
Ed
 1e-07 1 1 0
1  92 0 0 6.53148145374216
0

0101000
+3685 0 -3683 0 *
Ve
1e-07
107.838997 -214.306961 0
0 0

0101101
*
Ed
 1e-07 1 1 0
1  93 0 0 3.49041755074962
0

0101000
+3683 0 -3681 0 *
Ve
1e-07
107.774971 -220.822372 0
0 0

0101101
*
Ed
 1e-07 1 1 0
1  94 0 0 6.51572557951891
0

0101000
+3681 0 -3679 0 *
Ve
1e-07
109.222572 -220.854706 0
0 0

0101101
*
Ed
 1e-07 1 1 0
1  95 0 0 1.44796206537223
0

0101000
+3679 0 -3677 0 *
Ve
1e-07
109.183708 -221.670807 0
0 0

0101101
*
Ed
 1e-07 1 1 0
1  96 0 0 0.817025858034497
0

0101000
+3677 0 -3675 0 *
Ve
1e-07
107.838997 -221.606781 0
0 0

0101101
*
Ed
 1e-07 1 1 0
1  97 0 0 1.34623437862691
0

0101000
+3675 0 -3673 0 *
Ve
1e-07
107.838997 -230.660538 0
0 0

0101101
*
Ed
 1e-07 1 1 0
1  98 0 0 9.05375699999999
0

0101000
+3673 0 -3671 0 *
Ve
1e-07
108.085129 -230.660538 0
0 0

0101101
*
Ed
 1e-07 1 1 0
1  99 0 0 0.246131999999989
0

0101000
+3671 0 -3669 0 *
Ve
1e-07
108.085129 -231.452911 0
0 0

0101101
*
Ed
 1e-07 1 1 0
1  100 0 0 0.792372999999998
0

0101000
+3669 0 -3667 0 *
Ve
1e-07
102.063095 -231.452911 0
0 0

0101101
*
Ed
 1e-07 1 1 0
1  101 0 0 6.02203399999999
0

0101000
+3667 0 -3665 0 *
Ve
1e-07
102.063095 -230.626572 0
0 0

0101101
*
Ed
 1e-07 1 1 0
1  102 0 0 0.82633899999999
0

0101000
+3665 0 -3663 0 *
Ve
1e-07
102.176285 -230.626572 0
0 0

0101101
*
Ed
 1e-07 1 1 0
1  103 0 0 0.113189999999989
0

0101000
+3663 0 -3661 0 *
Ve
1e-07
102.176285 -227.479721 0
0 0

0101101
*
Ed
 1e-07 1 1 0
1  104 0 0 3.146851
0

0101000
+3661 0 -3659 0 *
Ve
1e-07
103.149773 -227.479721 0
0 0

0101101
*
Ed
 1e-07 1 1 0
1  105 0 0 0.973488000000003
0

0101000
+3659 0 -3657 0 *
Ve
1e-07
103.149773 -230.603943 0
0 0

0101101
*
Ed
 1e-07 1 1 0
1  106 0 0 3.12422199999997
0

0101000
+3657 0 -3655 0 *
Ve
1e-07
106.885254 -230.603943 0
0 0

0101101
*
Ed
 1e-07 1 1 0
1  107 0 0 3.73548100000001
0

0101000
+3655 0 -3653 0 *
Ve
1e-07
106.885254 -225.170517 0
0 0

0101101
*
Ed
 1e-07 1 1 0
1  108 0 0 5.433426
0

0101000
+3653 0 -3651 0 *
Ve
1e-07
103.942154 -225.170517 0
0 0

0101101
*
Ed
 1e-07 1 1 0
1  109 0 0 2.9431
0

0101000
+3651 0 -3649 0 *
Ve
1e-07
103.942154 -224.785645 0
0 0

0101101
*
Ed
 1e-07 1 1 0
1  110 0 0 0.384872000000001
0

0101000
+3649 0 -3647 0 *
Ve
1e-07
106.930527 -224.785645 0
0 0

0101101
*
Ed
 1e-07 1 1 0
1  111 0 0 2.988373
0

0101000
+3647 0 -3645 0 *
Ve
1e-07
106.930527 -214.258392 0
0 0

0101101
*
Ed
 1e-07 1 1 0
1  112 0 0 10.527253
0

0101000
+3645 0 -3643 0 *
Ve
1e-07
103.330887 -214.077286 0
0 0

0101101
*
Ed
 1e-07 1 1 0
1  113 0 0 3.60419304600017
0

0101000
+3643 0 -3641 0 *
Ve
1e-07
103.330887 -217.314697 0
0 0

0101101
*
Ed
 1e-07 1 1 0
1  114 0 0 3.23741100000001
0

0101000
+3641 0 -3639 0 *
Ve
1e-07
102.380043 -217.292053 0
0 0

0101101
*
Ed
 1e-07 1 1 0
1  115 0 0 0.951113591045784
0

0101000
+3639 0 -3637 0 *
Ve
1e-07
102.380043 -213.081146 0
0 0

0101101
*
Ed
 1e-07 1 1 0
1  116 0 0 4.21090700000002
0

0101000
+3637 0 -3635 0 *
Ve
1e-07
93.641289 -212.78685 0
0 0

0101101
*
Ed
 1e-07 1 1 0
1  117 0 0 8.7437081154469
0

0101000
+3635 0 -3633 0 *
Ve
1e-07
93.618645 -217.518448 0
0 0

0101101
*
Ed
 1e-07 1 1 0
1  118 0 0 4.73165218336473
0

0101000
+3633 0 -3631 0 *
Ve
1e-07
92.758354 -217.518448 0
0 0

0101101
*
Ed
 1e-07 1 1 0
1  119 0 0 0.860291000000004
0

0101000
+3631 0 -3629 0 *
Ve
1e-07
92.758354 -213.601852 0
0 0

0101101
*
Ed
 1e-07 1 1 0
1  120 0 0 3.916596
0

0101000
+3629 0 -3627 0 *
Ve
1e-07
90.177483 -213.601852 0
0 0

0101101
*
Ed
 1e-07 1 1 0
1  121 0 0 2.580871
0

0101000
+3627 0 -3625 0 *
Ve
1e-07
90.177483 -216.997742 0
0 0

0101101
*
Ed
 1e-07 1 1 0
1  122 0 0 3.39588999999998
0

0101000
+3625 0 -3623 0 *
Ve
1e-07
89.520943 -216.997742 0
0 0

0101101
*
Ed
 1e-07 1 1 0
1  123 0 0 0.656539999999993
0

0101000
+3623 0 -3621 0 *
Ve
1e-07
89.520943 -216.861908 0
0 0

0101101
*
Ed
 1e-07 1 1 0
1  124 0 0 0.135833999999988
0

0101000
+3621 0 -3619 0 *
Ve
1e-07
88.072029 -216.861908 0
0 0

0101101
*
Ed
 1e-07 1 1 0
1  125 0 0 1.448914
0

0101000
+3619 0 -3617 0 *
Ve
1e-07
88.072029 -216.137451 0
0 0

0101101
*
Ed
 1e-07 1 1 0
1  126 0 0 0.724457000000001
0

0101000
+3617 0 -3615 0 *
Ve
1e-07
89.339828 -216.137451 0
0 0

0101101
*
Ed
 1e-07 1 1 0
1  127 0 0 1.267799
0

0101000
+3615 0 -3613 0 *
Ve
1e-07
89.339828 -213.55658 0
0 0

0101101
*
Ed
 1e-07 1 1 0
1  128 0 0 2.580871
0

0101000
+3613 0 -3611 0 *
Ve
1e-07
86.996666 -213.477341 0
0 0

0101101
*
Ed
 1e-07 1 1 0
1  129 0 0 2.34450143471165
0

0101000
+3611 0 -3609 0 *
Ve
1e-07
87.019302 -216.182724 0
0 0

0101101
*
Ed
 1e-07 1 1 0
1  130 0 0 2.70547769630154
0

0101000
+3609 0 -3607 0 *
Ve
1e-07
87.415489 -216.171417 0
0 0

0101101
*
Ed
 1e-07 1 1 0
1  131 0 0 0.3963483155231
0

0101000
+3607 0 -3605 0 *
Ve
1e-07
87.415489 -216.771347 0
0 0

0101101
*
Ed
 1e-07 1 1 0
1  132 0 0 0.599930000000001
0

0101000
+3605 0 -3603 0 *
Ve
1e-07
87.041946 -216.771347 0
0 0

0101101
*
Ed
 1e-07 1 1 0
1  133 0 0 0.373542999999998
0

0101000
+3603 0 -3601 0 *
Ve
1e-07
87.041946 -217.076981 0
0 0

0101101
*
Ed
 1e-07 1 1 0
1  134 0 0 0.305633999999998
0

0101000
+3601 0 -3599 0 *
Ve
1e-07
86.408043 -217.076981 0
0 0

0101101
*
Ed
 1e-07 1 1 0
1  135 0 0 0.633902999999989
0

0101000
+3599 0 -3597 0 *
Ve
1e-07
86.408043 -216.771347 0
0 0

0101101
*
Ed
 1e-07 1 1 0
1  136 0 0 0.305633999999998
0

0101000
+3597 0 -3595 0 *
Ve
1e-07
85.604355 -216.771347 0
0 0

0101101
*
Ed
 1e-07 1 1 0
1  137 0 0 0.803688000000008
0

0101000
+3595 0 -3593 0 *
Ve
1e-07
85.604355 -216.04689 0
0 0

0101101
*
Ed
 1e-07 1 1 0
1  138 0 0 0.724457000000001
0

0101000
+3593 0 -3591 0 *
Ve
1e-07
86.0345 -216.04689 0
0 0

0101101
*
Ed
 1e-07 1 1 0
1  139 0 0 0.430144999999996
0

0101000
+3591 0 -3589 0 *
Ve
1e-07
86.045815 -213.364151 0
0 0

0101101
*
Ed
 1e-07 1 1 0
1  140 0 0 2.68276286155635
0

0101000
+3589 0 -3587 0 *
Ve
1e-07
83.906807 -213.31662 0
0 0

0101101
*
Ed
 1e-07 1 1 0
1  141 0 0 2.13953602914861
0

0101000
+3587 0 -3585 0 *
Ve
1e-07
83.883766 -216.035583 0
0 0

0101101
*
Ed
 1e-07 1 1 0
1  142 0 0 2.71906062511486
0

0101000
+3585 0 -3583 0 *
Ve
1e-07
85.219482 -216.04689 0
0 0

0101101
*
Ed
 1e-07 1 1 0
1  143 0 0 1.33576385671458
0

0101000
+3583 0 -3581 0 *
Ve
1e-07
85.219482 -216.793991 0
0 0

0101101
*
Ed
 1e-07 1 1 0
1  144 0 0 0.747101000000015
0

0101000
+3581 0 -3579 0 *
Ve
1e-07
82.966881 -216.714752 0
0 0

0101101
*
Ed
 1e-07 1 1 0
1  145 0 0 2.25399425117324
0

0101000
+3579 0 -3577 0 *
Ve
1e-07
82.989517 -215.945023 0
0 0

0101101
*
Ed
 1e-07 1 1 0
1  146 0 0 0.770061765014352
0

0101000
+3577 0 -3575 0 *
Ve
1e-07
83.170631 -215.933701 0
0 0

0101101
*
Ed
 1e-07 1 1 0
1  147 0 0 0.181467541670672
0

0101000
+3575 0 -3573 0 *
Ve
1e-07
83.20459 -213.307541 0
0 0

0101101
*
Ed
 1e-07 1 1 0
1  148 0 0 2.62637955354536
0

0101000
+3573 0 -3571 0 *
Ve
1e-07
81.065178 -213.194351 0
0 0

0101101
*
Ed
 1e-07 1 1 0
1  149 0 0 2.14240418265181
0

0101000
+3571 0 -3569 0 *
Ve
1e-07
81.065178 -215.911057 0
0 0

0101101
*
Ed
 1e-07 1 1 0
1  150 0 0 2.71670599999999
0

0101000
+3569 0 -3567 0 *
Ve
1e-07
82.502769 -215.911057 0
0 0

0101101
*
Ed
 1e-07 1 1 0
1  151 0 0 1.437591
0

0101000
+3567 0 -3565 0 *
Ve
1e-07
82.502769 -216.669479 0
0 0

0101101
*
Ed
 1e-07 1 1 0
1  152 0 0 0.758421999999996
0

0101000
+3565 0 -3563 0 *
Ve
1e-07
80.397324 -216.635513 0
0 0

0101101
*
Ed
 1e-07 1 1 0
1  153 0 0 2.10571895968598
0

0101000
+3563 0 -3561 0 *
Ve
1e-07
80.397324 -213.205673 0
0 0

0101101
*
Ed
 1e-07 1 1 0
1  154 0 0 3.42984000000001
0

0101000
+3561 0 -3559 0 *
Ve
1e-07
79.344597 -213.171707 0
0 0

0101101
*
Ed
 1e-07 1 1 0
1  155 0 0 1.05327481014454
0

0101000
+3559 0 -3557 0 *
Ve
1e-07
79.207619 -229.714722 0
0 0

0101101
*
Ed
 1e-07 1 1 0
1  156 0 0 16.5435820868006
0

0101000
+3557 0 -3555 0 *
Ve
1e-07
79.967178 -229.721008 0
0 0

0101101
*
Ed
 1e-07 1 1 0
1  157 0 0 0.759585010566306
0

0101000
+3555 0 -3553 0 *
Ve
1e-07
79.990013 -226.881149 0
0 0

0101101
*
Ed
 1e-07 1 1 0
1  158 0 0 2.83995080540246
0

0101000
+3553 0 -3551 0 *
Ve
1e-07
80.487877 -226.891098 0
0 0

0101101
*
Ed
 1e-07 1 1 0
1  159 0 0 0.497963397346625
0

0101000
+3551 0 -3549 0 *
Ve
1e-07
80.41996 -230.286987 0
0 0

0101101
*
Ed
 1e-07 1 1 0
1  160 0 0 3.39656809429902
0

0101000
+3549 0 -3547 0 *
Ve
1e-07
79.202873 -230.286987 0
0 0

0101101
*
Ed
 1e-07 1 1 0
1  161 0 0 1.21708700000001
0

0101000
+3547 0 -3545 0 *
Ve
1e-07
79.197441 -230.943527 0
0 0

0101101
*
Ed
 1e-07 1 1 0
1  162 0 0 0.656562470922586
0

0101000
+3545 0 -3543 0 *
Ve
1e-07
81.031219 -230.920883 0
0 0

0101101
*
Ed
 1e-07 1 1 0
1  163 0 0 1.83391780187117
0

0101000
+3543 0 -3541 0 *
Ve
1e-07
81.053864 -230.083237 0
0 0

0101101
*
Ed
 1e-07 1 1 0
1  164 0 0 0.837952037613736
0

0101000
+3541 0 -3539 0 *
Ve
1e-07
81.687759 -230.105881 0
0 0

0101101
*
Ed
 1e-07 1 1 0
1  165 0 0 0.634299315592406
0

0101000
+3539 0 -3537 0 *
Ve
1e-07
81.710396 -230.852966 0
0 0

0101101
*
Ed
 1e-07 1 1 0
1  166 0 0 0.747427876784107
0

0101000
+3537 0 -3535 0 *
Ve
1e-07
85.966576 -230.785049 0
0 0

0101101
*
Ed
 1e-07 1 1 0
1  167 0 0 4.25672185035492
0

0101000
+3535 0 -3533 0 *
Ve
1e-07
85.898659 -228.521133 0
0 0

0101101
*
Ed
 1e-07 1 1 0
1  168 0 0 2.26493451868812
0

0101000
+3533 0 -3531 0 *
Ve
1e-07
81.73304 -228.521133 0
0 0

0101101
*
Ed
 1e-07 1 1 0
1  169 0 0 4.16561899999999
0

0101000
+3531 0 -3529 0 *
Ve
1e-07
81.73304 -229.404053 0
0 0

0101101
*
Ed
 1e-07 1 1 0
1  170 0 0 0.882920000000013
0

0101000
+3529 0 -3527 0 *
Ve
1e-07
81.12178 -229.404053 0
0 0

0101101
*
Ed
 1e-07 1 1 0
1  171 0 0 0.611260000000001
0

0101000
+3527 0 -3525 0 *
Ve
1e-07
81.0765 -227.570282 0
0 0

0101101
*
Ed
 1e-07 1 1 0
1  172 0 0 1.8343299481939
0

0101000
+3525 0 -3523 0 *
Ve
1e-07
81.642479 -227.570282 0
0 0

0101101
*
Ed
 1e-07 1 1 0
1  173 0 0 0.565978999999999
0

0101000
+3523 0 -3521 0 *
Ve
1e-07
81.665123 -228.0457 0
0 0

0101101
*
Ed
 1e-07 1 1 0
1  174 0 0 0.475956957570764
0

0101000
+3521 0 -3519 0 *
Ve
1e-07
85.943939 -227.977783 0
0 0

0101101
*
Ed
 1e-07 1 1 0
1  175 0 0 4.27935498419389
0

0101000
+3519 0 -3517 0 *
Ve
1e-07
85.943939 -225.75914 0
0 0

0101101
*
Ed
 1e-07 1 1 0
1  176 0 0 2.21864299999999
0

0101000
+3517 0 -3515 0 *
Ve
1e-07
81.710396 -225.736496 0
0 0

0101101
*
Ed
 1e-07 1 1 0
1  177 0 0 4.23360355767814
0

0101000
+3515 0 -3513 0 *
Ve
1e-07
81.710396 -226.755264 0
0 0

0101101
*
Ed
 1e-07 1 1 0
1  178 0 0 1.01876800000002
0

0101000
+3513 0 -3511 0 *
Ve
1e-07
81.099136 -226.73262 0
0 0

0101101
*
Ed
 1e-07 1 1 0
1  179 0 0 0.611679277347208
0

0101000
+3511 0 -3509 0 *
Ve
1e-07
81.053864 -225.804413 0
0 0

0101101
*
Ed
 1e-07 1 1 0
1  180 0 0 0.929310383474205
0

0101000
+3509 0 -3507 0 *
Ve
1e-07
80.37468 -225.781784 0
0 0

0101101
*
Ed
 1e-07 1 1 0
1  181 0 0 0.679560871075586
0

0101000
+3507 0 -3505 0 *
Ve
1e-07
80.352043 -222.521729 0
0 0

0101101
*
Ed
 1e-07 1 1 0
1  182 0 0 3.26013359186306
0

0101000
+3505 0 -3503 0 *
Ve
1e-07
81.0765 -222.521729 0
0 0

0101101
*
Ed
 1e-07 1 1 0
1  183 0 0 0.724457000000001
0

0101000
+3503 0 -3501 0 *
Ve
1e-07
81.0765 -224.491333 0
0 0

0101101
*
Ed
 1e-07 1 1 0
1  184 0 0 1.969604
0

0101000
+3501 0 -3499 0 *
Ve
1e-07
86.011856 -224.44606 0
0 0

0101101
*
Ed
 1e-07 1 1 0
1  185 0 0 4.93556364473856
0

0101000
+3499 0 -3497 0 *
Ve
1e-07
86.011856 -221.729355 0
0 0

0101101
*
Ed
 1e-07 1 1 0
1  186 0 0 2.71670499999999
0

0101000
+3497 0 -3495 0 *
Ve
1e-07
81.0765 -221.61615 0
0 0

0101101
*
Ed
 1e-07 1 1 0
1  187 0 0 4.93665415223317
0

0101000
+3495 0 -3493 0 *
Ve
1e-07
81.0765 -221.978378 0
0 0

0101101
*
Ed
 1e-07 1 1 0
1  188 0 0 0.362227999999988
0

0101000
+3493 0 -3491 0 *
Ve
1e-07
80.397324 -221.978378 0
0 0

0101101
*
Ed
 1e-07 1 1 0
1  189 0 0 0.679175999999998
0

0101000
+3491 0 -3489 0 *
Ve
1e-07
80.397324 -219.125839 0
0 0

0101101
*
Ed
 1e-07 1 1 0
1  190 0 0 2.85253899999998
0

0101000
+3489 0 -3487 0 *
Ve
1e-07
81.099136 -219.125839 0
0 0

0101101
*
Ed
 1e-07 1 1 0
1  191 0 0 0.701812000000004
0

0101000
+3487 0 -3485 0 *
Ve
1e-07
81.12178 -221.072815 0
0 0

0101101
*
Ed
 1e-07 1 1 0
1  192 0 0 1.94710767429845
0

0101000
+3485 0 -3483 0 *
Ve
1e-07
86.0345 -221.072815 0
0 0

0101101
*
Ed
 1e-07 1 1 0
1  193 0 0 4.91271999999999
0

0101000
+3483 0 -3481 0 *
Ve
1e-07
86.011856 -218.537216 0
0 0

0101101
*
Ed
 1e-07 1 1 0
1  194 0 0 2.53570010836001
0

0101000
+3481 0 -3479 0 *
Ve
1e-07
81.053864 -218.424011 0
0 0

0101101
*
Ed
 1e-07 1 1 0
1  195 0 0 4.95928422699172
0

0101000
+3479 0 -3477 0 *
Ve
1e-07
81.053864 -218.740967 0
0 0

0101101
*
Ed
 1e-07 1 1 0
1  196 0 0 0.316956000000005
0

0101000
+3477 0 -3475 0 *
Ve
1e-07
80.397324 -218.718323 0
0 0

0101101
*
Ed
 1e-07 1 1 0
1  197 0 0 0.656930378606447
0

0101000
+3475 0 -3473 0 *
Ve
1e-07
80.397324 -217.812759 0
0 0

0101101
*
Ed
 1e-07 1 1 0
1  198 0 0 0.905563999999998
0

0101000
+3473 0 -3471 0 *
Ve
1e-07
86.464645 -217.981949 0
0 0

0101101
*
Ed
 1e-07 1 1 0
1  199 0 0 6.0696795115674
0

0101000
+3471 0 -3469 0 *
Ve
1e-07
86.464645 -217.699554 0
0 0

0101101
*
Ed
 1e-07 1 1 0
1  200 0 0 0.28239499999998
0

0101000
+3469 0 -3467 0 *
Ve
1e-07
87.060135 -217.699432 0
0 0

0101101
*
Ed
 1e-07 1 1 0
1  201 0 0 0.595490012497269
0

0101000
+3467 0 -3465 0 *
Ve
1e-07
87.064987 -217.971237 0
0 0

0101101
*
Ed
 1e-07 1 1 0
1  202 0 0 0.271848303156375
0

0101000
+3465 0 -3463 0 *
Ve
1e-07
91.626396 -217.971237 0
0 0

0101101
*
Ed
 1e-07 1 1 0
1  203 0 0 4.561409
0

0101000
+3463 0 -3461 0 *
Ve
1e-07
91.671669 -220.076691 0
0 0

0101101
*
Ed
 1e-07 1 1 0
1  204 0 0 2.10594069020118
0

0101000
+3461 0 -3459 0 *
Ve
1e-07
90.879295 -220.076691 0
0 0

0101101
*
Ed
 1e-07 1 1 0
1  205 0 0 0.792373999999995
0

0101000
+3459 0 -3457 0 *
Ve
1e-07
90.879295 -218.582489 0
0 0

0101101
*
Ed
 1e-07 1 1 0
1  206 0 0 1.494202
0

0101000
+3457 0 -3455 0 *
Ve
1e-07
87.075905 -218.582489 0
0 0

0101101
*
Ed
 1e-07 1 1 0
1  207 0 0 3.80338999999999
0

0101000
+3455 0 -3453 0 *
Ve
1e-07
87.121178 -221.118088 0
0 0

0101101
*
Ed
 1e-07 1 1 0
1  208 0 0 2.53600314142746
0

0101000
+3453 0 -3451 0 *
Ve
1e-07
90.992493 -221.072815 0
0 0

0101101
*
Ed
 1e-07 1 1 0
1  209 0 0 3.87157971295361
0

0101000
+3451 0 -3449 0 *
Ve
1e-07
90.969856 -220.710587 0
0 0

0101101
*
Ed
 1e-07 1 1 0
1  210 0 0 0.36293464666933
0

0101000
+3449 0 -3447 0 *
Ve
1e-07
91.716949 -220.687943 0
0 0

0101101
*
Ed
 1e-07 1 1 0
1  211 0 0 0.747436085150437
0

0101000
+3447 0 -3445 0 *
Ve
1e-07
91.76223 -223.427292 0
0 0

0101101
*
Ed
 1e-07 1 1 0
1  212 0 0 2.73972321827626
0

0101000
+3445 0 -3443 0 *
Ve
1e-07
90.992493 -223.427292 0
0 0

0101101
*
Ed
 1e-07 1 1 0
1  213 0 0 0.769737000000006
0

0101000
+3443 0 -3441 0 *
Ve
1e-07
90.992493 -221.684067 0
0 0

0101101
*
Ed
 1e-07 1 1 0
1  214 0 0 1.743225
0

0101000
+3441 0 -3439 0 *
Ve
1e-07
87.053261 -221.684067 0
0 0

0101101
*
Ed
 1e-07 1 1 0
1  215 0 0 3.93923199999999
0

0101000
+3439 0 -3437 0 *
Ve
1e-07
87.053261 -224.513977 0
0 0

0101101
*
Ed
 1e-07 1 1 0
1  216 0 0 2.82991000000001
0

0101000
+3437 0 -3435 0 *
Ve
1e-07
90.969856 -224.513977 0
0 0

0101101
*
Ed
 1e-07 1 1 0
1  217 0 0 3.91659499999999
0

0101000
+3435 0 -3433 0 *
Ve
1e-07
90.969856 -224.015915 0
0 0

0101101
*
Ed
 1e-07 1 1 0
1  218 0 0 0.498062000000004
0

0101000
+3433 0 -3431 0 *
Ve
1e-07
91.784866 -224.015915 0
0 0

0101101
*
Ed
 1e-07 1 1 0
1  219 0 0 0.815010000000001
0

0101000
+3431 0 -3429 0 *
Ve
1e-07
91.784866 -224.536621 0
0 0

0101101
*
Ed
 1e-07 1 1 0
1  220 0 0 0.52070599999999
0

0101000
+3429 0 -3427 0 *
Ve
1e-07
92.848915 -224.536621 0
0 0

0101101
*
Ed
 1e-07 1 1 0
1  221 0 0 1.06404900000001
0

0101000
+3427 0 -3425 0 *
Ve
1e-07
92.848915 -218.763611 0
0 0

0101101
*
Ed
 1e-07 1 1 0
1  222 0 0 5.77301
0

0101000
+3425 0 -3423 0 *
Ve
1e-07
93.618645 -218.763611 0
0 0

0101101
*
Ed
 1e-07 1 1 0
1  223 0 0 0.769729999999996
0

0101000
+3423 0 -3421 0 *
Ve
1e-07
93.618645 -219.171112 0
0 0

0101101
*
Ed
 1e-07 1 1 0
1  224 0 0 0.407500999999996
0

0101000
+3421 0 -3419 0 *
Ve
1e-07
93.980873 -219.171112 0
0 0

0101101
*
Ed
 1e-07 1 1 0
1  225 0 0 0.362228000000002
0

0101000
+3419 0 -3417 0 *
Ve
1e-07
93.980873 -219.850296 0
0 0

0101101
*
Ed
 1e-07 1 1 0
1  226 0 0 0.679183999999992
0

0101000
+3417 0 -3415 0 *
Ve
1e-07
93.641289 -219.850296 0
0 0

0101101
*
Ed
 1e-07 1 1 0
1  227 0 0 0.339584000000002
0

0101000
+3415 0 -3413 0 *
Ve
1e-07
93.641289 -225.012039 0
0 0

0101101
*
Ed
 1e-07 1 1 0
1  228 0 0 5.161743
0

0101000
+3413 0 -3411 0 *
Ve
1e-07
94.003517 -225.012039 0
0 0

0101101
*
Ed
 1e-07 1 1 0
1  229 0 0 0.362228000000002
0

0101000
+3411 0 -3409 0 *
Ve
1e-07
94.003517 -225.87233 0
0 0

0101101
*
Ed
 1e-07 1 1 0
1  230 0 0 0.860291000000018
0

0101000
+3409 0 -3407 0 *
Ve
1e-07
93.731842 -225.87233 0
0 0

0101101
*
Ed
 1e-07 1 1 0
1  231 0 0 0.271675000000002
0

0101000
+3407 0 -3405 0 *
Ve
1e-07
93.731842 -226.709991 0
0 0

0101101
*
Ed
 1e-07 1 1 0
1  232 0 0 0.837660999999997
0

0101000
+3405 0 -3403 0 *
Ve
1e-07
92.803635 -226.709991 0
0 0

0101101
*
Ed
 1e-07 1 1 0
1  233 0 0 0.928207
0

0101000
+3403 0 -3401 0 *
Ve
1e-07
92.803635 -225.645935 0
0 0

0101101
*
Ed
 1e-07 1 1 0
1  234 0 0 1.06405599999999
0

0101000
+3401 0 -3399 0 *
Ve
1e-07
86.985344 -225.645935 0
0 0

0101101
*
Ed
 1e-07 1 1 0
1  235 0 0 5.818291
0

0101000
+3399 0 -3397 0 *
Ve
1e-07
86.985344 -230.739777 0
0 0

0101101
*
Ed
 1e-07 1 1 0
1  236 0 0 5.093842
0

0101000
+3397 0 -3395 0 *
Ve
1e-07
87.755081 -230.739777 0
0 0

0101101
*
Ed
 1e-07 1 1 0
1  237 0 0 0.769737000000006
0

0101000
+3395 0 -3393 0 *
Ve
1e-07
87.755081 -231.64534 0
0 0

0101101
*
Ed
 1e-07 1 1 0
1  238 0 0 0.905563000000001
0

0101000
+3393 0 -3391 0 *
Ve
1e-07
77.907005 -231.64534 0
0 0

0101101
*
Ed
 1e-07 1 1 0
1  239 0 0 9.84807600000001
0

0101000
+3391 0 -3389 0 *
Ve
1e-07
77.907005 -230.888443 0
0 0

0101101
*
Ed
 1e-07 1 1 0
1  240 0 0 0.756897000000009
0

0101000
+3389 0 -3387 0 *
Ve
1e-07
78.039398 -230.888443 0
0 0

0101101
*
Ed
 1e-07 1 1 0
1  241 0 0 0.132393000000008
0

0101000
+3387 0 -3385 0 *
Ve
1e-07
78.314507 -213.149078 0
0 0

0101101
*
Ed
 1e-07 1 1 0
1  242 0 0 17.7414981206522
0

0101000
+3385 0 -3383 0 *
Ve
1e-07
69.598396 -212.877396 0
0 0

0101101
*
Ed
 1e-07 1 1 0
1  243 0 0 8.72034414879626
0

0101000
+3383 0 -3381 0 *
Ve
1e-07
69.507835 -221.050171 0
0 0

0101101
*
Ed
 1e-07 1 1 0
1  244 0 0 8.17327672939966
0

0101000
+3381 0 -3379 0 *
Ve
1e-07
68.534348 -221.072815 0
0 0

0101101
*
Ed
 1e-07 1 1 0
1  245 0 0 0.97375032215913
0

0101000
+3379 0 -3377 0 *
Ve
1e-07
68.511711 -212.78685 0
0 0

0101101
*
Ed
 1e-07 1 1 0
1  246 0 0 8.2859959217341
0

0101000
+3377 0 -3375 0 *
Ve
1e-07
59.931431 -212.560455 0
0 0

0101101
*
Ed
 1e-07 1 1 0
1  247 0 0 8.58326625326426
0

0101000
+3375 0 -3373 0 *
Ve
1e-07
59.6824 -230.920883 0
0 0

0101101
*
Ed
 1e-07 1 1 0
1  248 0 0 18.3621167838064
0

0101000
+3373 0 -3371 0 *
Ve
1e-07
59.840874 -230.920883 0
0 0

0101101
*
Ed
 1e-07 1 1 0
1  249 0 0 0.158473999999998
0

0101000
+3371 0 -3369 0 *
Ve
1e-07
59.886154 -231.849106 0
0 0

0101101
*
Ed
 1e-07 1 1 0
1  250 0 0 0.92932675423072
0

0101000
+3369 0 -3367 0 *
Ve
1e-07
57.735424 -231.826462 0
0 0

0101101
*
Ed
 1e-07 1 1 0
1  251 0 0 2.15084920058008
0

0101000
+3367 0 -3365 0 *
Ve
1e-07
57.735424 -230.920883 0
0 0

0101101
*
Ed
 1e-07 1 1 0
1  252 0 0 0.905578999999989
0

0101000
+3365 0 -3363 0 *
Ve
1e-07
58.663631 -230.920883 0
0 0

0101101
*
Ed
 1e-07 1 1 0
1  253 0 0 0.928207
0

0101000
+3363 0 -3361 0 *
Ve
1e-07
58.663631 -222.27269 0
0 0

0101101
*
Ed
 1e-07 1 1 0
1  254 0 0 8.64819299999999
0

0101000
+3361 0 -3359 0 *
Ve
1e-07
56.331791 -222.27269 0
0 0

0101101
*
Ed
 1e-07 1 1 0
1  255 0 0 2.33184
0

0101000
+3359 0 -3357 0 *
Ve
1e-07
56.331791 -221.480316 0
0 0

0101101
*
Ed
 1e-07 1 1 0
1  256 0 0 0.792374000000024
0

0101000
+3357 0 -3355 0 *
Ve
1e-07
58.663631 -221.480316 0
0 0

0101101
*
Ed
 1e-07 1 1 0
1  257 0 0 2.33184
0

0101000
+3355 0 -3353 0 *
Ve
1e-07
58.844746 -212.560455 0
0 0

0101101
*
Ed
 1e-07 1 1 0
1  258 0 0 8.92169955235806
0

0101000
+3353 0 -3351 0 *
Ve
1e-07
52.935902 -212.379333 0
0 0

0101101
*
Ed
 1e-07 1 1 0
1  259 0 0 5.91161928706679
0

0101000
+3351 0 -3349 0 *
Ve
1e-07
52.800064 -221.50296 0
0 0

0101101
*
Ed
 1e-07 1 1 0
1  260 0 0 9.12463816254502
0

0101000
+3349 0 -3347 0 *
Ve
1e-07
55.229321 -221.480377 0
0 0

0101101
*
Ed
 1e-07 1 1 0
1  261 0 0 2.42936196643028
0

0101000
+3347 0 -3345 0 *
Ve
1e-07
55.222466 -222.227417 0
0 0

0101101
*
Ed
 1e-07 1 1 0
1  262 0 0 0.747071450816451
0

0101000
+3345 0 -3343 0 *
Ve
1e-07
52.754787 -222.204773 0
0 0

0101101
*
Ed
 1e-07 1 1 0
1  263 0 0 2.46778289113467
0

0101000
+3343 0 -3341 0 *
Ve
1e-07
52.709507 -230.807693 0
0 0

0101101
*
Ed
 1e-07 1 1 0
1  264 0 0 8.60303916094773
0

0101000
+3341 0 -3339 0 *
Ve
1e-07
53.728275 -230.807693 0
0 0

0101101
*
Ed
 1e-07 1 1 0
1  265 0 0 1.01876799999999
0

0101000
+3339 0 -3337 0 *
Ve
1e-07
53.660355 -231.826462 0
0 0

0101101
*
Ed
 1e-07 1 1 0
1  266 0 0 1.02103055868127
0

0101000
+3337 0 -3335 0 *
Ve
1e-07
51.351151 -231.826462 0
0 0

0101101
*
Ed
 1e-07 1 1 0
1  267 0 0 2.309204
0

0101000
+3335 0 -3333 0 *
Ve
1e-07
51.373791 -230.762421 0
0 0

0101101
*
Ed
 1e-07 1 1 0
1  268 0 0 1.06428183263692
0

0101000
+3333 0 -3331 0 *
Ve
1e-07
51.894493 -230.739777 0
0 0

0101101
*
Ed
 1e-07 1 1 0
1  269 0 0 0.52119413229621
0

0101000
+3331 0 -3329 0 *
Ve
1e-07
51.871857 -228.430573 0
0 0

0101101
*
Ed
 1e-07 1 1 0
1  270 0 0 2.30931494216618
0

0101000
+3329 0 -3327 0 *
Ve
1e-07
49.85696 -228.32106 0
0 0

0101101
*
Ed
 1e-07 1 1 0
1  271 0 0 2.01787091206995
0

0101000
+3327 0 -3325 0 *
Ve
1e-07
49.85696 -229.222946 0
0 0

0101101
*
Ed
 1e-07 1 1 0
1  272 0 0 0.901886000000019
0

0101000
+3325 0 -3323 0 *
Ve
1e-07
48.770275 -229.132385 0
0 0

0101101
*
Ed
 1e-07 1 1 0
1  273 0 0 1.09045200900636
0

0101000
+3323 0 -3321 0 *
Ve
1e-07
48.770275 -228.430573 0
0 0

0101101
*
Ed
 1e-07 1 1 0
1  274 0 0 0.70181199999999
0

0101000
+3321 0 -3319 0 *
Ve
1e-07
48.023182 -228.430573 0
0 0

0101101
*
Ed
 1e-07 1 1 0
1  275 0 0 0.747093
0

0101000
+3319 0 -3317 0 *
Ve
1e-07
48.023289 -227.651428 0
0 0

0101101
*
Ed
 1e-07 1 1 0
1  276 0 0 0.779145007347156
0

0101000
+3317 0 -3315 0 *
Ve
1e-07
48.860832 -227.660843 0
0 0

0101101
*
Ed
 1e-07 1 1 0
1  277 0 0 0.837595916342723
0

0101000
+3315 0 -3313 0 *
Ve
1e-07
48.883472 -225.635361 0
0 0

0101101
*
Ed
 1e-07 1 1 0
1  278 0 0 2.02560852632587
0

0101000
+3313 0 -3311 0 *
Ve
1e-07
49.85696 -225.645935 0
0 0

0101101
*
Ed
 1e-07 1 1 0
1  279 0 0 0.973545425555483
0

0101000
+3311 0 -3309 0 *
Ve
1e-07
49.834324 -227.72876 0
0 0

0101101
*
Ed
 1e-07 1 1 0
1  280 0 0 2.08294799962
0

0101000
+3309 0 -3307 0 *
Ve
1e-07
51.803936 -227.751389 0
0 0

0101101
*
Ed
 1e-07 1 1 0
1  281 0 0 1.96974198873482
0

0101000
+3307 0 -3305 0 *
Ve
1e-07
52.052971 -212.334061 0
0 0

0101101
*
Ed
 1e-07 1 1 0
1  282 0 0 15.41933919112
0

0101000
+3305 0 -3303 0 *
Ve
1e-07
49.947517 -212.2435 0
0 0

0101101
*
Ed
 1e-07 1 1 0
1  283 0 0 2.10740073095674
0

0101000
+3303 0 -3301 0 *
Ve
1e-07
49.970158 -215.526199 0
0 0

0101101
*
Ed
 1e-07 1 1 0
1  284 0 0 3.28277707733587
0

0101000
+3301 0 -3299 0 *
Ve
1e-07
48.883472 -215.526199 0
0 0

0101101
*
Ed
 1e-07 1 1 0
1  285 0 0 1.086686
0

0101000
+3299 0 -3297 0 *
Ve
1e-07
48.883472 -212.152939 0
0 0

0101101
*
Ed
 1e-07 1 1 0
1  286 0 0 3.37325999999999
0

0101000
+3297 0 -3295 0 *
Ve
1e-07
40.620144 -211.79071 0
0 0

0101101
*
Ed
 1e-07 1 1 0
1  287 0 0 8.27126347567437
0

0101000
+3295 0 -3293 0 *
Ve
1e-07
40.552227 -218.876801 0
0 0

0101101
*
Ed
 1e-07 1 1 0
1  288 0 0 7.08641646949783
0

0101000
+3293 0 -3291 0 *
Ve
1e-07
39.488182 -218.831528 0
0 0

0101101
*
Ed
 1e-07 1 1 0
1  289 0 0 1.06500770257966
0

0101000
+3291 0 -3289 0 *
Ve
1e-07
39.601376 -211.835999 0
0 0

0101101
*
Ed
 1e-07 1 1 0
1  290 0 0 6.99644473082415
0

0101000
+3289 0 -3287 0 *
Ve
1e-07
36.857876 -211.697601 0
0 0

0101101
*
Ed
 1e-07 1 1 0
1  291 0 0 2.74698857959112
0

0101000
+3287 0 -3285 0 *
Ve
1e-07
36.81675 -220.936981 0
0 0

0101101
*
Ed
 1e-07 1 1 0
1  292 0 0 9.23947152884169
0

0101000
+3285 0 -3283 0 *
Ve
1e-07
39.488182 -221.050171 0
0 0

0101101
*
Ed
 1e-07 1 1 0
1  293 0 0 2.67382888508671
0

0101000
+3283 0 -3281 0 *
Ve
1e-07
39.465542 -220.144608 0
0 0

0101101
*
Ed
 1e-07 1 1 0
1  294 0 0 0.905845967352619
0

0101000
+3281 0 -3279 0 *
Ve
1e-07
40.529587 -220.144608 0
0 0

0101101
*
Ed
 1e-07 1 1 0
1  295 0 0 1.064045
0

0101000
+3279 0 -3277 0 *
Ve
1e-07
40.506947 -221.027527 0
0 0

0101101
*
Ed
 1e-07 1 1 0
1  296 0 0 0.883209222189724
0

0101000
+3277 0 -3275 0 *
Ve
1e-07
40.914455 -221.163376 0
0 0

0101101
*
Ed
 1e-07 1 1 0
1  297 0 0 0.429555259384636
0

0101000
+3275 0 -3273 0 *
Ve
1e-07
40.914455 -221.842545 0
0 0

0101101
*
Ed
 1e-07 1 1 0
1  298 0 0 0.679169000000002
0

0101000
+3273 0 -3271 0 *
Ve
1e-07
40.506947 -221.95575 0
0 0

0101101
*
Ed
 1e-07 1 1 0
1  299 0 0 0.422939879993597
0

0101000
+3271 0 -3269 0 *
Ve
1e-07
40.43903 -227.638199 0
0 0

0101101
*
Ed
 1e-07 1 1 0
1  300 0 0 5.68285485970651
0

0101000
+3269 0 -3267 0 *
Ve
1e-07
46.506351 -227.706116 0
0 0

0101101
*
Ed
 1e-07 1 1 0
1  301 0 0 6.06770111623257
0

0101000
+3267 0 -3265 0 *
Ve
1e-07
46.506351 -228.430573 0
0 0

0101101
*
Ed
 1e-07 1 1 0
1  302 0 0 0.724457000000001
0

0101000
+3265 0 -3263 0 *
Ve
1e-07
45.804535 -228.430573 0
0 0

0101101
*
Ed
 1e-07 1 1 0
1  303 0 0 0.701816000000001
0

0101000
+3263 0 -3261 0 *
Ve
1e-07
45.804535 -229.155029 0
0 0

0101101
*
Ed
 1e-07 1 1 0
1  304 0 0 0.724456000000004
0

0101000
+3261 0 -3259 0 *
Ve
1e-07
45.283833 -229.177658 0
0 0

0101101
*
Ed
 1e-07 1 1 0
1  305 0 0 0.521193480815906
0

0101000
+3259 0 -3257 0 *
Ve
1e-07
45.261192 -228.385284 0
0 0

0101101
*
Ed
 1e-07 1 1 0
1  306 0 0 0.792697401759961
0

0101000
+3257 0 -3255 0 *
Ve
1e-07
43.676388 -228.356689 0
0 0

0101101
*
Ed
 1e-07 1 1 0
1  307 0 0 1.58506195224067
0

0101000
+3255 0 -3253 0 *
Ve
1e-07
43.653805 -230.898254 0
0 0

0101101
*
Ed
 1e-07 1 1 0
1  308 0 0 2.54166532830625
0

0101000
+3253 0 -3251 0 *
Ve
1e-07
44.08395 -230.898254 0
0 0

0101101
*
Ed
 1e-07 1 1 0
1  309 0 0 0.430145000000003
0

0101000
+3251 0 -3249 0 *
Ve
1e-07
44.06131 -231.713257 0
0 0

0101101
*
Ed
 1e-07 1 1 0
1  310 0 0 0.815317398078186
0

0101000
+3249 0 -3247 0 *
Ve
1e-07
41.865303 -231.735901 0
0 0

0101101
*
Ed
 1e-07 1 1 0
1  311 0 0 2.19612374304933
0

0101000
+3247 0 -3245 0 *
Ve
1e-07
41.865303 -230.762421 0
0 0

0101101
*
Ed
 1e-07 1 1 0
1  312 0 0 0.973480000000023
0

0101000
+3245 0 -3243 0 *
Ve
1e-07
43.019905 -230.739777 0
0 0

0101101
*
Ed
 1e-07 1 1 0
1  313 0 0 1.15482402518306
0

0101000
+3243 0 -3241 0 *
Ve
1e-07
43.019905 -228.362656 0
0 0

0101101
*
Ed
 1e-07 1 1 0
1  314 0 0 2.37712100000002
0

0101000
+3241 0 -3239 0 *
Ve
1e-07
40.529587 -228.385284 0
0 0

0101101
*
Ed
 1e-07 1 1 0
1  315 0 0 2.49042080129203
0

0101000
+3239 0 -3237 0 *
Ve
1e-07
40.506947 -229.24559 0
0 0

0101101
*
Ed
 1e-07 1 1 0
1  316 0 0 0.860603848025307
0

0101000
+3237 0 -3235 0 *
Ve
1e-07
39.556099 -229.24559 0
0 0

0101101
*
Ed
 1e-07 1 1 0
1  317 0 0 0.950847999999993
0

0101000
+3235 0 -3233 0 *
Ve
1e-07
39.556099 -228.340012 0
0 0

0101101
*
Ed
 1e-07 1 1 0
1  318 0 0 0.905577999999991
0

0101000
+3233 0 -3231 0 *
Ve
1e-07
38.876919 -228.317368 0
0 0

0101101
*
Ed
 1e-07 1 1 0
1  319 0 0 0.679557372953898
0

0101000
+3231 0 -3229 0 *
Ve
1e-07
38.876919 -227.592911 0
0 0

0101101
*
Ed
 1e-07 1 1 0
1  320 0 0 0.724457000000001
0

0101000
+3229 0 -3227 0 *
Ve
1e-07
39.465542 -227.615555 0
0 0

0101101
*
Ed
 1e-07 1 1 0
1  321 0 0 0.589058390030223
0

0101000
+3227 0 -3225 0 *
Ve
1e-07
39.510818 -221.887817 0
0 0

0101101
*
Ed
 1e-07 1 1 0
1  322 0 0 5.72791694360348
0

0101000
+3225 0 -3223 0 *
Ve
1e-07
31.971947 -221.661438 0
0 0

0101101
*
Ed
 1e-07 1 1 0
1  323 0 0 7.54226911521208
0

0101000
+3223 0 -3221 0 *
Ve
1e-07
32.017227 -220.755859 0
0 0

0101101
*
Ed
 1e-07 1 1 0
1  324 0 0 0.906710319584503
0

0101000
+3221 0 -3219 0 *
Ve
1e-07
35.684784 -220.891693 0
0 0

0101101
*
Ed
 1e-07 1 1 0
1  325 0 0 3.67007155567913
0

0101000
+3219 0 -3217 0 *
Ve
1e-07
35.888538 -211.564316 0
0 0

0101101
*
Ed
 1e-07 1 1 0
1  326 0 0 9.32960220977536
0

0101000
+3217 0 -3215 0 *
Ve
1e-07
26.934711 -211.270004 0
0 0

0101101
*
Ed
 1e-07 1 1 0
1  327 0 0 8.95866270708262
0

0101000
+3215 0 -3213 0 *
Ve
1e-07
26.923391 -220.733215 0
0 0

0101101
*
Ed
 1e-07 1 1 0
1  328 0 0 9.46321777055358
0

0101000
+3213 0 -3211 0 *
Ve
1e-07
30.590952 -220.778503 0
0 0

0101101
*
Ed
 1e-07 1 1 0
1  329 0 0 3.6678406033612
0

0101000
+3211 0 -3209 0 *
Ve
1e-07
30.613592 -221.61615 0
0 0

0101101
*
Ed
 1e-07 1 1 0
1  330 0 0 0.837952902142481
0

0101000
+3209 0 -3207 0 *
Ve
1e-07
19.809704 -221.34433 0
0 0

0101101
*
Ed
 1e-07 1 1 0
1  331 0 0 10.8073068814087
0

0101000
+3207 0 -3205 0 *
Ve
1e-07
19.837303 -220.416275 0
0 0

0101101
*
Ed
 1e-07 1 1 0
1  332 0 0 0.928465286279461
0

0101000
+3205 0 -3203 0 *
Ve
1e-07
25.927265 -220.597382 0
0 0

0101101
*
Ed
 1e-07 1 1 0
1  333 0 0 6.09265434001413
0

0101000
+3203 0 -3201 0 *
Ve
1e-07
25.927265 -211.337936 0
0 0

0101101
*
Ed
 1e-07 1 1 0
1  334 0 0 9.259446
0

0101000
+3201 0 -3199 0 *
Ve
1e-07
17.075314 -210.81723 0
0 0

0101101
*
Ed
 1e-07 1 1 0
1  335 0 0 8.86725274506355
0

0101000
+3199 0 -3197 0 *
Ve
1e-07
17.050217 -212.02919 0
0 0

0101101
*
Ed
 1e-07 1 1 0
1  336 0 0 1.21221982371557
0

0101000
+3197 0 -3195 0 *
Ve
1e-07
16.623575 -212.030655 0
0 0

0101101
*
Ed
 1e-07 1 1 0
1  337 0 0 0.426644515245422
0

0101000
+3195 0 -3193 0 *
Ve
1e-07
16.622524 -211.722916 0
0 0

0101101
*
Ed
 1e-07 1 1 0
1  338 0 0 0.307740794699043
0

0101000
+3193 0 -3191 0 *
Ve
1e-07
16.029289 -211.722916 0
0 0

0101101
*
Ed
 1e-07 1 1 0
1  339 0 0 0.593235
0

0101000
+3191 0 -3189 0 *
Ve
1e-07
15.943347 -210.839859 0
0 0

0101101
*
Ed
 1e-07 1 1 0
1  340 0 0 0.887229222136542
0

0101000
+3189 0 -3187 0 *
Ve
1e-07
13.20458 -210.703949 0
0 0

0101101
*
Ed
 1e-07 1 1 0
1  341 0 0 2.74213716075418
0

0101000
+3187 0 -3185 0 *
Ve
1e-07
13.20458 -214.282074 0
0 0

0101101
*
Ed
 1e-07 1 1 0
1  342 0 0 3.578125
0

0101000
+3185 0 -3183 0 *
Ve
1e-07
15.876455 -214.372696 0
0 0

0101101
*
Ed
 1e-07 1 1 0
1  343 0 0 2.67341137173257
0

0101000
+3183 0 -3181 0 *
Ve
1e-07
15.920205 -214.144577 0
0 0

0101101
*
Ed
 1e-07 1 1 0
1  344 0 0 0.232276431565918
0

0101000
+3181 0 -3179 0 *
Ve
1e-07
16.960831 -214.191452 0
0 0

0101101
*
Ed
 1e-07 1 1 0
1  345 0 0 1.04168120723233
0

0101000
+3179 0 -3177 0 *
Ve
1e-07
16.91708 -220.394577 0
0 0

0101101
*
Ed
 1e-07 1 1 0
1  346 0 0 6.20327928725009
0

0101000
+3177 0 -3175 0 *
Ve
1e-07
18.638956 -220.438324 0
0 0

0101101
*
Ed
 1e-07 1 1 0
1  347 0 0 1.72243164142587
0

0101000
+3175 0 -3173 0 *
Ve
1e-07
18.638956 -221.388321 0
0 0

0101101
*
Ed
 1e-07 1 1 0
1  348 0 0 0.949996999999996
0

0101000
+3173 0 -3171 0 *
Ve
1e-07
18.185831 -221.388321 0
0 0

0101101
*
Ed
 1e-07 1 1 0
1  349 0 0 0.453125
0

0101000
+3171 0 -3169 0 *
Ve
1e-07
18.185831 -221.797699 0
0 0

0101101
*
Ed
 1e-07 1 1 0
1  350 0 0 0.409378000000004
0

0101000
+3169 0 -3167 0 *
Ve
1e-07
17.232706 -221.750824 0
0 0

0101101
*
Ed
 1e-07 1 1 0
1  351 0 0 0.954276967787654
0

0101000
+3167 0 -3165 0 *
Ve
1e-07
17.188955 -221.297699 0
0 0

0101101
*
Ed
 1e-07 1 1 0
1  352 0 0 0.455232265580989
0

0101000
+3165 0 -3163 0 *
Ve
1e-07
15.82958 -221.253952 0
0 0

0101101
*
Ed
 1e-07 1 1 0
1  353 0 0 1.36007874427696
0

0101000
+3163 0 -3161 0 *
Ve
1e-07
15.876455 -214.869568 0
0 0

0101101
*
Ed
 1e-07 1 1 0
1  354 0 0 6.3845560789362
0

0101000
+3161 0 -3159 0 *
Ve
1e-07
12.66083 -214.735199 0
0 0

0101101
*
Ed
 1e-07 1 1 0
1  355 0 0 3.21843116576788
0

0101000
+3159 0 -3157 0 *
Ve
1e-07
12.795205 -210.703949 0
0 0

0101101
*
Ed
 1e-07 1 1 0
1  356 0 0 4.03348896157223
0

0101000
+3157 0 -3155 0 *
Ve
1e-07
9.113955 -210.466446 0
0 0

0101101
*
Ed
 1e-07 1 1 0
1  357 0 0 3.6889035278127
0

0101000
+3155 0 -3153 0 *
Ve
1e-07
9.051455 -214.435196 0
0 0

0101101
*
Ed
 1e-07 1 1 0
1  358 0 0 3.96924209547616
0

0101000
+3153 0 -3151 0 *
Ve
1e-07
11.154019 -214.593826 0
0 0

0101101
*
Ed
 1e-07 1 1 0
1  359 0 0 2.10853950662443
0

0101000
+3151 0 -3149 0 *
Ve
1e-07
11.179759 -214.25264 0
0 0

0101101
*
Ed
 1e-07 1 1 0
1  360 0 0 0.342155570166548
0

0101000
+3149 0 -3147 0 *
Ve
1e-07
12.157705 -214.275818 0
0 0

0101101
*
Ed
 1e-07 1 1 0
1  361 0 0 0.978220628794955
0

0101000
+3147 0 -3145 0 *
Ve
1e-07
12.013987 -220.340118 0
0 0

0101101
*
Ed
 1e-07 1 1 0
1  362 0 0 6.06600274921831
0

0101000
+3145 0 -3143 0 *
Ve
1e-07
13.388955 -220.372696 0
0 0

0101101
*
Ed
 1e-07 1 1 0
1  363 0 0 1.37535389158863
0

0101000
+3143 0 -3141 0 *
Ve
1e-07
13.388955 -220.75708 0
0 0

0101101
*
Ed
 1e-07 1 1 0
1  364 0 0 0.384384000000011
0

0101000
+3141 0 -3139 0 *
Ve
1e-07
13.645205 -220.75708 0
0 0

0101101
*
Ed
 1e-07 1 1 0
1  365 0 0 0.256250000000001
0

0101000
+3139 0 -3137 0 *
Ve
1e-07
13.645205 -221.207077 0
0 0

0101101
*
Ed
 1e-07 1 1 0
1  366 0 0 0.449996999999996
0

0101000
+3137 0 -3135 0 *
Ve
1e-07
10.795205 -221.078949 0
0 0

0101101
*
Ed
 1e-07 1 1 0
1  367 0 0 2.8528786837831
0

0101000
+3135 0 -3133 0 *
Ve
1e-07
10.77958 -220.213318 0
0 0

0101101
*
Ed
 1e-07 1 1 0
1  368 0 0 0.865772007393409
0

0101000
+3133 0 -3131 0 *
Ve
1e-07
11.117081 -220.182068 0
0 0

0101101
*
Ed
 1e-07 1 1 0
1  369 0 0 0.338944667314594
0

0101000
+3131 0 -3129 0 *
Ve
1e-07
11.117081 -218.469574 0
0 0

0101101
*
Ed
 1e-07 1 1 0
1  370 0 0 1.71249399999999
0

0101000
+3129 0 -3127 0 *
Ve
1e-07
7.563955 -218.419571 0
0 0

0101101
*
Ed
 1e-07 1 1 0
1  371 0 0 3.55347782769008
0

0101000
+3127 0 -3125 0 *
Ve
1e-07
7.57958 -220.150818 0
0 0

0101101
*
Ed
 1e-07 1 1 0
1  372 0 0 1.73131750861417
0

0101000
+3125 0 -3123 0 *
Ve
1e-07
8.907705 -220.228943 0
0 0

0101101
*
Ed
 1e-07 1 1 0
1  373 0 0 1.330420809838
0

0101000
+3123 0 -3121 0 *
Ve
1e-07
8.938955 -221.063324 0
0 0

0101101
*
Ed
 1e-07 1 1 0
1  374 0 0 0.834965996709454
0

0101000
+3121 0 -3119 0 *
Ve
1e-07
6.424192 -220.998047 0
0 0

0101101
*
Ed
 1e-07 1 1 0
1  375 0 0 2.51561007171183
0

0101000
+3119 0 -3117 0 *
Ve
1e-07
6.191365 -209.317261 0
0 0

0101101
*
Ed
 1e-07 1 1 0
1  376 0 0 11.6831061789973
0

0101000
+3117 0 -3115 0 *
Ve
1e-07
3.464407 -209.312347 0
0 0

0101101
*
Ed
 1e-07 1 1 0
1  377 0 0 2.72696242752994
0

0101000
+3115 0 -3113 0 *
Ve
1e-07
3.43239 -227.08165 0
0 0

0101101
*
Ed
 1e-07 1 1 0
1  378 0 0 17.769331844335
0

0101000
+3113 0 -3111 0 *
Ve
1e-07
6.377931 -227.08165 0
0 0

0101101
*
Ed
 1e-07 1 1 0
1  379 0 0 2.945541
0

0101000
+3111 0 -3109 0 *
Ve
1e-07
6.345914 -223.111572 0
0 0

0101101
*
Ed
 1e-07 1 1 0
1  380 0 0 3.97020709968296
0

0101000
+3109 0 -3107 0 *
Ve
1e-07
8.074819 -223.175598 0
0 0

0101101
*
Ed
 1e-07 1 1 0
1  381 0 0 1.73009012126565
0

0101000
+3107 0 -3105 0 *
Ve
1e-07
8.45902 -222.759384 0
0 0

0101101
*
Ed
 1e-07 1 1 0
1  382 0 0 0.566431374658041
0

0101000
+3105 0 -3103 0 *
Ve
1e-07
8.491036 -223.591812 0
0 0

0101101
*
Ed
 1e-07 1 1 0
1  383 0 0 0.833043455913309
0

0101000
+3103 0 -3101 0 *
Ve
1e-07
7.402467 -223.559799 0
0 0

0101101
*
Ed
 1e-07 1 1 0
1  384 0 0 1.08903962275484
0

0101000
+3101 0 -3099 0 *
Ve
1e-07
7.434484 -229.867096 0
0 0

0101101
*
Ed
 1e-07 1 1 0
1  385 0 0 6.3073782615678
0

0101000
+3099 0 -3097 0 *
Ve
1e-07
17.583792 -229.771042 0
0 0

0101101
*
Ed
 1e-07 1 1 0
1  386 0 0 10.1497625218416
0

0101000
+3097 0 -3095 0 *
Ve
1e-07
17.660864 -230.22348 0
0 0

0101101
*
Ed
 1e-07 1 1 0
1  387 0 0 0.458955593743012
0

0101000
+3095 0 -3093 0 *
Ve
1e-07
18.544294 -230.507431 0
0 0

0101101
*
Ed
 1e-07 1 1 0
1  388 0 0 0.927942204720209
0

0101000
+3093 0 -3091 0 *
Ve
1e-07
18.448244 -233.96524 0
0 0

0101101
*
Ed
 1e-07 1 1 0
1  389 0 0 3.4591427670712
0

0101000
+3091 0 -3089 0 *
Ve
1e-07
19.152613 -233.96524 0
0 0

0101101
*
Ed
 1e-07 1 1 0
1  390 0 0 0.704369
0

0101000
+3089 0 -3087 0 *
Ve
1e-07
19.152613 -234.477509 0
0 0

0101101
*
Ed
 1e-07 1 1 0
1  391 0 0 0.512269000000003
0

0101000
+3087 0 -3085 0 *
Ve
1e-07
17.071524 -234.477509 0
0 0

0101101
*
Ed
 1e-07 1 1 0
1  392 0 0 2.081089
0

0101000
+3085 0 -3083 0 *
Ve
1e-07
17.10354 -230.219284 0
0 0

0101101
*
Ed
 1e-07 1 1 0
1  393 0 0 4.25834535645961
0

0101000
+3083 0 -3081 0 *
Ve
1e-07
7.37045 -230.347351 0
0 0

0101101
*
Ed
 1e-07 1 1 0
1  394 0 0 9.73393250976135
0

0101000
+3081 0 -3079 0 *
Ve
1e-07
7.37045 -235.854233 0
0 0

0101101
*
Ed
 1e-07 1 1 0
1  395 0 0 5.50688199999999
0

0101000
+3079 0 -3077 0 *
Ve
1e-07
10.572124 -235.790192 0
0 0

0101101
*
Ed
 1e-07 1 1 0
1  396 0 0 3.20231442115808
0

0101000
+3077 0 -3075 0 *
Ve
1e-07
14.06195 -236.462555 0
0 0

0101101
*
Ed
 1e-07 1 1 0
1  397 0 0 3.55400584046299
0

0101000
+3075 0 -3073 0 *
Ve
1e-07
17.071524 -236.494568 0
0 0

0101101
*
Ed
 1e-07 1 1 0
1  398 0 0 3.00974425718283
0

0101000
+3073 0 -3071 0 *
Ve
1e-07
17.039507 -235.438019 0
0 0

0101101
*
Ed
 1e-07 1 1 0
1  399 0 0 1.05703400025258
0

0101000
+3071 0 -3069 0 *
Ve
1e-07
17.51976 -235.438019 0
0 0

0101101
*
Ed
 1e-07 1 1 0
1  400 0 0 0.480253000000001
0

0101000
+3069 0 -3067 0 *
Ve
1e-07
17.807909 -236.078354 0
0 0

0101101
*
Ed
 1e-07 1 1 0
1  401 0 0 0.702181428425724
0

0101000
+3067 0 -3065 0 *
Ve
1e-07
19.152613 -236.046326 0
0 0

0101101
*
Ed
 1e-07 1 1 0
1  402 0 0 1.34508536546942
0

0101000
+3065 0 -3063 0 *
Ve
1e-07
19.152613 -236.430527 0
0 0

0101101
*
Ed
 1e-07 1 1 0
1  403 0 0 0.384201000000019
0

0101000
+3063 0 -3061 0 *
Ve
1e-07
18.320177 -236.430527 0
0 0

0101101
*
Ed
 1e-07 1 1 0
1  404 0 0 0.832435999999998
0

0101000
+3061 0 -3059 0 *
Ve
1e-07
18.320177 -237.006836 0
0 0

0101101
*
Ed
 1e-07 1 1 0
1  405 0 0 0.576308999999981
0

0101000
+3059 0 -3057 0 *
Ve
1e-07
17.807909 -237.038849 0
0 0

0101101
*
Ed
 1e-07 1 1 0
1  406 0 0 0.513267314362607
0

0101000
+3057 0 -3055 0 *
Ve
1e-07
17.807909 -239.361618 0
0 0

0101101
*
Ed
 1e-07 1 1 0
1  407 0 0 2.32276899999999
0

0101000
+3055 0 -3053 0 *
Ve
1e-07
19.440763 -242.16153 0
0 0

0101101
*
Ed
 1e-07 1 1 0
1  408 0 0 3.24125275056729
0

0101000
+3053 0 -3051 0 *
Ve
1e-07
19.440763 -244.050522 0
0 0

0101101
*
Ed
 1e-07 1 1 0
1  409 0 0 1.888992
0

0101000
+3051 0 -3049 0 *
Ve
1e-07
23.02664 -244.082535 0
0 0

0101101
*
Ed
 1e-07 1 1 0
1  410 0 0 3.58601989555245
0

0101000
+3049 0 -3047 0 *
Ve
1e-07
23.02664 -242.417664 0
0 0

0101101
*
Ed
 1e-07 1 1 0
1  411 0 0 1.66487100000001
0

0101000
+3047 0 -3045 0 *
Ve
1e-07
23.570925 -242.417664 0
0 0

0101101
*
Ed
 1e-07 1 1 0
1  412 0 0 0.544284999999999
0

0101000
+3045 0 -3043 0 *
Ve
1e-07
23.570925 -244.082535 0
0 0

0101101
*
Ed
 1e-07 1 1 0
1  413 0 0 1.66487100000001
0

0101000
+3043 0 -3041 0 *
Ve
1e-07
26.484447 -244.082535 0
0 0

0101101
*
Ed
 1e-07 1 1 0
1  414 0 0 2.913522
0

0101000
+3041 0 -3039 0 *
Ve
1e-07
26.484447 -240.816833 0
0 0

0101101
*
Ed
 1e-07 1 1 0
1  415 0 0 3.265702
0

0101000
+3039 0 -3037 0 *
Ve
1e-07
25.139744 -240.816833 0
0 0

0101101
*
Ed
 1e-07 1 1 0
1  416 0 0 1.344703
0

0101000
+3037 0 -3035 0 *
Ve
1e-07
25.139744 -237.807251 0
0 0

0101101
*
Ed
 1e-07 1 1 0
1  417 0 0 3.00958199999999
0

0101000
+3035 0 -3033 0 *
Ve
1e-07
21.489836 -237.807251 0
0 0

0101101
*
Ed
 1e-07 1 1 0
1  418 0 0 3.649908
0

0101000
+3033 0 -3031 0 *
Ve
1e-07
21.489836 -236.462555 0
0 0

0101101
*
Ed
 1e-07 1 1 0
1  419 0 0 1.344696
0

0101000
+3031 0 -3029 0 *
Ve
1e-07
20.401266 -236.462555 0
0 0

0101101
*
Ed
 1e-07 1 1 0
1  420 0 0 1.08857
0

0101000
+3029 0 -3027 0 *
Ve
1e-07
20.401266 -236.078354 0
0 0

0101101
*
Ed
 1e-07 1 1 0
1  421 0 0 0.384201000000019
0

0101000
+3027 0 -3025 0 *
Ve
1e-07
25.139744 -236.078354 0
0 0

0101101
*
Ed
 1e-07 1 1 0
1  422 0 0 4.738478
0

0101000
+3025 0 -3023 0 *
Ve
1e-07
25.139744 -236.746414 0
0 0

0101101
*
Ed
 1e-07 1 1 0
1  423 0 0 0.668059999999997
0

0101000
+3023 0 -3021 0 *
Ve
1e-07
25.514217 -236.746414 0
0 0

0101101
*
Ed
 1e-07 1 1 0
1  424 0 0 0.374472999999998
0

0101000
+3021 0 -3019 0 *
Ve
1e-07
25.514217 -240.400604 0
0 0

0101101
*
Ed
 1e-07 1 1 0
1  425 0 0 3.65419
0

0101000
+3019 0 -3017 0 *
Ve
1e-07
26.580498 -240.400604 0
0 0

0101101
*
Ed
 1e-07 1 1 0
1  426 0 0 1.066281
0

0101000
+3017 0 -3015 0 *
Ve
1e-07
26.580498 -236.846756 0
0 0

0101101
*
Ed
 1e-07 1 1 0
1  427 0 0 3.55384799999999
0

0101000
+3015 0 -3013 0 *
Ve
1e-07
26.228313 -236.846756 0
0 0

0101101
*
Ed
 1e-07 1 1 0
1  428 0 0 0.352184999999999
0

0101000
+3013 0 -3011 0 *
Ve
1e-07
26.228313 -234.445496 0
0 0

0101101
*
Ed
 1e-07 1 1 0
1  429 0 0 2.40126000000001
0

0101000
+3011 0 -3009 0 *
Ve
1e-07
20.4653 -234.445496 0
0 0

0101101
*
Ed
 1e-07 1 1 0
1  430 0 0 5.763013
0

0101000
+3009 0 -3007 0 *
Ve
1e-07
20.4653 -233.997253 0
0 0

0101101
*
Ed
 1e-07 1 1 0
1  431 0 0 0.448242999999991
0

0101000
+3007 0 -3005 0 *
Ve
1e-07
26.708565 -233.997253 0
0 0

0101101
*
Ed
 1e-07 1 1 0
1  432 0 0 6.243265
0

0101000
+3005 0 -3003 0 *
Ve
1e-07
26.708565 -235.9823 0
0 0

0101101
*
Ed
 1e-07 1 1 0
1  433 0 0 1.98504700000001
0

0101000
+3003 0 -3001 0 *
Ve
1e-07
28.341419 -235.9823 0
0 0

0101101
*
Ed
 1e-07 1 1 0
1  434 0 0 1.632854
0

0101000
+3001 0 -2999 0 *
Ve
1e-07
28.341419 -232.236343 0
0 0

0101101
*
Ed
 1e-07 1 1 0
1  435 0 0 3.745957
0

0101000
+2999 0 -2997 0 *
Ve
1e-07
22.130171 -232.236343 0
0 0

0101101
*
Ed
 1e-07 1 1 0
1  436 0 0 6.211248
0

0101000
+2997 0 -2995 0 *
Ve
1e-07
22.194204 -231.531967 0
0 0

0101101
*
Ed
 1e-07 1 1 0
1  437 0 0 0.707280548626211
0

0101000
+2995 0 -2993 0 *
Ve
1e-07
28.853687 -231.531967 0
0 0

0101101
*
Ed
 1e-07 1 1 0
1  438 0 0 6.659483
0

0101000
+2993 0 -2991 0 *
Ve
1e-07
28.853687 -231.195801 0
0 0

0101101
*
Ed
 1e-07 1 1 0
1  439 0 0 0.33616600000002
0

0101000
+2991 0 -2989 0 *
Ve
1e-07
29.478014 -231.195801 0
0 0

0101101
*
Ed
 1e-07 1 1 0
1  440 0 0 0.624327000000001
0

0101000
+2989 0 -2987 0 *
Ve
1e-07
29.478014 -231.612015 0
0 0

0101101
*
Ed
 1e-07 1 1 0
1  441 0 0 0.416214000000025
0

0101000
+2987 0 -2985 0 *
Ve
1e-07
29.798182 -231.612015 0
0 0

0101101
*
Ed
 1e-07 1 1 0
1  442 0 0 0.320167999999999
0

0101000
+2985 0 -2983 0 *
Ve
1e-07
29.798182 -232.044235 0
0 0

0101101
*
Ed
 1e-07 1 1 0
1  443 0 0 0.432219999999973
0

0101000
+2983 0 -2981 0 *
Ve
1e-07
29.141838 -232.044235 0
0 0

0101101
*
Ed
 1e-07 1 1 0
1  444 0 0 0.656344000000001
0

0101000
+2981 0 -2979 0 *
Ve
1e-07
29.141838 -237.050491 0
0 0

0101101
*
Ed
 1e-07 1 1 0
1  445 0 0 5.00625600000001
0

0101000
+2979 0 -2977 0 *
Ve
1e-07
29.830198 -237.050491 0
0 0

0101101
*
Ed
 1e-07 1 1 0
1  446 0 0 0.688359999999999
0

0101000
+2977 0 -2975 0 *
Ve
1e-07
29.830198 -237.567123 0
0 0

0101101
*
Ed
 1e-07 1 1 0
1  447 0 0 0.516632000000016
0

0101000
+2975 0 -2973 0 *
Ve
1e-07
29.542048 -237.567123 0
0 0

0101101
*
Ed
 1e-07 1 1 0
1  448 0 0 0.288149999999998
0

0101000
+2973 0 -2971 0 *
Ve
1e-07
29.542048 -237.887299 0
0 0

0101101
*
Ed
 1e-07 1 1 0
1  449 0 0 0.320176000000004
0

0101000
+2971 0 -2969 0 *
Ve
1e-07
27.877176 -237.887299 0
0 0

0101101
*
Ed
 1e-07 1 1 0
1  450 0 0 1.664872
0

0101000
+2969 0 -2967 0 *
Ve
1e-07
28.026436 -255.948593 0
0 0

0101101
*
Ed
 1e-07 1 1 0
1  451 0 0 18.0619107378493
0

0101000
+2967 0 -2965 0 *
Ve
1e-07
34.730408 -255.71669 0
0 0

0101101
*
Ed
 1e-07 1 1 0
1  452 0 0 6.70798178129554
0

0101000
+2965 0 -2963 0 *
Ve
1e-07
34.730408 -254.43071 0
0 0

0101101
*
Ed
 1e-07 1 1 0
1  453 0 0 1.28598
0

0101000
+2963 0 -2961 0 *
Ve
1e-07
45.503139 -254.125031 0
0 0

0101101
*
Ed
 1e-07 1 1 0
1  454 0 0 10.7770669873302
0

0101000
+2961 0 -2959 0 *
Ve
1e-07
47.526978 -256.222656 0
0 0

0101101
*
Ed
 1e-07 1 1 0
1  455 0 0 2.914782142553
0

0101000
+2959 0 -2957 0 *
Ve
1e-07
47.388748 -289.51062 0
0 0

0101101
*
Ed
 1e-07 1 1 0
1  456 0 0 33.2882510023912
0

0101000
+2957 0 -2955 0 *
Ve
1e-07
53.092537 -289.51062 0
0 0

0101101
*
Ed
 1e-07 1 1 0
1  457 0 0 5.703789
0

0101000
+2955 0 -2953 0 *
Ve
1e-07
53.092537 -288.962494 0
0 0

0101101
*
Ed
 1e-07 1 1 0
1  458 0 0 0.548126000000025
0

0101000
+2953 0 -2951 0 *
Ve
1e-07
53.429844 -288.962494 0
0 0

0101101
*
Ed
 1e-07 1 1 0
1  459 0 0 0.337307000000003
0

0101000
+2951 0 -2949 0 *
Ve
1e-07
53.429844 -286.643494 0
0 0

0101101
*
Ed
 1e-07 1 1 0
1  460 0 0 2.31900000000002
0

0101000
+2949 0 -2947 0 *
Ve
1e-07
54.336357 -286.643494 0
0 0

0101101
*
Ed
 1e-07 1 1 0
1  461 0 0 0.906512999999997
0

0101000
+2947 0 -2945 0 *
Ve
1e-07
54.336357 -286.854309 0
0 0

0101101
*
Ed
 1e-07 1 1 0
1  462 0 0 0.210815000000025
0

0101000
+2945 0 -2943 0 *
Ve
1e-07
55.833157 -286.854309 0
0 0

0101101
*
Ed
 1e-07 1 1 0
1  463 0 0 1.4968
0

0101000
+2943 0 -2941 0 *
Ve
1e-07
55.833157 -289.067902 0
0 0

0101101
*
Ed
 1e-07 1 1 0
1  464 0 0 2.213593
0

0101000
+2941 0 -2939 0 *
Ve
1e-07
56.465603 -289.067902 0
0 0

0101101
*
Ed
 1e-07 1 1 0
1  465 0 0 0.632446000000002
0

0101000
+2939 0 -2937 0 *
Ve
1e-07
56.465603 -289.59494 0
0 0

0101101
*
Ed
 1e-07 1 1 0
1  466 0 0 0.527038000000005
0

0101000
+2937 0 -2935 0 *
Ve
1e-07
60.091652 -289.637085 0
0 0

0101101
*
Ed
 1e-07 1 1 0
1  467 0 0 3.62629391409825
0

0101000
+2935 0 -2933 0 *
Ve
1e-07
60.091652 -289.194397 0
0 0

0101101
*
Ed
 1e-07 1 1 0
1  468 0 0 0.442688000000032
0

0101000
+2933 0 -2931 0 *
Ve
1e-07
60.977081 -289.194397 0
0 0

0101101
*
Ed
 1e-07 1 1 0
1  469 0 0 0.885428999999995
0

0101000
+2931 0 -2929 0 *
Ve
1e-07
60.998165 -288.077057 0
0 0

0101101
*
Ed
 1e-07 1 1 0
1  470 0 0 1.11753890789355
0

0101000
+2929 0 -2927 0 *
Ve
1e-07
62.220898 -288.077057 0
0 0

0101101
*
Ed
 1e-07 1 1 0
1  471 0 0 1.222733
0

0101000
+2927 0 -2925 0 *
Ve
1e-07
62.220898 -289.516144 0
0 0

0101101
*
Ed
 1e-07 1 1 0
1  472 0 0 1.43908699999997
0

0101000
+2925 0 -2923 0 *
Ve
1e-07
65.843605 -289.516144 0
0 0

0101101
*
Ed
 1e-07 1 1 0
1  473 0 0 3.622707
0

0101000
+2923 0 -2921 0 *
Ve
1e-07
65.843605 -285.044067 0
0 0

0101101
*
Ed
 1e-07 1 1 0
1  474 0 0 4.47207700000001
0

0101000
+2921 0 -2919 0 *
Ve
1e-07
66.678391 -285.044067 0
0 0

0101101
*
Ed
 1e-07 1 1 0
1  475 0 0 0.834786000000008
0

0101000
+2919 0 -2917 0 *
Ve
1e-07
66.678391 -289.575775 0
0 0

0101101
*
Ed
 1e-07 1 1 0
1  476 0 0 4.53170800000004
0

0101000
+2917 0 -2915 0 *
Ve
1e-07
75.294632 -289.501251 0
0 0

0101101
*
Ed
 1e-07 1 1 0
1  477 0 0 8.61656328222899
0

0101000
+2915 0 -2913 0 *
Ve
1e-07
75.249367 -282.869873 0
0 0

0101101
*
Ed
 1e-07 1 1 0
1  478 0 0 6.63153248496225
0

0101000
+2913 0 -2911 0 *
Ve
1e-07
76.261292 -282.869873 0
0 0

0101101
*
Ed
 1e-07 1 1 0
1  479 0 0 1.01192499999999
0

0101000
+2911 0 -2909 0 *
Ve
1e-07
76.261292 -283.259888 0
0 0

0101101
*
Ed
 1e-07 1 1 0
1  480 0 0 0.390015000000005
0

0101000
+2909 0 -2907 0 *
Ve
1e-07
75.976715 -283.262573 0
0 0

0101101
*
Ed
 1e-07 1 1 0
1  481 0 0 0.28458966628112
0

0101000
+2907 0 -2905 0 *
Ve
1e-07
76.035278 -289.478973 0
0 0

0101101
*
Ed
 1e-07 1 1 0
1  482 0 0 6.21667584686296
0

0101000
+2905 0 -2903 0 *
Ve
1e-07
97.895126 -289.471436 0
0 0

0101101
*
Ed
 1e-07 1 1 0
1  483 0 0 21.8598492993313
0

0101000
+2903 0 -2901 0 *
Ve
1e-07
97.895126 -283.687531 0
0 0

0101101
*
Ed
 1e-07 1 1 0
1  484 0 0 5.783905
0

0101000
+2901 0 -2899 0 *
Ve
1e-07
97.580582 -283.687531 0
0 0

0101101
*
Ed
 1e-07 1 1 0
1  485 0 0 0.314543999999998
0

0101000
+2899 0 -2897 0 *
Ve
1e-07
97.580582 -283.180664 0
0 0

0101101
*
Ed
 1e-07 1 1 0
1  486 0 0 0.506867
0

0101000
+2897 0 -2895 0 *
Ve
1e-07
97.342072 -283.180664 0
0 0

0101101
*
Ed
 1e-07 1 1 0
1  487 0 0 0.238510000000005
0

0101000
+2895 0 -2893 0 *
Ve
1e-07
97.327164 -282.718567 0
0 0

0101101
*
Ed
 1e-07 1 1 0
1  488 0 0 0.462337415610043
0

0101000
+2893 0 -2891 0 *
Ve
1e-07
98.385559 -282.718567 0
0 0

0101101
*
Ed
 1e-07 1 1 0
1  489 0 0 1.058395
0

0101000
+2891 0 -2889 0 *
Ve
1e-07
98.452858 -289.411804 0
0 0

0101101
*
Ed
 1e-07 1 1 0
1  490 0 0 6.69357532964037
0

0101000
+2889 0 -2887 0 *
Ve
1e-07
111.458382 -289.409424 0
0 0

0101101
*
Ed
 1e-07 1 1 0
1  491 0 0 13.005524217769
0

0101000
+2887 0 -2885 0 *
Ve
1e-07
111.458382 -287.132294 0
0 0

0101101
*
Ed
 1e-07 1 1 0
1  492 0 0 2.27713
0

0101000
+2885 0 -2883 0 *
Ve
1e-07
113.29216 -287.132294 0
0 0

0101101
*
Ed
 1e-07 1 1 0
1  493 0 0 1.833778
0

0101000
+2883 0 -2881 0 *
Ve
1e-07
113.29216 -289.375458 0
0 0

0101101
*
Ed
 1e-07 1 1 0
1  494 0 0 2.24316399999998
0

0101000
+2881 0 -2879 0 *
Ve
1e-07
117.796211 -289.370239 0
0 0

0101101
*
Ed
 1e-07 1 1 0
1  495 0 0 4.50405402371708
0

0101000
+2879 0 -2877 0 *
Ve
1e-07
117.812218 -287.385193 0
0 0

0101101
*
Ed
 1e-07 1 1 0
1  496 0 0 1.98511053751801
0

0101000
+2877 0 -2875 0 *
Ve
1e-07
118.932808 -287.385193 0
0 0

0101101
*
Ed
 1e-07 1 1 0
1  497 0 0 1.12058999999999
0

0101000
+2875 0 -2873 0 *
Ve
1e-07
118.932808 -289.434265 0
0 0

0101101
*
Ed
 1e-07 1 1 0
1  498 0 0 2.04907199999997
0

0101000
+2873 0 -2871 0 *
Ve
1e-07
126.199615 -289.437988 0
0 0

0101101
*
Ed
 1e-07 1 1 0
1  499 0 0 7.2668079537014
0

0101000
+2871 0 -2869 0 *
Ve
1e-07
126.216621 -287.46524 0
0 0

0101101
*
Ed
 1e-07 1 1 0
1  500 0 0 1.97282129843027
0

0101000
+2869 0 -2867 0 *
Ve
1e-07
127.449257 -287.46524 0
0 0

0101101
*
Ed
 1e-07 1 1 0
1  501 0 0 1.232636
0

0101000
+2867 0 -2865 0 *
Ve
1e-07
127.449257 -289.434265 0
0 0

0101101
*
Ed
 1e-07 1 1 0
1  502 0 0 1.96902499999999
0

0101000
+2865 0 -2863 0 *
Ve
1e-07
134.811295 -289.409454 0
0 0

0101101
*
Ed
 1e-07 1 1 0
1  503 0 0 7.36207980798667
0

0101000
+2863 0 -2861 0 *
Ve
1e-07
134.754181 -282.085602 0
0 0

0101101
*
Ed
 1e-07 1 1 0
1  504 0 0 7.32407469424635
0

0101000
+2861 0 -2859 0 *
Ve
1e-07
127.449257 -282.085602 0
0 0

0101101
*
Ed
 1e-07 1 1 0
1  505 0 0 7.30492399999999
0

0101000
+2859 0 -2857 0 *
Ve
1e-07
127.441704 -286.205963 0
0 0

0101101
*
Ed
 1e-07 1 1 0
1  506 0 0 4.1203679226654
0

0101000
+2857 0 -2855 0 *
Ve
1e-07
126.355019 -286.205963 0
0 0

0101101
*
Ed
 1e-07 1 1 0
1  507 0 0 1.086685
0

0101000
+2855 0 -2853 0 *
Ve
1e-07
126.332382 -278.72229 0
0 0

0101101
*
Ed
 1e-07 1 1 0
1  508 0 0 7.48370723670416
0

0101000
+2853 0 -2851 0 *
Ve
1e-07
118.815109 -278.72229 0
0 0

0101101
*
Ed
 1e-07 1 1 0
1  509 0 0 7.51727299999999
0

0101000
+2851 0 -2849 0 *
Ve
1e-07
117.933212 -278.485962 0
0 0

0101101
*
Ed
 1e-07 1 1 0
1  510 0 0 0.913013276022328
0

0101000
+2849 0 -2847 0 *
Ve
1e-07
117.933212 -277.354004 0
0 0

0101101
*
Ed
 1e-07 1 1 0
1  511 0 0 1.131958
0

0101000
+2847 0 -2845 0 *
Ve
1e-07
118.340721 -277.354004 0
0 0

0101101
*
Ed
 1e-07 1 1 0
1  512 0 0 0.407509000000005
0

0101000
+2845 0 -2843 0 *
Ve
1e-07
118.340721 -277.467194 0
0 0

0101101
*
Ed
 1e-07 1 1 0
1  513 0 0 0.113190000000031
0

0101000
+2843 0 -2841 0 *
Ve
1e-07
118.951981 -277.467194 0
0 0

0101101
*
Ed
 1e-07 1 1 0
1  514 0 0 0.611260000000001
0

0101000
+2841 0 -2839 0 *
Ve
1e-07
118.951981 -278.010559 0
0 0

0101101
*
Ed
 1e-07 1 1 0
1  515 0 0 0.543364999999994
0

0101000
+2839 0 -2837 0 *
Ve
1e-07
134.754181 -278.010559 0
0 0

0101101
*
Ed
 1e-07 1 1 0
1  516 0 0 15.8022
0

0101000
+2837 0 -2835 0 *
Ve
1e-07
134.799454 -272.53186 0
0 0

0101101
*
Ed
 1e-07 1 1 0
1  517 0 0 5.47888605257767
0

0101000
+2835 0 -2833 0 *
Ve
1e-07
118.951981 -272.400879 0
0 0

0101101
*
Ed
 1e-07 1 1 0
1  518 0 0 15.8480142764982
0

0101000
+2833 0 -2831 0 *
Ve
1e-07
118.948654 -272.803497 0
0 0

0101101
*
Ed
 1e-07 1 1 0
1  519 0 0 0.402631745957785
0

0101000
+2831 0 -2829 0 *
Ve
1e-07
117.910568 -272.803497 0
0 0

0101101
*
Ed
 1e-07 1 1 0
1  520 0 0 1.03808600000001
0

0101000
+2829 0 -2827 0 *
Ve
1e-07
117.910568 -270.856537 0
0 0

0101101
*
Ed
 1e-07 1 1 0
1  521 0 0 1.94695999999999
0

0101000
+2827 0 -2825 0 *
Ve
1e-07
118.340721 -270.856537 0
0 0

0101101
*
Ed
 1e-07 1 1 0
1  522 0 0 0.430153000000004
0

0101000
+2825 0 -2823 0 *
Ve
1e-07
118.340721 -271.037659 0
0 0

0101101
*
Ed
 1e-07 1 1 0
1  523 0 0 0.181122000000016
0

0101000
+2823 0 -2821 0 *
Ve
1e-07
118.9067 -271.037659 0
0 0

0101101
*
Ed
 1e-07 1 1 0
1  524 0 0 0.565978999999999
0

0101000
+2821 0 -2819 0 *
Ve
1e-07
118.9067 -271.422516 0
0 0

0101101
*
Ed
 1e-07 1 1 0
1  525 0 0 0.384856999999954
0

0101000
+2819 0 -2817 0 *
Ve
1e-07
123.615669 -271.44516 0
0 0

0101101
*
Ed
 1e-07 1 1 0
1  526 0 0 4.70902344374043
0

0101000
+2817 0 -2815 0 *
Ve
1e-07
123.615669 -268.660522 0
0 0

0101101
*
Ed
 1e-07 1 1 0
1  527 0 0 2.78463799999997
0

0101000
+2815 0 -2813 0 *
Ve
1e-07
124.47596 -268.660522 0
0 0

0101101
*
Ed
 1e-07 1 1 0
1  528 0 0 0.860291000000004
0

0101000
+2813 0 -2811 0 *
Ve
1e-07
124.47596 -271.490448 0
0 0

0101101
*
Ed
 1e-07 1 1 0
1  529 0 0 2.829926
0

0101000
+2811 0 -2809 0 *
Ve
1e-07
134.822098 -271.490448 0
0 0

0101101
*
Ed
 1e-07 1 1 0
1  530 0 0 10.346138
0

0101000
+2809 0 -2807 0 *
Ve
1e-07
134.822098 -265.053497 0
0 0

0101101
*
Ed
 1e-07 1 1 0
1  531 0 0 6.43695100000002
0

0101000
+2807 0 -2805 0 *
Ve
1e-07
130.186691 -265.053497 0
0 0

0101101
*
Ed
 1e-07 1 1 0
1  532 0 0 4.63540700000001
0

0101000
+2805 0 -2803 0 *
Ve
1e-07
130.186691 -264.076996 0
0 0

0101101
*
Ed
 1e-07 1 1 0
1  533 0 0 0.976500999999985
0

0101000
+2803 0 -2801 0 *
Ve
1e-07
134.829117 -264.076996 0
0 0

0101101
*
Ed
 1e-07 1 1 0
1  534 0 0 4.642426
0

0101000
+2801 0 -2799 0 *
Ve
1e-07
134.867386 -257.454102 0
0 0

0101101
*
Ed
 1e-07 1 1 0
1  535 0 0 6.62300456376088
0

0101000
+2799 0 -2797 0 *
Ve
1e-07
118.951981 -257.454102 0
0 0

0101101
*
Ed
 1e-07 1 1 0
1  536 0 0 15.915405
0

0101000
+2797 0 -2795 0 *
Ve
1e-07
118.951981 -258.065369 0
0 0

0101101
*
Ed
 1e-07 1 1 0
1  537 0 0 0.611266999999998
0

0101000
+2795 0 -2793 0 *
Ve
1e-07
118.431282 -258.065369 0
0 0

0101101
*
Ed
 1e-07 1 1 0
1  538 0 0 0.520699000000008
0

0101000
+2793 0 -2791 0 *
Ve
1e-07
118.431282 -258.382324 0
0 0

0101101
*
Ed
 1e-07 1 1 0
1  539 0 0 0.316955000000007
0

0101000
+2791 0 -2789 0 *
Ve
1e-07
117.887932 -258.382324 0
0 0

0101101
*
Ed
 1e-07 1 1 0
1  540 0 0 0.54334999999999
0

0101000
+2789 0 -2787 0 *
Ve
1e-07
117.892258 -255.8647 0
0 0

0101101
*
Ed
 1e-07 1 1 0
1  541 0 0 2.51762771665151
0

0101000
+2787 0 -2785 0 *
Ve
1e-07
118.948807 -255.8647 0
0 0

0101101
*
Ed
 1e-07 1 1 0
1  542 0 0 1.056549
0

0101000
+2785 0 -2783 0 *
Ve
1e-07
118.948807 -256.473022 0
0 0

0101101
*
Ed
 1e-07 1 1 0
1  543 0 0 0.608322000000015
0

0101000
+2783 0 -2781 0 *
Ve
1e-07
134.829117 -256.473022 0
0 0

0101101
*
Ed
 1e-07 1 1 0
1  544 0 0 15.88031
0

0101000
+2781 0 -2779 0 *
Ve
1e-07
134.941177 -251.414368 0
0 0

0101101
*
Ed
 1e-07 1 1 0
1  545 0 0 5.05989503204525
0

0101000
+2779 0 -2777 0 *
Ve
1e-07
118.85276 -251.510422 0
0 0

0101101
*
Ed
 1e-07 1 1 0
1  546 0 0 16.0887037369953
0

0101000
+2777 0 -2775 0 *
Ve
1e-07
118.857155 -252.24678 0
0 0

0101101
*
Ed
 1e-07 1 1 0
1  547 0 0 0.736371115803026
0

0101000
+2775 0 -2773 0 *
Ve
1e-07
117.892258 -252.246811 0
0 0

0101101
*
Ed
 1e-07 1 1 0
1  548 0 0 0.964897000497988
0

0101000
+2773 0 -2771 0 *
Ve
1e-07
117.892258 -250.107666 0
0 0

0101101
*
Ed
 1e-07 1 1 0
1  549 0 0 2.13914500000001
0

0101000
+2771 0 -2769 0 *
Ve
1e-07
118.385712 -250.119537 0
0 0

0101101
*
Ed
 1e-07 1 1 0
1  550 0 0 0.493596769394817
0

0101000
+2769 0 -2767 0 *
Ve
1e-07
118.378098 -250.435822 0
0 0

0101101
*
Ed
 1e-07 1 1 0
1  551 0 0 0.316376633493999
0

0101000
+2767 0 -2765 0 *
Ve
1e-07
119.031212 -250.435822 0
0 0

0101101
*
Ed
 1e-07 1 1 0
1  552 0 0 0.653114000000002
0

0101000
+2765 0 -2763 0 *
Ve
1e-07
119.031212 -250.673645 0
0 0

0101101
*
Ed
 1e-07 1 1 0
1  553 0 0 0.237822999999992
0

0101000
+2763 0 -2761 0 *
Ve
1e-07
124.95137 -250.537811 0
0 0

0101101
*
Ed
 1e-07 1 1 0
1  554 0 0 5.92171610435016
0

0101000
+2761 0 -2759 0 *
Ve
1e-07
124.95137 -247.821091 0
0 0

0101101
*
Ed
 1e-07 1 1 0
1  555 0 0 2.71672000000001
0

0101000
+2759 0 -2757 0 *
Ve
1e-07
125.641869 -247.821091 0
0 0

0101101
*
Ed
 1e-07 1 1 0
1  556 0 0 0.690499000000003
0

0101000
+2757 0 -2755 0 *
Ve
1e-07
125.641869 -250.583084 0
0 0

0101101
*
Ed
 1e-07 1 1 0
1  557 0 0 2.76199300000002
0

0101000
+2755 0 -2753 0 *
Ve
1e-07
134.856049 -250.345367 0
0 0

0101101
*
Ed
 1e-07 1 1 0
1  558 0 0 9.21724592513888
0

0101000
+2753 0 -2751 0 *
Ve
1e-07
134.799438 -244.096939 0
0 0

0101101
*
Ed
 1e-07 1 1 0
1  559 0 0 6.24868444366534
0

0101000
+2751 0 -2749 0 *
Ve
1e-07
130.656464 -244.096939 0
0 0

0101101
*
Ed
 1e-07 1 1 0
1  560 0 0 4.14297400000001
0

0101000
+2749 0 -2747 0 *
Ve
1e-07
130.656464 -243.214005 0
0 0

0101101
*
Ed
 1e-07 1 1 0
1  561 0 0 0.882934000000006
0

0101000
+2747 0 -2745 0 *
Ve
1e-07
134.776794 -243.214005 0
0 0

0101101
*
Ed
 1e-07 1 1 0
1  562 0 0 4.12033
0

0101000
+2745 0 -2743 0 *
Ve
1e-07
134.845123 -236.398514 0
0 0

0101101
*
Ed
 1e-07 1 1 0
1  563 0 0 6.81583350906708
0

0101000
+2743 0 -2741 0 *
Ve
1e-07
125.512253 -236.398514 0
0 0

0101101
*
Ed
 1e-07 1 1 0
1  564 0 0 9.33287
0

0101000
+2741 0 -2739 0 *
Ve
1e-07
125.512253 -241.136993 0
0 0

0101101
*
Ed
 1e-07 1 1 0
1  565 0 0 4.73847899999998
0

0101000
+2739 0 -2737 0 *
Ve
1e-07
124.903931 -241.136993 0
0 0

0101101
*
Ed
 1e-07 1 1 0
1  566 0 0 0.608322000000001
0

0101000
+2737 0 -2735 0 *
Ve
1e-07
124.903931 -236.462555 0
0 0

0101101
*
Ed
 1e-07 1 1 0
1  567 0 0 4.67443799999998
0

0101000
+2735 0 -2733 0 *
Ve
1e-07
122.566711 -236.462555 0
0 0

0101101
*
Ed
 1e-07 1 1 0
1  568 0 0 2.33722
0

0101000
+2733 0 -2731 0 *
Ve
1e-07
122.566711 -235.630112 0
0 0

0101101
*
Ed
 1e-07 1 1 0
1  569 0 0 0.832443000000012
0

0101000
+2731 0 -2729 0 *
Ve
1e-07
124.83989 -235.630112 0
0 0

0101101
*
Ed
 1e-07 1 1 0
1  570 0 0 2.273179
0

0101000
+2729 0 -2727 0 *
Ve
1e-07
124.83989 -233.484985 0
0 0

0101101
*
Ed
 1e-07 1 1 0
1  571 0 0 2.145127
0

0101000
+2727 0 -2725 0 *
Ve
1e-07
125.512253 -233.484985 0
0 0

0101101
*
Ed
 1e-07 1 1 0
1  572 0 0 0.672363000000004
0

0101000
+2725 0 -2723 0 *
Ve
1e-07
125.512253 -235.566086 0
0 0

0101101
*
Ed
 1e-07 1 1 0
1  573 0 0 2.08110100000002
0

0101000
+2723 0 -2721 0 *
Ve
1e-07
134.957184 -235.566086 0
0 0

0101101
*
Ed
 1e-07 1 1 0
1  574 0 0 9.44493100000001
0

0101000
+2721 0 -2719 0 *
Ve
1e-07
134.957184 -234.829697 0
0 0

0101101
*
Ed
 1e-07 1 1 0
1  575 0 0 0.736389000000003
0

0101000
+2719 0 -2717 0 *
Ve
1e-07
135.869659 -234.829697 0
0 0

0101101
*
Ed
 1e-07 1 1 0
1  576 0 0 0.912475000000001
0

0101000
+2717 0 -2715 0 *
Ve
1e-07
135.869659 -236.206421 0
0 0

0101101
*
Ed
 1e-07 1 1 0
1  577 0 0 1.376724
0

0101000
+2715 0 -2713 0 *
Ve
1e-07
141.025253 -236.059998 0
0 0

0101101
*
Ed
 1e-07 1 1 0
1  578 0 0 5.15767284613563
0

0101000
+2713 0 -2711 0 *
Ve
1e-07
141.047897 -225.283707 0
0 0

0101101
*
Ed
 1e-07 1 1 0
1  579 0 0 10.7763147906609
0

0101000
+2711 0 -2709 0 *
Ve
1e-07
139.395233 -225.283707 0
0 0

0101101
*
Ed
 1e-07 1 1 0
1  580 0 0 1.65266400000002
0

0101000
+2709 0 -2707 0 *
Ve
1e-07
139.395233 -224.740372 0
0 0

0101101
*
Ed
 1e-07 1 1 0
1  581 0 0 0.543334999999985
0

0101000
+2707 0 -2705 0 *
Ve
1e-07
141.047897 -224.740372 0
0 0

0101101
*
Ed
 1e-07 1 1 0
1  582 0 0 1.65266400000002
0

0101000
+2705 0 -2703 0 *
Ed
 1e-07 1 1 0
1  583 0 0 9.32740548628718
0

0101000
+2703 0 -3866 0 *
Wi

0101100
+3864 0 +3862 0 +3860 0 +3858 0 +3856 0 +3854 0 +3852 0 +3850 0 +3848 0 +3846 0 
+3844 0 +3842 0 +3840 0 +3838 0 +3836 0 +3834 0 +3832 0 +3830 0 +3828 0 +3826 0 
+3824 0 +3822 0 +3820 0 +3818 0 +3816 0 +3814 0 +3812 0 +3810 0 +3808 0 +3806 0 
+3804 0 +3802 0 +3800 0 +3798 0 +3796 0 +3794 0 +3792 0 +3790 0 +3788 0 +3786 0 
+3784 0 +3782 0 +3780 0 +3778 0 +3776 0 +3774 0 +3772 0 +3770 0 +3768 0 +3766 0 
+3764 0 +3762 0 +3760 0 +3758 0 +3756 0 +3754 0 +3752 0 +3750 0 +3748 0 +3746 0 
+3744 0 +3742 0 +3740 0 +3738 0 +3736 0 +3734 0 +3732 0 +3730 0 +3728 0 +3726 0 
+3724 0 +3722 0 +3720 0 +3718 0 +3716 0 +3714 0 +3712 0 +3710 0 +3708 0 +3706 0 
+3704 0 +3702 0 +3700 0 +3698 0 +3696 0 +3694 0 +3692 0 +3690 0 +3688 0 +3686 0 
+3684 0 +3682 0 +3680 0 +3678 0 +3676 0 +3674 0 +3672 0 +3670 0 +3668 0 +3666 0 
+3664 0 +3662 0 +3660 0 +3658 0 +3656 0 +3654 0 +3652 0 +3650 0 +3648 0 +3646 0 
+3644 0 +3642 0 +3640 0 +3638 0 +3636 0 +3634 0 +3632 0 +3630 0 +3628 0 +3626 0 
+3624 0 +3622 0 +3620 0 +3618 0 +3616 0 +3614 0 +3612 0 +3610 0 +3608 0 +3606 0 
+3604 0 +3602 0 +3600 0 +3598 0 +3596 0 +3594 0 +3592 0 +3590 0 +3588 0 +3586 0 
+3584 0 +3582 0 +3580 0 +3578 0 +3576 0 +3574 0 +3572 0 +3570 0 +3568 0 +3566 0 
+3564 0 +3562 0 +3560 0 +3558 0 +3556 0 +3554 0 +3552 0 +3550 0 +3548 0 +3546 0 
+3544 0 +3542 0 +3540 0 +3538 0 +3536 0 +3534 0 +3532 0 +3530 0 +3528 0 +3526 0 
+3524 0 +3522 0 +3520 0 +3518 0 +3516 0 +3514 0 +3512 0 +3510 0 +3508 0 +3506 0 
+3504 0 +3502 0 +3500 0 +3498 0 +3496 0 +3494 0 +3492 0 +3490 0 +3488 0 +3486 0 
+3484 0 +3482 0 +3480 0 +3478 0 +3476 0 +3474 0 +3472 0 +3470 0 +3468 0 +3466 0 
+3464 0 +3462 0 +3460 0 +3458 0 +3456 0 +3454 0 +3452 0 +3450 0 +3448 0 +3446 0 
+3444 0 +3442 0 +3440 0 +3438 0 +3436 0 +3434 0 +3432 0 +3430 0 +3428 0 +3426 0 
+3424 0 +3422 0 +3420 0 +3418 0 +3416 0 +3414 0 +3412 0 +3410 0 +3408 0 +3406 0 
+3404 0 +3402 0 +3400 0 +3398 0 +3396 0 +3394 0 +3392 0 +3390 0 +3388 0 +3386 0 
+3384 0 +3382 0 +3380 0 +3378 0 +3376 0 +3374 0 +3372 0 +3370 0 +3368 0 +3366 0 
+3364 0 +3362 0 +3360 0 +3358 0 +3356 0 +3354 0 +3352 0 +3350 0 +3348 0 +3346 0 
+3344 0 +3342 0 +3340 0 +3338 0 +3336 0 +3334 0 +3332 0 +3330 0 +3328 0 +3326 0 
+3324 0 +3322 0 +3320 0 +3318 0 +3316 0 +3314 0 +3312 0 +3310 0 +3308 0 +3306 0 
+3304 0 +3302 0 +3300 0 +3298 0 +3296 0 +3294 0 +3292 0 +3290 0 +3288 0 +3286 0 
+3284 0 +3282 0 +3280 0 +3278 0 +3276 0 +3274 0 +3272 0 +3270 0 +3268 0 +3266 0 
+3264 0 +3262 0 +3260 0 +3258 0 +3256 0 +3254 0 +3252 0 +3250 0 +3248 0 +3246 0 
+3244 0 +3242 0 +3240 0 +3238 0 +3236 0 +3234 0 +3232 0 +3230 0 +3228 0 +3226 0 
+3224 0 +3222 0 +3220 0 +3218 0 +3216 0 +3214 0 +3212 0 +3210 0 +3208 0 +3206 0 
+3204 0 +3202 0 +3200 0 +3198 0 +3196 0 +3194 0 +3192 0 +3190 0 +3188 0 +3186 0 
+3184 0 +3182 0 +3180 0 +3178 0 +3176 0 +3174 0 +3172 0 +3170 0 +3168 0 +3166 0 
+3164 0 +3162 0 +3160 0 +3158 0 +3156 0 +3154 0 +3152 0 +3150 0 +3148 0 +3146 0 
+3144 0 +3142 0 +3140 0 +3138 0 +3136 0 +3134 0 +3132 0 +3130 0 +3128 0 +3126 0 
+3124 0 +3122 0 +3120 0 +3118 0 +3116 0 +3114 0 +3112 0 +3110 0 +3108 0 +3106 0 
+3104 0 +3102 0 +3100 0 +3098 0 +3096 0 +3094 0 +3092 0 +3090 0 +3088 0 +3086 0 
+3084 0 +3082 0 +3080 0 +3078 0 +3076 0 +3074 0 +3072 0 +3070 0 +3068 0 +3066 0 
+3064 0 +3062 0 +3060 0 +3058 0 +3056 0 +3054 0 +3052 0 +3050 0 +3048 0 +3046 0 
+3044 0 +3042 0 +3040 0 +3038 0 +3036 0 +3034 0 +3032 0 +3030 0 +3028 0 +3026 0 
+3024 0 +3022 0 +3020 0 +3018 0 +3016 0 +3014 0 +3012 0 +3010 0 +3008 0 +3006 0 
+3004 0 +3002 0 +3000 0 +2998 0 +2996 0 +2994 0 +2992 0 +2990 0 +2988 0 +2986 0 
+2984 0 +2982 0 +2980 0 +2978 0 +2976 0 +2974 0 +2972 0 +2970 0 +2968 0 +2966 0 
+2964 0 +2962 0 +2960 0 +2958 0 +2956 0 +2954 0 +2952 0 +2950 0 +2948 0 +2946 0 
+2944 0 +2942 0 +2940 0 +2938 0 +2936 0 +2934 0 +2932 0 +2930 0 +2928 0 +2926 0 
+2924 0 +2922 0 +2920 0 +2918 0 +2916 0 +2914 0 +2912 0 +2910 0 +2908 0 +2906 0 
+2904 0 +2902 0 +2900 0 +2898 0 +2896 0 +2894 0 +2892 0 +2890 0 +2888 0 +2886 0 
+2884 0 +2882 0 +2880 0 +2878 0 +2876 0 +2874 0 +2872 0 +2870 0 +2868 0 +2866 0 
+2864 0 +2862 0 +2860 0 +2858 0 +2856 0 +2854 0 +2852 0 +2850 0 +2848 0 +2846 0 
+2844 0 +2842 0 +2840 0 +2838 0 +2836 0 +2834 0 +2832 0 +2830 0 +2828 0 +2826 0 
+2824 0 +2822 0 +2820 0 +2818 0 +2816 0 +2814 0 +2812 0 +2810 0 +2808 0 +2806 0 
+2804 0 +2802 0 +2800 0 +2798 0 +2796 0 +2794 0 +2792 0 +2790 0 +2788 0 +2786 0 
+2784 0 +2782 0 +2780 0 +2778 0 +2776 0 +2774 0 +2772 0 +2770 0 +2768 0 +2766 0 
+2764 0 +2762 0 +2760 0 +2758 0 +2756 0 +2754 0 +2752 0 +2750 0 +2748 0 +2746 0 
+2744 0 +2742 0 +2740 0 +2738 0 +2736 0 +2734 0 +2732 0 +2730 0 +2728 0 +2726 0 
+2724 0 +2722 0 +2720 0 +2718 0 +2716 0 +2714 0 +2712 0 +2710 0 +2708 0 +2706 0 
+2704 0 +2702 0 +2701 0 *
Ve
1e-07
121.261177 -220.404953 0
0 0

0101101
*
Ve
1e-07
121.657372 -220.404953 0
0 0

0101101
*
Ed
 1e-07 1 1 0
1  584 0 0 0.396194999999992
2  1 2 0 0 0.396194999999992
2  2 3 0 0 0.396194999999992
0

0101000
+2699 0 -2698 0 *
Ve
1e-07
121.657372 -221.072815 0
0 0

0101101
*
Ed
 1e-07 1 1 0
1  585 0 0 0.667861999999985
2  3 2 0 0 0.667861999999985
2  4 3 0 0 0.667861999999985
0

0101000
+2698 0 -2696 0 *
Ve
1e-07
121.261177 -221.072815 0
0 0

0101101
*
Ed
 1e-07 1 1 0
1  586 0 0 0.396194999999992
2  5 2 0 0 0.396194999999992
2  6 3 0 0 0.396194999999992
0

0101000
+2696 0 -2694 0 *
Ed
 1e-07 1 1 0
1  587 0 0 0.667861999999985
2  7 2 0 0 0.667861999999985
2  8 3 0 0 0.667861999999985
0

0101000
+2694 0 -2699 0 *
Wi

0101100
+2697 0 +2695 0 +2693 0 +2692 0 *
Ve
1e-07
23.60294 -239.888336 0
0 0

0101101
*
Ve
1e-07
22.994623 -239.888336 0
0 0

0101101
*
Ed
 1e-07 1 1 0
1  588 0 0 0.608317
2  9 4 0 0 0.608317
2  10 5 0 0 0.608317
0

0101000
+2690 0 -2689 0 *
Ve
1e-07
22.994623 -239.087921 0
0 0

0101101
*
Ed
 1e-07 1 1 0
1  589 0 0 0.800415000000015
2  11 4 0 0 0.800415000000015
2  12 5 0 0 0.800415000000015
0

0101000
+2689 0 -2687 0 *
Ve
1e-07
23.60294 -239.087921 0
0 0

0101101
*
Ed
 1e-07 1 1 0
1  590 0 0 0.608317
2  13 4 0 0 0.608317
2  14 5 0 0 0.608317
0

0101000
+2687 0 -2685 0 *
Ed
 1e-07 1 1 0
1  591 0 0 0.800415000000015
2  15 4 0 0 0.800415000000015
2  16 5 0 0 0.800415000000015
0

0101000
+2685 0 -2690 0 *
Wi

0101100
+2688 0 +2686 0 +2684 0 +2683 0 *
Ve
1e-07
9.515572 -221.078506 0
0 0

0101101
*
Ve
1e-07
9.515572 -220.222061 0
0 0

0101101
*
Ed
 1e-07 1 1 0
1  592 0 0 0.856445000000008
2  17 6 0 0 0.856445000000008
2  18 7 0 0 0.856445000000008
0

0101000
+2681 0 -2680 0 *
Ve
1e-07
10.075865 -220.222061 0
0 0

0101101
*
Ed
 1e-07 1 1 0
1  593 0 0 0.560293
2  19 6 0 0 0.560293
2  20 7 0 0 0.560293
0

0101000
+2680 0 -2678 0 *
Ve
1e-07
10.075865 -221.078506 0
0 0

0101101
*
Ed
 1e-07 1 1 0
1  594 0 0 0.856445000000008
2  21 6 0 0 0.856445000000008
2  22 7 0 0 0.856445000000008
0

0101000
+2678 0 -2676 0 *
Ed
 1e-07 1 1 0
1  595 0 0 0.560293
2  23 6 0 0 0.560293
2  24 7 0 0 0.560293
0

0101000
+2676 0 -2681 0 *
Wi

0101100
+2679 0 +2677 0 +2675 0 +2674 0 *
Ve
1e-07
97.48996 -219.239029 0
0 0

0101101
*
Ve
1e-07
98.395531 -219.239029 0
0 0

0101101
*
Ed
 1e-07 1 1 0
1  596 0 0 0.905571000000009
2  25 8 0 0 0.905571000000009
2  26 9 0 0 0.905571000000009
0

0101000
+2672 0 -2671 0 *
Ve
1e-07
98.395531 -219.895569 0
0 0

0101101
*
Ed
 1e-07 1 1 0
1  597 0 0 0.656540000000007
2  27 8 0 0 0.656540000000007
2  28 9 0 0 0.656540000000007
0

0101000
+2671 0 -2669 0 *
Ve
1e-07
97.48996 -219.895569 0
0 0

0101101
*
Ed
 1e-07 1 1 0
1  598 0 0 0.905571000000009
2  29 8 0 0 0.905571000000009
2  30 9 0 0 0.905571000000009
0

0101000
+2669 0 -2667 0 *
Ed
 1e-07 1 1 0
1  599 0 0 0.656540000000007
2  31 8 0 0 0.656540000000007
2  32 9 0 0 0.656540000000007
0

0101000
+2667 0 -2672 0 *
Wi

0101100
+2670 0 +2668 0 +2666 0 +2665 0 *
Ve
1e-07
97.53524 -225.804413 0
0 0

0101101
*
Ve
1e-07
97.53524 -225.012039 0
0 0

0101101
*
Ed
 1e-07 1 1 0
1  600 0 0 0.792374000000024
2  33 10 0 0 0.792374000000024
2  34 11 0 0 0.792374000000024
0

0101000
+2663 0 -2662 0 *
Ve
1e-07
98.418175 -225.012039 0
0 0

0101101
*
Ed
 1e-07 1 1 0
1  601 0 0 0.882935000000003
2  35 10 0 0 0.882935000000003
2  36 11 0 0 0.882935000000003
0

0101000
+2662 0 -2660 0 *
Ve
1e-07
98.418175 -225.804413 0
0 0

0101101
*
Ed
 1e-07 1 1 0
1  602 0 0 0.792374000000024
2  37 10 0 0 0.792374000000024
2  38 11 0 0 0.792374000000024
0

0101000
+2660 0 -2658 0 *
Ed
 1e-07 1 1 0
1  603 0 0 0.882935000000003
2  39 10 0 0 0.882935000000003
2  40 11 0 0 0.882935000000003
0

0101000
+2658 0 -2663 0 *
Wi

0101100
+2661 0 +2659 0 +2657 0 +2656 0 *
Ve
1e-07
97.497597 -231.531967 0
0 0

0101101
*
Ve
1e-07
97.497597 -230.731552 0
0 0

0101101
*
Ed
 1e-07 1 1 0
1  604 0 0 0.800415000000015
2  41 12 0 0 0.800415000000015
2  42 13 0 0 0.800415000000015
0

0101000
+2654 0 -2653 0 *
Ve
1e-07
98.394066 -230.731552 0
0 0

0101101
*
Ed
 1e-07 1 1 0
1  605 0 0 0.896468999999996
2  43 12 0 0 0.896468999999996
2  44 13 0 0 0.896468999999996
0

0101000
+2653 0 -2651 0 *
Ve
1e-07
98.394066 -231.531967 0
0 0

0101101
*
Ed
 1e-07 1 1 0
1  606 0 0 0.800415000000015
2  45 12 0 0 0.800415000000015
2  46 13 0 0 0.800415000000015
0

0101000
+2651 0 -2649 0 *
Ed
 1e-07 1 1 0
1  607 0 0 0.896468999999996
2  47 12 0 0 0.896468999999996
2  48 13 0 0 0.896468999999996
0

0101000
+2649 0 -2654 0 *
Wi

0101100
+2652 0 +2650 0 +2648 0 +2647 0 *
Ve
1e-07
54.384811 -230.898254 0
0 0

0101101
*
Ve
1e-07
55.154549 -230.898254 0
0 0

0101101
*
Ed
 1e-07 1 1 0
1  608 0 0 0.769738000000004
2  49 14 0 0 0.769738000000004
2  50 15 0 0 0.769738000000004
0

0101000
+2645 0 -2644 0 *
Ve
1e-07
55.154549 -231.871735 0
0 0

0101101
*
Ed
 1e-07 1 1 0
1  609 0 0 0.973480999999992
2  51 14 0 0 0.973480999999992
2  52 15 0 0 0.973480999999992
0

0101000
+2644 0 -2642 0 *
Ve
1e-07
54.384811 -231.871735 0
0 0

0101101
*
Ed
 1e-07 1 1 0
1  610 0 0 0.769738000000004
2  53 14 0 0 0.769738000000004
2  54 15 0 0 0.769738000000004
0

0101000
+2642 0 -2640 0 *
Ed
 1e-07 1 1 0
1  611 0 0 0.973480999999992
2  55 14 0 0 0.973480999999992
2  56 15 0 0 0.973480999999992
0

0101000
+2640 0 -2645 0 *
Wi

0101100
+2643 0 +2641 0 +2639 0 +2638 0 *
Ve
1e-07
56.94305 -231.894379 0
0 0

0101101
*
Ve
1e-07
56.195953 -231.894379 0
0 0

0101101
*
Ed
 1e-07 1 1 0
1  612 0 0 0.747096999999997
2  57 16 0 0 0.747096999999997
2  58 17 0 0 0.747096999999997
0

0101000
+2636 0 -2635 0 *
Ve
1e-07
56.195953 -230.898254 0
0 0

0101101
*
Ed
 1e-07 1 1 0
1  613 0 0 0.996124999999978
2  59 16 0 0 0.996124999999978
2  60 17 0 0 0.996124999999978
0

0101000
+2635 0 -2633 0 *
Ve
1e-07
56.94305 -230.898254 0
0 0

0101101
*
Ed
 1e-07 1 1 0
1  614 0 0 0.747096999999997
2  61 16 0 0 0.747096999999997
2  62 17 0 0 0.747096999999997
0

0101000
+2633 0 -2631 0 *
Ed
 1e-07 1 1 0
1  615 0 0 0.996124999999978
2  63 16 0 0 0.996124999999978
2  64 17 0 0 0.996124999999978
0

0101000
+2631 0 -2636 0 *
Wi

0101100
+2634 0 +2632 0 +2630 0 +2629 0 *
Ve
1e-07
74.262085 -231.758545 0
0 0

0101101
*
Ve
1e-07
73.322556 -231.758545 0
0 0

0101101
*
Ed
 1e-07 1 1 0
1  616 0 0 0.939528999999993
2  65 18 0 0 0.939528999999993
2  66 19 0 0 0.939528999999993
0

0101000
+2627 0 -2626 0 *
Ve
1e-07
73.322556 -230.920883 0
0 0

0101101
*
Ed
 1e-07 1 1 0
1  617 0 0 0.837661999999995
2  67 18 0 0 0.837661999999995
2  68 19 0 0 0.837661999999995
0

0101000
+2626 0 -2624 0 *
Ve
1e-07
74.262085 -230.920883 0
0 0

0101101
*
Ed
 1e-07 1 1 0
1  618 0 0 0.939528999999993
2  69 18 0 0 0.939528999999993
2  70 19 0 0 0.939528999999993
0

0101000
+2624 0 -2622 0 *
Ed
 1e-07 1 1 0
1  619 0 0 0.837661999999995
2  71 18 0 0 0.837661999999995
2  72 19 0 0 0.837661999999995
0

0101000
+2622 0 -2627 0 *
Wi

0101100
+2625 0 +2623 0 +2621 0 +2620 0 *
Ve
1e-07
93.783653 -228.36232 0
0 0

0101101
*
Ve
1e-07
92.823151 -228.36232 0
0 0

0101101
*
Ed
 1e-07 1 1 0
1  620 0 0 0.960502000000005
2  73 20 0 0 0.960502000000005
2  74 21 0 0 0.960502000000005
0

0101000
+2618 0 -2617 0 *
Ve
1e-07
92.823151 -227.529877 0
0 0

0101101
*
Ed
 1e-07 1 1 0
1  621 0 0 0.832443000000012
2  75 20 0 0 0.832443000000012
2  76 21 0 0 0.832443000000012
0

0101000
+2617 0 -2615 0 *
Ve
1e-07
93.783653 -227.529877 0
0 0

0101101
*
Ed
 1e-07 1 1 0
1  622 0 0 0.960502000000005
2  77 20 0 0 0.960502000000005
2  78 21 0 0 0.960502000000005
0

0101000
+2615 0 -2613 0 *
Ed
 1e-07 1 1 0
1  623 0 0 0.832443000000012
2  79 20 0 0 0.832443000000012
2  80 21 0 0 0.832443000000012
0

0101000
+2613 0 -2618 0 *
Wi

0101100
+2616 0 +2614 0 +2612 0 +2611 0 *
Ve
1e-07
64.368729 -231.803818 0
0 0

0101101
*
Ve
1e-07
63.32732 -231.803818 0
0 0

0101101
*
Ed
 1e-07 1 1 0
1  624 0 0 1.041409
2  81 22 0 0 1.041409
2  82 23 0 0 1.041409
0

0101000
+2609 0 -2608 0 *
Ve
1e-07
63.32732 -231.034088 0
0 0

0101101
*
Ed
 1e-07 1 1 0
1  625 0 0 0.76973000000001
2  83 22 0 0 0.76973000000001
2  84 23 0 0 0.76973000000001
0

0101000
+2608 0 -2606 0 *
Ve
1e-07
64.368729 -231.034088 0
0 0

0101101
*
Ed
 1e-07 1 1 0
1  626 0 0 1.041409
2  85 22 0 0 1.041409
2  86 23 0 0 1.041409
0

0101000
+2606 0 -2604 0 *
Ed
 1e-07 1 1 0
1  627 0 0 0.76973000000001
2  87 22 0 0 0.76973000000001
2  88 23 0 0 0.76973000000001
0

0101000
+2604 0 -2609 0 *
Wi

0101100
+2607 0 +2605 0 +2603 0 +2602 0 *
Ve
1e-07
118.404533 -280.869781 0
0 0

0101101
*
Ve
1e-07
117.924278 -280.869781 0
0 0

0101101
*
Ed
 1e-07 1 1 0
1  628 0 0 0.480255
2  89 24 0 0 0.480255
2  90 25 0 0 0.480255
0

0101000
+2600 0 -2599 0 *
Ve
1e-07
117.956291 -279.717163 0
0 0

0101101
*
Ed
 1e-07 1 1 0
1  629 0 0 1.15306248143494
2  91 24 0 0 1.15306248143494
2  92 25 0 0 1.15306248143494
0

0101000
+2599 0 -2597 0 *
Ve
1e-07
118.42054 -279.717163 0
0 0

0101101
*
Ed
 1e-07 1 1 0
1  630 0 0 0.464249000000009
2  93 24 0 0 0.464249000000009
2  94 25 0 0 0.464249000000009
0

0101000
+2597 0 -2595 0 *
Ve
1e-07
118.884781 -280.085358 0
0 0

0101101
*
Ed
 1e-07 1 1 0
1  631 0 0 0.592526171663303
2  95 24 0 0 0.592526171663303
2  96 25 0 0 0.592526171663303
0

0101000
+2595 0 -2593 0 *
Ve
1e-07
118.884781 -280.517609 0
0 0

0101101
*
Ed
 1e-07 1 1 0
1  632 0 0 0.432251000000008
2  97 24 0 0 0.432251000000008
2  98 25 0 0 0.432251000000008
0

0101000
+2593 0 -2591 0 *
Ed
 1e-07 1 1 0
1  633 0 0 0.595536110649892
2  99 24 0 0 0.595536110649892
2  100 25 0 0 0.595536110649892
0

0101000
+2591 0 -2600 0 *
Wi

0101100
+2598 0 +2596 0 +2594 0 +2592 0 +2590 0 +2589 0 *
Ve
1e-07
74.30146 -225.80098 0
0 0

0101101
*
Ve
1e-07
73.324951 -225.80098 0
0 0

0101101
*
Ed
 1e-07 1 1 0
1  634 0 0 0.976509000000007
2  101 26 0 0 0.976509000000007
2  102 27 0 0 0.976509000000007
0

0101000
+2587 0 -2586 0 *
Ve
1e-07
73.324951 -224.90451 0
0 0

0101101
*
Ed
 1e-07 1 1 0
1  635 0 0 0.896470000000022
2  103 26 0 0 0.896470000000022
2  104 27 0 0 0.896470000000022
0

0101000
+2586 0 -2584 0 *
Ve
1e-07
74.30146 -224.90451 0
0 0

0101101
*
Ed
 1e-07 1 1 0
1  636 0 0 0.976509000000007
2  105 26 0 0 0.976509000000007
2  106 27 0 0 0.976509000000007
0

0101000
+2584 0 -2582 0 *
Ed
 1e-07 1 1 0
1  637 0 0 0.896470000000022
2  107 26 0 0 0.896470000000022
2  108 27 0 0 0.896470000000022
0

0101000
+2582 0 -2587 0 *
Wi

0101100
+2585 0 +2583 0 +2581 0 +2580 0 *
Ve
1e-07
91.692322 -283.717316 0
0 0

0101101
*
Ve
1e-07
91.006599 -283.717316 0
0 0

0101101
*
Ed
 1e-07 1 1 0
1  638 0 0 0.68572300000001
2  109 28 0 0 0.68572300000001
2  110 29 0 0 0.68572300000001
0

0101000
+2578 0 -2577 0 *
Ve
1e-07
91.021507 -282.778198 0
0 0

0101101
*
Ed
 1e-07 1 1 0
1  639 0 0 0.939236320841573
2  111 28 0 0 0.939236320841573
2  112 29 0 0 0.939236320841573
0

0101000
+2577 0 -2575 0 *
Ve
1e-07
91.960648 -282.778198 0
0 0

0101101
*
Ed
 1e-07 1 1 0
1  640 0 0 0.939141000000006
2  113 28 0 0 0.939141000000006
2  114 29 0 0 0.939141000000006
0

0101000
+2575 0 -2573 0 *
Ve
1e-07
91.960648 -283.150879 0
0 0

0101101
*
Ed
 1e-07 1 1 0
1  641 0 0 0.372681
2  115 28 0 0 0.372681
2  116 29 0 0 0.372681
0

0101000
+2573 0 -2571 0 *
Ve
1e-07
91.692322 -283.150879 0
0 0

0101101
*
Ed
 1e-07 1 1 0
1  642 0 0 0.268326000000002
2  117 28 0 0 0.268326000000002
2  118 29 0 0 0.268326000000002
0

0101000
+2571 0 -2569 0 *
Ed
 1e-07 1 1 0
1  643 0 0 0.566437000000008
2  119 28 0 0 0.566437000000008
2  120 29 0 0 0.566437000000008
0

0101000
+2569 0 -2578 0 *
Wi

0101100
+2576 0 +2574 0 +2572 0 +2570 0 +2568 0 +2567 0 *
Ve
1e-07
106.307953 -283.013824 0
0 0

0101101
*
Ve
1e-07
106.206078 -283.013824 0
0 0

0101101
*
Ed
 1e-07 1 1 0
1  644 0 0 0.101874999999993
2  121 30 0 0 0.101874999999993
2  122 31 0 0 0.101874999999993
0

0101000
+2565 0 -2564 0 *
Ve
1e-07
106.206078 -282.719513 0
0 0

0101101
*
Ed
 1e-07 1 1 0
1  645 0 0 0.294310999999993
2  123 30 0 0 0.294310999999993
2  124 31 0 0 0.294310999999993
0

0101000
+2564 0 -2562 0 *
Ve
1e-07
107.202202 -282.719513 0
0 0

0101101
*
Ed
 1e-07 1 1 0
1  646 0 0 0.996123999999995
2  125 30 0 0 0.996123999999995
2  126 31 0 0 0.996123999999995
0

0101000
+2562 0 -2560 0 *
Ve
1e-07
107.202202 -283.61377 0
0 0

0101101
*
Ed
 1e-07 1 1 0
1  647 0 0 0.894256999999982
2  127 30 0 0 0.894256999999982
2  128 31 0 0 0.894256999999982
0

0101000
+2560 0 -2558 0 *
Ve
1e-07
106.307953 -283.61377 0
0 0

0101101
*
Ed
 1e-07 1 1 0
1  648 0 0 0.894249000000002
2  129 30 0 0 0.894249000000002
2  130 31 0 0 0.894249000000002
0

0101000
+2558 0 -2556 0 *
Ed
 1e-07 1 1 0
1  649 0 0 0.599945999999989
2  131 30 0 0 0.599945999999989
2  132 31 0 0 0.599945999999989
0

0101000
+2556 0 -2565 0 *
Wi

0101100
+2563 0 +2561 0 +2559 0 +2557 0 +2555 0 +2554 0 *
Ve
1e-07
81.361778 -283.762054 0
0 0

0101101
*
Ve
1e-07
81.361778 -283.225403 0
0 0

0101101
*
Ed
 1e-07 1 1 0
1  650 0 0 0.536651000000006
2  133 32 0 0 0.536651000000006
2  134 33 0 0 0.536651000000006
0

0101000
+2552 0 -2551 0 *
Ve
1e-07
81.153076 -283.225403 0
0 0

0101101
*
Ed
 1e-07 1 1 0
1  651 0 0 0.208702000000002
2  135 32 0 0 0.208702000000002
2  136 33 0 0 0.208702000000002
0

0101000
+2551 0 -2549 0 *
Ve
1e-07
81.153076 -282.822906 0
0 0

0101101
*
Ed
 1e-07 1 1 0
1  652 0 0 0.402496999999983
2  137 32 0 0 0.402496999999983
2  138 33 0 0 0.402496999999983
0

0101000
+2549 0 -2547 0 *
Ve
1e-07
82.166756 -282.822906 0
0 0

0101101
*
Ed
 1e-07 1 1 0
1  653 0 0 1.01368000000001
2  139 32 0 0 1.01368000000001
2  140 33 0 0 1.01368000000001
0

0101000
+2547 0 -2545 0 *
Ve
1e-07
82.166756 -283.763336 0
0 0

0101101
*
Ed
 1e-07 1 1 0
1  654 0 0 0.940429999999992
2  141 32 0 0 0.940429999999992
2  142 33 0 0 0.940429999999992
0

0101000
+2545 0 -2543 0 *
Ed
 1e-07 1 1 0
1  655 0 0 0.804979020849617
2  143 32 0 0 0.804979020849617
2  144 33 0 0 0.804979020849617
0

0101000
+2543 0 -2552 0 *
Wi

0101100
+2550 0 +2548 0 +2546 0 +2544 0 +2542 0 +2541 0 *
Ve
1e-07
17.007397 -212.424622 0
0 0

0101101
*
Ve
1e-07
16.984756 -213.420746 0
0 0

0101101
*
Ed
 1e-07 1 1 0
1  656 0 0 0.996381271530641
2  145 34 0 0 0.996381271530641
2  146 35 0 0 0.996381271530641
0

0101000
+2539 0 -2538 0 *
Ve
1e-07
15.920712 -213.375458 0
0 0

0101101
*
Ed
 1e-07 1 1 0
1  657 0 0 1.06500734123291
2  147 34 0 0 1.06500734123291
2  148 35 0 0 1.06500734123291
0

0101000
+2538 0 -2536 0 *
Ve
1e-07
15.96599 -212.786835 0
0 0

0101101
*
Ed
 1e-07 1 1 0
1  658 0 0 0.590361866496317
2  149 34 0 0 0.590361866496317
2  150 35 0 0 0.590361866496317
0

0101000
+2536 0 -2534 0 *
Ve
1e-07
16.622528 -212.786835 0
0 0

0101101
*
Ed
 1e-07 1 1 0
1  659 0 0 0.656537999999999
2  151 34 0 0 0.656537999999999
2  152 35 0 0 0.656537999999999
0

0101000
+2534 0 -2532 0 *
Ve
1e-07
16.645168 -212.424622 0
0 0

0101101
*
Ed
 1e-07 1 1 0
1  660 0 0 0.362919863012481
2  153 34 0 0 0.362919863012481
2  154 35 0 0 0.362919863012481
0

0101000
+2532 0 -2530 0 *
Ed
 1e-07 1 1 0
1  661 0 0 0.362228999999999
2  155 34 0 0 0.362228999999999
2  156 35 0 0 0.362228999999999
0

0101000
+2530 0 -2539 0 *
Wi

0101100
+2537 0 +2535 0 +2533 0 +2531 0 +2529 0 +2528 0 *
Ve
1e-07
65.130173 -282.827728 0
0 0

0101101
*
Ve
1e-07
66.12101 -282.827728 0
0 0

0101101
*
Ed
 1e-07 1 1 0
1  662 0 0 0.990836999999999
2  157 36 0 0 0.990836999999999
2  158 37 0 0 0.990836999999999
0

0101000
+2526 0 -2525 0 *
Ve
1e-07
66.12101 -283.881805 0
0 0

0101101
*
Ed
 1e-07 1 1 0
1  663 0 0 1.05407700000001
2  159 36 0 0 1.05407700000001
2  160 37 0 0 1.05407700000001
0

0101000
+2525 0 -2523 0 *
Ve
1e-07
65.425316 -283.881805 0
0 0

0101101
*
Ed
 1e-07 1 1 0
1  664 0 0 0.695694000000003
2  161 36 0 0 0.695694000000003
2  162 37 0 0 0.695694000000003
0

0101000
+2523 0 -2521 0 *
Ve
1e-07
65.425316 -283.228271 0
0 0

0101101
*
Ed
 1e-07 1 1 0
1  665 0 0 0.653533999999979
2  163 36 0 0 0.653533999999979
2  164 37 0 0 0.653533999999979
0

0101000
+2521 0 -2519 0 *
Ve
1e-07
65.109085 -283.228271 0
0 0

0101101
*
Ed
 1e-07 1 1 0
1  666 0 0 0.316231000000002
2  165 36 0 0 0.316231000000002
2  166 37 0 0 0.316231000000002
0

0101000
+2519 0 -2517 0 *
Ed
 1e-07 1 1 0
1  667 0 0 0.401097741944557
2  167 36 0 0 0.401097741944557
2  168 37 0 0 0.401097741944557
0

0101000
+2517 0 -2526 0 *
Wi

0101100
+2524 0 +2522 0 +2520 0 +2518 0 +2516 0 +2515 0 *
Ve
1e-07
74.250763 -217.84671 0
0 0

0101101
*
Ve
1e-07
74.250763 -218.876801 0
0 0

0101101
*
Ed
 1e-07 1 1 0
1  668 0 0 1.030091
2  169 38 0 0 1.030091
2  170 39 0 0 1.030091
0

0101000
+2513 0 -2512 0 *
Ve
1e-07
73.220673 -218.876801 0
0 0

0101101
*
Ed
 1e-07 1 1 0
1  669 0 0 1.03009
2  171 38 0 0 1.03009
2  172 39 0 0 1.03009
0

0101000
+2512 0 -2510 0 *
Ve
1e-07
73.220673 -217.84671 0
0 0

0101101
*
Ed
 1e-07 1 1 0
1  670 0 0 1.030091
2  173 38 0 0 1.030091
2  174 39 0 0 1.030091
0

0101000
+2510 0 -2508 0 *
Ed
 1e-07 1 1 0
1  671 0 0 1.03009
2  175 38 0 0 1.03009
2  176 39 0 0 1.03009
0

0101000
+2508 0 -2513 0 *
Wi

0101100
+2511 0 +2509 0 +2507 0 +2506 0 *
Ve
1e-07
68.65081 -283.228271 0
0 0

0101101
*
Ve
1e-07
68.376747 -283.228271 0
0 0

0101101
*
Ed
 1e-07 1 1 0
1  672 0 0 0.274063000000012
2  177 40 0 0 0.274063000000012
2  178 41 0 0 0.274063000000012
0

0101000
+2504 0 -2503 0 *
Ve
1e-07
68.376747 -283.776398 0
0 0

0101101
*
Ed
 1e-07 1 1 0
1  673 0 0 0.548126999999965
2  179 40 0 0 0.548126999999965
2  180 41 0 0 0.548126999999965
0

0101000
+2503 0 -2501 0 *
Ve
1e-07
67.491318 -283.776398 0
0 0

0101101
*
Ed
 1e-07 1 1 0
1  674 0 0 0.885428999999988
2  181 40 0 0 0.885428999999988
2  182 41 0 0 0.885428999999988
0

0101000
+2501 0 -2499 0 *
Ve
1e-07
67.491318 -282.806641 0
0 0

0101101
*
Ed
 1e-07 1 1 0
1  675 0 0 0.969756999999959
2  183 40 0 0 0.969756999999959
2  184 41 0 0 0.969756999999959
0

0101000
+2499 0 -2497 0 *
Ve
1e-07
68.65081 -282.806641 0
0 0

0101101
*
Ed
 1e-07 1 1 0
1  676 0 0 1.159492
2  185 40 0 0 1.159492
2  186 41 0 0 1.159492
0

0101000
+2497 0 -2495 0 *
Ed
 1e-07 1 1 0
1  677 0 0 0.421629999999993
2  187 40 0 0 0.421629999999993
2  188 41 0 0 0.421629999999993
0

0101000
+2495 0 -2504 0 *
Wi

0101100
+2502 0 +2500 0 +2498 0 +2496 0 +2494 0 +2493 0 *
Ve
1e-07
109.613281 -282.696869 0
0 0

0101101
*
Ve
1e-07
109.613281 -283.115692 0
0 0

0101101
*
Ed
 1e-07 1 1 0
1  678 0 0 0.418823000000032
2  189 42 0 0 0.418823000000032
2  190 43 0 0 0.418823000000032
0

0101000
+2491 0 -2490 0 *
Ve
1e-07
109.352928 -283.115692 0
0 0

0101101
*
Ed
 1e-07 1 1 0
1  679 0 0 0.260352999999995
2  191 42 0 0 0.260352999999995
2  192 43 0 0 0.260352999999995
0

0101000
+2490 0 -2488 0 *
Ve
1e-07
109.352928 -283.670349 0
0 0

0101101
*
Ed
 1e-07 1 1 0
1  680 0 0 0.554656999999963
2  193 42 0 0 0.554656999999963
2  194 43 0 0 0.554656999999963
0

0101000
+2488 0 -2486 0 *
Ve
1e-07
108.413399 -283.670349 0
0 0

0101101
*
Ed
 1e-07 1 1 0
1  681 0 0 0.939529000000007
2  195 42 0 0 0.939529000000007
2  196 43 0 0 0.939529000000007
0

0101000
+2486 0 -2484 0 *
Ve
1e-07
108.413399 -282.696869 0
0 0

0101101
*
Ed
 1e-07 1 1 0
1  682 0 0 0.973479999999995
2  197 42 0 0 0.973479999999995
2  198 43 0 0 0.973479999999995
0

0101000
+2484 0 -2482 0 *
Ed
 1e-07 1 1 0
1  683 0 0 1.199882
2  199 42 0 0 1.199882
2  200 43 0 0 1.199882
0

0101000
+2482 0 -2491 0 *
Wi

0101100
+2489 0 +2487 0 +2485 0 +2483 0 +2481 0 +2480 0 *
Ve
1e-07
118.476547 -241.018005 0
0 0

0101101
*
Ve
1e-07
118.476547 -241.18779 0
0 0

0101101
*
Ed
 1e-07 1 1 0
1  684 0 0 0.169785000000019
2  201 44 0 0 0.169785000000019
2  202 45 0 0 0.169785000000019
0

0101000
+2478 0 -2477 0 *
Ve
1e-07
118.9067 -241.18779 0
0 0

0101101
*
Ed
 1e-07 1 1 0
1  685 0 0 0.430153000000004
2  203 44 0 0 0.430153000000004
2  204 45 0 0 0.430153000000004
0

0101000
+2477 0 -2475 0 *
Ve
1e-07
118.9067 -242.059402 0
0 0

0101101
*
Ed
 1e-07 1 1 0
1  686 0 0 0.871611999999999
2  205 44 0 0 0.871611999999999
2  206 45 0 0 0.871611999999999
0

0101000
+2475 0 -2473 0 *
Ve
1e-07
118.453918 -242.059402 0
0 0

0101101
*
Ed
 1e-07 1 1 0
1  687 0 0 0.452781999999999
2  207 44 0 0 0.452781999999999
2  208 45 0 0 0.452781999999999
0

0101000
+2473 0 -2471 0 *
Ve
1e-07
118.453918 -242.251831 0
0 0

0101101
*
Ed
 1e-07 1 1 0
1  688 0 0 0.192429000000004
2  209 44 0 0 0.192429000000004
2  210 45 0 0 0.192429000000004
0

0101000
+2471 0 -2469 0 *
Ve
1e-07
117.944527 -242.251831 0
0 0

0101101
*
Ed
 1e-07 1 1 0
1  689 0 0 0.509391000000008
2  211 44 0 0 0.509391000000008
2  212 45 0 0 0.509391000000008
0

0101000
+2469 0 -2467 0 *
Ve
1e-07
117.910568 -241.018005 0
0 0

0101101
*
Ed
 1e-07 1 1 0
1  690 0 0 1.23429324390805
2  213 44 0 0 1.23429324390805
2  214 45 0 0 1.23429324390805
0

0101000
+2467 0 -2465 0 *
Ed
 1e-07 1 1 0
1  691 0 0 0.565978999999999
2  215 44 0 0 0.565978999999999
2  216 45 0 0 0.565978999999999
0

0101000
+2465 0 -2478 0 *
Wi

0101100
+2476 0 +2474 0 +2472 0 +2470 0 +2468 0 +2466 0 +2464 0 +2463 0 *
Ve
1e-07
89.774864 -283.81897 0
0 0

0101101
*
Ve
1e-07
89.048706 -283.82428 0
0 0

0101101
*
Ed
 1e-07 1 1 0
1  692 0 0 0.726177414316913
2  217 46 0 0 0.726177414316913
2  218 47 0 0 0.726177414316913
0

0101000
+2461 0 -2460 0 *
Ve
1e-07
89.04866 -283.150879 0
0 0

0101101
*
Ed
 1e-07 1 1 0
1  693 0 0 0.673401001571142
2  219 46 0 0 0.673401001571142
2  220 47 0 0 0.673401001571142
0

0101000
+2460 0 -2458 0 *
Ve
1e-07
88.815269 -283.150879 0
0 0

0101101
*
Ed
 1e-07 1 1 0
1  694 0 0 0.233390999999997
2  221 46 0 0 0.233390999999997
2  222 47 0 0 0.233390999999997
0

0101000
+2458 0 -2456 0 *
Ve
1e-07
88.815269 -282.770721 0
0 0

0101101
*
Ed
 1e-07 1 1 0
1  695 0 0 0.380157999999994
2  223 46 0 0 0.380157999999994
2  224 47 0 0 0.380157999999994
0

0101000
+2456 0 -2454 0 *
Ve
1e-07
89.978012 -282.763275 0
0 0

0101101
*
Ed
 1e-07 1 1 0
1  696 0 0 1.16276684118744
2  225 46 0 0 1.16276684118744
2  226 47 0 0 1.16276684118744
0

0101000
+2454 0 -2452 0 *
Ve
1e-07
89.979927 -283.061401 0
0 0

0101101
*
Ed
 1e-07 1 1 0
1  697 0 0 0.298132150398076
2  227 46 0 0 0.298132150398076
2  228 47 0 0 0.298132150398076
0

0101000
+2452 0 -2450 0 *
Ve
1e-07
89.769318 -283.061432 0
0 0

0101101
*
Ed
 1e-07 1 1 0
1  698 0 0 0.210609002281484
2  229 46 0 0 0.210609002281484
2  230 47 0 0 0.210609002281484
0

0101000
+2450 0 -2448 0 *
Ed
 1e-07 1 1 0
1  699 0 0 0.757558301096312
2  231 46 0 0 0.757558301096312
2  232 47 0 0 0.757558301096312
0

0101000
+2448 0 -2461 0 *
Wi

0101100
+2459 0 +2457 0 +2455 0 +2453 0 +2451 0 +2449 0 +2447 0 +2446 0 *
Ve
1e-07
44.196075 -241.63414 0
0 0

0101101
*
Ve
1e-07
43.690117 -241.275757 0
0 0

0101101
*
Ed
 1e-07 1 1 0
1  700 0 0 0.620025703058351
2  233 48 0 0 0.620025703058351
2  234 49 0 0 0.620025703058351
0

0101000
+2444 0 -2443 0 *
Ve
1e-07
43.732277 -240.327087 0
0 0

0101101
*
Ed
 1e-07 1 1 0
1  701 0 0 0.949606357655627
2  235 48 0 0 0.949606357655627
2  236 49 0 0 0.949606357655627
0

0101000
+2443 0 -2441 0 *
Ve
1e-07
44.280403 -240.327087 0
0 0

0101101
*
Ed
 1e-07 1 1 0
1  702 0 0 0.548125999999996
2  237 48 0 0 0.548125999999996
2  238 49 0 0 0.548125999999996
0

0101000
+2441 0 -2439 0 *
Ve
1e-07
44.280403 -240.896286 0
0 0

0101101
*
Ed
 1e-07 1 1 0
1  703 0 0 0.569198999999998
2  239 48 0 0 0.569198999999998
2  240 49 0 0 0.569198999999998
0

0101000
+2439 0 -2437 0 *
Ve
1e-07
44.61771 -241.149261 0
0 0

0101101
*
Ed
 1e-07 1 1 0
1  704 0 0 0.421630600020916
2  241 48 0 0 0.421630600020916
2  242 49 0 0 0.421630600020916
0

0101000
+2437 0 -2435 0 *
Ve
1e-07
44.912849 -241.149261 0
0 0

0101101
*
Ed
 1e-07 1 1 0
1  705 0 0 0.295138999999999
2  243 48 0 0 0.295138999999999
2  244 49 0 0 0.295138999999999
0

0101000
+2435 0 -2433 0 *
Ve
1e-07
44.912849 -241.63414 0
0 0

0101101
*
Ed
 1e-07 1 1 0
1  706 0 0 0.484879000000006
2  245 48 0 0 0.484879000000006
2  246 49 0 0 0.484879000000006
0

0101000
+2433 0 -2431 0 *
Ed
 1e-07 1 1 0
1  707 0 0 0.716774000000001
2  247 48 0 0 0.716774000000001
2  248 49 0 0 0.716774000000001
0

0101000
+2431 0 -2444 0 *
Wi

0101100
+2442 0 +2440 0 +2438 0 +2436 0 +2434 0 +2432 0 +2430 0 +2429 0 *
Ve
1e-07
73.130661 -283.291504 0
0 0

0101101
*
Ve
1e-07
73.183365 -282.838257 0
0 0

0101101
*
Ed
 1e-07 1 1 0
1  708 0 0 0.45630094742941
2  249 50 0 0 0.45630094742941
2  250 51 0 0 0.45630094742941
0

0101000
+2427 0 -2426 0 *
Ve
1e-07
74.543137 -282.838257 0
0 0

0101101
*
Ed
 1e-07 1 1 0
1  709 0 0 1.35977200000001
2  251 50 0 0 1.35977200000001
2  252 51 0 0 1.35977200000001
0

0101000
+2426 0 -2424 0 *
Ve
1e-07
74.543137 -283.75531 0
0 0

0101101
*
Ed
 1e-07 1 1 0
1  710 0 0 0.91705300000001
2  253 50 0 0 0.91705300000001
2  254 51 0 0 0.91705300000001
0

0101000
+2424 0 -2422 0 *
Ve
1e-07
73.425804 -283.75531 0
0 0

0101101
*
Ed
 1e-07 1 1 0
1  711 0 0 1.117333
2  255 50 0 0 1.117333
2  256 51 0 0 1.117333
0

0101000
+2422 0 -2420 0 *
Ve
1e-07
73.425804 -283.291504 0
0 0

0101101
*
Ed
 1e-07 1 1 0
1  712 0 0 0.463806000000034
2  257 50 0 0 0.463806000000034
2  258 51 0 0 0.463806000000034
0

0101000
+2420 0 -2418 0 *
Ed
 1e-07 1 1 0
1  713 0 0 0.295142999999996
2  259 50 0 0 0.295142999999996
2  260 51 0 0 0.295142999999996
0

0101000
+2418 0 -2427 0 *
Wi

0101100
+2425 0 +2423 0 +2421 0 +2419 0 +2417 0 +2416 0 *
Ve
1e-07
84.432617 -282.808014 0
0 0

0101101
*
Ve
1e-07
84.432617 -283.285034 0
0 0

0101101
*
Ed
 1e-07 1 1 0
1  714 0 0 0.477019999999982
2  261 52 0 0 0.477019999999982
2  262 53 0 0 0.477019999999982
0

0101000
+2414 0 -2413 0 *
Ve
1e-07
84.10466 -283.285034 0
0 0

0101101
*
Ed
 1e-07 1 1 0
1  715 0 0 0.327956999999998
2  263 52 0 0 0.327956999999998
2  264 53 0 0 0.327956999999998
0

0101000
+2413 0 -2411 0 *
Ve
1e-07
84.10466 -283.776947 0
0 0

0101101
*
Ed
 1e-07 1 1 0
1  716 0 0 0.491913000000011
2  265 52 0 0 0.491913000000011
2  266 53 0 0 0.491913000000011
0

0101000
+2411 0 -2409 0 *
Ve
1e-07
83.07608 -283.776947 0
0 0

0101101
*
Ed
 1e-07 1 1 0
1  717 0 0 1.02857999999999
2  267 52 0 0 1.02857999999999
2  268 53 0 0 1.02857999999999
0

0101000
+2409 0 -2407 0 *
Ve
1e-07
83.07608 -282.808014 0
0 0

0101101
*
Ed
 1e-07 1 1 0
1  718 0 0 0.968932999999993
2  269 52 0 0 0.968932999999993
2  270 53 0 0 0.968932999999993
0

0101000
+2407 0 -2405 0 *
Ed
 1e-07 1 1 0
1  719 0 0 1.35653699999999
2  271 52 0 0 1.35653699999999
2  272 53 0 0 1.35653699999999
0

0101000
+2405 0 -2414 0 *
Wi

0101100
+2412 0 +2410 0 +2408 0 +2406 0 +2404 0 +2403 0 *
Ve
1e-07
118.363358 -268.683167 0
0 0

0101101
*
Ve
1e-07
118.363358 -268.909576 0
0 0

0101101
*
Ed
 1e-07 1 1 0
1  720 0 0 0.22640899999999
2  273 54 0 0 0.22640899999999
2  274 55 0 0 0.22640899999999
0

0101000
+2401 0 -2400 0 *
Ve
1e-07
118.974617 -268.909576 0
0 0

0101101
*
Ed
 1e-07 1 1 0
1  721 0 0 0.61125899999999
2  275 54 0 0 0.61125899999999
2  276 55 0 0 0.61125899999999
0

0101000
+2400 0 -2398 0 *
Ve
1e-07
118.974617 -269.815125 0
0 0

0101101
*
Ed
 1e-07 1 1 0
1  722 0 0 0.905549000000008
2  277 54 0 0 0.905549000000008
2  278 55 0 0 0.905549000000008
0

0101000
+2398 0 -2396 0 *
Ve
1e-07
118.318077 -269.815125 0
0 0

0101101
*
Ed
 1e-07 1 1 0
1  723 0 0 0.656539999999993
2  279 54 0 0 0.656539999999993
2  280 55 0 0 0.656539999999993
0

0101000
+2396 0 -2394 0 *
Ve
1e-07
118.318077 -269.973602 0
0 0

0101101
*
Ed
 1e-07 1 1 0
1  724 0 0 0.158477000000005
2  281 54 0 0 0.158477000000005
2  282 55 0 0 0.158477000000005
0

0101000
+2394 0 -2392 0 *
Ve
1e-07
117.899254 -269.973602 0
0 0

0101101
*
Ed
 1e-07 1 1 0
1  725 0 0 0.418823000000003
2  283 54 0 0 0.418823000000003
2  284 55 0 0 0.418823000000003
0

0101000
+2392 0 -2390 0 *
Ve
1e-07
117.899254 -268.683167 0
0 0

0101101
*
Ed
 1e-07 1 1 0
1  726 0 0 1.290435
2  285 54 0 0 1.290435
2  286 55 0 0 1.290435
0

0101000
+2390 0 -2388 0 *
Ed
 1e-07 1 1 0
1  727 0 0 0.464104000000006
2  287 54 0 0 0.464104000000006
2  288 55 0 0 0.464104000000006
0

0101000
+2388 0 -2401 0 *
Wi

0101100
+2399 0 +2397 0 +2395 0 +2393 0 +2391 0 +2389 0 +2387 0 +2386 0 *
Ve
1e-07
118.363358 -238.505035 0
0 0

0101101
*
Ve
1e-07
118.363358 -238.833313 0
0 0

0101101
*
Ed
 1e-07 1 1 0
1  728 0 0 0.328278000000012
2  289 56 0 0 0.328278000000012
2  290 57 0 0 0.328278000000012
0

0101000
+2384 0 -2383 0 *
Ve
1e-07
118.86142 -238.833313 0
0 0

0101101
*
Ed
 1e-07 1 1 0
1  729 0 0 0.49806199999999
2  291 56 0 0 0.49806199999999
2  292 57 0 0 0.49806199999999
0

0101000
+2383 0 -2381 0 *
Ve
1e-07
118.86142 -239.738876 0
0 0

0101101
*
Ed
 1e-07 1 1 0
1  730 0 0 0.905563000000001
2  293 56 0 0 0.905563000000001
2  294 57 0 0 0.905563000000001
0

0101000
+2381 0 -2379 0 *
Ve
1e-07
118.453918 -239.738876 0
0 0

0101101
*
Ed
 1e-07 1 1 0
1  731 0 0 0.407501999999994
2  295 56 0 0 0.407501999999994
2  296 57 0 0 0.407501999999994
0

0101000
+2379 0 -2377 0 *
Ve
1e-07
118.453918 -239.93132 0
0 0

0101101
*
Ed
 1e-07 1 1 0
1  732 0 0 0.192443999999995
2  297 56 0 0 0.192443999999995
2  298 57 0 0 0.192443999999995
0

0101000
+2377 0 -2375 0 *
Ve
1e-07
117.92189 -239.93132 0
0 0

0101101
*
Ed
 1e-07 1 1 0
1  733 0 0 0.532027999999997
2  299 56 0 0 0.532027999999997
2  300 57 0 0 0.532027999999997
0

0101000
+2375 0 -2373 0 *
Ve
1e-07
117.87661 -238.505035 0
0 0

0101101
*
Ed
 1e-07 1 1 0
1  734 0 0 1.42700356678777
2  301 56 0 0 1.42700356678777
2  302 57 0 0 1.42700356678777
0

0101000
+2373 0 -2371 0 *
Ed
 1e-07 1 1 0
1  735 0 0 0.486748000000006
2  303 56 0 0 0.486748000000006
2  304 57 0 0 0.486748000000006
0

0101000
+2371 0 -2384 0 *
Wi

0101100
+2382 0 +2380 0 +2378 0 +2376 0 +2374 0 +2372 0 +2370 0 +2369 0 *
Ve
1e-07
55.221786 -240.875198 0
0 0

0101101
*
Ve
1e-07
55.242867 -240.474655 0
0 0

0101101
*
Ed
 1e-07 1 1 0
1  736 0 0 0.401097373975446
2  305 58 0 0 0.401097373975446
2  306 59 0 0 0.401097373975446
0

0101000
+2367 0 -2366 0 *
Ve
1e-07
55.727745 -240.474655 0
0 0

0101101
*
Ed
 1e-07 1 1 0
1  737 0 0 0.484878000000002
2  307 58 0 0 0.484878000000002
2  308 59 0 0 0.484878000000002
0

0101000
+2366 0 -2364 0 *
Ve
1e-07
55.727745 -241.233597 0
0 0

0101101
*
Ed
 1e-07 1 1 0
1  738 0 0 0.75894199999999
2  309 58 0 0 0.75894199999999
2  310 59 0 0 0.75894199999999
0

0101000
+2364 0 -2362 0 *
Ve
1e-07
55.221786 -241.823883 0
0 0

0101101
*
Ed
 1e-07 1 1 0
1  739 0 0 0.77745229530627
2  311 58 0 0 0.77745229530627
2  312 59 0 0 0.77745229530627
0

0101000
+2362 0 -2360 0 *
Ve
1e-07
54.336357 -241.823883 0
0 0

0101101
*
Ed
 1e-07 1 1 0
1  740 0 0 0.885429000000002
2  313 58 0 0 0.885429000000002
2  314 59 0 0 0.885429000000002
0

0101000
+2360 0 -2358 0 *
Ve
1e-07
54.336357 -241.317917 0
0 0

0101101
*
Ed
 1e-07 1 1 0
1  741 0 0 0.505966000000001
2  315 58 0 0 0.505966000000001
2  316 59 0 0 0.505966000000001
0

0101000
+2358 0 -2356 0 *
Ve
1e-07
54.842316 -241.317917 0
0 0

0101101
*
Ed
 1e-07 1 1 0
1  742 0 0 0.505958999999997
2  317 58 0 0 0.505958999999997
2  318 59 0 0 0.505958999999997
0

0101000
+2356 0 -2354 0 *
Ed
 1e-07 1 1 0
1  743 0 0 0.583093126233699
2  319 58 0 0 0.583093126233699
2  320 59 0 0 0.583093126233699
0

0101000
+2354 0 -2367 0 *
Wi

0101100
+2365 0 +2363 0 +2361 0 +2359 0 +2357 0 +2355 0 +2353 0 +2352 0 *
Ve
1e-07
119.812271 -226.52887 0
0 0

0101101
*
Ve
1e-07
119.812271 -226.642075 0
0 0

0101101
*
Ed
 1e-07 1 1 0
1  744 0 0 0.113204999999994
2  321 60 0 0 0.113204999999994
2  322 61 0 0 0.113204999999994
0

0101000
+2350 0 -2349 0 *
Ve
1e-07
119.472679 -226.642075 0
0 0

0101101
*
Ed
 1e-07 1 1 0
1  745 0 0 0.339591999999996
2  323 60 0 0 0.339591999999996
2  324 61 0 0 0.339591999999996
0

0101000
+2349 0 -2347 0 *
Ve
1e-07
119.450043 -225.147873 0
0 0

0101101
*
Ed
 1e-07 1 1 0
1  746 0 0 1.4943734490749
2  325 60 0 0 1.4943734490749
2  326 61 0 0 1.4943734490749
0

0101000
+2347 0 -2345 0 *
Ve
1e-07
120.423531 -225.147873 0
0 0

0101101
*
Ed
 1e-07 1 1 0
1  747 0 0 0.973488000000003
2  327 60 0 0 0.973488000000003
2  328 61 0 0 0.973488000000003
0

0101000
+2345 0 -2343 0 *
Ve
1e-07
120.423531 -226.52887 0
0 0

0101101
*
Ed
 1e-07 1 1 0
1  748 0 0 1.38099700000001
2  329 60 0 0 1.38099700000001
2  330 61 0 0 1.38099700000001
0

0101000
+2343 0 -2341 0 *
Ed
 1e-07 1 1 0
1  749 0 0 0.611260000000001
2  331 60 0 0 0.611260000000001
2  332 61 0 0 0.611260000000001
0

0101000
+2341 0 -2350 0 *
Wi

0101100
+2348 0 +2346 0 +2344 0 +2342 0 +2340 0 +2339 0 *
Ve
1e-07
117.831459 -234.467209 0
0 0

0101101
*
Ve
1e-07
117.853981 -232.947098 0
0 0

0101101
*
Ed
 1e-07 1 1 0
1  750 0 0 1.52027783408328
2  333 62 0 0 1.52027783408328
2  334 63 0 0 1.52027783408328
0

0101000
+2337 0 -2336 0 *
Ve
1e-07
118.318077 -232.947098 0
0 0

0101101
*
Ed
 1e-07 1 1 0
1  751 0 0 0.464095999999998
2  335 62 0 0 0.464095999999998
2  336 63 0 0 0.464095999999998
0

0101000
+2336 0 -2334 0 *
Ve
1e-07
118.318077 -233.218781 0
0 0

0101101
*
Ed
 1e-07 1 1 0
1  752 0 0 0.271682999999996
2  337 62 0 0 0.271682999999996
2  338 63 0 0 0.271682999999996
0

0101000
+2334 0 -2332 0 *
Ve
1e-07
118.895378 -233.218781 0
0 0

0101101
*
Ed
 1e-07 1 1 0
1  753 0 0 0.577300999999991
2  339 62 0 0 0.577300999999991
2  340 63 0 0 0.577300999999991
0

0101000
+2332 0 -2330 0 *
Ve
1e-07
118.895378 -234.248856 0
0 0

0101101
*
Ed
 1e-07 1 1 0
1  754 0 0 1.03007499999998
2  341 62 0 0 1.03007499999998
2  342 63 0 0 1.03007499999998
0

0101000
+2330 0 -2328 0 *
Ve
1e-07
118.37468 -234.248856 0
0 0

0101101
*
Ed
 1e-07 1 1 0
1  755 0 0 0.520697999999996
2  343 62 0 0 0.520697999999996
2  344 63 0 0 0.520697999999996
0

0101000
+2328 0 -2326 0 *
Ve
1e-07
118.37468 -234.47525 0
0 0

0101101
*
Ed
 1e-07 1 1 0
1  756 0 0 0.226393999999999
2  345 62 0 0 0.226393999999999
2  346 63 0 0 0.226393999999999
0

0101000
+2326 0 -2324 0 *
Ed
 1e-07 1 1 0
1  757 0 0 0.543280509978043
2  347 62 0 0 0.543280509978043
2  348 63 0 0 0.543280509978043
0

0101000
+2324 0 -2337 0 *
Wi

0101100
+2335 0 +2333 0 +2331 0 +2329 0 +2327 0 +2325 0 +2323 0 +2322 0 *
Ve
1e-07
111.40358 -268.118042 0
0 0

0101101
*
Ve
1e-07
111.40358 -267.458405 0
0 0

0101101
*
Ed
 1e-07 1 1 0
1  758 0 0 0.659636999999975
2  349 64 0 0 0.659636999999975
2  350 65 0 0 0.659636999999975
0

0101000
+2320 0 -2319 0 *
Ve
1e-07
111.709167 -267.458405 0
0 0

0101101
*
Ed
 1e-07 1 1 0
1  759 0 0 0.305586999999989
2  351 64 0 0 0.305586999999989
2  352 65 0 0 0.305586999999989
0

0101000
+2319 0 -2317 0 *
Ve
1e-07
111.709167 -267.149109 0
0 0

0101101
*
Ed
 1e-07 1 1 0
1  760 0 0 0.309296000000018
2  353 64 0 0 0.309296000000018
2  354 65 0 0 0.309296000000018
0

0101000
+2317 0 -2315 0 *
Ve
1e-07
112.447067 -267.149109 0
0 0

0101101
*
Ed
 1e-07 1 1 0
1  761 0 0 0.73790000000001
2  355 64 0 0 0.73790000000001
2  356 65 0 0 0.73790000000001
0

0101000
+2315 0 -2313 0 *
Ve
1e-07
112.447067 -267.458405 0
0 0

0101101
*
Ed
 1e-07 1 1 0
1  762 0 0 0.309296000000018
2  357 64 0 0 0.309296000000018
2  358 65 0 0 0.309296000000018
0

0101000
+2313 0 -2311 0 *
Ve
1e-07
112.745201 -267.458405 0
0 0

0101101
*
Ed
 1e-07 1 1 0
1  763 0 0 0.29813399999999
2  359 64 0 0 0.29813399999999
2  360 65 0 0 0.29813399999999
0

0101000
+2311 0 -2309 0 *
Ve
1e-07
112.745201 -268.118042 0
0 0

0101101
*
Ed
 1e-07 1 1 0
1  764 0 0 0.659636999999975
2  361 64 0 0 0.659636999999975
2  362 65 0 0 0.659636999999975
0

0101000
+2309 0 -2307 0 *
Ve
1e-07
112.447067 -268.118042 0
0 0

0101101
*
Ed
 1e-07 1 1 0
1  765 0 0 0.29813399999999
2  363 64 0 0 0.29813399999999
2  364 65 0 0 0.29813399999999
0

0101000
+2307 0 -2305 0 *
Ve
1e-07
112.447067 -268.431091 0
0 0

0101101
*
Ed
 1e-07 1 1 0
1  766 0 0 0.313048999999978
2  365 64 0 0 0.313048999999978
2  366 65 0 0 0.313048999999978
0

0101000
+2305 0 -2303 0 *
Ve
1e-07
111.709167 -268.431091 0
0 0

0101101
*
Ed
 1e-07 1 1 0
1  767 0 0 0.73790000000001
2  367 64 0 0 0.73790000000001
2  368 65 0 0 0.73790000000001
0

0101000
+2303 0 -2301 0 *
Ve
1e-07
111.709167 -268.118042 0
0 0

0101101
*
Ed
 1e-07 1 1 0
1  768 0 0 0.313048999999978
2  369 64 0 0 0.313048999999978
2  370 65 0 0 0.313048999999978
0

0101000
+2301 0 -2299 0 *
Ed
 1e-07 1 1 0
1  769 0 0 0.305586999999989
2  371 64 0 0 0.305586999999989
2  372 65 0 0 0.305586999999989
0

0101000
+2299 0 -2320 0 *
Wi

0101100
+2318 0 +2316 0 +2314 0 +2312 0 +2310 0 +2308 0 +2306 0 +2304 0 +2302 0 +2300 0 
+2298 0 +2297 0 *
Ve
1e-07
111.40358 -274.051025 0
0 0

0101101
*
Ve
1e-07
111.40358 -273.391388 0
0 0

0101101
*
Ed
 1e-07 1 1 0
1  770 0 0 0.659636999999975
2  373 66 0 0 0.659636999999975
2  374 67 0 0 0.659636999999975
0

0101000
+2295 0 -2294 0 *
Ve
1e-07
111.709167 -273.391388 0
0 0

0101101
*
Ed
 1e-07 1 1 0
1  771 0 0 0.305586999999989
2  375 66 0 0 0.305586999999989
2  376 67 0 0 0.305586999999989
0

0101000
+2294 0 -2292 0 *
Ve
1e-07
111.709167 -273.082092 0
0 0

0101101
*
Ed
 1e-07 1 1 0
1  772 0 0 0.309296000000018
2  377 66 0 0 0.309296000000018
2  378 67 0 0 0.309296000000018
0

0101000
+2292 0 -2290 0 *
Ve
1e-07
112.447067 -273.082092 0
0 0

0101101
*
Ed
 1e-07 1 1 0
1  773 0 0 0.73790000000001
2  379 66 0 0 0.73790000000001
2  380 67 0 0 0.73790000000001
0

0101000
+2290 0 -2288 0 *
Ve
1e-07
112.447067 -273.391388 0
0 0

0101101
*
Ed
 1e-07 1 1 0
1  774 0 0 0.309296000000018
2  381 66 0 0 0.309296000000018
2  382 67 0 0 0.309296000000018
0

0101000
+2288 0 -2286 0 *
Ve
1e-07
112.745201 -273.391388 0
0 0

0101101
*
Ed
 1e-07 1 1 0
1  775 0 0 0.29813399999999
2  383 66 0 0 0.29813399999999
2  384 67 0 0 0.29813399999999
0

0101000
+2286 0 -2284 0 *
Ve
1e-07
112.745201 -274.051025 0
0 0

0101101
*
Ed
 1e-07 1 1 0
1  776 0 0 0.659636999999975
2  385 66 0 0 0.659636999999975
2  386 67 0 0 0.659636999999975
0

0101000
+2284 0 -2282 0 *
Ve
1e-07
112.447067 -274.051025 0
0 0

0101101
*
Ed
 1e-07 1 1 0
1  777 0 0 0.29813399999999
2  387 66 0 0 0.29813399999999
2  388 67 0 0 0.29813399999999
0

0101000
+2282 0 -2280 0 *
Ve
1e-07
112.447067 -274.364075 0
0 0

0101101
*
Ed
 1e-07 1 1 0
1  778 0 0 0.313050000000032
2  389 66 0 0 0.313050000000032
2  390 67 0 0 0.313050000000032
0

0101000
+2280 0 -2278 0 *
Ve
1e-07
111.709167 -274.364075 0
0 0

0101101
*
Ed
 1e-07 1 1 0
1  779 0 0 0.73790000000001
2  391 66 0 0 0.73790000000001
2  392 67 0 0 0.73790000000001
0

0101000
+2278 0 -2276 0 *
Ve
1e-07
111.709167 -274.051025 0
0 0

0101101
*
Ed
 1e-07 1 1 0
1  780 0 0 0.313050000000032
2  393 66 0 0 0.313050000000032
2  394 67 0 0 0.313050000000032
0

0101000
+2276 0 -2274 0 *
Ed
 1e-07 1 1 0
1  781 0 0 0.305586999999989
2  395 66 0 0 0.305586999999989
2  396 67 0 0 0.305586999999989
0

0101000
+2274 0 -2295 0 *
Wi

0101100
+2293 0 +2291 0 +2289 0 +2287 0 +2285 0 +2283 0 +2281 0 +2279 0 +2277 0 +2275 0 
+2273 0 +2272 0 *
Ve
1e-07
111.343948 -262.095612 0
0 0

0101101
*
Ve
1e-07
111.343948 -261.436005 0
0 0

0101101
*
Ed
 1e-07 1 1 0
1  782 0 0 0.659606999999994
2  397 68 0 0 0.659606999999994
2  398 69 0 0 0.659606999999994
0

0101000
+2270 0 -2269 0 *
Ve
1e-07
111.649544 -261.436005 0
0 0

0101101
*
Ed
 1e-07 1 1 0
1  783 0 0 0.305596000000008
2  399 68 0 0 0.305596000000008
2  400 69 0 0 0.305596000000008
0

0101000
+2269 0 -2267 0 *
Ve
1e-07
111.649544 -261.126678 0
0 0

0101101
*
Ed
 1e-07 1 1 0
1  784 0 0 0.309326999999996
2  401 68 0 0 0.309326999999996
2  402 69 0 0 0.309326999999996
0

0101000
+2267 0 -2265 0 *
Ve
1e-07
112.387436 -261.126678 0
0 0

0101101
*
Ed
 1e-07 1 1 0
1  785 0 0 0.737891999999988
2  403 68 0 0 0.737891999999988
2  404 69 0 0 0.737891999999988
0

0101000
+2265 0 -2263 0 *
Ve
1e-07
112.387436 -261.436005 0
0 0

0101101
*
Ed
 1e-07 1 1 0
1  786 0 0 0.309326999999996
2  405 68 0 0 0.309326999999996
2  406 69 0 0 0.309326999999996
0

0101000
+2263 0 -2261 0 *
Ve
1e-07
112.685577 -261.436005 0
0 0

0101101
*
Ed
 1e-07 1 1 0
1  787 0 0 0.298141000000001
2  407 68 0 0 0.298141000000001
2  408 69 0 0 0.298141000000001
0

0101000
+2261 0 -2259 0 *
Ve
1e-07
112.685577 -262.095612 0
0 0

0101101
*
Ed
 1e-07 1 1 0
1  788 0 0 0.659606999999994
2  409 68 0 0 0.659606999999994
2  410 69 0 0 0.659606999999994
0

0101000
+2259 0 -2257 0 *
Ve
1e-07
112.387436 -262.095612 0
0 0

0101101
*
Ed
 1e-07 1 1 0
1  789 0 0 0.298141000000001
2  411 68 0 0 0.298141000000001
2  412 69 0 0 0.298141000000001
0

0101000
+2257 0 -2255 0 *
Ve
1e-07
112.387436 -262.408661 0
0 0

0101101
*
Ed
 1e-07 1 1 0
1  790 0 0 0.313048999999978
2  413 68 0 0 0.313048999999978
2  414 69 0 0 0.313048999999978
0

0101000
+2255 0 -2253 0 *
Ve
1e-07
111.649544 -262.408661 0
0 0

0101101
*
Ed
 1e-07 1 1 0
1  791 0 0 0.737891999999988
2  415 68 0 0 0.737891999999988
2  416 69 0 0 0.737891999999988
0

0101000
+2253 0 -2251 0 *
Ve
1e-07
111.649544 -262.095612 0
0 0

0101101
*
Ed
 1e-07 1 1 0
1  792 0 0 0.313048999999978
2  417 68 0 0 0.313048999999978
2  418 69 0 0 0.313048999999978
0

0101000
+2251 0 -2249 0 *
Ed
 1e-07 1 1 0
1  793 0 0 0.305596000000008
2  419 68 0 0 0.305596000000008
2  420 69 0 0 0.305596000000008
0

0101000
+2249 0 -2270 0 *
Wi

0101100
+2268 0 +2266 0 +2264 0 +2262 0 +2260 0 +2258 0 +2256 0 +2254 0 +2252 0 +2250 0 
+2248 0 +2247 0 *
Ve
1e-07
65.162094 -238.408417 0
0 0

0101101
*
Ve
1e-07
64.424194 -238.408417 0
0 0

0101101
*
Ed
 1e-07 1 1 0
1  794 0 0 0.737899999999996
2  421 70 0 0 0.737899999999996
2  422 71 0 0 0.737899999999996
0

0101000
+2245 0 -2244 0 *
Ve
1e-07
64.424194 -238.095367 0
0 0

0101101
*
Ed
 1e-07 1 1 0
1  795 0 0 0.313049999999976
2  423 70 0 0 0.313049999999976
2  424 71 0 0 0.313049999999976
0

0101000
+2244 0 -2242 0 *
Ve
1e-07
64.118607 -238.095367 0
0 0

0101101
*
Ed
 1e-07 1 1 0
1  796 0 0 0.305587000000003
2  425 70 0 0 0.305587000000003
2  426 71 0 0 0.305587000000003
0

0101000
+2242 0 -2240 0 *
Ve
1e-07
64.118607 -237.435745 0
0 0

0101101
*
Ed
 1e-07 1 1 0
1  797 0 0 0.659622000000013
2  427 70 0 0 0.659622000000013
2  428 71 0 0 0.659622000000013
0

0101000
+2240 0 -2238 0 *
Ve
1e-07
64.424194 -237.435745 0
0 0

0101101
*
Ed
 1e-07 1 1 0
1  798 0 0 0.305587000000003
2  429 70 0 0 0.305587000000003
2  430 71 0 0 0.305587000000003
0

0101000
+2238 0 -2236 0 *
Ve
1e-07
64.424194 -237.126419 0
0 0

0101101
*
Ed
 1e-07 1 1 0
1  799 0 0 0.309325999999999
2  431 70 0 0 0.309325999999999
2  432 71 0 0 0.309325999999999
0

0101000
+2236 0 -2234 0 *
Ve
1e-07
65.162094 -237.126419 0
0 0

0101101
*
Ed
 1e-07 1 1 0
1  800 0 0 0.737899999999996
2  433 70 0 0 0.737899999999996
2  434 71 0 0 0.737899999999996
0

0101000
+2234 0 -2232 0 *
Ve
1e-07
65.162094 -237.435745 0
0 0

0101101
*
Ed
 1e-07 1 1 0
1  801 0 0 0.309325999999999
2  435 70 0 0 0.309325999999999
2  436 71 0 0 0.309325999999999
0

0101000
+2232 0 -2230 0 *
Ve
1e-07
65.460228 -237.435745 0
0 0

0101101
*
Ed
 1e-07 1 1 0
1  802 0 0 0.298134000000005
2  437 70 0 0 0.298134000000005
2  438 71 0 0 0.298134000000005
0

0101000
+2230 0 -2228 0 *
Ve
1e-07
65.460228 -238.095367 0
0 0

0101101
*
Ed
 1e-07 1 1 0
1  803 0 0 0.659622000000013
2  439 70 0 0 0.659622000000013
2  440 71 0 0 0.659622000000013
0

0101000
+2228 0 -2226 0 *
Ve
1e-07
65.162094 -238.095367 0
0 0

0101101
*
Ed
 1e-07 1 1 0
1  804 0 0 0.298134000000005
2  441 70 0 0 0.298134000000005
2  442 71 0 0 0.298134000000005
0

0101000
+2226 0 -2224 0 *
Ed
 1e-07 1 1 0
1  805 0 0 0.313049999999976
2  443 70 0 0 0.313049999999976
2  444 71 0 0 0.313049999999976
0

0101000
+2224 0 -2245 0 *
Wi

0101100
+2243 0 +2241 0 +2239 0 +2237 0 +2235 0 +2233 0 +2231 0 +2229 0 +2227 0 +2225 0 
+2223 0 +2222 0 *
Ve
1e-07
93.127602 -237.066788 0
0 0

0101101
*
Ve
1e-07
93.127602 -237.376114 0
0 0

0101101
*
Ed
 1e-07 1 1 0
1  806 0 0 0.309325999999999
2  445 72 0 0 0.309325999999999
2  446 73 0 0 0.309325999999999
0

0101000
+2220 0 -2219 0 *
Ve
1e-07
93.425743 -237.376114 0
0 0

0101101
*
Ed
 1e-07 1 1 0
1  807 0 0 0.298141000000001
2  447 72 0 0 0.298141000000001
2  448 73 0 0 0.298141000000001
0

0101000
+2219 0 -2217 0 *
Ve
1e-07
93.425743 -238.035751 0
0 0

0101101
*
Ed
 1e-07 1 1 0
1  808 0 0 0.659637000000004
2  449 72 0 0 0.659637000000004
2  450 73 0 0 0.659637000000004
0

0101000
+2217 0 -2215 0 *
Ve
1e-07
93.127602 -238.035751 0
0 0

0101101
*
Ed
 1e-07 1 1 0
1  809 0 0 0.298141000000001
2  451 72 0 0 0.298141000000001
2  452 73 0 0 0.298141000000001
0

0101000
+2215 0 -2213 0 *
Ve
1e-07
93.127602 -238.348785 0
0 0

0101101
*
Ed
 1e-07 1 1 0
1  810 0 0 0.313033999999988
2  453 72 0 0 0.313033999999988
2  454 73 0 0 0.313033999999988
0

0101000
+2213 0 -2211 0 *
Ve
1e-07
92.389709 -238.348785 0
0 0

0101101
*
Ed
 1e-07 1 1 0
1  811 0 0 0.737893
2  455 72 0 0 0.737893
2  456 73 0 0 0.737893
0

0101000
+2211 0 -2209 0 *
Ve
1e-07
92.389709 -238.035751 0
0 0

0101101
*
Ed
 1e-07 1 1 0
1  812 0 0 0.313033999999988
2  457 72 0 0 0.313033999999988
2  458 73 0 0 0.313033999999988
0

0101000
+2209 0 -2207 0 *
Ve
1e-07
92.084114 -238.035751 0
0 0

0101101
*
Ed
 1e-07 1 1 0
1  813 0 0 0.305594999999997
2  459 72 0 0 0.305594999999997
2  460 73 0 0 0.305594999999997
0

0101000
+2207 0 -2205 0 *
Ve
1e-07
92.084114 -237.376114 0
0 0

0101101
*
Ed
 1e-07 1 1 0
1  814 0 0 0.659637000000004
2  461 72 0 0 0.659637000000004
2  462 73 0 0 0.659637000000004
0

0101000
+2205 0 -2203 0 *
Ve
1e-07
92.389709 -237.376114 0
0 0

0101101
*
Ed
 1e-07 1 1 0
1  815 0 0 0.305594999999997
2  463 72 0 0 0.305594999999997
2  464 73 0 0 0.305594999999997
0

0101000
+2203 0 -2201 0 *
Ve
1e-07
92.389709 -237.066788 0
0 0

0101101
*
Ed
 1e-07 1 1 0
1  816 0 0 0.309325999999999
2  465 72 0 0 0.309325999999999
2  466 73 0 0 0.309325999999999
0

0101000
+2201 0 -2199 0 *
Ed
 1e-07 1 1 0
1  817 0 0 0.737893
2  467 72 0 0 0.737893
2  468 73 0 0 0.737893
0

0101000
+2199 0 -2220 0 *
Wi

0101100
+2218 0 +2216 0 +2214 0 +2212 0 +2210 0 +2208 0 +2206 0 +2204 0 +2202 0 +2200 0 
+2198 0 +2197 0 *
Ve
1e-07
83.028122 -237.554993 0
0 0

0101101
*
Ve
1e-07
83.028122 -237.245682 0
0 0

0101101
*
Ed
 1e-07 1 1 0
1  818 0 0 0.309311000000008
2  469 74 0 0 0.309311000000008
2  470 75 0 0 0.309311000000008
0

0101000
+2195 0 -2194 0 *
Ve
1e-07
83.766014 -237.245682 0
0 0

0101101
*
Ed
 1e-07 1 1 0
1  819 0 0 0.737892000000002
2  471 74 0 0 0.737892000000002
2  472 75 0 0 0.737892000000002
0

0101000
+2194 0 -2192 0 *
Ve
1e-07
83.766014 -237.554993 0
0 0

0101101
*
Ed
 1e-07 1 1 0
1  820 0 0 0.309311000000008
2  473 74 0 0 0.309311000000008
2  474 75 0 0 0.309311000000008
0

0101000
+2192 0 -2190 0 *
Ve
1e-07
84.064156 -237.554993 0
0 0

0101101
*
Ed
 1e-07 1 1 0
1  821 0 0 0.298141999999999
2  475 74 0 0 0.298141999999999
2  476 75 0 0 0.298141999999999
0

0101000
+2190 0 -2188 0 *
Ve
1e-07
84.064156 -238.21463 0
0 0

0101101
*
Ed
 1e-07 1 1 0
1  822 0 0 0.659637000000004
2  477 74 0 0 0.659637000000004
2  478 75 0 0 0.659637000000004
0

0101000
+2188 0 -2186 0 *
Ve
1e-07
83.766014 -238.21463 0
0 0

0101101
*
Ed
 1e-07 1 1 0
1  823 0 0 0.298141999999999
2  479 74 0 0 0.298141999999999
2  480 75 0 0 0.298141999999999
0

0101000
+2186 0 -2184 0 *
Ve
1e-07
83.766014 -238.527679 0
0 0

0101101
*
Ed
 1e-07 1 1 0
1  824 0 0 0.313049000000007
2  481 74 0 0 0.313049000000007
2  482 75 0 0 0.313049000000007
0

0101000
+2184 0 -2182 0 *
Ve
1e-07
83.028122 -238.527679 0
0 0

0101101
*
Ed
 1e-07 1 1 0
1  825 0 0 0.737892000000002
2  483 74 0 0 0.737892000000002
2  484 75 0 0 0.737892000000002
0

0101000
+2182 0 -2180 0 *
Ve
1e-07
83.028122 -238.21463 0
0 0

0101101
*
Ed
 1e-07 1 1 0
1  826 0 0 0.313049000000007
2  485 74 0 0 0.313049000000007
2  486 75 0 0 0.313049000000007
0

0101000
+2180 0 -2178 0 *
Ve
1e-07
82.722527 -238.21463 0
0 0

0101101
*
Ed
 1e-07 1 1 0
1  827 0 0 0.305594999999997
2  487 74 0 0 0.305594999999997
2  488 75 0 0 0.305594999999997
0

0101000
+2178 0 -2176 0 *
Ve
1e-07
82.722527 -237.554993 0
0 0

0101101
*
Ed
 1e-07 1 1 0
1  828 0 0 0.659637000000004
2  489 74 0 0 0.659637000000004
2  490 75 0 0 0.659637000000004
0

0101000
+2176 0 -2174 0 *
Ed
 1e-07 1 1 0
1  829 0 0 0.305594999999997
2  491 74 0 0 0.305594999999997
2  492 75 0 0 0.305594999999997
0

0101000
+2174 0 -2195 0 *
Wi

0101100
+2193 0 +2191 0 +2189 0 +2187 0 +2185 0 +2183 0 +2181 0 +2179 0 +2177 0 +2175 0 
+2173 0 +2172 0 *
Ve
1e-07
76.521217 -237.554993 0
0 0

0101101
*
Ve
1e-07
76.826813 -237.554993 0
0 0

0101101
*
Ed
 1e-07 1 1 0
1  830 0 0 0.305596000000008
2  493 76 0 0 0.305596000000008
2  494 77 0 0 0.305596000000008
0

0101000
+2170 0 -2169 0 *
Ve
1e-07
76.826813 -237.245682 0
0 0

0101101
*
Ed
 1e-07 1 1 0
1  831 0 0 0.309311000000008
2  495 76 0 0 0.309311000000008
2  496 77 0 0 0.309311000000008
0

0101000
+2169 0 -2167 0 *
Ve
1e-07
77.564705 -237.245682 0
0 0

0101101
*
Ed
 1e-07 1 1 0
1  832 0 0 0.737892000000002
2  497 76 0 0 0.737892000000002
2  498 77 0 0 0.737892000000002
0

0101000
+2167 0 -2165 0 *
Ve
1e-07
77.564705 -237.554993 0
0 0

0101101
*
Ed
 1e-07 1 1 0
1  833 0 0 0.309311000000008
2  499 76 0 0 0.309311000000008
2  500 77 0 0 0.309311000000008
0

0101000
+2165 0 -2163 0 *
Ve
1e-07
77.862846 -237.554993 0
0 0

0101101
*
Ed
 1e-07 1 1 0
1  834 0 0 0.298141000000001
2  501 76 0 0 0.298141000000001
2  502 77 0 0 0.298141000000001
0

0101000
+2163 0 -2161 0 *
Ve
1e-07
77.862846 -238.21463 0
0 0

0101101
*
Ed
 1e-07 1 1 0
1  835 0 0 0.659637000000004
2  503 76 0 0 0.659637000000004
2  504 77 0 0 0.659637000000004
0

0101000
+2161 0 -2159 0 *
Ve
1e-07
77.564705 -238.21463 0
0 0

0101101
*
Ed
 1e-07 1 1 0
1  836 0 0 0.298141000000001
2  505 76 0 0 0.298141000000001
2  506 77 0 0 0.298141000000001
0

0101000
+2159 0 -2157 0 *
Ve
1e-07
77.564705 -238.527679 0
0 0

0101101
*
Ed
 1e-07 1 1 0
1  837 0 0 0.313049000000007
2  507 76 0 0 0.313049000000007
2  508 77 0 0 0.313049000000007
0

0101000
+2157 0 -2155 0 *
Ve
1e-07
76.826813 -238.527679 0
0 0

0101101
*
Ed
 1e-07 1 1 0
1  838 0 0 0.737892000000002
2  509 76 0 0 0.737892000000002
2  510 77 0 0 0.737892000000002
0

0101000
+2155 0 -2153 0 *
Ve
1e-07
76.826813 -238.21463 0
0 0

0101101
*
Ed
 1e-07 1 1 0
1  839 0 0 0.313049000000007
2  511 76 0 0 0.313049000000007
2  512 77 0 0 0.313049000000007
0

0101000
+2153 0 -2151 0 *
Ve
1e-07
76.521217 -238.21463 0
0 0

0101101
*
Ed
 1e-07 1 1 0
1  840 0 0 0.305596000000008
2  513 76 0 0 0.305596000000008
2  514 77 0 0 0.305596000000008
0

0101000
+2151 0 -2149 0 *
Ed
 1e-07 1 1 0
1  841 0 0 0.659637000000004
2  515 76 0 0 0.659637000000004
2  516 77 0 0 0.659637000000004
0

0101000
+2149 0 -2170 0 *
Wi

0101100
+2168 0 +2166 0 +2164 0 +2162 0 +2160 0 +2158 0 +2156 0 +2154 0 +2152 0 +2150 0 
+2148 0 +2147 0 *
Ve
1e-07
80.546104 -238.527679 0
0 0

0101101
*
Ve
1e-07
79.808212 -238.527679 0
0 0

0101101
*
Ed
 1e-07 1 1 0
1  842 0 0 0.737892000000002
2  517 78 0 0 0.737892000000002
2  518 79 0 0 0.737892000000002
0

0101000
+2145 0 -2144 0 *
Ve
1e-07
79.808212 -238.21463 0
0 0

0101101
*
Ed
 1e-07 1 1 0
1  843 0 0 0.313049000000007
2  519 78 0 0 0.313049000000007
2  520 79 0 0 0.313049000000007
0

0101000
+2144 0 -2142 0 *
Ve
1e-07
79.502617 -238.21463 0
0 0

0101101
*
Ed
 1e-07 1 1 0
1  844 0 0 0.305594999999997
2  521 78 0 0 0.305594999999997
2  522 79 0 0 0.305594999999997
0

0101000
+2142 0 -2140 0 *
Ve
1e-07
79.502617 -237.554993 0
0 0

0101101
*
Ed
 1e-07 1 1 0
1  845 0 0 0.659637000000004
2  523 78 0 0 0.659637000000004
2  524 79 0 0 0.659637000000004
0

0101000
+2140 0 -2138 0 *
Ve
1e-07
79.808212 -237.554993 0
0 0

0101101
*
Ed
 1e-07 1 1 0
1  846 0 0 0.305594999999997
2  525 78 0 0 0.305594999999997
2  526 79 0 0 0.305594999999997
0

0101000
+2138 0 -2136 0 *
Ve
1e-07
79.808212 -237.245682 0
0 0

0101101
*
Ed
 1e-07 1 1 0
1  847 0 0 0.309311000000008
2  527 78 0 0 0.309311000000008
2  528 79 0 0 0.309311000000008
0

0101000
+2136 0 -2134 0 *
Ve
1e-07
80.546104 -237.245682 0
0 0

0101101
*
Ed
 1e-07 1 1 0
1  848 0 0 0.737892000000002
2  529 78 0 0 0.737892000000002
2  530 79 0 0 0.737892000000002
0

0101000
+2134 0 -2132 0 *
Ve
1e-07
80.546104 -237.554993 0
0 0

0101101
*
Ed
 1e-07 1 1 0
1  849 0 0 0.309311000000008
2  531 78 0 0 0.309311000000008
2  532 79 0 0 0.309311000000008
0

0101000
+2132 0 -2130 0 *
Ve
1e-07
80.844246 -237.554993 0
0 0

0101101
*
Ed
 1e-07 1 1 0
1  850 0 0 0.298141999999999
2  533 78 0 0 0.298141999999999
2  534 79 0 0 0.298141999999999
0

0101000
+2130 0 -2128 0 *
Ve
1e-07
80.844246 -238.21463 0
0 0

0101101
*
Ed
 1e-07 1 1 0
1  851 0 0 0.659637000000004
2  535 78 0 0 0.659637000000004
2  536 79 0 0 0.659637000000004
0

0101000
+2128 0 -2126 0 *
Ve
1e-07
80.546104 -238.21463 0
0 0

0101101
*
Ed
 1e-07 1 1 0
1  852 0 0 0.298141999999999
2  537 78 0 0 0.298141999999999
2  538 79 0 0 0.298141999999999
0

0101000
+2126 0 -2124 0 *
Ed
 1e-07 1 1 0
1  853 0 0 0.313049000000007
2  539 78 0 0 0.313049000000007
2  540 79 0 0 0.313049000000007
0

0101000
+2124 0 -2145 0 *
Wi

0101100
+2143 0 +2141 0 +2139 0 +2137 0 +2135 0 +2133 0 +2131 0 +2129 0 +2127 0 +2125 0 
+2123 0 +2122 0 *
Ve
1e-07
112.506691 -241.43454 0
0 0

0101101
*
Ve
1e-07
112.208549 -241.43454 0
0 0

0101101
*
Ed
 1e-07 1 1 0
1  854 0 0 0.298141999999999
2  541 80 0 0 0.298141999999999
2  542 81 0 0 0.298141999999999
0

0101000
+2120 0 -2119 0 *
Ve
1e-07
112.208549 -241.747589 0
0 0

0101101
*
Ed
 1e-07 1 1 0
1  855 0 0 0.313049000000007
2  543 80 0 0 0.313049000000007
2  544 81 0 0 0.313049000000007
0

0101000
+2119 0 -2117 0 *
Ve
1e-07
111.470657 -241.747589 0
0 0

0101101
*
Ed
 1e-07 1 1 0
1  856 0 0 0.737892000000002
2  545 80 0 0 0.737892000000002
2  546 81 0 0 0.737892000000002
0

0101000
+2117 0 -2115 0 *
Ve
1e-07
111.470657 -241.43454 0
0 0

0101101
*
Ed
 1e-07 1 1 0
1  857 0 0 0.313049000000007
2  547 80 0 0 0.313049000000007
2  548 81 0 0 0.313049000000007
0

0101000
+2115 0 -2113 0 *
Ve
1e-07
111.165062 -241.43454 0
0 0

0101101
*
Ed
 1e-07 1 1 0
1  858 0 0 0.305594999999997
2  549 80 0 0 0.305594999999997
2  550 81 0 0 0.305594999999997
0

0101000
+2113 0 -2111 0 *
Ve
1e-07
111.165062 -240.774902 0
0 0

0101101
*
Ed
 1e-07 1 1 0
1  859 0 0 0.659638000000001
2  551 80 0 0 0.659638000000001
2  552 81 0 0 0.659638000000001
0

0101000
+2111 0 -2109 0 *
Ve
1e-07
111.470657 -240.774902 0
0 0

0101101
*
Ed
 1e-07 1 1 0
1  860 0 0 0.305594999999997
2  553 80 0 0 0.305594999999997
2  554 81 0 0 0.305594999999997
0

0101000
+2109 0 -2107 0 *
Ve
1e-07
111.470657 -240.465591 0
0 0

0101101
*
Ed
 1e-07 1 1 0
1  861 0 0 0.309311000000008
2  555 80 0 0 0.309311000000008
2  556 81 0 0 0.309311000000008
0

0101000
+2107 0 -2105 0 *
Ve
1e-07
112.208549 -240.465591 0
0 0

0101101
*
Ed
 1e-07 1 1 0
1  862 0 0 0.737892000000002
2  557 80 0 0 0.737892000000002
2  558 81 0 0 0.737892000000002
0

0101000
+2105 0 -2103 0 *
Ve
1e-07
112.208549 -240.774902 0
0 0

0101101
*
Ed
 1e-07 1 1 0
1  863 0 0 0.309311000000008
2  559 80 0 0 0.309311000000008
2  560 81 0 0 0.309311000000008
0

0101000
+2103 0 -2101 0 *
Ve
1e-07
112.506691 -240.774902 0
0 0

0101101
*
Ed
 1e-07 1 1 0
1  864 0 0 0.298141999999999
2  561 80 0 0 0.298141999999999
2  562 81 0 0 0.298141999999999
0

0101000
+2101 0 -2099 0 *
Ed
 1e-07 1 1 0
1  865 0 0 0.659638000000001
2  563 80 0 0 0.659638000000001
2  564 81 0 0 0.659638000000001
0

0101000
+2099 0 -2120 0 *
Wi

0101100
+2118 0 +2116 0 +2114 0 +2112 0 +2110 0 +2108 0 +2106 0 +2104 0 +2102 0 +2100 0 
+2098 0 +2097 0 *
Ve
1e-07
108.75013 -237.856857 0
0 0

0101101
*
Ve
1e-07
108.451988 -237.856857 0
0 0

0101101
*
Ed
 1e-07 1 1 0
1  866 0 0 0.298141999999999
2  565 82 0 0 0.298141999999999
2  566 83 0 0 0.298141999999999
0

0101000
+2095 0 -2094 0 *
Ve
1e-07
108.451988 -238.169907 0
0 0

0101101
*
Ed
 1e-07 1 1 0
1  867 0 0 0.313050000000004
2  567 82 0 0 0.313050000000004
2  568 83 0 0 0.313050000000004
0

0101000
+2094 0 -2092 0 *
Ve
1e-07
107.714096 -238.169907 0
0 0

0101101
*
Ed
 1e-07 1 1 0
1  868 0 0 0.737892000000002
2  569 82 0 0 0.737892000000002
2  570 83 0 0 0.737892000000002
0

0101000
+2092 0 -2090 0 *
Ve
1e-07
107.714096 -237.856857 0
0 0

0101101
*
Ed
 1e-07 1 1 0
1  869 0 0 0.313050000000004
2  571 82 0 0 0.313050000000004
2  572 83 0 0 0.313050000000004
0

0101000
+2090 0 -2088 0 *
Ve
1e-07
107.408501 -237.856857 0
0 0

0101101
*
Ed
 1e-07 1 1 0
1  870 0 0 0.305594999999997
2  573 82 0 0 0.305594999999997
2  574 83 0 0 0.305594999999997
0

0101000
+2088 0 -2086 0 *
Ve
1e-07
107.408501 -237.197235 0
0 0

0101101
*
Ed
 1e-07 1 1 0
1  871 0 0 0.659621999999985
2  575 82 0 0 0.659621999999985
2  576 83 0 0 0.659621999999985
0

0101000
+2086 0 -2084 0 *
Ve
1e-07
107.714096 -237.197235 0
0 0

0101101
*
Ed
 1e-07 1 1 0
1  872 0 0 0.305594999999997
2  577 82 0 0 0.305594999999997
2  578 83 0 0 0.305594999999997
0

0101000
+2084 0 -2082 0 *
Ve
1e-07
107.714096 -236.887909 0
0 0

0101101
*
Ed
 1e-07 1 1 0
1  873 0 0 0.309325999999999
2  579 82 0 0 0.309325999999999
2  580 83 0 0 0.309325999999999
0

0101000
+2082 0 -2080 0 *
Ve
1e-07
108.451988 -236.887909 0
0 0

0101101
*
Ed
 1e-07 1 1 0
1  874 0 0 0.737892000000002
2  581 82 0 0 0.737892000000002
2  582 83 0 0 0.737892000000002
0

0101000
+2080 0 -2078 0 *
Ve
1e-07
108.451988 -237.197235 0
0 0

0101101
*
Ed
 1e-07 1 1 0
1  875 0 0 0.309325999999999
2  583 82 0 0 0.309325999999999
2  584 83 0 0 0.309325999999999
0

0101000
+2078 0 -2076 0 *
Ve
1e-07
108.75013 -237.197235 0
0 0

0101101
*
Ed
 1e-07 1 1 0
1  876 0 0 0.298141999999999
2  585 82 0 0 0.298141999999999
2  586 83 0 0 0.298141999999999
0

0101000
+2076 0 -2074 0 *
Ed
 1e-07 1 1 0
1  877 0 0 0.659621999999985
2  587 82 0 0 0.659621999999985
2  588 83 0 0 0.659621999999985
0

0101000
+2074 0 -2095 0 *
Wi

0101100
+2093 0 +2091 0 +2089 0 +2087 0 +2085 0 +2083 0 +2081 0 +2079 0 +2077 0 +2075 0 
+2073 0 +2072 0 *
Ve
1e-07
95.065514 -237.256851 0
0 0

0101101
*
Ve
1e-07
95.371109 -237.256851 0
0 0

0101101
*
Ed
 1e-07 1 1 0
1  878 0 0 0.305595000000011
2  589 84 0 0 0.305595000000011
2  590 85 0 0 0.305595000000011
0

0101000
+2070 0 -2069 0 *
Ve
1e-07
95.371109 -236.94754 0
0 0

0101101
*
Ed
 1e-07 1 1 0
1  879 0 0 0.309311000000008
2  591 84 0 0 0.309311000000008
2  592 85 0 0 0.309311000000008
0

0101000
+2069 0 -2067 0 *
Ve
1e-07
96.109001 -236.94754 0
0 0

0101101
*
Ed
 1e-07 1 1 0
1  880 0 0 0.737892000000002
2  593 84 0 0 0.737892000000002
2  594 85 0 0 0.737892000000002
0

0101000
+2067 0 -2065 0 *
Ve
1e-07
96.109001 -237.256851 0
0 0

0101101
*
Ed
 1e-07 1 1 0
1  881 0 0 0.309311000000008
2  595 84 0 0 0.309311000000008
2  596 85 0 0 0.309311000000008
0

0101000
+2065 0 -2063 0 *
Ve
1e-07
96.407143 -237.256851 0
0 0

0101101
*
Ed
 1e-07 1 1 0
1  882 0 0 0.298141999999999
2  597 84 0 0 0.298141999999999
2  598 85 0 0 0.298141999999999
0

0101000
+2063 0 -2061 0 *
Ve
1e-07
96.407143 -237.916489 0
0 0

0101101
*
Ed
 1e-07 1 1 0
1  883 0 0 0.659638000000001
2  599 84 0 0 0.659638000000001
2  600 85 0 0 0.659638000000001
0

0101000
+2061 0 -2059 0 *
Ve
1e-07
96.109001 -237.916489 0
0 0

0101101
*
Ed
 1e-07 1 1 0
1  884 0 0 0.298141999999999
2  601 84 0 0 0.298141999999999
2  602 85 0 0 0.298141999999999
0

0101000
+2059 0 -2057 0 *
Ve
1e-07
96.109001 -238.229538 0
0 0

0101101
*
Ed
 1e-07 1 1 0
1  885 0 0 0.313048999999978
2  603 84 0 0 0.313048999999978
2  604 85 0 0 0.313048999999978
0

0101000
+2057 0 -2055 0 *
Ve
1e-07
95.371109 -238.229538 0
0 0

0101101
*
Ed
 1e-07 1 1 0
1  886 0 0 0.737892000000002
2  605 84 0 0 0.737892000000002
2  606 85 0 0 0.737892000000002
0

0101000
+2055 0 -2053 0 *
Ve
1e-07
95.371109 -237.916489 0
0 0

0101101
*
Ed
 1e-07 1 1 0
1  887 0 0 0.313048999999978
2  607 84 0 0 0.313048999999978
2  608 85 0 0 0.313048999999978
0

0101000
+2053 0 -2051 0 *
Ve
1e-07
95.065514 -237.916489 0
0 0

0101101
*
Ed
 1e-07 1 1 0
1  888 0 0 0.305595000000011
2  609 84 0 0 0.305595000000011
2  610 85 0 0 0.305595000000011
0

0101000
+2051 0 -2049 0 *
Ed
 1e-07 1 1 0
1  889 0 0 0.659638000000001
2  611 84 0 0 0.659638000000001
2  612 85 0 0 0.659638000000001
0

0101000
+2049 0 -2070 0 *
Wi

0101100
+2068 0 +2066 0 +2064 0 +2062 0 +2060 0 +2058 0 +2056 0 +2054 0 +2052 0 +2050 0 
+2048 0 +2047 0 *
Ve
1e-07
112.715393 -250.170029 0
0 0

0101101
*
Ve
1e-07
112.417252 -250.170029 0
0 0

0101101
*
Ed
 1e-07 1 1 0
1  890 0 0 0.298141000000001
2  613 86 0 0 0.298141000000001
2  614 87 0 0 0.298141000000001
0

0101000
+2045 0 -2044 0 *
Ve
1e-07
112.417252 -250.483078 0
0 0

0101101
*
Ed
 1e-07 1 1 0
1  891 0 0 0.313049000000007
2  615 86 0 0 0.313049000000007
2  616 87 0 0 0.313049000000007
0

0101000
+2044 0 -2042 0 *
Ve
1e-07
111.679359 -250.483078 0
0 0

0101101
*
Ed
 1e-07 1 1 0
1  892 0 0 0.737893
2  617 86 0 0 0.737893
2  618 87 0 0 0.737893
0

0101000
+2042 0 -2040 0 *
Ve
1e-07
111.679359 -250.170029 0
0 0

0101101
*
Ed
 1e-07 1 1 0
1  893 0 0 0.313049000000007
2  619 86 0 0 0.313049000000007
2  620 87 0 0 0.313049000000007
0

0101000
+2040 0 -2038 0 *
Ve
1e-07
111.373764 -250.170029 0
0 0

0101101
*
Ed
 1e-07 1 1 0
1  894 0 0 0.305595000000011
2  621 86 0 0 0.305595000000011
2  622 87 0 0 0.305595000000011
0

0101000
+2038 0 -2036 0 *
Ve
1e-07
111.373764 -249.510406 0
0 0

0101101
*
Ed
 1e-07 1 1 0
1  895 0 0 0.659623000000011
2  623 86 0 0 0.659623000000011
2  624 87 0 0 0.659623000000011
0

0101000
+2036 0 -2034 0 *
Ve
1e-07
111.679359 -249.510406 0
0 0

0101101
*
Ed
 1e-07 1 1 0
1  896 0 0 0.305595000000011
2  625 86 0 0 0.305595000000011
2  626 87 0 0 0.305595000000011
0

0101000
+2034 0 -2032 0 *
Ve
1e-07
111.679359 -249.20108 0
0 0

0101101
*
Ed
 1e-07 1 1 0
1  897 0 0 0.309325999999999
2  627 86 0 0 0.309325999999999
2  628 87 0 0 0.309325999999999
0

0101000
+2032 0 -2030 0 *
Ve
1e-07
112.417252 -249.20108 0
0 0

0101101
*
Ed
 1e-07 1 1 0
1  898 0 0 0.737893
2  629 86 0 0 0.737893
2  630 87 0 0 0.737893
0

0101000
+2030 0 -2028 0 *
Ve
1e-07
112.417252 -249.510406 0
0 0

0101101
*
Ed
 1e-07 1 1 0
1  899 0 0 0.309325999999999
2  631 86 0 0 0.309325999999999
2  632 87 0 0 0.309325999999999
0

0101000
+2028 0 -2026 0 *
Ve
1e-07
112.715393 -249.510406 0
0 0

0101101
*
Ed
 1e-07 1 1 0
1  900 0 0 0.298141000000001
2  633 86 0 0 0.298141000000001
2  634 87 0 0 0.298141000000001
0

0101000
+2026 0 -2024 0 *
Ed
 1e-07 1 1 0
1  901 0 0 0.659623000000011
2  635 86 0 0 0.659623000000011
2  636 87 0 0 0.659623000000011
0

0101000
+2024 0 -2045 0 *
Wi

0101100
+2043 0 +2041 0 +2039 0 +2037 0 +2035 0 +2033 0 +2031 0 +2029 0 +2027 0 +2025 0 
+2023 0 +2022 0 *
Ve
1e-07
68.203117 -237.18605 0
0 0

0101101
*
Ve
1e-07
68.203117 -237.495361 0
0 0

0101101
*
Ed
 1e-07 1 1 0
1  902 0 0 0.309311000000008
2  637 88 0 0 0.309311000000008
2  638 89 0 0 0.309311000000008
0

0101000
+2020 0 -2019 0 *
Ve
1e-07
68.501259 -237.495361 0
0 0

0101101
*
Ed
 1e-07 1 1 0
1  903 0 0 0.298141999999999
2  639 88 0 0 0.298141999999999
2  640 89 0 0 0.298141999999999
0

0101000
+2019 0 -2017 0 *
Ve
1e-07
68.501259 -238.154999 0
0 0

0101101
*
Ed
 1e-07 1 1 0
1  904 0 0 0.659638000000001
2  641 88 0 0 0.659638000000001
2  642 89 0 0 0.659638000000001
0

0101000
+2017 0 -2015 0 *
Ve
1e-07
68.203117 -238.154999 0
0 0

0101101
*
Ed
 1e-07 1 1 0
1  905 0 0 0.298141999999999
2  643 88 0 0 0.298141999999999
2  644 89 0 0 0.298141999999999
0

0101000
+2015 0 -2013 0 *
Ve
1e-07
68.203117 -238.468048 0
0 0

0101101
*
Ed
 1e-07 1 1 0
1  906 0 0 0.313049000000007
2  645 88 0 0 0.313049000000007
2  646 89 0 0 0.313049000000007
0

0101000
+2013 0 -2011 0 *
Ve
1e-07
67.465225 -238.468048 0
0 0

0101101
*
Ed
 1e-07 1 1 0
1  907 0 0 0.737892000000002
2  647 88 0 0 0.737892000000002
2  648 89 0 0 0.737892000000002
0

0101000
+2011 0 -2009 0 *
Ve
1e-07
67.465225 -238.154999 0
0 0

0101101
*
Ed
 1e-07 1 1 0
1  908 0 0 0.313049000000007
2  649 88 0 0 0.313049000000007
2  650 89 0 0 0.313049000000007
0

0101000
+2009 0 -2007 0 *
Ve
1e-07
67.15963 -238.154999 0
0 0

0101101
*
Ed
 1e-07 1 1 0
1  909 0 0 0.305594999999997
2  651 88 0 0 0.305594999999997
2  652 89 0 0 0.305594999999997
0

0101000
+2007 0 -2005 0 *
Ve
1e-07
67.15963 -237.495361 0
0 0

0101101
*
Ed
 1e-07 1 1 0
1  910 0 0 0.659638000000001
2  653 88 0 0 0.659638000000001
2  654 89 0 0 0.659638000000001
0

0101000
+2005 0 -2003 0 *
Ve
1e-07
67.465225 -237.495361 0
0 0

0101101
*
Ed
 1e-07 1 1 0
1  911 0 0 0.305594999999997
2  655 88 0 0 0.305594999999997
2  656 89 0 0 0.305594999999997
0

0101000
+2003 0 -2001 0 *
Ve
1e-07
67.465225 -237.18605 0
0 0

0101101
*
Ed
 1e-07 1 1 0
1  912 0 0 0.309311000000008
2  657 88 0 0 0.309311000000008
2  658 89 0 0 0.309311000000008
0

0101000
+2001 0 -1999 0 *
Ed
 1e-07 1 1 0
1  913 0 0 0.737892000000002
2  659 88 0 0 0.737892000000002
2  660 89 0 0 0.737892000000002
0

0101000
+1999 0 -2020 0 *
Wi

0101100
+2018 0 +2016 0 +2014 0 +2012 0 +2010 0 +2008 0 +2006 0 +2004 0 +2002 0 +2000 0 
+1998 0 +1997 0 *
Ve
1e-07
58.901154 -237.435745 0
0 0

0101101
*
Ve
1e-07
59.199295 -237.435745 0
0 0

0101101
*
Ed
 1e-07 1 1 0
1  914 0 0 0.298141000000001
2  661 90 0 0 0.298141000000001
2  662 91 0 0 0.298141000000001
0

0101000
+1995 0 -1994 0 *
Ve
1e-07
59.199295 -238.095367 0
0 0

0101101
*
Ed
 1e-07 1 1 0
1  915 0 0 0.659622000000013
2  663 90 0 0 0.659622000000013
2  664 91 0 0 0.659622000000013
0

0101000
+1994 0 -1992 0 *
Ve
1e-07
58.901154 -238.095367 0
0 0

0101101
*
Ed
 1e-07 1 1 0
1  916 0 0 0.298141000000001
2  665 90 0 0 0.298141000000001
2  666 91 0 0 0.298141000000001
0

0101000
+1992 0 -1990 0 *
Ve
1e-07
58.901154 -238.408417 0
0 0

0101101
*
Ed
 1e-07 1 1 0
1  917 0 0 0.313049999999976
2  667 90 0 0 0.313049999999976
2  668 91 0 0 0.313049999999976
0

0101000
+1990 0 -1988 0 *
Ve
1e-07
58.163261 -238.408417 0
0 0

0101101
*
Ed
 1e-07 1 1 0
1  918 0 0 0.737893
2  669 90 0 0 0.737893
2  670 91 0 0 0.737893
0

0101000
+1988 0 -1986 0 *
Ve
1e-07
58.163261 -238.095367 0
0 0

0101101
*
Ed
 1e-07 1 1 0
1  919 0 0 0.313049999999976
2  671 90 0 0 0.313049999999976
2  672 91 0 0 0.313049999999976
0

0101000
+1986 0 -1984 0 *
Ve
1e-07
57.857666 -238.095367 0
0 0

0101101
*
Ed
 1e-07 1 1 0
1  920 0 0 0.305594999999997
2  673 90 0 0 0.305594999999997
2  674 91 0 0 0.305594999999997
0

0101000
+1984 0 -1982 0 *
Ve
1e-07
57.857666 -237.435745 0
0 0

0101101
*
Ed
 1e-07 1 1 0
1  921 0 0 0.659622000000013
2  675 90 0 0 0.659622000000013
2  676 91 0 0 0.659622000000013
0

0101000
+1982 0 -1980 0 *
Ve
1e-07
58.163261 -237.435745 0
0 0

0101101
*
Ed
 1e-07 1 1 0
1  922 0 0 0.305594999999997
2  677 90 0 0 0.305594999999997
2  678 91 0 0 0.305594999999997
0

0101000
+1980 0 -1978 0 *
Ve
1e-07
58.163261 -237.126419 0
0 0

0101101
*
Ed
 1e-07 1 1 0
1  923 0 0 0.309325999999999
2  679 90 0 0 0.309325999999999
2  680 91 0 0 0.309325999999999
0

0101000
+1978 0 -1976 0 *
Ve
1e-07
58.901154 -237.126419 0
0 0

0101101
*
Ed
 1e-07 1 1 0
1  924 0 0 0.737893
2  681 90 0 0 0.737893
2  682 91 0 0 0.737893
0

0101000
+1976 0 -1974 0 *
Ed
 1e-07 1 1 0
1  925 0 0 0.309325999999999
2  683 90 0 0 0.309325999999999
2  684 91 0 0 0.309325999999999
0

0101000
+1974 0 -1995 0 *
Wi

0101100
+1993 0 +1991 0 +1989 0 +1987 0 +1985 0 +1983 0 +1981 0 +1979 0 +1977 0 +1975 0 
+1973 0 +1972 0 *
Ve
1e-07
40.093376 -237.087692 0
0 0

0101101
*
Ve
1e-07
40.398968 -237.087692 0
0 0

0101101
*
Ed
 1e-07 1 1 0
1  926 0 0 0.305592000000004
2  685 92 0 0 0.305592000000004
2  686 93 0 0 0.305592000000004
0

0101000
+1970 0 -1969 0 *
Ve
1e-07
40.398968 -236.778366 0
0 0

0101101
*
Ed
 1e-07 1 1 0
1  927 0 0 0.309325999999999
2  687 92 0 0 0.309325999999999
2  688 93 0 0 0.309325999999999
0

0101000
+1969 0 -1967 0 *
Ve
1e-07
41.136864 -236.778366 0
0 0

0101101
*
Ed
 1e-07 1 1 0
1  928 0 0 0.737895999999999
2  689 92 0 0 0.737895999999999
2  690 93 0 0 0.737895999999999
0

0101000
+1967 0 -1965 0 *
Ve
1e-07
41.136864 -237.087692 0
0 0

0101101
*
Ed
 1e-07 1 1 0
1  929 0 0 0.309325999999999
2  691 92 0 0 0.309325999999999
2  692 93 0 0 0.309325999999999
0

0101000
+1965 0 -1963 0 *
Ve
1e-07
41.435005 -237.087692 0
0 0

0101101
*
Ed
 1e-07 1 1 0
1  930 0 0 0.298140999999994
2  693 92 0 0 0.298140999999994
2  694 93 0 0 0.298140999999994
0

0101000
+1963 0 -1961 0 *
Ve
1e-07
41.435005 -237.747314 0
0 0

0101101
*
Ed
 1e-07 1 1 0
1  931 0 0 0.659621999999985
2  695 92 0 0 0.659621999999985
2  696 93 0 0 0.659621999999985
0

0101000
+1961 0 -1959 0 *
Ve
1e-07
41.136864 -237.747314 0
0 0

0101101
*
Ed
 1e-07 1 1 0
1  932 0 0 0.298140999999994
2  697 92 0 0 0.298140999999994
2  698 93 0 0 0.298140999999994
0

0101000
+1959 0 -1957 0 *
Ve
1e-07
41.136864 -238.060364 0
0 0

0101101
*
Ed
 1e-07 1 1 0
1  933 0 0 0.313050000000004
2  699 92 0 0 0.313050000000004
2  700 93 0 0 0.313050000000004
0

0101000
+1957 0 -1955 0 *
Ve
1e-07
40.398968 -238.060364 0
0 0

0101101
*
Ed
 1e-07 1 1 0
1  934 0 0 0.737895999999999
2  701 92 0 0 0.737895999999999
2  702 93 0 0 0.737895999999999
0

0101000
+1955 0 -1953 0 *
Ve
1e-07
40.398968 -237.747314 0
0 0

0101101
*
Ed
 1e-07 1 1 0
1  935 0 0 0.313050000000004
2  703 92 0 0 0.313050000000004
2  704 93 0 0 0.313050000000004
0

0101000
+1953 0 -1951 0 *
Ve
1e-07
40.093376 -237.747314 0
0 0

0101101
*
Ed
 1e-07 1 1 0
1  936 0 0 0.305592000000004
2  705 92 0 0 0.305592000000004
2  706 93 0 0 0.305592000000004
0

0101000
+1951 0 -1949 0 *
Ed
 1e-07 1 1 0
1  937 0 0 0.659621999999985
2  707 92 0 0 0.659621999999985
2  708 93 0 0 0.659621999999985
0

0101000
+1949 0 -1970 0 *
Wi

0101100
+1968 0 +1966 0 +1964 0 +1962 0 +1960 0 +1958 0 +1956 0 +1954 0 +1952 0 +1950 0 
+1948 0 +1947 0 *
Ve
1e-07
36.678146 -237.087692 0
0 0

0101101
*
Ve
1e-07
36.983738 -237.087692 0
0 0

0101101
*
Ed
 1e-07 1 1 0
1  938 0 0 0.305592000000004
2  709 94 0 0 0.305592000000004
2  710 95 0 0 0.305592000000004
0

0101000
+1945 0 -1944 0 *
Ve
1e-07
36.983738 -236.778366 0
0 0

0101101
*
Ed
 1e-07 1 1 0
1  939 0 0 0.309325999999999
2  711 94 0 0 0.309325999999999
2  712 95 0 0 0.309325999999999
0

0101000
+1944 0 -1942 0 *
Ve
1e-07
37.721634 -236.778366 0
0 0

0101101
*
Ed
 1e-07 1 1 0
1  940 0 0 0.737895999999999
2  713 94 0 0 0.737895999999999
2  714 95 0 0 0.737895999999999
0

0101000
+1942 0 -1940 0 *
Ve
1e-07
37.721634 -237.087692 0
0 0

0101101
*
Ed
 1e-07 1 1 0
1  941 0 0 0.309325999999999
2  715 94 0 0 0.309325999999999
2  716 95 0 0 0.309325999999999
0

0101000
+1940 0 -1938 0 *
Ve
1e-07
38.019775 -237.087692 0
0 0

0101101
*
Ed
 1e-07 1 1 0
1  942 0 0 0.298141000000001
2  717 94 0 0 0.298141000000001
2  718 95 0 0 0.298141000000001
0

0101000
+1938 0 -1936 0 *
Ve
1e-07
38.019775 -237.747314 0
0 0

0101101
*
Ed
 1e-07 1 1 0
1  943 0 0 0.659621999999985
2  719 94 0 0 0.659621999999985
2  720 95 0 0 0.659621999999985
0

0101000
+1936 0 -1934 0 *
Ve
1e-07
37.721634 -237.747314 0
0 0

0101101
*
Ed
 1e-07 1 1 0
1  944 0 0 0.298141000000001
2  721 94 0 0 0.298141000000001
2  722 95 0 0 0.298141000000001
0

0101000
+1934 0 -1932 0 *
Ve
1e-07
37.721634 -238.060364 0
0 0

0101101
*
Ed
 1e-07 1 1 0
1  945 0 0 0.313050000000004
2  723 94 0 0 0.313050000000004
2  724 95 0 0 0.313050000000004
0

0101000
+1932 0 -1930 0 *
Ve
1e-07
36.983738 -238.060364 0
0 0

0101101
*
Ed
 1e-07 1 1 0
1  946 0 0 0.737895999999999
2  725 94 0 0 0.737895999999999
2  726 95 0 0 0.737895999999999
0

0101000
+1930 0 -1928 0 *
Ve
1e-07
36.983738 -237.747314 0
0 0

0101101
*
Ed
 1e-07 1 1 0
1  947 0 0 0.313050000000004
2  727 94 0 0 0.313050000000004
2  728 95 0 0 0.313050000000004
0

0101000
+1928 0 -1926 0 *
Ve
1e-07
36.678146 -237.747314 0
0 0

0101101
*
Ed
 1e-07 1 1 0
1  948 0 0 0.305592000000004
2  729 94 0 0 0.305592000000004
2  730 95 0 0 0.305592000000004
0

0101000
+1926 0 -1924 0 *
Ed
 1e-07 1 1 0
1  949 0 0 0.659621999999985
2  731 94 0 0 0.659621999999985
2  732 95 0 0 0.659621999999985
0

0101000
+1924 0 -1945 0 *
Wi

0101100
+1943 0 +1941 0 +1939 0 +1937 0 +1935 0 +1933 0 +1931 0 +1929 0 +1927 0 +1925 0 
+1923 0 +1922 0 *
Ve
1e-07
34.32745 -243.818848 0
0 0

0101101
*
Ve
1e-07
34.021854 -243.818848 0
0 0

0101101
*
Ed
 1e-07 1 1 0
1  950 0 0 0.305596000000001
2  733 96 0 0 0.305596000000001
2  734 97 0 0 0.305596000000001
0

0101000
+1920 0 -1919 0 *
Ve
1e-07
34.021854 -243.15921 0
0 0

0101101
*
Ed
 1e-07 1 1 0
1  951 0 0 0.659638000000001
2  735 96 0 0 0.659638000000001
2  736 97 0 0 0.659638000000001
0

0101000
+1919 0 -1917 0 *
Ve
1e-07
34.32745 -243.15921 0
0 0

0101101
*
Ed
 1e-07 1 1 0
1  952 0 0 0.305596000000001
2  737 96 0 0 0.305596000000001
2  738 97 0 0 0.305596000000001
0

0101000
+1917 0 -1915 0 *
Ve
1e-07
34.32745 -242.849884 0
0 0

0101101
*
Ed
 1e-07 1 1 0
1  953 0 0 0.309325999999999
2  739 96 0 0 0.309325999999999
2  740 97 0 0 0.309325999999999
0

0101000
+1915 0 -1913 0 *
Ve
1e-07
35.065346 -242.849884 0
0 0

0101101
*
Ed
 1e-07 1 1 0
1  954 0 0 0.737895999999999
2  741 96 0 0 0.737895999999999
2  742 97 0 0 0.737895999999999
0

0101000
+1913 0 -1911 0 *
Ve
1e-07
35.065346 -243.15921 0
0 0

0101101
*
Ed
 1e-07 1 1 0
1  955 0 0 0.309325999999999
2  743 96 0 0 0.309325999999999
2  744 97 0 0 0.309325999999999
0

0101000
+1911 0 -1909 0 *
Ve
1e-07
35.363483 -243.15921 0
0 0

0101101
*
Ed
 1e-07 1 1 0
1  956 0 0 0.298137000000004
2  745 96 0 0 0.298137000000004
2  746 97 0 0 0.298137000000004
0

0101000
+1909 0 -1907 0 *
Ve
1e-07
35.363483 -243.818848 0
0 0

0101101
*
Ed
 1e-07 1 1 0
1  957 0 0 0.659638000000001
2  747 96 0 0 0.659638000000001
2  748 97 0 0 0.659638000000001
0

0101000
+1907 0 -1905 0 *
Ve
1e-07
35.065346 -243.818848 0
0 0

0101101
*
Ed
 1e-07 1 1 0
1  958 0 0 0.298137000000004
2  749 96 0 0 0.298137000000004
2  750 97 0 0 0.298137000000004
0

0101000
+1905 0 -1903 0 *
Ve
1e-07
35.065346 -244.131882 0
0 0

0101101
*
Ed
 1e-07 1 1 0
1  959 0 0 0.313033999999988
2  751 96 0 0 0.313033999999988
2  752 97 0 0 0.313033999999988
0

0101000
+1903 0 -1901 0 *
Ve
1e-07
34.32745 -244.131882 0
0 0

0101101
*
Ed
 1e-07 1 1 0
1  960 0 0 0.737895999999999
2  753 96 0 0 0.737895999999999
2  754 97 0 0 0.737895999999999
0

0101000
+1901 0 -1899 0 *
Ed
 1e-07 1 1 0
1  961 0 0 0.313033999999988
2  755 96 0 0 0.313033999999988
2  756 97 0 0 0.313033999999988
0

0101000
+1899 0 -1920 0 *
Wi

0101100
+1918 0 +1916 0 +1914 0 +1912 0 +1910 0 +1908 0 +1906 0 +1904 0 +1902 0 +1900 0 
+1898 0 +1897 0 *
Ve
1e-07
34.89669 -240.993896 0
0 0

0101101
*
Ve
1e-07
34.89669 -241.306946 0
0 0

0101101
*
Ed
 1e-07 1 1 0
1  962 0 0 0.313050000000004
2  757 98 0 0 0.313050000000004
2  758 99 0 0 0.313050000000004
0

0101000
+1895 0 -1894 0 *
Ve
1e-07
34.158794 -241.306946 0
0 0

0101101
*
Ed
 1e-07 1 1 0
1  963 0 0 0.737895999999999
2  759 98 0 0 0.737895999999999
2  760 99 0 0 0.737895999999999
0

0101000
+1894 0 -1892 0 *
Ve
1e-07
34.158794 -240.993896 0
0 0

0101101
*
Ed
 1e-07 1 1 0
1  964 0 0 0.313050000000004
2  761 98 0 0 0.313050000000004
2  762 99 0 0 0.313050000000004
0

0101000
+1892 0 -1890 0 *
Ve
1e-07
33.853203 -240.993896 0
0 0

0101101
*
Ed
 1e-07 1 1 0
1  965 0 0 0.305591
2  763 98 0 0 0.305591
2  764 99 0 0 0.305591
0

0101000
+1890 0 -1888 0 *
Ve
1e-07
33.853203 -240.334259 0
0 0

0101101
*
Ed
 1e-07 1 1 0
1  966 0 0 0.659637000000004
2  765 98 0 0 0.659637000000004
2  766 99 0 0 0.659637000000004
0

0101000
+1888 0 -1886 0 *
Ve
1e-07
34.158794 -240.334259 0
0 0

0101101
*
Ed
 1e-07 1 1 0
1  967 0 0 0.305591
2  767 98 0 0 0.305591
2  768 99 0 0 0.305591
0

0101000
+1886 0 -1884 0 *
Ve
1e-07
34.158794 -240.024948 0
0 0

0101101
*
Ed
 1e-07 1 1 0
1  968 0 0 0.309311000000008
2  769 98 0 0 0.309311000000008
2  770 99 0 0 0.309311000000008
0

0101000
+1884 0 -1882 0 *
Ve
1e-07
34.89669 -240.024948 0
0 0

0101101
*
Ed
 1e-07 1 1 0
1  969 0 0 0.737895999999999
2  771 98 0 0 0.737895999999999
2  772 99 0 0 0.737895999999999
0

0101000
+1882 0 -1880 0 *
Ve
1e-07
34.89669 -240.334259 0
0 0

0101101
*
Ed
 1e-07 1 1 0
1  970 0 0 0.309311000000008
2  773 98 0 0 0.309311000000008
2  774 99 0 0 0.309311000000008
0

0101000
+1880 0 -1878 0 *
Ve
1e-07
35.194832 -240.334259 0
0 0

0101101
*
Ed
 1e-07 1 1 0
1  971 0 0 0.298141999999999
2  775 98 0 0 0.298141999999999
2  776 99 0 0 0.298141999999999
0

0101000
+1878 0 -1876 0 *
Ve
1e-07
35.194832 -240.993896 0
0 0

0101101
*
Ed
 1e-07 1 1 0
1  972 0 0 0.659637000000004
2  777 98 0 0 0.659637000000004
2  778 99 0 0 0.659637000000004
0

0101000
+1876 0 -1874 0 *
Ed
 1e-07 1 1 0
1  973 0 0 0.298141999999999
2  779 98 0 0 0.298141999999999
2  780 99 0 0 0.298141999999999
0

0101000
+1874 0 -1895 0 *
Wi

0101100
+1893 0 +1891 0 +1889 0 +1887 0 +1885 0 +1883 0 +1881 0 +1879 0 +1877 0 +1875 0 
+1873 0 +1872 0 *
Ve
1e-07
35.489975 -246.685944 0
0 0

0101101
*
Ve
1e-07
35.191833 -246.685944 0
0 0

0101101
*
Ed
 1e-07 1 1 0
1  974 0 0 0.298141999999999
2  781 100 0 0 0.298141999999999
2  782 101 0 0 0.298141999999999
0

0101000
+1870 0 -1869 0 *
Ve
1e-07
35.191833 -246.998993 0
0 0

0101101
*
Ed
 1e-07 1 1 0
1  975 0 0 0.313049000000007
2  783 100 0 0 0.313049000000007
2  784 101 0 0 0.313049000000007
0

0101000
+1869 0 -1867 0 *
Ve
1e-07
34.453941 -246.998993 0
0 0

0101101
*
Ed
 1e-07 1 1 0
1  976 0 0 0.737892000000002
2  785 100 0 0 0.737892000000002
2  786 101 0 0 0.737892000000002
0

0101000
+1867 0 -1865 0 *
Ve
1e-07
34.453941 -246.685944 0
0 0

0101101
*
Ed
 1e-07 1 1 0
1  977 0 0 0.313049000000007
2  787 100 0 0 0.313049000000007
2  788 101 0 0 0.313049000000007
0

0101000
+1865 0 -1863 0 *
Ve
1e-07
34.148346 -246.685944 0
0 0

0101101
*
Ed
 1e-07 1 1 0
1  978 0 0 0.305595000000004
2  789 100 0 0 0.305595000000004
2  790 101 0 0 0.305595000000004
0

0101000
+1863 0 -1861 0 *
Ve
1e-07
34.148346 -246.026321 0
0 0

0101101
*
Ed
 1e-07 1 1 0
1  979 0 0 0.659623000000011
2  791 100 0 0 0.659623000000011
2  792 101 0 0 0.659623000000011
0

0101000
+1861 0 -1859 0 *
Ve
1e-07
34.453941 -246.026321 0
0 0

0101101
*
Ed
 1e-07 1 1 0
1  980 0 0 0.305595000000004
2  793 100 0 0 0.305595000000004
2  794 101 0 0 0.305595000000004
0

0101000
+1859 0 -1857 0 *
Ve
1e-07
34.453941 -245.716995 0
0 0

0101101
*
Ed
 1e-07 1 1 0
1  981 0 0 0.309325999999999
2  795 100 0 0 0.309325999999999
2  796 101 0 0 0.309325999999999
0

0101000
+1857 0 -1855 0 *
Ve
1e-07
35.191833 -245.716995 0
0 0

0101101
*
Ed
 1e-07 1 1 0
1  982 0 0 0.737892000000002
2  797 100 0 0 0.737892000000002
2  798 101 0 0 0.737892000000002
0

0101000
+1855 0 -1853 0 *
Ve
1e-07
35.191833 -246.026321 0
0 0

0101101
*
Ed
 1e-07 1 1 0
1  983 0 0 0.309325999999999
2  799 100 0 0 0.309325999999999
2  800 101 0 0 0.309325999999999
0

0101000
+1853 0 -1851 0 *
Ve
1e-07
35.489975 -246.026321 0
0 0

0101101
*
Ed
 1e-07 1 1 0
1  984 0 0 0.298141999999999
2  801 100 0 0 0.298141999999999
2  802 101 0 0 0.298141999999999
0

0101000
+1851 0 -1849 0 *
Ed
 1e-07 1 1 0
1  985 0 0 0.659623000000011
2  803 100 0 0 0.659623000000011
2  804 101 0 0 0.659623000000011
0

0101000
+1849 0 -1870 0 *
Wi

0101100
+1868 0 +1866 0 +1864 0 +1862 0 +1860 0 +1858 0 +1856 0 +1854 0 +1852 0 +1850 0 
+1848 0 +1847 0 *
Ve
1e-07
34.316998 -251.634033 0
0 0

0101101
*
Ve
1e-07
34.622593 -251.634033 0
0 0

0101101
*
Ed
 1e-07 1 1 0
1  986 0 0 0.305595000000004
2  805 102 0 0 0.305595000000004
2  806 103 0 0 0.305595000000004
0

0101000
+1845 0 -1844 0 *
Ve
1e-07
34.622593 -251.324722 0
0 0

0101101
*
Ed
 1e-07 1 1 0
1  987 0 0 0.30931099999998
2  807 102 0 0 0.30931099999998
2  808 103 0 0 0.30931099999998
0

0101000
+1844 0 -1842 0 *
Ve
1e-07
35.360489 -251.324722 0
0 0

0101101
*
Ed
 1e-07 1 1 0
1  988 0 0 0.737895999999999
2  809 102 0 0 0.737895999999999
2  810 103 0 0 0.737895999999999
0

0101000
+1842 0 -1840 0 *
Ve
1e-07
35.360489 -251.634033 0
0 0

0101101
*
Ed
 1e-07 1 1 0
1  989 0 0 0.30931099999998
2  811 102 0 0 0.30931099999998
2  812 103 0 0 0.30931099999998
0

0101000
+1840 0 -1838 0 *
Ve
1e-07
35.658627 -251.634033 0
0 0

0101101
*
Ed
 1e-07 1 1 0
1  990 0 0 0.298138000000002
2  813 102 0 0 0.298138000000002
2  814 103 0 0 0.298138000000002
0

0101000
+1838 0 -1836 0 *
Ve
1e-07
35.658627 -252.293671 0
0 0

0101101
*
Ed
 1e-07 1 1 0
1  991 0 0 0.659638000000001
2  815 102 0 0 0.659638000000001
2  816 103 0 0 0.659638000000001
0

0101000
+1836 0 -1834 0 *
Ve
1e-07
35.360489 -252.293671 0
0 0

0101101
*
Ed
 1e-07 1 1 0
1  992 0 0 0.298138000000002
2  817 102 0 0 0.298138000000002
2  818 103 0 0 0.298138000000002
0

0101000
+1834 0 -1832 0 *
Ve
1e-07
35.360489 -252.60672 0
0 0

0101101
*
Ed
 1e-07 1 1 0
1  993 0 0 0.313049000000007
2  819 102 0 0 0.313049000000007
2  820 103 0 0 0.313049000000007
0

0101000
+1832 0 -1830 0 *
Ve
1e-07
34.622593 -252.60672 0
0 0

0101101
*
Ed
 1e-07 1 1 0
1  994 0 0 0.737895999999999
2  821 102 0 0 0.737895999999999
2  822 103 0 0 0.737895999999999
0

0101000
+1830 0 -1828 0 *
Ve
1e-07
34.622593 -252.293671 0
0 0

0101101
*
Ed
 1e-07 1 1 0
1  995 0 0 0.313049000000007
2  823 102 0 0 0.313049000000007
2  824 103 0 0 0.313049000000007
0

0101000
+1828 0 -1826 0 *
Ve
1e-07
34.316998 -252.293671 0
0 0

0101101
*
Ed
 1e-07 1 1 0
1  996 0 0 0.305595000000004
2  825 102 0 0 0.305595000000004
2  826 103 0 0 0.305595000000004
0

0101000
+1826 0 -1824 0 *
Ed
 1e-07 1 1 0
1  997 0 0 0.659638000000001
2  827 102 0 0 0.659638000000001
2  828 103 0 0 0.659638000000001
0

0101000
+1824 0 -1845 0 *
Wi

0101100
+1843 0 +1841 0 +1839 0 +1837 0 +1835 0 +1833 0 +1831 0 +1829 0 +1827 0 +1825 0 
+1823 0 +1822 0 *
Ve
1e-07
33.853203 -237.747314 0
0 0

0101101
*
Ve
1e-07
33.853203 -237.087692 0
0 0

0101101
*
Ed
 1e-07 1 1 0
1  998 0 0 0.659621999999985
2  829 104 0 0 0.659621999999985
2  830 105 0 0 0.659621999999985
0

0101000
+1820 0 -1819 0 *
Ve
1e-07
34.158794 -237.087692 0
0 0

0101101
*
Ed
 1e-07 1 1 0
1  999 0 0 0.305591
2  831 104 0 0 0.305591
2  832 105 0 0 0.305591
0

0101000
+1819 0 -1817 0 *
Ve
1e-07
34.158794 -236.778366 0
0 0

0101101
*
Ed
 1e-07 1 1 0
1  1000 0 0 0.309325999999999
2  833 104 0 0 0.309325999999999
2  834 105 0 0 0.309325999999999
0

0101000
+1817 0 -1815 0 *
Ve
1e-07
34.89669 -236.778366 0
0 0

0101101
*
Ed
 1e-07 1 1 0
1  1001 0 0 0.737895999999999
2  835 104 0 0 0.737895999999999
2  836 105 0 0 0.737895999999999
0

0101000
+1815 0 -1813 0 *
Ve
1e-07
34.89669 -237.087692 0
0 0

0101101
*
Ed
 1e-07 1 1 0
1  1002 0 0 0.309325999999999
2  837 104 0 0 0.309325999999999
2  838 105 0 0 0.309325999999999
0

0101000
+1813 0 -1811 0 *
Ve
1e-07
35.194832 -237.087692 0
0 0

0101101
*
Ed
 1e-07 1 1 0
1  1003 0 0 0.298141999999999
2  839 104 0 0 0.298141999999999
2  840 105 0 0 0.298141999999999
0

0101000
+1811 0 -1809 0 *
Ve
1e-07
35.194832 -237.747314 0
0 0

0101101
*
Ed
 1e-07 1 1 0
1  1004 0 0 0.659621999999985
2  841 104 0 0 0.659621999999985
2  842 105 0 0 0.659621999999985
0

0101000
+1809 0 -1807 0 *
Ve
1e-07
34.89669 -237.747314 0
0 0

0101101
*
Ed
 1e-07 1 1 0
1  1005 0 0 0.298141999999999
2  843 104 0 0 0.298141999999999
2  844 105 0 0 0.298141999999999
0

0101000
+1807 0 -1805 0 *
Ve
1e-07
34.89669 -238.060364 0
0 0

0101101
*
Ed
 1e-07 1 1 0
1  1006 0 0 0.313050000000004
2  845 104 0 0 0.313050000000004
2  846 105 0 0 0.313050000000004
0

0101000
+1805 0 -1803 0 *
Ve
1e-07
34.158794 -238.060364 0
0 0

0101101
*
Ed
 1e-07 1 1 0
1  1007 0 0 0.737895999999999
2  847 104 0 0 0.737895999999999
2  848 105 0 0 0.737895999999999
0

0101000
+1803 0 -1801 0 *
Ve
1e-07
34.158794 -237.747314 0
0 0

0101101
*
Ed
 1e-07 1 1 0
1  1008 0 0 0.313050000000004
2  849 104 0 0 0.313050000000004
2  850 105 0 0 0.313050000000004
0

0101000
+1801 0 -1799 0 *
Ed
 1e-07 1 1 0
1  1009 0 0 0.305591
2  851 104 0 0 0.305591
2  852 105 0 0 0.305591
0

0101000
+1799 0 -1820 0 *
Wi

0101100
+1818 0 +1816 0 +1814 0 +1812 0 +1810 0 +1808 0 +1806 0 +1804 0 +1802 0 +1800 0 
+1798 0 +1797 0 *
Ve
1e-07
62.001808 -238.408417 0
0 0

0101101
*
Ve
1e-07
61.263916 -238.408417 0
0 0

0101101
*
Ed
 1e-07 1 1 0
1  1010 0 0 0.737891999999995
2  853 106 0 0 0.737891999999995
2  854 107 0 0 0.737891999999995
0

0101000
+1795 0 -1794 0 *
Ve
1e-07
61.263916 -238.095367 0
0 0

0101101
*
Ed
 1e-07 1 1 0
1  1011 0 0 0.313049999999976
2  855 106 0 0 0.313049999999976
2  856 107 0 0 0.313049999999976
0

0101000
+1794 0 -1792 0 *
Ve
1e-07
60.958321 -238.095367 0
0 0

0101101
*
Ed
 1e-07 1 1 0
1  1012 0 0 0.305595000000004
2  857 106 0 0 0.305595000000004
2  858 107 0 0 0.305595000000004
0

0101000
+1792 0 -1790 0 *
Ve
1e-07
60.958321 -237.435745 0
0 0

0101101
*
Ed
 1e-07 1 1 0
1  1013 0 0 0.659622000000013
2  859 106 0 0 0.659622000000013
2  860 107 0 0 0.659622000000013
0

0101000
+1790 0 -1788 0 *
Ve
1e-07
61.263916 -237.435745 0
0 0

0101101
*
Ed
 1e-07 1 1 0
1  1014 0 0 0.305595000000004
2  861 106 0 0 0.305595000000004
2  862 107 0 0 0.305595000000004
0

0101000
+1788 0 -1786 0 *
Ve
1e-07
61.263916 -237.126419 0
0 0

0101101
*
Ed
 1e-07 1 1 0
1  1015 0 0 0.309325999999999
2  863 106 0 0 0.309325999999999
2  864 107 0 0 0.309325999999999
0

0101000
+1786 0 -1784 0 *
Ve
1e-07
62.001808 -237.126419 0
0 0

0101101
*
Ed
 1e-07 1 1 0
1  1016 0 0 0.737891999999995
2  865 106 0 0 0.737891999999995
2  866 107 0 0 0.737891999999995
0

0101000
+1784 0 -1782 0 *
Ve
1e-07
62.001808 -237.435745 0
0 0

0101101
*
Ed
 1e-07 1 1 0
1  1017 0 0 0.309325999999999
2  867 106 0 0 0.309325999999999
2  868 107 0 0 0.309325999999999
0

0101000
+1782 0 -1780 0 *
Ve
1e-07
62.29995 -237.435745 0
0 0

0101101
*
Ed
 1e-07 1 1 0
1  1018 0 0 0.298142000000006
2  869 106 0 0 0.298142000000006
2  870 107 0 0 0.298142000000006
0

0101000
+1780 0 -1778 0 *
Ve
1e-07
62.29995 -238.095367 0
0 0

0101101
*
Ed
 1e-07 1 1 0
1  1019 0 0 0.659622000000013
2  871 106 0 0 0.659622000000013
2  872 107 0 0 0.659622000000013
0

0101000
+1778 0 -1776 0 *
Ve
1e-07
62.001808 -238.095367 0
0 0

0101101
*
Ed
 1e-07 1 1 0
1  1020 0 0 0.298142000000006
2  873 106 0 0 0.298142000000006
2  874 107 0 0 0.298142000000006
0

0101000
+1776 0 -1774 0 *
Ed
 1e-07 1 1 0
1  1021 0 0 0.313049999999976
2  875 106 0 0 0.313049999999976
2  876 107 0 0 0.313049999999976
0

0101000
+1774 0 -1795 0 *
Wi

0101100
+1793 0 +1791 0 +1789 0 +1787 0 +1785 0 +1783 0 +1781 0 +1779 0 +1777 0 +1775 0 
+1773 0 +1772 0 *
Ve
1e-07
71.303772 -238.468048 0
0 0

0101101
*
Ve
1e-07
70.56588 -238.468048 0
0 0

0101101
*
Ed
 1e-07 1 1 0
1  1022 0 0 0.737891999999988
2  877 108 0 0 0.737891999999988
2  878 109 0 0 0.737891999999988
0

0101000
+1770 0 -1769 0 *
Ve
1e-07
70.56588 -238.154999 0
0 0

0101101
*
Ed
 1e-07 1 1 0
1  1023 0 0 0.313049000000007
2  879 108 0 0 0.313049000000007
2  880 109 0 0 0.313049000000007
0

0101000
+1769 0 -1767 0 *
Ve
1e-07
70.260284 -238.154999 0
0 0

0101101
*
Ed
 1e-07 1 1 0
1  1024 0 0 0.305596000000008
2  881 108 0 0 0.305596000000008
2  882 109 0 0 0.305596000000008
0

0101000
+1767 0 -1765 0 *
Ve
1e-07
70.260284 -237.495361 0
0 0

0101101
*
Ed
 1e-07 1 1 0
1  1025 0 0 0.659638000000001
2  883 108 0 0 0.659638000000001
2  884 109 0 0 0.659638000000001
0

0101000
+1765 0 -1763 0 *
Ve
1e-07
70.56588 -237.495361 0
0 0

0101101
*
Ed
 1e-07 1 1 0
1  1026 0 0 0.305596000000008
2  885 108 0 0 0.305596000000008
2  886 109 0 0 0.305596000000008
0

0101000
+1763 0 -1761 0 *
Ve
1e-07
70.56588 -237.18605 0
0 0

0101101
*
Ed
 1e-07 1 1 0
1  1027 0 0 0.309311000000008
2  887 108 0 0 0.309311000000008
2  888 109 0 0 0.309311000000008
0

0101000
+1761 0 -1759 0 *
Ve
1e-07
71.303772 -237.18605 0
0 0

0101101
*
Ed
 1e-07 1 1 0
1  1028 0 0 0.737891999999988
2  889 108 0 0 0.737891999999988
2  890 109 0 0 0.737891999999988
0

0101000
+1759 0 -1757 0 *
Ve
1e-07
71.303772 -237.495361 0
0 0

0101101
*
Ed
 1e-07 1 1 0
1  1029 0 0 0.309311000000008
2  891 108 0 0 0.309311000000008
2  892 109 0 0 0.309311000000008
0

0101000
+1757 0 -1755 0 *
Ve
1e-07
71.601913 -237.495361 0
0 0

0101101
*
Ed
 1e-07 1 1 0
1  1030 0 0 0.298141000000001
2  893 108 0 0 0.298141000000001
2  894 109 0 0 0.298141000000001
0

0101000
+1755 0 -1753 0 *
Ve
1e-07
71.601913 -238.154999 0
0 0

0101101
*
Ed
 1e-07 1 1 0
1  1031 0 0 0.659638000000001
2  895 108 0 0 0.659638000000001
2  896 109 0 0 0.659638000000001
0

0101000
+1753 0 -1751 0 *
Ve
1e-07
71.303772 -238.154999 0
0 0

0101101
*
Ed
 1e-07 1 1 0
1  1032 0 0 0.298141000000001
2  897 108 0 0 0.298141000000001
2  898 109 0 0 0.298141000000001
0

0101000
+1751 0 -1749 0 *
Ed
 1e-07 1 1 0
1  1033 0 0 0.313049000000007
2  899 108 0 0 0.313049000000007
2  900 109 0 0 0.313049000000007
0

0101000
+1749 0 -1770 0 *
Wi

0101100
+1768 0 +1766 0 +1764 0 +1762 0 +1760 0 +1758 0 +1756 0 +1754 0 +1752 0 +1750 0 
+1748 0 +1747 0 *
Ve
1e-07
74.523682 -238.468048 0
0 0

0101101
*
Ve
1e-07
73.785789 -238.468048 0
0 0

0101101
*
Ed
 1e-07 1 1 0
1  1034 0 0 0.737893
2  901 110 0 0 0.737893
2  902 111 0 0 0.737893
0

0101000
+1745 0 -1744 0 *
Ve
1e-07
73.785789 -238.154999 0
0 0

0101101
*
Ed
 1e-07 1 1 0
1  1035 0 0 0.313049000000007
2  903 110 0 0 0.313049000000007
2  904 111 0 0 0.313049000000007
0

0101000
+1744 0 -1742 0 *
Ve
1e-07
73.480194 -238.154999 0
0 0

0101101
*
Ed
 1e-07 1 1 0
1  1036 0 0 0.305594999999997
2  905 110 0 0 0.305594999999997
2  906 111 0 0 0.305594999999997
0

0101000
+1742 0 -1740 0 *
Ve
1e-07
73.480194 -237.495361 0
0 0

0101101
*
Ed
 1e-07 1 1 0
1  1037 0 0 0.659638000000001
2  907 110 0 0 0.659638000000001
2  908 111 0 0 0.659638000000001
0

0101000
+1740 0 -1738 0 *
Ve
1e-07
73.785789 -237.495361 0
0 0

0101101
*
Ed
 1e-07 1 1 0
1  1038 0 0 0.305594999999997
2  909 110 0 0 0.305594999999997
2  910 111 0 0 0.305594999999997
0

0101000
+1738 0 -1736 0 *
Ve
1e-07
73.785789 -237.18605 0
0 0

0101101
*
Ed
 1e-07 1 1 0
1  1039 0 0 0.309311000000008
2  911 110 0 0 0.309311000000008
2  912 111 0 0 0.309311000000008
0

0101000
+1736 0 -1734 0 *
Ve
1e-07
74.523682 -237.18605 0
0 0

0101101
*
Ed
 1e-07 1 1 0
1  1040 0 0 0.737893
2  913 110 0 0 0.737893
2  914 111 0 0 0.737893
0

0101000
+1734 0 -1732 0 *
Ve
1e-07
74.523682 -237.495361 0
0 0

0101101
*
Ed
 1e-07 1 1 0
1  1041 0 0 0.309311000000008
2  915 110 0 0 0.309311000000008
2  916 111 0 0 0.309311000000008
0

0101000
+1732 0 -1730 0 *
Ve
1e-07
74.821823 -237.495361 0
0 0

0101101
*
Ed
 1e-07 1 1 0
1  1042 0 0 0.298141000000001
2  917 110 0 0 0.298141000000001
2  918 111 0 0 0.298141000000001
0

0101000
+1730 0 -1728 0 *
Ve
1e-07
74.821823 -238.154999 0
0 0

0101101
*
Ed
 1e-07 1 1 0
1  1043 0 0 0.659638000000001
2  919 110 0 0 0.659638000000001
2  920 111 0 0 0.659638000000001
0

0101000
+1728 0 -1726 0 *
Ve
1e-07
74.523682 -238.154999 0
0 0

0101101
*
Ed
 1e-07 1 1 0
1  1044 0 0 0.298141000000001
2  921 110 0 0 0.298141000000001
2  922 111 0 0 0.298141000000001
0

0101000
+1726 0 -1724 0 *
Ed
 1e-07 1 1 0
1  1045 0 0 0.313049000000007
2  923 110 0 0 0.313049000000007
2  924 111 0 0 0.313049000000007
0

0101000
+1724 0 -1745 0 *
Wi

0101100
+1743 0 +1741 0 +1739 0 +1737 0 +1735 0 +1733 0 +1731 0 +1729 0 +1727 0 +1725 0 
+1723 0 +1722 0 *
Ve
1e-07
86.866669 -238.468048 0
0 0

0101101
*
Ve
1e-07
86.128777 -238.468048 0
0 0

0101101
*
Ed
 1e-07 1 1 0
1  1046 0 0 0.737892000000002
2  925 112 0 0 0.737892000000002
2  926 113 0 0 0.737892000000002
0

0101000
+1720 0 -1719 0 *
Ve
1e-07
86.128777 -238.154999 0
0 0

0101101
*
Ed
 1e-07 1 1 0
1  1047 0 0 0.313049000000007
2  927 112 0 0 0.313049000000007
2  928 113 0 0 0.313049000000007
0

0101000
+1719 0 -1717 0 *
Ve
1e-07
85.823181 -238.154999 0
0 0

0101101
*
Ed
 1e-07 1 1 0
1  1048 0 0 0.305595999999994
2  929 112 0 0 0.305595999999994
2  930 113 0 0 0.305595999999994
0

0101000
+1717 0 -1715 0 *
Ve
1e-07
85.823181 -237.495361 0
0 0

0101101
*
Ed
 1e-07 1 1 0
1  1049 0 0 0.659638000000001
2  931 112 0 0 0.659638000000001
2  932 113 0 0 0.659638000000001
0

0101000
+1715 0 -1713 0 *
Ve
1e-07
86.128777 -237.495361 0
0 0

0101101
*
Ed
 1e-07 1 1 0
1  1050 0 0 0.305595999999994
2  933 112 0 0 0.305595999999994
2  934 113 0 0 0.305595999999994
0

0101000
+1713 0 -1711 0 *
Ve
1e-07
86.128777 -237.18605 0
0 0

0101101
*
Ed
 1e-07 1 1 0
1  1051 0 0 0.309311000000008
2  935 112 0 0 0.309311000000008
2  936 113 0 0 0.309311000000008
0

0101000
+1711 0 -1709 0 *
Ve
1e-07
86.866669 -237.18605 0
0 0

0101101
*
Ed
 1e-07 1 1 0
1  1052 0 0 0.737892000000002
2  937 112 0 0 0.737892000000002
2  938 113 0 0 0.737892000000002
0

0101000
+1709 0 -1707 0 *
Ve
1e-07
86.866669 -237.495361 0
0 0

0101101
*
Ed
 1e-07 1 1 0
1  1053 0 0 0.309311000000008
2  939 112 0 0 0.309311000000008
2  940 113 0 0 0.309311000000008
0

0101000
+1707 0 -1705 0 *
Ve
1e-07
87.16481 -237.495361 0
0 0

0101101
*
Ed
 1e-07 1 1 0
1  1054 0 0 0.298141000000001
2  941 112 0 0 0.298141000000001
2  942 113 0 0 0.298141000000001
0

0101000
+1705 0 -1703 0 *
Ve
1e-07
87.16481 -238.154999 0
0 0

0101101
*
Ed
 1e-07 1 1 0
1  1055 0 0 0.659638000000001
2  943 112 0 0 0.659638000000001
2  944 113 0 0 0.659638000000001
0

0101000
+1703 0 -1701 0 *
Ve
1e-07
86.866669 -238.154999 0
0 0

0101101
*
Ed
 1e-07 1 1 0
1  1056 0 0 0.298141000000001
2  945 112 0 0 0.298141000000001
2  946 113 0 0 0.298141000000001
0

0101000
+1701 0 -1699 0 *
Ed
 1e-07 1 1 0
1  1057 0 0 0.313049000000007
2  947 112 0 0 0.313049000000007
2  948 113 0 0 0.313049000000007
0

0101000
+1699 0 -1720 0 *
Wi

0101100
+1718 0 +1716 0 +1714 0 +1712 0 +1710 0 +1708 0 +1706 0 +1704 0 +1702 0 +1700 0 
+1698 0 +1697 0 *
Ve
1e-07
111.284317 -253.240875 0
0 0

0101101
*
Ve
1e-07
111.284317 -252.581238 0
0 0

0101101
*
Ed
 1e-07 1 1 0
1  1058 0 0 0.659636999999975
2  949 114 0 0 0.659636999999975
2  950 115 0 0 0.659636999999975
0

0101000
+1695 0 -1694 0 *
Ve
1e-07
111.589912 -252.581238 0
0 0

0101101
*
Ed
 1e-07 1 1 0
1  1059 0 0 0.305594999999997
2  951 114 0 0 0.305594999999997
2  952 115 0 0 0.305594999999997
0

0101000
+1694 0 -1692 0 *
Ve
1e-07
111.589912 -252.271927 0
0 0

0101101
*
Ed
 1e-07 1 1 0
1  1060 0 0 0.309311000000008
2  953 114 0 0 0.309311000000008
2  954 115 0 0 0.309311000000008
0

0101000
+1692 0 -1690 0 *
Ve
1e-07
112.327805 -252.271927 0
0 0

0101101
*
Ed
 1e-07 1 1 0
1  1061 0 0 0.737893
2  955 114 0 0 0.737893
2  956 115 0 0 0.737893
0

0101000
+1690 0 -1688 0 *
Ve
1e-07
112.327805 -252.581238 0
0 0

0101101
*
Ed
 1e-07 1 1 0
1  1062 0 0 0.309311000000008
2  957 114 0 0 0.309311000000008
2  958 115 0 0 0.309311000000008
0

0101000
+1688 0 -1686 0 *
Ve
1e-07
112.625946 -252.581238 0
0 0

0101101
*
Ed
 1e-07 1 1 0
1  1063 0 0 0.298141000000001
2  959 114 0 0 0.298141000000001
2  960 115 0 0 0.298141000000001
0

0101000
+1686 0 -1684 0 *
Ve
1e-07
112.625946 -253.240875 0
0 0

0101101
*
Ed
 1e-07 1 1 0
1  1064 0 0 0.659636999999975
2  961 114 0 0 0.659636999999975
2  962 115 0 0 0.659636999999975
0

0101000
+1684 0 -1682 0 *
Ve
1e-07
112.327805 -253.240875 0
0 0

0101101
*
Ed
 1e-07 1 1 0
1  1065 0 0 0.298141000000001
2  963 114 0 0 0.298141000000001
2  964 115 0 0 0.298141000000001
0

0101000
+1682 0 -1680 0 *
Ve
1e-07
112.327805 -253.553925 0
0 0

0101101
*
Ed
 1e-07 1 1 0
1  1066 0 0 0.313050000000004
2  965 114 0 0 0.313050000000004
2  966 115 0 0 0.313050000000004
0

0101000
+1680 0 -1678 0 *
Ve
1e-07
111.589912 -253.553925 0
0 0

0101101
*
Ed
 1e-07 1 1 0
1  1067 0 0 0.737893
2  967 114 0 0 0.737893
2  968 115 0 0 0.737893
0

0101000
+1678 0 -1676 0 *
Ve
1e-07
111.589912 -253.240875 0
0 0

0101101
*
Ed
 1e-07 1 1 0
1  1068 0 0 0.313050000000004
2  969 114 0 0 0.313050000000004
2  970 115 0 0 0.313050000000004
0

0101000
+1676 0 -1674 0 *
Ed
 1e-07 1 1 0
1  1069 0 0 0.305594999999997
2  971 114 0 0 0.305594999999997
2  972 115 0 0 0.305594999999997
0

0101000
+1674 0 -1695 0 *
Wi

0101100
+1693 0 +1691 0 +1689 0 +1687 0 +1685 0 +1683 0 +1681 0 +1679 0 +1677 0 +1675 0 
+1673 0 +1672 0 *
Ve
1e-07
111.165062 -247.307892 0
0 0

0101101
*
Ve
1e-07
111.165062 -246.648254 0
0 0

0101101
*
Ed
 1e-07 1 1 0
1  1070 0 0 0.659638000000001
2  973 116 0 0 0.659638000000001
2  974 117 0 0 0.659638000000001
0

0101000
+1670 0 -1669 0 *
Ve
1e-07
111.470657 -246.648254 0
0 0

0101101
*
Ed
 1e-07 1 1 0
1  1071 0 0 0.305594999999997
2  975 116 0 0 0.305594999999997
2  976 117 0 0 0.305594999999997
0

0101000
+1669 0 -1667 0 *
Ve
1e-07
111.470657 -246.338943 0
0 0

0101101
*
Ed
 1e-07 1 1 0
1  1072 0 0 0.309311000000008
2  977 116 0 0 0.309311000000008
2  978 117 0 0 0.309311000000008
0

0101000
+1667 0 -1665 0 *
Ve
1e-07
112.208549 -246.338943 0
0 0

0101101
*
Ed
 1e-07 1 1 0
1  1073 0 0 0.737892000000002
2  979 116 0 0 0.737892000000002
2  980 117 0 0 0.737892000000002
0

0101000
+1665 0 -1663 0 *
Ve
1e-07
112.208549 -246.648254 0
0 0

0101101
*
Ed
 1e-07 1 1 0
1  1074 0 0 0.309311000000008
2  981 116 0 0 0.309311000000008
2  982 117 0 0 0.309311000000008
0

0101000
+1663 0 -1661 0 *
Ve
1e-07
112.506691 -246.648254 0
0 0

0101101
*
Ed
 1e-07 1 1 0
1  1075 0 0 0.298141999999999
2  983 116 0 0 0.298141999999999
2  984 117 0 0 0.298141999999999
0

0101000
+1661 0 -1659 0 *
Ve
1e-07
112.506691 -247.307892 0
0 0

0101101
*
Ed
 1e-07 1 1 0
1  1076 0 0 0.659638000000001
2  985 116 0 0 0.659638000000001
2  986 117 0 0 0.659638000000001
0

0101000
+1659 0 -1657 0 *
Ve
1e-07
112.208549 -247.307892 0
0 0

0101101
*
Ed
 1e-07 1 1 0
1  1077 0 0 0.298141999999999
2  987 116 0 0 0.298141999999999
2  988 117 0 0 0.298141999999999
0

0101000
+1657 0 -1655 0 *
Ve
1e-07
112.208549 -247.620941 0
0 0

0101101
*
Ed
 1e-07 1 1 0
1  1078 0 0 0.313048999999978
2  989 116 0 0 0.313048999999978
2  990 117 0 0 0.313048999999978
0

0101000
+1655 0 -1653 0 *
Ve
1e-07
111.470657 -247.620941 0
0 0

0101101
*
Ed
 1e-07 1 1 0
1  1079 0 0 0.737892000000002
2  991 116 0 0 0.737892000000002
2  992 117 0 0 0.737892000000002
0

0101000
+1653 0 -1651 0 *
Ve
1e-07
111.470657 -247.307892 0
0 0

0101101
*
Ed
 1e-07 1 1 0
1  1080 0 0 0.313048999999978
2  993 116 0 0 0.313048999999978
2  994 117 0 0 0.313048999999978
0

0101000
+1651 0 -1649 0 *
Ed
 1e-07 1 1 0
1  1081 0 0 0.305594999999997
2  995 116 0 0 0.305594999999997
2  996 117 0 0 0.305594999999997
0

0101000
+1649 0 -1670 0 *
Wi

0101100
+1668 0 +1666 0 +1664 0 +1662 0 +1660 0 +1658 0 +1656 0 +1654 0 +1652 0 +1650 0 
+1648 0 +1647 0 *
Ve
1e-07
89.967323 -238.408417 0
0 0

0101101
*
Ve
1e-07
89.229431 -238.408417 0
0 0

0101101
*
Ed
 1e-07 1 1 0
1  1082 0 0 0.737891999999988
2  997 118 0 0 0.737891999999988
2  998 119 0 0 0.737891999999988
0

0101000
+1645 0 -1644 0 *
Ve
1e-07
89.229431 -238.095367 0
0 0

0101101
*
Ed
 1e-07 1 1 0
1  1083 0 0 0.313049999999976
2  999 118 0 0 0.313049999999976
2  1000 119 0 0 0.313049999999976
0

0101000
+1644 0 -1642 0 *
Ve
1e-07
88.923836 -238.095367 0
0 0

0101101
*
Ed
 1e-07 1 1 0
1  1084 0 0 0.305595000000011
2  1001 118 0 0 0.305595000000011
2  1002 119 0 0 0.305595000000011
0

0101000
+1642 0 -1640 0 *
Ve
1e-07
88.923836 -237.435745 0
0 0

0101101
*
Ed
 1e-07 1 1 0
1  1085 0 0 0.659622000000013
2  1003 118 0 0 0.659622000000013
2  1004 119 0 0 0.659622000000013
0

0101000
+1640 0 -1638 0 *
Ve
1e-07
89.229431 -237.435745 0
0 0

0101101
*
Ed
 1e-07 1 1 0
1  1086 0 0 0.305595000000011
2  1005 118 0 0 0.305595000000011
2  1006 119 0 0 0.305595000000011
0

0101000
+1638 0 -1636 0 *
Ve
1e-07
89.229431 -237.126419 0
0 0

0101101
*
Ed
 1e-07 1 1 0
1  1087 0 0 0.309325999999999
2  1007 118 0 0 0.309325999999999
2  1008 119 0 0 0.309325999999999
0

0101000
+1636 0 -1634 0 *
Ve
1e-07
89.967323 -237.126419 0
0 0

0101101
*
Ed
 1e-07 1 1 0
1  1088 0 0 0.737891999999988
2  1009 118 0 0 0.737891999999988
2  1010 119 0 0 0.737891999999988
0

0101000
+1634 0 -1632 0 *
Ve
1e-07
89.967323 -237.435745 0
0 0

0101101
*
Ed
 1e-07 1 1 0
1  1089 0 0 0.309325999999999
2  1011 118 0 0 0.309325999999999
2  1012 119 0 0 0.309325999999999
0

0101000
+1632 0 -1630 0 *
Ve
1e-07
90.265465 -237.435745 0
0 0

0101101
*
Ed
 1e-07 1 1 0
1  1090 0 0 0.298142000000013
2  1013 118 0 0 0.298142000000013
2  1014 119 0 0 0.298142000000013
0

0101000
+1630 0 -1628 0 *
Ve
1e-07
90.265465 -238.095367 0
0 0

0101101
*
Ed
 1e-07 1 1 0
1  1091 0 0 0.659622000000013
2  1015 118 0 0 0.659622000000013
2  1016 119 0 0 0.659622000000013
0

0101000
+1628 0 -1626 0 *
Ve
1e-07
89.967323 -238.095367 0
0 0

0101101
*
Ed
 1e-07 1 1 0
1  1092 0 0 0.298142000000013
2  1017 118 0 0 0.298142000000013
2  1018 119 0 0 0.298142000000013
0

0101000
+1626 0 -1624 0 *
Ed
 1e-07 1 1 0
1  1093 0 0 0.313049999999976
2  1019 118 0 0 0.313049999999976
2  1020 119 0 0 0.313049999999976
0

0101000
+1624 0 -1645 0 *
Wi

0101100
+1643 0 +1641 0 +1639 0 +1637 0 +1635 0 +1633 0 +1631 0 +1629 0 +1627 0 +1625 0 
+1623 0 +1622 0 *
Ve
1e-07
105.470596 -237.007156 0
0 0

0101101
*
Ve
1e-07
105.470596 -237.316483 0
0 0

0101101
*
Ed
 1e-07 1 1 0
1  1094 0 0 0.309326999999996
2  1021 120 0 0 0.309326999999996
2  1022 121 0 0 0.309326999999996
0

0101000
+1620 0 -1619 0 *
Ve
1e-07
105.76873 -237.316483 0
0 0

0101101
*
Ed
 1e-07 1 1 0
1  1095 0 0 0.298134000000005
2  1023 120 0 0 0.298134000000005
2  1024 121 0 0 0.298134000000005
0

0101000
+1619 0 -1617 0 *
Ve
1e-07
105.76873 -237.97612 0
0 0

0101101
*
Ed
 1e-07 1 1 0
1  1096 0 0 0.659637000000004
2  1025 120 0 0 0.659637000000004
2  1026 121 0 0 0.659637000000004
0

0101000
+1617 0 -1615 0 *
Ve
1e-07
105.470596 -237.97612 0
0 0

0101101
*
Ed
 1e-07 1 1 0
1  1097 0 0 0.298134000000005
2  1027 120 0 0 0.298134000000005
2  1028 121 0 0 0.298134000000005
0

0101000
+1615 0 -1613 0 *
Ve
1e-07
105.470596 -238.289169 0
0 0

0101101
*
Ed
 1e-07 1 1 0
1  1098 0 0 0.313048999999978
2  1029 120 0 0 0.313048999999978
2  1030 121 0 0 0.313048999999978
0

0101000
+1613 0 -1611 0 *
Ve
1e-07
104.732697 -238.289169 0
0 0

0101101
*
Ed
 1e-07 1 1 0
1  1099 0 0 0.737898999999999
2  1031 120 0 0 0.737898999999999
2  1032 121 0 0 0.737898999999999
0

0101000
+1611 0 -1609 0 *
Ve
1e-07
104.732697 -237.97612 0
0 0

0101101
*
Ed
 1e-07 1 1 0
1  1100 0 0 0.313048999999978
2  1033 120 0 0 0.313048999999978
2  1034 121 0 0 0.313048999999978
0

0101000
+1609 0 -1607 0 *
Ve
1e-07
104.427109 -237.97612 0
0 0

0101101
*
Ed
 1e-07 1 1 0
1  1101 0 0 0.305588
2  1035 120 0 0 0.305588
2  1036 121 0 0 0.305588
0

0101000
+1607 0 -1605 0 *
Ve
1e-07
104.427109 -237.316483 0
0 0

0101101
*
Ed
 1e-07 1 1 0
1  1102 0 0 0.659637000000004
2  1037 120 0 0 0.659637000000004
2  1038 121 0 0 0.659637000000004
0

0101000
+1605 0 -1603 0 *
Ve
1e-07
104.732697 -237.316483 0
0 0

0101101
*
Ed
 1e-07 1 1 0
1  1103 0 0 0.305588
2  1039 120 0 0 0.305588
2  1040 121 0 0 0.305588
0

0101000
+1603 0 -1601 0 *
Ve
1e-07
104.732697 -237.007156 0
0 0

0101101
*
Ed
 1e-07 1 1 0
1  1104 0 0 0.309326999999996
2  1041 120 0 0 0.309326999999996
2  1042 121 0 0 0.309326999999996
0

0101000
+1601 0 -1599 0 *
Ed
 1e-07 1 1 0
1  1105 0 0 0.737898999999999
2  1043 120 0 0 0.737898999999999
2  1044 121 0 0 0.737898999999999
0

0101000
+1599 0 -1620 0 *
Wi

0101100
+1618 0 +1616 0 +1614 0 +1612 0 +1610 0 +1608 0 +1606 0 +1604 0 +1602 0 +1600 0 
+1598 0 +1597 0 *
Ve
1e-07
112.447067 -270.041046 0
0 0

0101101
*
Ve
1e-07
112.447067 -270.350372 0
0 0

0101101
*
Ed
 1e-07 1 1 0
1  1106 0 0 0.309325999999999
2  1045 122 0 0 0.309325999999999
2  1046 123 0 0 0.309325999999999
0

0101000
+1595 0 -1594 0 *
Ve
1e-07
112.745201 -270.350372 0
0 0

0101101
*
Ed
 1e-07 1 1 0
1  1107 0 0 0.29813399999999
2  1047 122 0 0 0.29813399999999
2  1048 123 0 0 0.29813399999999
0

0101000
+1594 0 -1592 0 *
Ve
1e-07
112.745201 -271.01001 0
0 0

0101101
*
Ed
 1e-07 1 1 0
1  1108 0 0 0.659638000000029
2  1049 122 0 0 0.659638000000029
2  1050 123 0 0 0.659638000000029
0

0101000
+1592 0 -1590 0 *
Ve
1e-07
112.447067 -271.01001 0
0 0

0101101
*
Ed
 1e-07 1 1 0
1  1109 0 0 0.29813399999999
2  1051 122 0 0 0.29813399999999
2  1052 123 0 0 0.29813399999999
0

0101000
+1590 0 -1588 0 *
Ve
1e-07
112.447067 -271.323059 0
0 0

0101101
*
Ed
 1e-07 1 1 0
1  1110 0 0 0.313048999999978
2  1053 122 0 0 0.313048999999978
2  1054 123 0 0 0.313048999999978
0

0101000
+1588 0 -1586 0 *
Ve
1e-07
111.709167 -271.323059 0
0 0

0101101
*
Ed
 1e-07 1 1 0
1  1111 0 0 0.73790000000001
2  1055 122 0 0 0.73790000000001
2  1056 123 0 0 0.73790000000001
0

0101000
+1586 0 -1584 0 *
Ve
1e-07
111.709167 -271.01001 0
0 0

0101101
*
Ed
 1e-07 1 1 0
1  1112 0 0 0.313048999999978
2  1057 122 0 0 0.313048999999978
2  1058 123 0 0 0.313048999999978
0

0101000
+1584 0 -1582 0 *
Ve
1e-07
111.40358 -271.01001 0
0 0

0101101
*
Ed
 1e-07 1 1 0
1  1113 0 0 0.305586999999989
2  1059 122 0 0 0.305586999999989
2  1060 123 0 0 0.305586999999989
0

0101000
+1582 0 -1580 0 *
Ve
1e-07
111.40358 -270.350372 0
0 0

0101101
*
Ed
 1e-07 1 1 0
1  1114 0 0 0.659638000000029
2  1061 122 0 0 0.659638000000029
2  1062 123 0 0 0.659638000000029
0

0101000
+1580 0 -1578 0 *
Ve
1e-07
111.709167 -270.350372 0
0 0

0101101
*
Ed
 1e-07 1 1 0
1  1115 0 0 0.305586999999989
2  1063 122 0 0 0.305586999999989
2  1064 123 0 0 0.305586999999989
0

0101000
+1578 0 -1576 0 *
Ve
1e-07
111.709167 -270.041046 0
0 0

0101101
*
Ed
 1e-07 1 1 0
1  1116 0 0 0.309325999999999
2  1065 122 0 0 0.309325999999999
2  1066 123 0 0 0.309325999999999
0

0101000
+1576 0 -1574 0 *
Ed
 1e-07 1 1 0
1  1117 0 0 0.73790000000001
2  1067 122 0 0 0.73790000000001
2  1068 123 0 0 0.73790000000001
0

0101000
+1574 0 -1595 0 *
Wi

0101100
+1593 0 +1591 0 +1589 0 +1587 0 +1585 0 +1583 0 +1581 0 +1579 0 +1577 0 +1575 0 
+1573 0 +1572 0 *
Ve
1e-07
95.810867 -276.879639 0
0 0

0101101
*
Ve
1e-07
96.116455 -276.879639 0
0 0

0101101
*
Ed
 1e-07 1 1 0
1  1118 0 0 0.305588
2  1069 124 0 0 0.305588
2  1070 125 0 0 0.305588
0

0101000
+1570 0 -1569 0 *
Ve
1e-07
96.116455 -276.570312 0
0 0

0101101
*
Ed
 1e-07 1 1 0
1  1119 0 0 0.309326999999996
2  1071 124 0 0 0.309326999999996
2  1072 125 0 0 0.309326999999996
0

0101000
+1569 0 -1567 0 *
Ve
1e-07
96.854355 -276.570312 0
0 0

0101101
*
Ed
 1e-07 1 1 0
1  1120 0 0 0.737899999999996
2  1073 124 0 0 0.737899999999996
2  1074 125 0 0 0.737899999999996
0

0101000
+1567 0 -1565 0 *
Ve
1e-07
96.854355 -276.879639 0
0 0

0101101
*
Ed
 1e-07 1 1 0
1  1121 0 0 0.309326999999996
2  1075 124 0 0 0.309326999999996
2  1076 125 0 0 0.309326999999996
0

0101000
+1565 0 -1563 0 *
Ve
1e-07
97.152489 -276.879639 0
0 0

0101101
*
Ed
 1e-07 1 1 0
1  1122 0 0 0.298134000000005
2  1077 124 0 0 0.298134000000005
2  1078 125 0 0 0.298134000000005
0

0101000
+1563 0 -1561 0 *
Ve
1e-07
97.152489 -277.539276 0
0 0

0101101
*
Ed
 1e-07 1 1 0
1  1123 0 0 0.659636999999975
2  1079 124 0 0 0.659636999999975
2  1080 125 0 0 0.659636999999975
0

0101000
+1561 0 -1559 0 *
Ve
1e-07
96.854355 -277.539276 0
0 0

0101101
*
Ed
 1e-07 1 1 0
1  1124 0 0 0.298134000000005
2  1081 124 0 0 0.298134000000005
2  1082 125 0 0 0.298134000000005
0

0101000
+1559 0 -1557 0 *
Ve
1e-07
96.854355 -277.852325 0
0 0

0101101
*
Ed
 1e-07 1 1 0
1  1125 0 0 0.313049000000035
2  1083 124 0 0 0.313049000000035
2  1084 125 0 0 0.313049000000035
0

0101000
+1557 0 -1555 0 *
Ve
1e-07
96.116455 -277.852325 0
0 0

0101101
*
Ed
 1e-07 1 1 0
1  1126 0 0 0.737899999999996
2  1085 124 0 0 0.737899999999996
2  1086 125 0 0 0.737899999999996
0

0101000
+1555 0 -1553 0 *
Ve
1e-07
96.116455 -277.539276 0
0 0

0101101
*
Ed
 1e-07 1 1 0
1  1127 0 0 0.313049000000035
2  1087 124 0 0 0.313049000000035
2  1088 125 0 0 0.313049000000035
0

0101000
+1553 0 -1551 0 *
Ve
1e-07
95.810867 -277.539276 0
0 0

0101101
*
Ed
 1e-07 1 1 0
1  1128 0 0 0.305588
2  1089 124 0 0 0.305588
2  1090 125 0 0 0.305588
0

0101000
+1551 0 -1549 0 *
Ed
 1e-07 1 1 0
1  1129 0 0 0.659636999999975
2  1091 124 0 0 0.659636999999975
2  1092 125 0 0 0.659636999999975
0

0101000
+1549 0 -1570 0 *
Wi

0101100
+1568 0 +1566 0 +1564 0 +1562 0 +1560 0 +1558 0 +1556 0 +1554 0 +1552 0 +1550 0 
+1548 0 +1547 0 *
Ve
1e-07
84.630623 -276.45105 0
0 0

0101101
*
Ve
1e-07
84.630623 -276.760376 0
0 0

0101101
*
Ed
 1e-07 1 1 0
1  1130 0 0 0.309325999999999
2  1093 126 0 0 0.309325999999999
2  1094 127 0 0 0.309325999999999
0

0101000
+1545 0 -1544 0 *
Ve
1e-07
84.928757 -276.760376 0
0 0

0101101
*
Ed
 1e-07 1 1 0
1  1131 0 0 0.298134000000005
2  1095 126 0 0 0.298134000000005
2  1096 127 0 0 0.298134000000005
0

0101000
+1544 0 -1542 0 *
Ve
1e-07
84.928757 -277.420013 0
0 0

0101101
*
Ed
 1e-07 1 1 0
1  1132 0 0 0.659636999999975
2  1097 126 0 0 0.659636999999975
2  1098 127 0 0 0.659636999999975
0

0101000
+1542 0 -1540 0 *
Ve
1e-07
84.630623 -277.420013 0
0 0

0101101
*
Ed
 1e-07 1 1 0
1  1133 0 0 0.298134000000005
2  1099 126 0 0 0.298134000000005
2  1100 127 0 0 0.298134000000005
0

0101000
+1540 0 -1538 0 *
Ve
1e-07
84.630623 -277.733063 0
0 0

0101101
*
Ed
 1e-07 1 1 0
1  1134 0 0 0.313050000000032
2  1101 126 0 0 0.313050000000032
2  1102 127 0 0 0.313050000000032
0

0101000
+1538 0 -1536 0 *
Ve
1e-07
83.892723 -277.733063 0
0 0

0101101
*
Ed
 1e-07 1 1 0
1  1135 0 0 0.737899999999996
2  1103 126 0 0 0.737899999999996
2  1104 127 0 0 0.737899999999996
0

0101000
+1536 0 -1534 0 *
Ve
1e-07
83.892723 -277.420013 0
0 0

0101101
*
Ed
 1e-07 1 1 0
1  1136 0 0 0.313050000000032
2  1105 126 0 0 0.313050000000032
2  1106 127 0 0 0.313050000000032
0

0101000
+1534 0 -1532 0 *
Ve
1e-07
83.587135 -277.420013 0
0 0

0101101
*
Ed
 1e-07 1 1 0
1  1137 0 0 0.305588
2  1107 126 0 0 0.305588
2  1108 127 0 0 0.305588
0

0101000
+1532 0 -1530 0 *
Ve
1e-07
83.587135 -276.760376 0
0 0

0101101
*
Ed
 1e-07 1 1 0
1  1138 0 0 0.659636999999975
2  1109 126 0 0 0.659636999999975
2  1110 127 0 0 0.659636999999975
0

0101000
+1530 0 -1528 0 *
Ve
1e-07
83.892723 -276.760376 0
0 0

0101101
*
Ed
 1e-07 1 1 0
1  1139 0 0 0.305588
2  1111 126 0 0 0.305588
2  1112 127 0 0 0.305588
0

0101000
+1528 0 -1526 0 *
Ve
1e-07
83.892723 -276.45105 0
0 0

0101101
*
Ed
 1e-07 1 1 0
1  1140 0 0 0.309325999999999
2  1113 126 0 0 0.309325999999999
2  1114 127 0 0 0.309325999999999
0

0101000
+1526 0 -1524 0 *
Ed
 1e-07 1 1 0
1  1141 0 0 0.737899999999996
2  1115 126 0 0 0.737899999999996
2  1116 127 0 0 0.737899999999996
0

0101000
+1524 0 -1545 0 *
Wi

0101100
+1543 0 +1541 0 +1539 0 +1537 0 +1535 0 +1533 0 +1531 0 +1529 0 +1527 0 +1525 0 
+1523 0 +1522 0 *
Ve
1e-07
59.109856 -277.390198 0
0 0

0101101
*
Ve
1e-07
59.109856 -276.73056 0
0 0

0101101
*
Ed
 1e-07 1 1 0
1  1142 0 0 0.659637999999973
2  1117 128 0 0 0.659637999999973
2  1118 129 0 0 0.659637999999973
0

0101000
+1520 0 -1519 0 *
Ve
1e-07
59.415447 -276.73056 0
0 0

0101101
*
Ed
 1e-07 1 1 0
1  1143 0 0 0.305591
2  1119 128 0 0 0.305591
2  1120 129 0 0 0.305591
0

0101000
+1519 0 -1517 0 *
Ve
1e-07
59.415447 -276.421234 0
0 0

0101101
*
Ed
 1e-07 1 1 0
1  1144 0 0 0.309325999999999
2  1121 128 0 0 0.309325999999999
2  1122 129 0 0 0.309325999999999
0

0101000
+1517 0 -1515 0 *
Ve
1e-07
60.153343 -276.421234 0
0 0

0101101
*
Ed
 1e-07 1 1 0
1  1145 0 0 0.737895999999999
2  1123 128 0 0 0.737895999999999
2  1124 129 0 0 0.737895999999999
0

0101000
+1515 0 -1513 0 *
Ve
1e-07
60.153343 -276.73056 0
0 0

0101101
*
Ed
 1e-07 1 1 0
1  1146 0 0 0.309325999999999
2  1125 128 0 0 0.309325999999999
2  1126 129 0 0 0.309325999999999
0

0101000
+1513 0 -1511 0 *
Ve
1e-07
60.451481 -276.73056 0
0 0

0101101
*
Ed
 1e-07 1 1 0
1  1147 0 0 0.298138000000002
2  1127 128 0 0 0.298138000000002
2  1128 129 0 0 0.298138000000002
0

0101000
+1511 0 -1509 0 *
Ve
1e-07
60.451481 -277.390198 0
0 0

0101101
*
Ed
 1e-07 1 1 0
1  1148 0 0 0.659637999999973
2  1129 128 0 0 0.659637999999973
2  1130 129 0 0 0.659637999999973
0

0101000
+1509 0 -1507 0 *
Ve
1e-07
60.153343 -277.390198 0
0 0

0101101
*
Ed
 1e-07 1 1 0
1  1149 0 0 0.298138000000002
2  1131 128 0 0 0.298138000000002
2  1132 129 0 0 0.298138000000002
0

0101000
+1507 0 -1505 0 *
Ve
1e-07
60.153343 -277.703247 0
0 0

0101101
*
Ed
 1e-07 1 1 0
1  1150 0 0 0.313048999999978
2  1133 128 0 0 0.313048999999978
2  1134 129 0 0 0.313048999999978
0

0101000
+1505 0 -1503 0 *
Ve
1e-07
59.415447 -277.703247 0
0 0

0101101
*
Ed
 1e-07 1 1 0
1  1151 0 0 0.737895999999999
2  1135 128 0 0 0.737895999999999
2  1136 129 0 0 0.737895999999999
0

0101000
+1503 0 -1501 0 *
Ve
1e-07
59.415447 -277.390198 0
0 0

0101101
*
Ed
 1e-07 1 1 0
1  1152 0 0 0.313048999999978
2  1137 128 0 0 0.313048999999978
2  1138 129 0 0 0.313048999999978
0

0101000
+1501 0 -1499 0 *
Ed
 1e-07 1 1 0
1  1153 0 0 0.305591
2  1139 128 0 0 0.305591
2  1140 129 0 0 0.305591
0

0101000
+1499 0 -1520 0 *
Wi

0101100
+1518 0 +1516 0 +1514 0 +1512 0 +1510 0 +1508 0 +1506 0 +1504 0 +1502 0 +1500 0 
+1498 0 +1497 0 *
Ve
1e-07
101.266823 -237.316483 0
0 0

0101101
*
Ve
1e-07
101.572418 -237.316483 0
0 0

0101101
*
Ed
 1e-07 1 1 0
1  1154 0 0 0.305594999999997
2  1141 130 0 0 0.305594999999997
2  1142 131 0 0 0.305594999999997
0

0101000
+1495 0 -1494 0 *
Ve
1e-07
101.572418 -237.007156 0
0 0

0101101
*
Ed
 1e-07 1 1 0
1  1155 0 0 0.309326999999996
2  1143 130 0 0 0.309326999999996
2  1144 131 0 0 0.309326999999996
0

0101000
+1494 0 -1492 0 *
Ve
1e-07
102.31031 -237.007156 0
0 0

0101101
*
Ed
 1e-07 1 1 0
1  1156 0 0 0.737892000000002
2  1145 130 0 0 0.737892000000002
2  1146 131 0 0 0.737892000000002
0

0101000
+1492 0 -1490 0 *
Ve
1e-07
102.31031 -237.316483 0
0 0

0101101
*
Ed
 1e-07 1 1 0
1  1157 0 0 0.309326999999996
2  1147 130 0 0 0.309326999999996
2  1148 131 0 0 0.309326999999996
0

0101000
+1490 0 -1488 0 *
Ve
1e-07
102.608452 -237.316483 0
0 0

0101101
*
Ed
 1e-07 1 1 0
1  1158 0 0 0.298141999999999
2  1149 130 0 0 0.298141999999999
2  1150 131 0 0 0.298141999999999
0

0101000
+1488 0 -1486 0 *
Ve
1e-07
102.608452 -237.97612 0
0 0

0101101
*
Ed
 1e-07 1 1 0
1  1159 0 0 0.659637000000004
2  1151 130 0 0 0.659637000000004
2  1152 131 0 0 0.659637000000004
0

0101000
+1486 0 -1484 0 *
Ve
1e-07
102.31031 -237.97612 0
0 0

0101101
*
Ed
 1e-07 1 1 0
1  1160 0 0 0.298141999999999
2  1153 130 0 0 0.298141999999999
2  1154 131 0 0 0.298141999999999
0

0101000
+1484 0 -1482 0 *
Ve
1e-07
102.31031 -238.289169 0
0 0

0101101
*
Ed
 1e-07 1 1 0
1  1161 0 0 0.313048999999978
2  1155 130 0 0 0.313048999999978
2  1156 131 0 0 0.313048999999978
0

0101000
+1482 0 -1480 0 *
Ve
1e-07
101.572418 -238.289169 0
0 0

0101101
*
Ed
 1e-07 1 1 0
1  1162 0 0 0.737892000000002
2  1157 130 0 0 0.737892000000002
2  1158 131 0 0 0.737892000000002
0

0101000
+1480 0 -1478 0 *
Ve
1e-07
101.572418 -237.97612 0
0 0

0101101
*
Ed
 1e-07 1 1 0
1  1163 0 0 0.313048999999978
2  1159 130 0 0 0.313048999999978
2  1160 131 0 0 0.313048999999978
0

0101000
+1478 0 -1476 0 *
Ve
1e-07
101.266823 -237.97612 0
0 0

0101101
*
Ed
 1e-07 1 1 0
1  1164 0 0 0.305594999999997
2  1161 130 0 0 0.305594999999997
2  1162 131 0 0 0.305594999999997
0

0101000
+1476 0 -1474 0 *
Ed
 1e-07 1 1 0
1  1165 0 0 0.659637000000004
2  1163 130 0 0 0.659637000000004
2  1164 131 0 0 0.659637000000004
0

0101000
+1474 0 -1495 0 *
Wi

0101100
+1493 0 +1491 0 +1489 0 +1487 0 +1485 0 +1483 0 +1481 0 +1479 0 +1477 0 +1475 0 
+1473 0 +1472 0 *
Ve
1e-07
112.566322 -244.415939 0
0 0

0101101
*
Ve
1e-07
112.268181 -244.415939 0
0 0

0101101
*
Ed
 1e-07 1 1 0
1  1166 0 0 0.298141000000001
2  1165 132 0 0 0.298141000000001
2  1166 133 0 0 0.298141000000001
0

0101000
+1470 0 -1469 0 *
Ve
1e-07
112.268181 -244.728989 0
0 0

0101101
*
Ed
 1e-07 1 1 0
1  1167 0 0 0.313050000000004
2  1167 132 0 0 0.313050000000004
2  1168 133 0 0 0.313050000000004
0

0101000
+1469 0 -1467 0 *
Ve
1e-07
111.530289 -244.728989 0
0 0

0101101
*
Ed
 1e-07 1 1 0
1  1168 0 0 0.737892000000002
2  1169 132 0 0 0.737892000000002
2  1170 133 0 0 0.737892000000002
0

0101000
+1467 0 -1465 0 *
Ve
1e-07
111.530289 -244.415939 0
0 0

0101101
*
Ed
 1e-07 1 1 0
1  1169 0 0 0.313050000000004
2  1171 132 0 0 0.313050000000004
2  1172 133 0 0 0.313050000000004
0

0101000
+1465 0 -1463 0 *
Ve
1e-07
111.224693 -244.415939 0
0 0

0101101
*
Ed
 1e-07 1 1 0
1  1170 0 0 0.305595999999994
2  1173 132 0 0 0.305595999999994
2  1174 133 0 0 0.305595999999994
0

0101000
+1463 0 -1461 0 *
Ve
1e-07
111.224693 -243.756302 0
0 0

0101101
*
Ed
 1e-07 1 1 0
1  1171 0 0 0.659637000000004
2  1175 132 0 0 0.659637000000004
2  1176 133 0 0 0.659637000000004
0

0101000
+1461 0 -1459 0 *
Ve
1e-07
111.530289 -243.756302 0
0 0

0101101
*
Ed
 1e-07 1 1 0
1  1172 0 0 0.305595999999994
2  1177 132 0 0 0.305595999999994
2  1178 133 0 0 0.305595999999994
0

0101000
+1459 0 -1457 0 *
Ve
1e-07
111.530289 -243.446976 0
0 0

0101101
*
Ed
 1e-07 1 1 0
1  1173 0 0 0.309325999999999
2  1179 132 0 0 0.309325999999999
2  1180 133 0 0 0.309325999999999
0

0101000
+1457 0 -1455 0 *
Ve
1e-07
112.268181 -243.446976 0
0 0

0101101
*
Ed
 1e-07 1 1 0
1  1174 0 0 0.737892000000002
2  1181 132 0 0 0.737892000000002
2  1182 133 0 0 0.737892000000002
0

0101000
+1455 0 -1453 0 *
Ve
1e-07
112.268181 -243.756302 0
0 0

0101101
*
Ed
 1e-07 1 1 0
1  1175 0 0 0.309325999999999
2  1183 132 0 0 0.309325999999999
2  1184 133 0 0 0.309325999999999
0

0101000
+1453 0 -1451 0 *
Ve
1e-07
112.566322 -243.756302 0
0 0

0101101
*
Ed
 1e-07 1 1 0
1  1176 0 0 0.298141000000001
2  1185 132 0 0 0.298141000000001
2  1186 133 0 0 0.298141000000001
0

0101000
+1451 0 -1449 0 *
Ed
 1e-07 1 1 0
1  1177 0 0 0.659637000000004
2  1187 132 0 0 0.659637000000004
2  1188 133 0 0 0.659637000000004
0

0101000
+1449 0 -1470 0 *
Wi

0101100
+1468 0 +1466 0 +1464 0 +1462 0 +1460 0 +1458 0 +1456 0 +1454 0 +1452 0 +1450 0 
+1448 0 +1447 0 *
Ve
1e-07
112.566322 -256.103027 0
0 0

0101101
*
Ve
1e-07
112.268181 -256.103027 0
0 0

0101101
*
Ed
 1e-07 1 1 0
1  1178 0 0 0.298141000000001
2  1189 134 0 0 0.298141000000001
2  1190 135 0 0 0.298141000000001
0

0101000
+1445 0 -1444 0 *
Ve
1e-07
112.268181 -256.416077 0
0 0

0101101
*
Ed
 1e-07 1 1 0
1  1179 0 0 0.313049999999976
2  1191 134 0 0 0.313049999999976
2  1192 135 0 0 0.313049999999976
0

0101000
+1444 0 -1442 0 *
Ve
1e-07
111.530289 -256.416077 0
0 0

0101101
*
Ed
 1e-07 1 1 0
1  1180 0 0 0.737892000000002
2  1193 134 0 0 0.737892000000002
2  1194 135 0 0 0.737892000000002
0

0101000
+1442 0 -1440 0 *
Ve
1e-07
111.530289 -256.103027 0
0 0

0101101
*
Ed
 1e-07 1 1 0
1  1181 0 0 0.313049999999976
2  1195 134 0 0 0.313049999999976
2  1196 135 0 0 0.313049999999976
0

0101000
+1440 0 -1438 0 *
Ve
1e-07
111.224693 -256.103027 0
0 0

0101101
*
Ed
 1e-07 1 1 0
1  1182 0 0 0.305595999999994
2  1197 134 0 0 0.305595999999994
2  1198 135 0 0 0.305595999999994
0

0101000
+1438 0 -1436 0 *
Ve
1e-07
111.224693 -255.44339 0
0 0

0101101
*
Ed
 1e-07 1 1 0
1  1183 0 0 0.659637000000004
2  1199 134 0 0 0.659637000000004
2  1200 135 0 0 0.659637000000004
0

0101000
+1436 0 -1434 0 *
Ve
1e-07
111.530289 -255.44339 0
0 0

0101101
*
Ed
 1e-07 1 1 0
1  1184 0 0 0.305595999999994
2  1201 134 0 0 0.305595999999994
2  1202 135 0 0 0.305595999999994
0

0101000
+1434 0 -1432 0 *
Ve
1e-07
111.530289 -255.134064 0
0 0

0101101
*
Ed
 1e-07 1 1 0
1  1185 0 0 0.309325999999999
2  1203 134 0 0 0.309325999999999
2  1204 135 0 0 0.309325999999999
0

0101000
+1432 0 -1430 0 *
Ve
1e-07
112.268181 -255.134064 0
0 0

0101101
*
Ed
 1e-07 1 1 0
1  1186 0 0 0.737892000000002
2  1205 134 0 0 0.737892000000002
2  1206 135 0 0 0.737892000000002
0

0101000
+1430 0 -1428 0 *
Ve
1e-07
112.268181 -255.44339 0
0 0

0101101
*
Ed
 1e-07 1 1 0
1  1187 0 0 0.309325999999999
2  1207 134 0 0 0.309325999999999
2  1208 135 0 0 0.309325999999999
0

0101000
+1428 0 -1426 0 *
Ve
1e-07
112.566322 -255.44339 0
0 0

0101101
*
Ed
 1e-07 1 1 0
1  1188 0 0 0.298141000000001
2  1209 134 0 0 0.298141000000001
2  1210 135 0 0 0.298141000000001
0

0101000
+1426 0 -1424 0 *
Ed
 1e-07 1 1 0
1  1189 0 0 0.659637000000004
2  1211 134 0 0 0.659637000000004
2  1212 135 0 0 0.659637000000004
0

0101000
+1424 0 -1445 0 *
Wi

0101100
+1443 0 +1441 0 +1439 0 +1437 0 +1435 0 +1433 0 +1431 0 +1429 0 +1427 0 +1425 0 
+1423 0 +1422 0 *
Ve
1e-07
112.715393 -265.106842 0
0 0

0101101
*
Ve
1e-07
112.417252 -265.106842 0
0 0

0101101
*
Ed
 1e-07 1 1 0
1  1190 0 0 0.298141000000001
2  1213 136 0 0 0.298141000000001
2  1214 137 0 0 0.298141000000001
0

0101000
+1420 0 -1419 0 *
Ve
1e-07
112.417252 -265.419891 0
0 0

0101101
*
Ed
 1e-07 1 1 0
1  1191 0 0 0.313049000000035
2  1215 136 0 0 0.313049000000035
2  1216 137 0 0 0.313049000000035
0

0101000
+1419 0 -1417 0 *
Ve
1e-07
111.679359 -265.419891 0
0 0

0101101
*
Ed
 1e-07 1 1 0
1  1192 0 0 0.737893
2  1217 136 0 0 0.737893
2  1218 137 0 0 0.737893
0

0101000
+1417 0 -1415 0 *
Ve
1e-07
111.679359 -265.106842 0
0 0

0101101
*
Ed
 1e-07 1 1 0
1  1193 0 0 0.313049000000035
2  1219 136 0 0 0.313049000000035
2  1220 137 0 0 0.313049000000035
0

0101000
+1415 0 -1413 0 *
Ve
1e-07
111.373764 -265.106842 0
0 0

0101101
*
Ed
 1e-07 1 1 0
1  1194 0 0 0.305595000000011
2  1221 136 0 0 0.305595000000011
2  1222 137 0 0 0.305595000000011
0

0101000
+1413 0 -1411 0 *
Ve
1e-07
111.373764 -264.447205 0
0 0

0101101
*
Ed
 1e-07 1 1 0
1  1195 0 0 0.659636999999975
2  1223 136 0 0 0.659636999999975
2  1224 137 0 0 0.659636999999975
0

0101000
+1411 0 -1409 0 *
Ve
1e-07
111.679359 -264.447205 0
0 0

0101101
*
Ed
 1e-07 1 1 0
1  1196 0 0 0.305595000000011
2  1225 136 0 0 0.305595000000011
2  1226 137 0 0 0.305595000000011
0

0101000
+1409 0 -1407 0 *
Ve
1e-07
111.679359 -264.137878 0
0 0

0101101
*
Ed
 1e-07 1 1 0
1  1197 0 0 0.309326999999996
2  1227 136 0 0 0.309326999999996
2  1228 137 0 0 0.309326999999996
0

0101000
+1407 0 -1405 0 *
Ve
1e-07
112.417252 -264.137878 0
0 0

0101101
*
Ed
 1e-07 1 1 0
1  1198 0 0 0.737893
2  1229 136 0 0 0.737893
2  1230 137 0 0 0.737893
0

0101000
+1405 0 -1403 0 *
Ve
1e-07
112.417252 -264.447205 0
0 0

0101101
*
Ed
 1e-07 1 1 0
1  1199 0 0 0.309326999999996
2  1231 136 0 0 0.309326999999996
2  1232 137 0 0 0.309326999999996
0

0101000
+1403 0 -1401 0 *
Ve
1e-07
112.715393 -264.447205 0
0 0

0101101
*
Ed
 1e-07 1 1 0
1  1200 0 0 0.298141000000001
2  1233 136 0 0 0.298141000000001
2  1234 137 0 0 0.298141000000001
0

0101000
+1401 0 -1399 0 *
Ed
 1e-07 1 1 0
1  1201 0 0 0.659636999999975
2  1235 136 0 0 0.659636999999975
2  1236 137 0 0 0.659636999999975
0

0101000
+1399 0 -1420 0 *
Wi

0101100
+1418 0 +1416 0 +1414 0 +1412 0 +1410 0 +1408 0 +1406 0 +1404 0 +1402 0 +1400 0 
+1398 0 +1397 0 *
Ve
1e-07
87.64183 -276.45105 0
0 0

0101101
*
Ve
1e-07
87.64183 -276.760376 0
0 0

0101101
*
Ed
 1e-07 1 1 0
1  1202 0 0 0.309325999999999
2  1237 138 0 0 0.309325999999999
2  1238 139 0 0 0.309325999999999
0

0101000
+1395 0 -1394 0 *
Ve
1e-07
87.939972 -276.760376 0
0 0

0101101
*
Ed
 1e-07 1 1 0
1  1203 0 0 0.298141999999999
2  1239 138 0 0 0.298141999999999
2  1240 139 0 0 0.298141999999999
0

0101000
+1394 0 -1392 0 *
Ve
1e-07
87.939972 -277.420013 0
0 0

0101101
*
Ed
 1e-07 1 1 0
1  1204 0 0 0.659636999999975
2  1241 138 0 0 0.659636999999975
2  1242 139 0 0 0.659636999999975
0

0101000
+1392 0 -1390 0 *
Ve
1e-07
87.64183 -277.420013 0
0 0

0101101
*
Ed
 1e-07 1 1 0
1  1205 0 0 0.298141999999999
2  1243 138 0 0 0.298141999999999
2  1244 139 0 0 0.298141999999999
0

0101000
+1390 0 -1388 0 *
Ve
1e-07
87.64183 -277.733063 0
0 0

0101101
*
Ed
 1e-07 1 1 0
1  1206 0 0 0.313050000000032
2  1245 138 0 0 0.313050000000032
2  1246 139 0 0 0.313050000000032
0

0101000
+1388 0 -1386 0 *
Ve
1e-07
86.903938 -277.733063 0
0 0

0101101
*
Ed
 1e-07 1 1 0
1  1207 0 0 0.737892000000002
2  1247 138 0 0 0.737892000000002
2  1248 139 0 0 0.737892000000002
0

0101000
+1386 0 -1384 0 *
Ve
1e-07
86.903938 -277.420013 0
0 0

0101101
*
Ed
 1e-07 1 1 0
1  1208 0 0 0.313050000000032
2  1249 138 0 0 0.313050000000032
2  1250 139 0 0 0.313050000000032
0

0101000
+1384 0 -1382 0 *
Ve
1e-07
86.598343 -277.420013 0
0 0

0101101
*
Ed
 1e-07 1 1 0
1  1209 0 0 0.305594999999997
2  1251 138 0 0 0.305594999999997
2  1252 139 0 0 0.305594999999997
0

0101000
+1382 0 -1380 0 *
Ve
1e-07
86.598343 -276.760376 0
0 0

0101101
*
Ed
 1e-07 1 1 0
1  1210 0 0 0.659636999999975
2  1253 138 0 0 0.659636999999975
2  1254 139 0 0 0.659636999999975
0

0101000
+1380 0 -1378 0 *
Ve
1e-07
86.903938 -276.760376 0
0 0

0101101
*
Ed
 1e-07 1 1 0
1  1211 0 0 0.305594999999997
2  1255 138 0 0 0.305594999999997
2  1256 139 0 0 0.305594999999997
0

0101000
+1378 0 -1376 0 *
Ve
1e-07
86.903938 -276.45105 0
0 0

0101101
*
Ed
 1e-07 1 1 0
1  1212 0 0 0.309325999999999
2  1257 138 0 0 0.309325999999999
2  1258 139 0 0 0.309325999999999
0

0101000
+1376 0 -1374 0 *
Ed
 1e-07 1 1 0
1  1213 0 0 0.737892000000002
2  1259 138 0 0 0.737892000000002
2  1260 139 0 0 0.737892000000002
0

0101000
+1374 0 -1395 0 *
Wi

0101100
+1393 0 +1391 0 +1389 0 +1387 0 +1385 0 +1383 0 +1381 0 +1379 0 +1377 0 +1375 0 
+1373 0 +1372 0 *
Ve
1e-07
90.712669 -276.540497 0
0 0

0101101
*
Ve
1e-07
90.712669 -276.849823 0
0 0

0101101
*
Ed
 1e-07 1 1 0
1  1214 0 0 0.309325999999999
2  1261 140 0 0 0.309325999999999
2  1262 141 0 0 0.309325999999999
0

0101000
+1370 0 -1369 0 *
Ve
1e-07
91.010811 -276.849823 0
0 0

0101101
*
Ed
 1e-07 1 1 0
1  1215 0 0 0.298141999999999
2  1263 140 0 0 0.298141999999999
2  1264 141 0 0 0.298141999999999
0

0101000
+1369 0 -1367 0 *
Ve
1e-07
91.010811 -277.50946 0
0 0

0101101
*
Ed
 1e-07 1 1 0
1  1216 0 0 0.659636999999975
2  1265 140 0 0 0.659636999999975
2  1266 141 0 0 0.659636999999975
0

0101000
+1367 0 -1365 0 *
Ve
1e-07
90.712669 -277.50946 0
0 0

0101101
*
Ed
 1e-07 1 1 0
1  1217 0 0 0.298141999999999
2  1267 140 0 0 0.298141999999999
2  1268 141 0 0 0.298141999999999
0

0101000
+1365 0 -1363 0 *
Ve
1e-07
90.712669 -277.82251 0
0 0

0101101
*
Ed
 1e-07 1 1 0
1  1218 0 0 0.313050000000032
2  1269 140 0 0 0.313050000000032
2  1270 141 0 0 0.313050000000032
0

0101000
+1363 0 -1361 0 *
Ve
1e-07
89.974777 -277.82251 0
0 0

0101101
*
Ed
 1e-07 1 1 0
1  1219 0 0 0.737892000000002
2  1271 140 0 0 0.737892000000002
2  1272 141 0 0 0.737892000000002
0

0101000
+1361 0 -1359 0 *
Ve
1e-07
89.974777 -277.50946 0
0 0

0101101
*
Ed
 1e-07 1 1 0
1  1220 0 0 0.313050000000032
2  1273 140 0 0 0.313050000000032
2  1274 141 0 0 0.313050000000032
0

0101000
+1359 0 -1357 0 *
Ve
1e-07
89.669182 -277.50946 0
0 0

0101101
*
Ed
 1e-07 1 1 0
1  1221 0 0 0.305594999999997
2  1275 140 0 0 0.305594999999997
2  1276 141 0 0 0.305594999999997
0

0101000
+1357 0 -1355 0 *
Ve
1e-07
89.669182 -276.849823 0
0 0

0101101
*
Ed
 1e-07 1 1 0
1  1222 0 0 0.659636999999975
2  1277 140 0 0 0.659636999999975
2  1278 141 0 0 0.659636999999975
0

0101000
+1355 0 -1353 0 *
Ve
1e-07
89.974777 -276.849823 0
0 0

0101101
*
Ed
 1e-07 1 1 0
1  1223 0 0 0.305594999999997
2  1279 140 0 0 0.305594999999997
2  1280 141 0 0 0.305594999999997
0

0101000
+1353 0 -1351 0 *
Ve
1e-07
89.974777 -276.540497 0
0 0

0101101
*
Ed
 1e-07 1 1 0
1  1224 0 0 0.309325999999999
2  1281 140 0 0 0.309325999999999
2  1282 141 0 0 0.309325999999999
0

0101000
+1351 0 -1349 0 *
Ed
 1e-07 1 1 0
1  1225 0 0 0.737892000000002
2  1283 140 0 0 0.737892000000002
2  1284 141 0 0 0.737892000000002
0

0101000
+1349 0 -1370 0 *
Wi

0101100
+1368 0 +1366 0 +1364 0 +1362 0 +1360 0 +1358 0 +1356 0 +1354 0 +1352 0 +1350 0 
+1348 0 +1347 0 *
Ve
1e-07
109.137711 -276.879639 0
0 0

0101101
*
Ve
1e-07
109.435852 -276.879639 0
0 0

0101101
*
Ed
 1e-07 1 1 0
1  1226 0 0 0.298141000000001
2  1285 142 0 0 0.298141000000001
2  1286 143 0 0 0.298141000000001
0

0101000
+1345 0 -1344 0 *
Ve
1e-07
109.435852 -277.539276 0
0 0

0101101
*
Ed
 1e-07 1 1 0
1  1227 0 0 0.659636999999975
2  1287 142 0 0 0.659636999999975
2  1288 143 0 0 0.659636999999975
0

0101000
+1344 0 -1342 0 *
Ve
1e-07
109.137711 -277.539276 0
0 0

0101101
*
Ed
 1e-07 1 1 0
1  1228 0 0 0.298141000000001
2  1289 142 0 0 0.298141000000001
2  1290 143 0 0 0.298141000000001
0

0101000
+1342 0 -1340 0 *
Ve
1e-07
109.137711 -277.852325 0
0 0

0101101
*
Ed
 1e-07 1 1 0
1  1229 0 0 0.313049000000035
2  1291 142 0 0 0.313049000000035
2  1292 143 0 0 0.313049000000035
0

0101000
+1340 0 -1338 0 *
Ve
1e-07
108.399818 -277.852325 0
0 0

0101101
*
Ed
 1e-07 1 1 0
1  1230 0 0 0.737893
2  1293 142 0 0 0.737893
2  1294 143 0 0 0.737893
0

0101000
+1338 0 -1336 0 *
Ve
1e-07
108.399818 -277.539276 0
0 0

0101101
*
Ed
 1e-07 1 1 0
1  1231 0 0 0.313049000000035
2  1295 142 0 0 0.313049000000035
2  1296 143 0 0 0.313049000000035
0

0101000
+1336 0 -1334 0 *
Ve
1e-07
108.094223 -277.539276 0
0 0

0101101
*
Ed
 1e-07 1 1 0
1  1232 0 0 0.305594999999997
2  1297 142 0 0 0.305594999999997
2  1298 143 0 0 0.305594999999997
0

0101000
+1334 0 -1332 0 *
Ve
1e-07
108.094223 -276.879639 0
0 0

0101101
*
Ed
 1e-07 1 1 0
1  1233 0 0 0.659636999999975
2  1299 142 0 0 0.659636999999975
2  1300 143 0 0 0.659636999999975
0

0101000
+1332 0 -1330 0 *
Ve
1e-07
108.399818 -276.879639 0
0 0

0101101
*
Ed
 1e-07 1 1 0
1  1234 0 0 0.305594999999997
2  1301 142 0 0 0.305594999999997
2  1302 143 0 0 0.305594999999997
0

0101000
+1330 0 -1328 0 *
Ve
1e-07
108.399818 -276.570312 0
0 0

0101101
*
Ed
 1e-07 1 1 0
1  1235 0 0 0.309326999999996
2  1303 142 0 0 0.309326999999996
2  1304 143 0 0 0.309326999999996
0

0101000
+1328 0 -1326 0 *
Ve
1e-07
109.137711 -276.570312 0
0 0

0101101
*
Ed
 1e-07 1 1 0
1  1236 0 0 0.737893
2  1305 142 0 0 0.737893
2  1306 143 0 0 0.737893
0

0101000
+1326 0 -1324 0 *
Ed
 1e-07 1 1 0
1  1237 0 0 0.309326999999996
2  1307 142 0 0 0.309326999999996
2  1308 143 0 0 0.309326999999996
0

0101000
+1324 0 -1345 0 *
Wi

0101100
+1343 0 +1341 0 +1339 0 +1337 0 +1335 0 +1333 0 +1331 0 +1329 0 +1327 0 +1325 0 
+1323 0 +1322 0 *
Ve
1e-07
99.865562 -276.570312 0
0 0

0101101
*
Ve
1e-07
99.865562 -276.879639 0
0 0

0101101
*
Ed
 1e-07 1 1 0
1  1238 0 0 0.309326999999996
2  1309 144 0 0 0.309326999999996
2  1310 145 0 0 0.309326999999996
0

0101000
+1320 0 -1319 0 *
Ve
1e-07
100.163704 -276.879639 0
0 0

0101101
*
Ed
 1e-07 1 1 0
1  1239 0 0 0.298141999999999
2  1311 144 0 0 0.298141999999999
2  1312 145 0 0 0.298141999999999
0

0101000
+1319 0 -1317 0 *
Ve
1e-07
100.163704 -277.539276 0
0 0

0101101
*
Ed
 1e-07 1 1 0
1  1240 0 0 0.659636999999975
2  1313 144 0 0 0.659636999999975
2  1314 145 0 0 0.659636999999975
0

0101000
+1317 0 -1315 0 *
Ve
1e-07
99.865562 -277.539276 0
0 0

0101101
*
Ed
 1e-07 1 1 0
1  1241 0 0 0.298141999999999
2  1315 144 0 0 0.298141999999999
2  1316 145 0 0 0.298141999999999
0

0101000
+1315 0 -1313 0 *
Ve
1e-07
99.865562 -277.852325 0
0 0

0101101
*
Ed
 1e-07 1 1 0
1  1242 0 0 0.313049000000035
2  1317 144 0 0 0.313049000000035
2  1318 145 0 0 0.313049000000035
0

0101000
+1313 0 -1311 0 *
Ve
1e-07
99.12767 -277.852325 0
0 0

0101101
*
Ed
 1e-07 1 1 0
1  1243 0 0 0.737892000000002
2  1319 144 0 0 0.737892000000002
2  1320 145 0 0 0.737892000000002
0

0101000
+1311 0 -1309 0 *
Ve
1e-07
99.12767 -277.539276 0
0 0

0101101
*
Ed
 1e-07 1 1 0
1  1244 0 0 0.313049000000035
2  1321 144 0 0 0.313049000000035
2  1322 145 0 0 0.313049000000035
0

0101000
+1309 0 -1307 0 *
Ve
1e-07
98.822075 -277.539276 0
0 0

0101101
*
Ed
 1e-07 1 1 0
1  1245 0 0 0.305594999999997
2  1323 144 0 0 0.305594999999997
2  1324 145 0 0 0.305594999999997
0

0101000
+1307 0 -1305 0 *
Ve
1e-07
98.822075 -276.879639 0
0 0

0101101
*
Ed
 1e-07 1 1 0
1  1246 0 0 0.659636999999975
2  1325 144 0 0 0.659636999999975
2  1326 145 0 0 0.659636999999975
0

0101000
+1305 0 -1303 0 *
Ve
1e-07
99.12767 -276.879639 0
0 0

0101101
*
Ed
 1e-07 1 1 0
1  1247 0 0 0.305594999999997
2  1327 144 0 0 0.305594999999997
2  1328 145 0 0 0.305594999999997
0

0101000
+1303 0 -1301 0 *
Ve
1e-07
99.12767 -276.570312 0
0 0

0101101
*
Ed
 1e-07 1 1 0
1  1248 0 0 0.309326999999996
2  1329 144 0 0 0.309326999999996
2  1330 145 0 0 0.309326999999996
0

0101000
+1301 0 -1299 0 *
Ed
 1e-07 1 1 0
1  1249 0 0 0.737892000000002
2  1331 144 0 0 0.737892000000002
2  1332 145 0 0 0.737892000000002
0

0101000
+1299 0 -1320 0 *
Wi

0101100
+1318 0 +1316 0 +1314 0 +1312 0 +1310 0 +1308 0 +1306 0 +1304 0 +1302 0 +1300 0 
+1298 0 +1297 0 *
Ve
1e-07
105.269348 -276.879639 0
0 0

0101101
*
Ve
1e-07
105.269348 -276.570312 0
0 0

0101101
*
Ed
 1e-07 1 1 0
1  1250 0 0 0.309326999999996
2  1333 146 0 0 0.309326999999996
2  1334 147 0 0 0.309326999999996
0

0101000
+1295 0 -1294 0 *
Ve
1e-07
106.007248 -276.570312 0
0 0

0101101
*
Ed
 1e-07 1 1 0
1  1251 0 0 0.73790000000001
2  1335 146 0 0 0.73790000000001
2  1336 147 0 0 0.73790000000001
0

0101000
+1294 0 -1292 0 *
Ve
1e-07
106.007248 -276.879639 0
0 0

0101101
*
Ed
 1e-07 1 1 0
1  1252 0 0 0.309326999999996
2  1337 146 0 0 0.309326999999996
2  1338 147 0 0 0.309326999999996
0

0101000
+1292 0 -1290 0 *
Ve
1e-07
106.305382 -276.879639 0
0 0

0101101
*
Ed
 1e-07 1 1 0
1  1253 0 0 0.29813399999999
2  1339 146 0 0 0.29813399999999
2  1340 147 0 0 0.29813399999999
0

0101000
+1290 0 -1288 0 *
Ve
1e-07
106.305382 -277.539276 0
0 0

0101101
*
Ed
 1e-07 1 1 0
1  1254 0 0 0.659636999999975
2  1341 146 0 0 0.659636999999975
2  1342 147 0 0 0.659636999999975
0

0101000
+1288 0 -1286 0 *
Ve
1e-07
106.007248 -277.539276 0
0 0

0101101
*
Ed
 1e-07 1 1 0
1  1255 0 0 0.29813399999999
2  1343 146 0 0 0.29813399999999
2  1344 147 0 0 0.29813399999999
0

0101000
+1286 0 -1284 0 *
Ve
1e-07
106.007248 -277.852325 0
0 0

0101101
*
Ed
 1e-07 1 1 0
1  1256 0 0 0.313049000000035
2  1345 146 0 0 0.313049000000035
2  1346 147 0 0 0.313049000000035
0

0101000
+1284 0 -1282 0 *
Ve
1e-07
105.269348 -277.852325 0
0 0

0101101
*
Ed
 1e-07 1 1 0
1  1257 0 0 0.73790000000001
2  1347 146 0 0 0.73790000000001
2  1348 147 0 0 0.73790000000001
0

0101000
+1282 0 -1280 0 *
Ve
1e-07
105.269348 -277.539276 0
0 0

0101101
*
Ed
 1e-07 1 1 0
1  1258 0 0 0.313049000000035
2  1349 146 0 0 0.313049000000035
2  1350 147 0 0 0.313049000000035
0

0101000
+1280 0 -1278 0 *
Ve
1e-07
104.963753 -277.539276 0
0 0

0101101
*
Ed
 1e-07 1 1 0
1  1259 0 0 0.305594999999997
2  1351 146 0 0 0.305594999999997
2  1352 147 0 0 0.305594999999997
0

0101000
+1278 0 -1276 0 *
Ve
1e-07
104.963753 -276.879639 0
0 0

0101101
*
Ed
 1e-07 1 1 0
1  1260 0 0 0.659636999999975
2  1353 146 0 0 0.659636999999975
2  1354 147 0 0 0.659636999999975
0

0101000
+1276 0 -1274 0 *
Ed
 1e-07 1 1 0
1  1261 0 0 0.305594999999997
2  1355 146 0 0 0.305594999999997
2  1356 147 0 0 0.305594999999997
0

0101000
+1274 0 -1295 0 *
Wi

0101100
+1293 0 +1291 0 +1289 0 +1287 0 +1285 0 +1283 0 +1281 0 +1279 0 +1277 0 +1275 0 
+1273 0 +1272 0 *
Ve
1e-07
78.638008 -276.45105 0
0 0

0101101
*
Ve
1e-07
78.638008 -276.760376 0
0 0

0101101
*
Ed
 1e-07 1 1 0
1  1262 0 0 0.309325999999999
2  1357 148 0 0 0.309325999999999
2  1358 149 0 0 0.309325999999999
0

0101000
+1270 0 -1269 0 *
Ve
1e-07
78.93615 -276.760376 0
0 0

0101101
*
Ed
 1e-07 1 1 0
1  1263 0 0 0.298141999999999
2  1359 148 0 0 0.298141999999999
2  1360 149 0 0 0.298141999999999
0

0101000
+1269 0 -1267 0 *
Ve
1e-07
78.93615 -277.420013 0
0 0

0101101
*
Ed
 1e-07 1 1 0
1  1264 0 0 0.659636999999975
2  1361 148 0 0 0.659636999999975
2  1362 149 0 0 0.659636999999975
0

0101000
+1267 0 -1265 0 *
Ve
1e-07
78.638008 -277.420013 0
0 0

0101101
*
Ed
 1e-07 1 1 0
1  1265 0 0 0.298141999999999
2  1363 148 0 0 0.298141999999999
2  1364 149 0 0 0.298141999999999
0

0101000
+1265 0 -1263 0 *
Ve
1e-07
78.638008 -277.733063 0
0 0

0101101
*
Ed
 1e-07 1 1 0
1  1266 0 0 0.313050000000032
2  1365 148 0 0 0.313050000000032
2  1366 149 0 0 0.313050000000032
0

0101000
+1263 0 -1261 0 *
Ve
1e-07
77.900116 -277.733063 0
0 0

0101101
*
Ed
 1e-07 1 1 0
1  1267 0 0 0.737892000000002
2  1367 148 0 0 0.737892000000002
2  1368 149 0 0 0.737892000000002
0

0101000
+1261 0 -1259 0 *
Ve
1e-07
77.900116 -277.420013 0
0 0

0101101
*
Ed
 1e-07 1 1 0
1  1268 0 0 0.313050000000032
2  1369 148 0 0 0.313050000000032
2  1370 149 0 0 0.313050000000032
0

0101000
+1259 0 -1257 0 *
Ve
1e-07
77.594521 -277.420013 0
0 0

0101101
*
Ed
 1e-07 1 1 0
1  1269 0 0 0.305594999999997
2  1371 148 0 0 0.305594999999997
2  1372 149 0 0 0.305594999999997
0

0101000
+1257 0 -1255 0 *
Ve
1e-07
77.594521 -276.760376 0
0 0

0101101
*
Ed
 1e-07 1 1 0
1  1270 0 0 0.659636999999975
2  1373 148 0 0 0.659636999999975
2  1374 149 0 0 0.659636999999975
0

0101000
+1255 0 -1253 0 *
Ve
1e-07
77.900116 -276.760376 0
0 0

0101101
*
Ed
 1e-07 1 1 0
1  1271 0 0 0.305594999999997
2  1375 148 0 0 0.305594999999997
2  1376 149 0 0 0.305594999999997
0

0101000
+1253 0 -1251 0 *
Ve
1e-07
77.900116 -276.45105 0
0 0

0101101
*
Ed
 1e-07 1 1 0
1  1272 0 0 0.309325999999999
2  1377 148 0 0 0.309325999999999
2  1378 149 0 0 0.309325999999999
0

0101000
+1251 0 -1249 0 *
Ed
 1e-07 1 1 0
1  1273 0 0 0.737892000000002
2  1379 148 0 0 0.737892000000002
2  1380 149 0 0 0.737892000000002
0

0101000
+1249 0 -1270 0 *
Wi

0101100
+1268 0 +1266 0 +1264 0 +1262 0 +1260 0 +1258 0 +1256 0 +1254 0 +1252 0 +1250 0 
+1248 0 +1247 0 *
Ve
1e-07
80.881516 -276.45105 0
0 0

0101101
*
Ve
1e-07
81.619408 -276.45105 0
0 0

0101101
*
Ed
 1e-07 1 1 0
1  1274 0 0 0.737892000000002
2  1381 150 0 0 0.737892000000002
2  1382 151 0 0 0.737892000000002
0

0101000
+1245 0 -1244 0 *
Ve
1e-07
81.619408 -276.760376 0
0 0

0101101
*
Ed
 1e-07 1 1 0
1  1275 0 0 0.309325999999999
2  1383 150 0 0 0.309325999999999
2  1384 151 0 0 0.309325999999999
0

0101000
+1244 0 -1242 0 *
Ve
1e-07
81.917549 -276.760376 0
0 0

0101101
*
Ed
 1e-07 1 1 0
1  1276 0 0 0.298140999999987
2  1385 150 0 0 0.298140999999987
2  1386 151 0 0 0.298140999999987
0

0101000
+1242 0 -1240 0 *
Ve
1e-07
81.917549 -277.420013 0
0 0

0101101
*
Ed
 1e-07 1 1 0
1  1277 0 0 0.659636999999975
2  1387 150 0 0 0.659636999999975
2  1388 151 0 0 0.659636999999975
0

0101000
+1240 0 -1238 0 *
Ve
1e-07
81.619408 -277.420013 0
0 0

0101101
*
Ed
 1e-07 1 1 0
1  1278 0 0 0.298140999999987
2  1389 150 0 0 0.298140999999987
2  1390 151 0 0 0.298140999999987
0

0101000
+1238 0 -1236 0 *
Ve
1e-07
81.619408 -277.733063 0
0 0

0101101
*
Ed
 1e-07 1 1 0
1  1279 0 0 0.313050000000032
2  1391 150 0 0 0.313050000000032
2  1392 151 0 0 0.313050000000032
0

0101000
+1236 0 -1234 0 *
Ve
1e-07
80.881516 -277.733063 0
0 0

0101101
*
Ed
 1e-07 1 1 0
1  1280 0 0 0.737892000000002
2  1393 150 0 0 0.737892000000002
2  1394 151 0 0 0.737892000000002
0

0101000
+1234 0 -1232 0 *
Ve
1e-07
80.881516 -277.420013 0
0 0

0101101
*
Ed
 1e-07 1 1 0
1  1281 0 0 0.313050000000032
2  1395 150 0 0 0.313050000000032
2  1396 151 0 0 0.313050000000032
0

0101000
+1232 0 -1230 0 *
Ve
1e-07
80.57592 -277.420013 0
0 0

0101101
*
Ed
 1e-07 1 1 0
1  1282 0 0 0.305596000000008
2  1397 150 0 0 0.305596000000008
2  1398 151 0 0 0.305596000000008
0

0101000
+1230 0 -1228 0 *
Ve
1e-07
80.57592 -276.760376 0
0 0

0101101
*
Ed
 1e-07 1 1 0
1  1283 0 0 0.659636999999975
2  1399 150 0 0 0.659636999999975
2  1400 151 0 0 0.659636999999975
0

0101000
+1228 0 -1226 0 *
Ve
1e-07
80.881516 -276.760376 0
0 0

0101101
*
Ed
 1e-07 1 1 0
1  1284 0 0 0.305596000000008
2  1401 150 0 0 0.305596000000008
2  1402 151 0 0 0.305596000000008
0

0101000
+1226 0 -1224 0 *
Ed
 1e-07 1 1 0
1  1285 0 0 0.309325999999999
2  1403 150 0 0 0.309325999999999
2  1404 151 0 0 0.309325999999999
0

0101000
+1224 0 -1245 0 *
Wi

0101100
+1243 0 +1241 0 +1239 0 +1237 0 +1235 0 +1233 0 +1231 0 +1229 0 +1227 0 +1225 0 
+1223 0 +1222 0 *
Ve
1e-07
68.657784 -276.480865 0
0 0

0101101
*
Ve
1e-07
69.395676 -276.480865 0
0 0

0101101
*
Ed
 1e-07 1 1 0
1  1286 0 0 0.737891999999988
2  1405 152 0 0 0.737891999999988
2  1406 153 0 0 0.737891999999988
0

0101000
+1220 0 -1219 0 *
Ve
1e-07
69.395676 -276.790192 0
0 0

0101101
*
Ed
 1e-07 1 1 0
1  1287 0 0 0.309326999999996
2  1407 152 0 0 0.309326999999996
2  1408 153 0 0 0.309326999999996
0

0101000
+1219 0 -1217 0 *
Ve
1e-07
69.693817 -276.790192 0
0 0

0101101
*
Ed
 1e-07 1 1 0
1  1288 0 0 0.298141000000001
2  1409 152 0 0 0.298141000000001
2  1410 153 0 0 0.298141000000001
0

0101000
+1217 0 -1215 0 *
Ve
1e-07
69.693817 -277.449829 0
0 0

0101101
*
Ed
 1e-07 1 1 0
1  1289 0 0 0.659637000000032
2  1411 152 0 0 0.659637000000032
2  1412 153 0 0 0.659637000000032
0

0101000
+1215 0 -1213 0 *
Ve
1e-07
69.395676 -277.449829 0
0 0

0101101
*
Ed
 1e-07 1 1 0
1  1290 0 0 0.298141000000001
2  1413 152 0 0 0.298141000000001
2  1414 153 0 0 0.298141000000001
0

0101000
+1213 0 -1211 0 *
Ve
1e-07
69.395676 -277.762878 0
0 0

0101101
*
Ed
 1e-07 1 1 0
1  1291 0 0 0.313048999999978
2  1415 152 0 0 0.313048999999978
2  1416 153 0 0 0.313048999999978
0

0101000
+1211 0 -1209 0 *
Ve
1e-07
68.657784 -277.762878 0
0 0

0101101
*
Ed
 1e-07 1 1 0
1  1292 0 0 0.737891999999988
2  1417 152 0 0 0.737891999999988
2  1418 153 0 0 0.737891999999988
0

0101000
+1209 0 -1207 0 *
Ve
1e-07
68.657784 -277.449829 0
0 0

0101101
*
Ed
 1e-07 1 1 0
1  1293 0 0 0.313048999999978
2  1419 152 0 0 0.313048999999978
2  1420 153 0 0 0.313048999999978
0

0101000
+1207 0 -1205 0 *
Ve
1e-07
68.352188 -277.449829 0
0 0

0101101
*
Ed
 1e-07 1 1 0
1  1294 0 0 0.305596000000008
2  1421 152 0 0 0.305596000000008
2  1422 153 0 0 0.305596000000008
0

0101000
+1205 0 -1203 0 *
Ve
1e-07
68.352188 -276.790192 0
0 0

0101101
*
Ed
 1e-07 1 1 0
1  1295 0 0 0.659637000000032
2  1423 152 0 0 0.659637000000032
2  1424 153 0 0 0.659637000000032
0

0101000
+1203 0 -1201 0 *
Ve
1e-07
68.657784 -276.790192 0
0 0

0101101
*
Ed
 1e-07 1 1 0
1  1296 0 0 0.305596000000008
2  1425 152 0 0 0.305596000000008
2  1426 153 0 0 0.305596000000008
0

0101000
+1201 0 -1199 0 *
Ed
 1e-07 1 1 0
1  1297 0 0 0.309326999999996
2  1427 152 0 0 0.309326999999996
2  1428 153 0 0 0.309326999999996
0

0101000
+1199 0 -1220 0 *
Wi

0101100
+1218 0 +1216 0 +1214 0 +1212 0 +1210 0 +1208 0 +1206 0 +1204 0 +1202 0 +1200 0 
+1198 0 +1197 0 *
Ve
1e-07
65.311165 -276.73056 0
0 0

0101101
*
Ve
1e-07
65.616753 -276.73056 0
0 0

0101101
*
Ed
 1e-07 1 1 0
1  1298 0 0 0.305588
2  1429 154 0 0 0.305588
2  1430 155 0 0 0.305588
0

0101000
+1195 0 -1194 0 *
Ve
1e-07
65.616753 -276.421234 0
0 0

0101101
*
Ed
 1e-07 1 1 0
1  1299 0 0 0.309325999999999
2  1431 154 0 0 0.309325999999999
2  1432 155 0 0 0.309325999999999
0

0101000
+1194 0 -1192 0 *
Ve
1e-07
66.354652 -276.421234 0
0 0

0101101
*
Ed
 1e-07 1 1 0
1  1300 0 0 0.737898999999999
2  1433 154 0 0 0.737898999999999
2  1434 155 0 0 0.737898999999999
0

0101000
+1192 0 -1190 0 *
Ve
1e-07
66.354652 -276.73056 0
0 0

0101101
*
Ed
 1e-07 1 1 0
1  1301 0 0 0.309325999999999
2  1435 154 0 0 0.309325999999999
2  1436 155 0 0 0.309325999999999
0

0101000
+1190 0 -1188 0 *
Ve
1e-07
66.652794 -276.73056 0
0 0

0101101
*
Ed
 1e-07 1 1 0
1  1302 0 0 0.298141999999999
2  1437 154 0 0 0.298141999999999
2  1438 155 0 0 0.298141999999999
0

0101000
+1188 0 -1186 0 *
Ve
1e-07
66.652794 -277.390198 0
0 0

0101101
*
Ed
 1e-07 1 1 0
1  1303 0 0 0.659637999999973
2  1439 154 0 0 0.659637999999973
2  1440 155 0 0 0.659637999999973
0

0101000
+1186 0 -1184 0 *
Ve
1e-07
66.354652 -277.390198 0
0 0

0101101
*
Ed
 1e-07 1 1 0
1  1304 0 0 0.298141999999999
2  1441 154 0 0 0.298141999999999
2  1442 155 0 0 0.298141999999999
0

0101000
+1184 0 -1182 0 *
Ve
1e-07
66.354652 -277.703247 0
0 0

0101101
*
Ed
 1e-07 1 1 0
1  1305 0 0 0.313048999999978
2  1443 154 0 0 0.313048999999978
2  1444 155 0 0 0.313048999999978
0

0101000
+1182 0 -1180 0 *
Ve
1e-07
65.616753 -277.703247 0
0 0

0101101
*
Ed
 1e-07 1 1 0
1  1306 0 0 0.737898999999999
2  1445 154 0 0 0.737898999999999
2  1446 155 0 0 0.737898999999999
0

0101000
+1180 0 -1178 0 *
Ve
1e-07
65.616753 -277.390198 0
0 0

0101101
*
Ed
 1e-07 1 1 0
1  1307 0 0 0.313048999999978
2  1447 154 0 0 0.313048999999978
2  1448 155 0 0 0.313048999999978
0

0101000
+1178 0 -1176 0 *
Ve
1e-07
65.311165 -277.390198 0
0 0

0101101
*
Ed
 1e-07 1 1 0
1  1308 0 0 0.305588
2  1449 154 0 0 0.305588
2  1450 155 0 0 0.305588
0

0101000
+1176 0 -1174 0 *
Ed
 1e-07 1 1 0
1  1309 0 0 0.659637999999973
2  1451 154 0 0 0.659637999999973
2  1452 155 0 0 0.659637999999973
0

0101000
+1174 0 -1195 0 *
Wi

0101100
+1193 0 +1191 0 +1189 0 +1187 0 +1185 0 +1183 0 +1181 0 +1179 0 +1177 0 +1175 0 
+1173 0 +1172 0 *
Ve
1e-07
75.746056 -277.449829 0
0 0

0101101
*
Ve
1e-07
75.447914 -277.449829 0
0 0

0101101
*
Ed
 1e-07 1 1 0
1  1310 0 0 0.298141999999999
2  1453 156 0 0 0.298141999999999
2  1454 157 0 0 0.298141999999999
0

0101000
+1170 0 -1169 0 *
Ve
1e-07
75.447914 -277.762878 0
0 0

0101101
*
Ed
 1e-07 1 1 0
1  1311 0 0 0.313048999999978
2  1455 156 0 0 0.313048999999978
2  1456 157 0 0 0.313048999999978
0

0101000
+1169 0 -1167 0 *
Ve
1e-07
74.710022 -277.762878 0
0 0

0101101
*
Ed
 1e-07 1 1 0
1  1312 0 0 0.737892000000002
2  1457 156 0 0 0.737892000000002
2  1458 157 0 0 0.737892000000002
0

0101000
+1167 0 -1165 0 *
Ve
1e-07
74.710022 -277.449829 0
0 0

0101101
*
Ed
 1e-07 1 1 0
1  1313 0 0 0.313048999999978
2  1459 156 0 0 0.313048999999978
2  1460 157 0 0 0.313048999999978
0

0101000
+1165 0 -1163 0 *
Ve
1e-07
74.404427 -277.449829 0
0 0

0101101
*
Ed
 1e-07 1 1 0
1  1314 0 0 0.305594999999997
2  1461 156 0 0 0.305594999999997
2  1462 157 0 0 0.305594999999997
0

0101000
+1163 0 -1161 0 *
Ve
1e-07
74.404427 -276.790192 0
0 0

0101101
*
Ed
 1e-07 1 1 0
1  1315 0 0 0.659637000000032
2  1463 156 0 0 0.659637000000032
2  1464 157 0 0 0.659637000000032
0

0101000
+1161 0 -1159 0 *
Ve
1e-07
74.710022 -276.790192 0
0 0

0101101
*
Ed
 1e-07 1 1 0
1  1316 0 0 0.305594999999997
2  1465 156 0 0 0.305594999999997
2  1466 157 0 0 0.305594999999997
0

0101000
+1159 0 -1157 0 *
Ve
1e-07
74.710022 -276.480865 0
0 0

0101101
*
Ed
 1e-07 1 1 0
1  1317 0 0 0.309326999999996
2  1467 156 0 0 0.309326999999996
2  1468 157 0 0 0.309326999999996
0

0101000
+1157 0 -1155 0 *
Ve
1e-07
75.447914 -276.480865 0
0 0

0101101
*
Ed
 1e-07 1 1 0
1  1318 0 0 0.737892000000002
2  1469 156 0 0 0.737892000000002
2  1470 157 0 0 0.737892000000002
0

0101000
+1155 0 -1153 0 *
Ve
1e-07
75.447914 -276.790192 0
0 0

0101101
*
Ed
 1e-07 1 1 0
1  1319 0 0 0.309326999999996
2  1471 156 0 0 0.309326999999996
2  1472 157 0 0 0.309326999999996
0

0101000
+1153 0 -1151 0 *
Ve
1e-07
75.746056 -276.790192 0
0 0

0101101
*
Ed
 1e-07 1 1 0
1  1320 0 0 0.298141999999999
2  1473 156 0 0 0.298141999999999
2  1474 157 0 0 0.298141999999999
0

0101000
+1151 0 -1149 0 *
Ed
 1e-07 1 1 0
1  1321 0 0 0.659637000000032
2  1475 156 0 0 0.659637000000032
2  1476 157 0 0 0.659637000000032
0

0101000
+1149 0 -1170 0 *
Wi

0101100
+1168 0 +1166 0 +1164 0 +1162 0 +1160 0 +1158 0 +1156 0 +1154 0 +1152 0 +1150 0 
+1148 0 +1147 0 *
Ve
1e-07
63.28381 -277.390198 0
0 0

0101101
*
Ve
1e-07
63.28381 -277.703247 0
0 0

0101101
*
Ed
 1e-07 1 1 0
1  1322 0 0 0.313048999999978
2  1477 158 0 0 0.313048999999978
2  1478 159 0 0 0.313048999999978
0

0101000
+1145 0 -1144 0 *
Ve
1e-07
62.545918 -277.703247 0
0 0

0101101
*
Ed
 1e-07 1 1 0
1  1323 0 0 0.737892000000002
2  1479 158 0 0 0.737892000000002
2  1480 159 0 0 0.737892000000002
0

0101000
+1144 0 -1142 0 *
Ve
1e-07
62.545918 -277.390198 0
0 0

0101101
*
Ed
 1e-07 1 1 0
1  1324 0 0 0.313048999999978
2  1481 158 0 0 0.313048999999978
2  1482 159 0 0 0.313048999999978
0

0101000
+1142 0 -1140 0 *
Ve
1e-07
62.240322 -277.390198 0
0 0

0101101
*
Ed
 1e-07 1 1 0
1  1325 0 0 0.305596000000001
2  1483 158 0 0 0.305596000000001
2  1484 159 0 0 0.305596000000001
0

0101000
+1140 0 -1138 0 *
Ve
1e-07
62.240322 -276.73056 0
0 0

0101101
*
Ed
 1e-07 1 1 0
1  1326 0 0 0.659637999999973
2  1485 158 0 0 0.659637999999973
2  1486 159 0 0 0.659637999999973
0

0101000
+1138 0 -1136 0 *
Ve
1e-07
62.545918 -276.73056 0
0 0

0101101
*
Ed
 1e-07 1 1 0
1  1327 0 0 0.305596000000001
2  1487 158 0 0 0.305596000000001
2  1488 159 0 0 0.305596000000001
0

0101000
+1136 0 -1134 0 *
Ve
1e-07
62.545918 -276.421234 0
0 0

0101101
*
Ed
 1e-07 1 1 0
1  1328 0 0 0.309325999999999
2  1489 158 0 0 0.309325999999999
2  1490 159 0 0 0.309325999999999
0

0101000
+1134 0 -1132 0 *
Ve
1e-07
63.28381 -276.421234 0
0 0

0101101
*
Ed
 1e-07 1 1 0
1  1329 0 0 0.737892000000002
2  1491 158 0 0 0.737892000000002
2  1492 159 0 0 0.737892000000002
0

0101000
+1132 0 -1130 0 *
Ve
1e-07
63.28381 -276.73056 0
0 0

0101101
*
Ed
 1e-07 1 1 0
1  1330 0 0 0.309325999999999
2  1493 158 0 0 0.309325999999999
2  1494 159 0 0 0.309325999999999
0

0101000
+1130 0 -1128 0 *
Ve
1e-07
63.581951 -276.73056 0
0 0

0101101
*
Ed
 1e-07 1 1 0
1  1331 0 0 0.298140999999994
2  1495 158 0 0 0.298140999999994
2  1496 159 0 0 0.298140999999994
0

0101000
+1128 0 -1126 0 *
Ve
1e-07
63.581951 -277.390198 0
0 0

0101101
*
Ed
 1e-07 1 1 0
1  1332 0 0 0.659637999999973
2  1497 158 0 0 0.659637999999973
2  1498 159 0 0 0.659637999999973
0

0101000
+1126 0 -1124 0 *
Ed
 1e-07 1 1 0
1  1333 0 0 0.298140999999994
2  1499 158 0 0 0.298140999999994
2  1500 159 0 0 0.298140999999994
0

0101000
+1124 0 -1145 0 *
Wi

0101100
+1143 0 +1141 0 +1139 0 +1137 0 +1135 0 +1133 0 +1131 0 +1129 0 +1127 0 +1125 0 
+1123 0 +1122 0 *
Ve
1e-07
35.532139 -249.510895 0
0 0

0101101
*
Ve
1e-07
35.233997 -249.510895 0
0 0

0101101
*
Ed
 1e-07 1 1 0
1  1334 0 0 0.298141999999999
2  1501 160 0 0 0.298141999999999
2  1502 161 0 0 0.298141999999999
0

0101000
+1120 0 -1119 0 *
Ve
1e-07
35.233997 -249.823944 0
0 0

0101101
*
Ed
 1e-07 1 1 0
1  1335 0 0 0.313049000000007
2  1503 160 0 0 0.313049000000007
2  1504 161 0 0 0.313049000000007
0

0101000
+1119 0 -1117 0 *
Ve
1e-07
34.496101 -249.823944 0
0 0

0101101
*
Ed
 1e-07 1 1 0
1  1336 0 0 0.737895999999999
2  1505 160 0 0 0.737895999999999
2  1506 161 0 0 0.737895999999999
0

0101000
+1117 0 -1115 0 *
Ve
1e-07
34.496101 -249.510895 0
0 0

0101101
*
Ed
 1e-07 1 1 0
1  1337 0 0 0.313049000000007
2  1507 160 0 0 0.313049000000007
2  1508 161 0 0 0.313049000000007
0

0101000
+1115 0 -1113 0 *
Ve
1e-07
34.19051 -249.510895 0
0 0

0101101
*
Ed
 1e-07 1 1 0
1  1338 0 0 0.305591
2  1509 160 0 0 0.305591
2  1510 161 0 0 0.305591
0

0101000
+1113 0 -1111 0 *
Ve
1e-07
34.19051 -248.851257 0
0 0

0101101
*
Ed
 1e-07 1 1 0
1  1339 0 0 0.659638000000001
2  1511 160 0 0 0.659638000000001
2  1512 161 0 0 0.659638000000001
0

0101000
+1111 0 -1109 0 *
Ve
1e-07
34.496101 -248.851257 0
0 0

0101101
*
Ed
 1e-07 1 1 0
1  1340 0 0 0.305591
2  1513 160 0 0 0.305591
2  1514 161 0 0 0.305591
0

0101000
+1109 0 -1107 0 *
Ve
1e-07
34.496101 -248.541931 0
0 0

0101101
*
Ed
 1e-07 1 1 0
1  1341 0 0 0.309325999999999
2  1515 160 0 0 0.309325999999999
2  1516 161 0 0 0.309325999999999
0

0101000
+1107 0 -1105 0 *
Ve
1e-07
35.233997 -248.541931 0
0 0

0101101
*
Ed
 1e-07 1 1 0
1  1342 0 0 0.737895999999999
2  1517 160 0 0 0.737895999999999
2  1518 161 0 0 0.737895999999999
0

0101000
+1105 0 -1103 0 *
Ve
1e-07
35.233997 -248.851257 0
0 0

0101101
*
Ed
 1e-07 1 1 0
1  1343 0 0 0.309325999999999
2  1519 160 0 0 0.309325999999999
2  1520 161 0 0 0.309325999999999
0

0101000
+1103 0 -1101 0 *
Ve
1e-07
35.532139 -248.851257 0
0 0

0101101
*
Ed
 1e-07 1 1 0
1  1344 0 0 0.298141999999999
2  1521 160 0 0 0.298141999999999
2  1522 161 0 0 0.298141999999999
0

0101000
+1101 0 -1099 0 *
Ed
 1e-07 1 1 0
1  1345 0 0 0.659638000000001
2  1523 160 0 0 0.659638000000001
2  1524 161 0 0 0.659638000000001
0

0101000
+1099 0 -1120 0 *
Wi

0101100
+1118 0 +1116 0 +1114 0 +1112 0 +1110 0 +1108 0 +1106 0 +1104 0 +1102 0 +1100 0 
+1098 0 +1097 0 *
Ve
1e-07
71.393211 -277.449829 0
0 0

0101101
*
Ve
1e-07
71.393211 -276.790192 0
0 0

0101101
*
Ed
 1e-07 1 1 0
1  1346 0 0 0.659637000000032
2  1525 162 0 0 0.659637000000032
2  1526 163 0 0 0.659637000000032
0

0101000
+1095 0 -1094 0 *
Ve
1e-07
71.698807 -276.790192 0
0 0

0101101
*
Ed
 1e-07 1 1 0
1  1347 0 0 0.305596000000008
2  1527 162 0 0 0.305596000000008
2  1528 163 0 0 0.305596000000008
0

0101000
+1094 0 -1092 0 *
Ve
1e-07
71.698807 -276.480865 0
0 0

0101101
*
Ed
 1e-07 1 1 0
1  1348 0 0 0.309326999999996
2  1529 162 0 0 0.309326999999996
2  1530 163 0 0 0.309326999999996
0

0101000
+1092 0 -1090 0 *
Ve
1e-07
72.436699 -276.480865 0
0 0

0101101
*
Ed
 1e-07 1 1 0
1  1349 0 0 0.737892000000002
2  1531 162 0 0 0.737892000000002
2  1532 163 0 0 0.737892000000002
0

0101000
+1090 0 -1088 0 *
Ve
1e-07
72.436699 -276.790192 0
0 0

0101101
*
Ed
 1e-07 1 1 0
1  1350 0 0 0.309326999999996
2  1533 162 0 0 0.309326999999996
2  1534 163 0 0 0.309326999999996
0

0101000
+1088 0 -1086 0 *
Ve
1e-07
72.73484 -276.790192 0
0 0

0101101
*
Ed
 1e-07 1 1 0
1  1351 0 0 0.298141000000001
2  1535 162 0 0 0.298141000000001
2  1536 163 0 0 0.298141000000001
0

0101000
+1086 0 -1084 0 *
Ve
1e-07
72.73484 -277.449829 0
0 0

0101101
*
Ed
 1e-07 1 1 0
1  1352 0 0 0.659637000000032
2  1537 162 0 0 0.659637000000032
2  1538 163 0 0 0.659637000000032
0

0101000
+1084 0 -1082 0 *
Ve
1e-07
72.436699 -277.449829 0
0 0

0101101
*
Ed
 1e-07 1 1 0
1  1353 0 0 0.298141000000001
2  1539 162 0 0 0.298141000000001
2  1540 163 0 0 0.298141000000001
0

0101000
+1082 0 -1080 0 *
Ve
1e-07
72.436699 -277.762878 0
0 0

0101101
*
Ed
 1e-07 1 1 0
1  1354 0 0 0.313048999999978
2  1541 162 0 0 0.313048999999978
2  1542 163 0 0 0.313048999999978
0

0101000
+1080 0 -1078 0 *
Ve
1e-07
71.698807 -277.762878 0
0 0

0101101
*
Ed
 1e-07 1 1 0
1  1355 0 0 0.737892000000002
2  1543 162 0 0 0.737892000000002
2  1544 163 0 0 0.737892000000002
0

0101000
+1078 0 -1076 0 *
Ve
1e-07
71.698807 -277.449829 0
0 0

0101101
*
Ed
 1e-07 1 1 0
1  1356 0 0 0.313048999999978
2  1545 162 0 0 0.313048999999978
2  1546 163 0 0 0.313048999999978
0

0101000
+1076 0 -1074 0 *
Ed
 1e-07 1 1 0
1  1357 0 0 0.305596000000008
2  1547 162 0 0 0.305596000000008
2  1548 163 0 0 0.305596000000008
0

0101000
+1074 0 -1095 0 *
Wi

0101100
+1093 0 +1091 0 +1089 0 +1087 0 +1085 0 +1083 0 +1081 0 +1079 0 +1077 0 +1075 0 
+1073 0 +1072 0 *
Ve
1e-07
93.84314 -277.82251 0
0 0

0101101
*
Ve
1e-07
93.105247 -277.82251 0
0 0

0101101
*
Ed
 1e-07 1 1 0
1  1358 0 0 0.737893
2  1549 164 0 0 0.737893
2  1550 165 0 0 0.737893
0

0101000
+1070 0 -1069 0 *
Ve
1e-07
93.105247 -277.50946 0
0 0

0101101
*
Ed
 1e-07 1 1 0
1  1359 0 0 0.313050000000032
2  1551 164 0 0 0.313050000000032
2  1552 165 0 0 0.313050000000032
0

0101000
+1069 0 -1067 0 *
Ve
1e-07
92.799652 -277.50946 0
0 0

0101101
*
Ed
 1e-07 1 1 0
1  1360 0 0 0.305595000000011
2  1553 164 0 0 0.305595000000011
2  1554 165 0 0 0.305595000000011
0

0101000
+1067 0 -1065 0 *
Ve
1e-07
92.799652 -276.849823 0
0 0

0101101
*
Ed
 1e-07 1 1 0
1  1361 0 0 0.659636999999975
2  1555 164 0 0 0.659636999999975
2  1556 165 0 0 0.659636999999975
0

0101000
+1065 0 -1063 0 *
Ve
1e-07
93.105247 -276.849823 0
0 0

0101101
*
Ed
 1e-07 1 1 0
1  1362 0 0 0.305595000000011
2  1557 164 0 0 0.305595000000011
2  1558 165 0 0 0.305595000000011
0

0101000
+1063 0 -1061 0 *
Ve
1e-07
93.105247 -276.540497 0
0 0

0101101
*
Ed
 1e-07 1 1 0
1  1363 0 0 0.309325999999999
2  1559 164 0 0 0.309325999999999
2  1560 165 0 0 0.309325999999999
0

0101000
+1061 0 -1059 0 *
Ve
1e-07
93.84314 -276.540497 0
0 0

0101101
*
Ed
 1e-07 1 1 0
1  1364 0 0 0.737893
2  1561 164 0 0 0.737893
2  1562 165 0 0 0.737893
0

0101000
+1059 0 -1057 0 *
Ve
1e-07
93.84314 -276.849823 0
0 0

0101101
*
Ed
 1e-07 1 1 0
1  1365 0 0 0.309325999999999
2  1563 164 0 0 0.309325999999999
2  1564 165 0 0 0.309325999999999
0

0101000
+1057 0 -1055 0 *
Ve
1e-07
94.141281 -276.849823 0
0 0

0101101
*
Ed
 1e-07 1 1 0
1  1366 0 0 0.298141000000001
2  1565 164 0 0 0.298141000000001
2  1566 165 0 0 0.298141000000001
0

0101000
+1055 0 -1053 0 *
Ve
1e-07
94.141281 -277.50946 0
0 0

0101101
*
Ed
 1e-07 1 1 0
1  1367 0 0 0.659636999999975
2  1567 164 0 0 0.659636999999975
2  1568 165 0 0 0.659636999999975
0

0101000
+1053 0 -1051 0 *
Ve
1e-07
93.84314 -277.50946 0
0 0

0101101
*
Ed
 1e-07 1 1 0
1  1368 0 0 0.298141000000001
2  1569 164 0 0 0.298141000000001
2  1570 165 0 0 0.298141000000001
0

0101000
+1051 0 -1049 0 *
Ed
 1e-07 1 1 0
1  1369 0 0 0.313050000000032
2  1571 164 0 0 0.313050000000032
2  1572 165 0 0 0.313050000000032
0

0101000
+1049 0 -1070 0 *
Wi

0101100
+1068 0 +1066 0 +1064 0 +1062 0 +1060 0 +1058 0 +1056 0 +1054 0 +1052 0 +1050 0 
+1048 0 +1047 0 *
Ve
1e-07
102.876778 -277.852325 0
0 0

0101101
*
Ve
1e-07
102.138885 -277.852325 0
0 0

0101101
*
Ed
 1e-07 1 1 0
1  1370 0 0 0.737893
2  1573 166 0 0 0.737893
2  1574 167 0 0 0.737893
0

0101000
+1045 0 -1044 0 *
Ve
1e-07
102.138885 -277.539276 0
0 0

0101101
*
Ed
 1e-07 1 1 0
1  1371 0 0 0.313049000000035
2  1575 166 0 0 0.313049000000035
2  1576 167 0 0 0.313049000000035
0

0101000
+1044 0 -1042 0 *
Ve
1e-07
101.83329 -277.539276 0
0 0

0101101
*
Ed
 1e-07 1 1 0
1  1372 0 0 0.305594999999997
2  1577 166 0 0 0.305594999999997
2  1578 167 0 0 0.305594999999997
0

0101000
+1042 0 -1040 0 *
Ve
1e-07
101.83329 -276.879639 0
0 0

0101101
*
Ed
 1e-07 1 1 0
1  1373 0 0 0.659636999999975
2  1579 166 0 0 0.659636999999975
2  1580 167 0 0 0.659636999999975
0

0101000
+1040 0 -1038 0 *
Ve
1e-07
102.138885 -276.879639 0
0 0

0101101
*
Ed
 1e-07 1 1 0
1  1374 0 0 0.305594999999997
2  1581 166 0 0 0.305594999999997
2  1582 167 0 0 0.305594999999997
0

0101000
+1038 0 -1036 0 *
Ve
1e-07
102.138885 -276.570312 0
0 0

0101101
*
Ed
 1e-07 1 1 0
1  1375 0 0 0.309326999999996
2  1583 166 0 0 0.309326999999996
2  1584 167 0 0 0.309326999999996
0

0101000
+1036 0 -1034 0 *
Ve
1e-07
102.876778 -276.570312 0
0 0

0101101
*
Ed
 1e-07 1 1 0
1  1376 0 0 0.737893
2  1585 166 0 0 0.737893
2  1586 167 0 0 0.737893
0

0101000
+1034 0 -1032 0 *
Ve
1e-07
102.876778 -276.879639 0
0 0

0101101
*
Ed
 1e-07 1 1 0
1  1377 0 0 0.309326999999996
2  1587 166 0 0 0.309326999999996
2  1588 167 0 0 0.309326999999996
0

0101000
+1032 0 -1030 0 *
Ve
1e-07
103.174919 -276.879639 0
0 0

0101101
*
Ed
 1e-07 1 1 0
1  1378 0 0 0.298141000000001
2  1589 166 0 0 0.298141000000001
2  1590 167 0 0 0.298141000000001
0

0101000
+1030 0 -1028 0 *
Ve
1e-07
103.174919 -277.539276 0
0 0

0101101
*
Ed
 1e-07 1 1 0
1  1379 0 0 0.659636999999975
2  1591 166 0 0 0.659636999999975
2  1592 167 0 0 0.659636999999975
0

0101000
+1028 0 -1026 0 *
Ve
1e-07
102.876778 -277.539276 0
0 0

0101101
*
Ed
 1e-07 1 1 0
1  1380 0 0 0.298141000000001
2  1593 166 0 0 0.298141000000001
2  1594 167 0 0 0.298141000000001
0

0101000
+1026 0 -1024 0 *
Ed
 1e-07 1 1 0
1  1381 0 0 0.313049000000035
2  1595 166 0 0 0.313049000000035
2  1596 167 0 0 0.313049000000035
0

0101000
+1024 0 -1045 0 *
Wi

0101100
+1043 0 +1041 0 +1039 0 +1037 0 +1035 0 +1033 0 +1031 0 +1029 0 +1027 0 +1025 0 
+1023 0 +1022 0 *
Ve
1e-07
111.284317 -259.114227 0
0 0

0101101
*
Ve
1e-07
111.284317 -258.45459 0
0 0

0101101
*
Ed
 1e-07 1 1 0
1  1382 0 0 0.659637000000032
2  1597 168 0 0 0.659637000000032
2  1598 169 0 0 0.659637000000032
0

0101000
+1020 0 -1019 0 *
Ve
1e-07
111.589912 -258.45459 0
0 0

0101101
*
Ed
 1e-07 1 1 0
1  1383 0 0 0.305594999999997
2  1599 168 0 0 0.305594999999997
2  1600 169 0 0 0.305594999999997
0

0101000
+1019 0 -1017 0 *
Ve
1e-07
111.589912 -258.145264 0
0 0

0101101
*
Ed
 1e-07 1 1 0
1  1384 0 0 0.309325999999999
2  1601 168 0 0 0.309325999999999
2  1602 169 0 0 0.309325999999999
0

0101000
+1017 0 -1015 0 *
Ve
1e-07
112.327805 -258.145264 0
0 0

0101101
*
Ed
 1e-07 1 1 0
1  1385 0 0 0.737893
2  1603 168 0 0 0.737893
2  1604 169 0 0 0.737893
0

0101000
+1015 0 -1013 0 *
Ve
1e-07
112.327805 -258.45459 0
0 0

0101101
*
Ed
 1e-07 1 1 0
1  1386 0 0 0.309325999999999
2  1605 168 0 0 0.309325999999999
2  1606 169 0 0 0.309325999999999
0

0101000
+1013 0 -1011 0 *
Ve
1e-07
112.625946 -258.45459 0
0 0

0101101
*
Ed
 1e-07 1 1 0
1  1387 0 0 0.298141000000001
2  1607 168 0 0 0.298141000000001
2  1608 169 0 0 0.298141000000001
0

0101000
+1011 0 -1009 0 *
Ve
1e-07
112.625946 -259.114227 0
0 0

0101101
*
Ed
 1e-07 1 1 0
1  1388 0 0 0.659637000000032
2  1609 168 0 0 0.659637000000032
2  1610 169 0 0 0.659637000000032
0

0101000
+1009 0 -1007 0 *
Ve
1e-07
112.327805 -259.114227 0
0 0

0101101
*
Ed
 1e-07 1 1 0
1  1389 0 0 0.298141000000001
2  1611 168 0 0 0.298141000000001
2  1612 169 0 0 0.298141000000001
0

0101000
+1007 0 -1005 0 *
Ve
1e-07
112.327805 -259.427277 0
0 0

0101101
*
Ed
 1e-07 1 1 0
1  1390 0 0 0.313049999999976
2  1613 168 0 0 0.313049999999976
2  1614 169 0 0 0.313049999999976
0

0101000
+1005 0 -1003 0 *
Ve
1e-07
111.589912 -259.427277 0
0 0

0101101
*
Ed
 1e-07 1 1 0
1  1391 0 0 0.737893
2  1615 168 0 0 0.737893
2  1616 169 0 0 0.737893
0

0101000
+1003 0 -1001 0 *
Ve
1e-07
111.589912 -259.114227 0
0 0

0101101
*
Ed
 1e-07 1 1 0
1  1392 0 0 0.313049999999976
2  1617 168 0 0 0.313049999999976
2  1618 169 0 0 0.313049999999976
0

0101000
+1001 0 -999 0 *
Ed
 1e-07 1 1 0
1  1393 0 0 0.305594999999997
2  1619 168 0 0 0.305594999999997
2  1620 169 0 0 0.305594999999997
0

0101000
+999 0 -1020 0 *
Wi

0101100
+1018 0 +1016 0 +1014 0 +1012 0 +1010 0 +1008 0 +1006 0 +1004 0 +1002 0 +1000 0 
+998 0 +997 0 *
Ve
1e-07
99.328911 -238.289169 0
0 0

0101101
*
Ve
1e-07
98.591019 -238.289169 0
0 0

0101101
*
Ed
 1e-07 1 1 0
1  1394 0 0 0.737892000000002
2  1621 170 0 0 0.737892000000002
2  1622 171 0 0 0.737892000000002
0

0101000
+995 0 -994 0 *
Ve
1e-07
98.591019 -237.97612 0
0 0

0101101
*
Ed
 1e-07 1 1 0
1  1395 0 0 0.313048999999978
2  1623 170 0 0 0.313048999999978
2  1624 171 0 0 0.313048999999978
0

0101000
+994 0 -992 0 *
Ve
1e-07
98.285423 -237.97612 0
0 0

0101101
*
Ed
 1e-07 1 1 0
1  1396 0 0 0.305596000000008
2  1625 170 0 0 0.305596000000008
2  1626 171 0 0 0.305596000000008
0

0101000
+992 0 -990 0 *
Ve
1e-07
98.285423 -237.316483 0
0 0

0101101
*
Ed
 1e-07 1 1 0
1  1397 0 0 0.659637000000004
2  1627 170 0 0 0.659637000000004
2  1628 171 0 0 0.659637000000004
0

0101000
+990 0 -988 0 *
Ve
1e-07
98.591019 -237.316483 0
0 0

0101101
*
Ed
 1e-07 1 1 0
1  1398 0 0 0.305596000000008
2  1629 170 0 0 0.305596000000008
2  1630 171 0 0 0.305596000000008
0

0101000
+988 0 -986 0 *
Ve
1e-07
98.591019 -237.007156 0
0 0

0101101
*
Ed
 1e-07 1 1 0
1  1399 0 0 0.309326999999996
2  1631 170 0 0 0.309326999999996
2  1632 171 0 0 0.309326999999996
0

0101000
+986 0 -984 0 *
Ve
1e-07
99.328911 -237.007156 0
0 0

0101101
*
Ed
 1e-07 1 1 0
1  1400 0 0 0.737892000000002
2  1633 170 0 0 0.737892000000002
2  1634 171 0 0 0.737892000000002
0

0101000
+984 0 -982 0 *
Ve
1e-07
99.328911 -237.316483 0
0 0

0101101
*
Ed
 1e-07 1 1 0
1  1401 0 0 0.309326999999996
2  1635 170 0 0 0.309326999999996
2  1636 171 0 0 0.309326999999996
0

0101000
+982 0 -980 0 *
Ve
1e-07
99.627052 -237.316483 0
0 0

0101101
*
Ed
 1e-07 1 1 0
1  1402 0 0 0.298141000000001
2  1637 170 0 0 0.298141000000001
2  1638 171 0 0 0.298141000000001
0

0101000
+980 0 -978 0 *
Ve
1e-07
99.627052 -237.97612 0
0 0

0101101
*
Ed
 1e-07 1 1 0
1  1403 0 0 0.659637000000004
2  1639 170 0 0 0.659637000000004
2  1640 171 0 0 0.659637000000004
0

0101000
+978 0 -976 0 *
Ve
1e-07
99.328911 -237.97612 0
0 0

0101101
*
Ed
 1e-07 1 1 0
1  1404 0 0 0.298141000000001
2  1641 170 0 0 0.298141000000001
2  1642 171 0 0 0.298141000000001
0

0101000
+976 0 -974 0 *
Ed
 1e-07 1 1 0
1  1405 0 0 0.313048999999978
2  1643 170 0 0 0.313048999999978
2  1644 171 0 0 0.313048999999978
0

0101000
+974 0 -995 0 *
Wi

0101100
+993 0 +991 0 +989 0 +987 0 +985 0 +983 0 +981 0 +979 0 +977 0 +975 0 
+973 0 +972 0 *
Ve
1e-07
118.974617 -267.50592 0
0 0

0101101
*
Ve
1e-07
118.318077 -267.50592 0
0 0

0101101
*
Ed
 1e-07 1 1 0
1  1406 0 0 0.656539999999993
2  1645 172 0 0 0.656539999999993
2  1646 173 0 0 0.656539999999993
0

0101000
+970 0 -969 0 *
Ve
1e-07
118.318077 -267.777588 0
0 0

0101101
*
Ed
 1e-07 1 1 0
1  1407 0 0 0.271667999999977
2  1647 172 0 0 0.271667999999977
2  1648 173 0 0 0.271667999999977
0

0101000
+969 0 -967 0 *
Ve
1e-07
117.87661 -267.777588 0
0 0

0101101
*
Ed
 1e-07 1 1 0
1  1408 0 0 0.441467000000003
2  1649 172 0 0 0.441467000000003
2  1650 173 0 0 0.441467000000003
0

0101000
+967 0 -965 0 *
Ve
1e-07
117.87661 -266.238129 0
0 0

0101101
*
Ed
 1e-07 1 1 0
1  1409 0 0 1.53945899999997
2  1651 172 0 0 1.53945899999997
2  1652 173 0 0 1.53945899999997
0

0101000
+965 0 -963 0 *
Ve
1e-07
118.408638 -266.238129 0
0 0

0101101
*
Ed
 1e-07 1 1 0
1  1410 0 0 0.532027999999997
2  1653 172 0 0 0.532027999999997
2  1654 173 0 0 0.532027999999997
0

0101000
+963 0 -961 0 *
Ve
1e-07
118.408638 -266.441895 0
0 0

0101101
*
Ed
 1e-07 1 1 0
1  1411 0 0 0.203765999999973
2  1655 172 0 0 0.203765999999973
2  1656 173 0 0 0.203765999999973
0

0101000
+961 0 -959 0 *
Ve
1e-07
118.974617 -266.441895 0
0 0

0101101
*
Ed
 1e-07 1 1 0
1  1412 0 0 0.565978999999999
2  1657 172 0 0 0.565978999999999
2  1658 173 0 0 0.565978999999999
0

0101000
+959 0 -957 0 *
Ed
 1e-07 1 1 0
1  1413 0 0 1.06402500000002
2  1659 172 0 0 1.06402500000002
2  1660 173 0 0 1.06402500000002
0

0101000
+957 0 -970 0 *
Wi

0101100
+968 0 +966 0 +964 0 +962 0 +960 0 +958 0 +956 0 +955 0 *
Ve
1e-07
44.425606 -237.214172 0
0 0

0101101
*
Ve
1e-07
44.723743 -237.214172 0
0 0

0101101
*
Ed
 1e-07 1 1 0
1  1414 0 0 0.298136999999997
2  1661 174 0 0 0.298136999999997
2  1662 175 0 0 0.298136999999997
0

0101000
+953 0 -952 0 *
Ve
1e-07
44.723743 -237.87381 0
0 0

0101101
*
Ed
 1e-07 1 1 0
1  1415 0 0 0.659638000000001
2  1663 174 0 0 0.659638000000001
2  1664 175 0 0 0.659638000000001
0

0101000
+952 0 -950 0 *
Ve
1e-07
44.425606 -237.87381 0
0 0

0101101
*
Ed
 1e-07 1 1 0
1  1416 0 0 0.298136999999997
2  1665 174 0 0 0.298136999999997
2  1666 175 0 0 0.298136999999997
0

0101000
+950 0 -948 0 *
Ve
1e-07
44.425606 -238.418762 0
0 0

0101101
*
Ed
 1e-07 1 1 0
1  1417 0 0 0.544951999999995
2  1667 174 0 0 0.544951999999995
2  1668 175 0 0 0.544951999999995
0

0101000
+948 0 -946 0 *
Ve
1e-07
43.68771 -238.418762 0
0 0

0101101
*
Ed
 1e-07 1 1 0
1  1418 0 0 0.737895999999999
2  1669 174 0 0 0.737895999999999
2  1670 175 0 0 0.737895999999999
0

0101000
+946 0 -944 0 *
Ve
1e-07
43.68771 -237.87381 0
0 0

0101101
*
Ed
 1e-07 1 1 0
1  1419 0 0 0.544951999999995
2  1671 174 0 0 0.544951999999995
2  1672 175 0 0 0.544951999999995
0

0101000
+944 0 -942 0 *
Ve
1e-07
43.382114 -237.87381 0
0 0

0101101
*
Ed
 1e-07 1 1 0
1  1420 0 0 0.305596000000001
2  1673 174 0 0 0.305596000000001
2  1674 175 0 0 0.305596000000001
0

0101000
+942 0 -940 0 *
Ve
1e-07
43.382114 -237.214172 0
0 0

0101101
*
Ed
 1e-07 1 1 0
1  1421 0 0 0.659638000000001
2  1675 174 0 0 0.659638000000001
2  1676 175 0 0 0.659638000000001
0

0101000
+940 0 -938 0 *
Ve
1e-07
43.68771 -237.214172 0
0 0

0101101
*
Ed
 1e-07 1 1 0
1  1422 0 0 0.305596000000001
2  1677 174 0 0 0.305596000000001
2  1678 175 0 0 0.305596000000001
0

0101000
+938 0 -936 0 *
Ve
1e-07
43.68771 -236.904861 0
0 0

0101101
*
Ed
 1e-07 1 1 0
1  1423 0 0 0.30931099999998
2  1679 174 0 0 0.30931099999998
2  1680 175 0 0 0.30931099999998
0

0101000
+936 0 -934 0 *
Ve
1e-07
44.425606 -236.904861 0
0 0

0101101
*
Ed
 1e-07 1 1 0
1  1424 0 0 0.737895999999999
2  1681 174 0 0 0.737895999999999
2  1682 175 0 0 0.737895999999999
0

0101000
+934 0 -932 0 *
Ed
 1e-07 1 1 0
1  1425 0 0 0.30931099999998
2  1683 174 0 0 0.30931099999998
2  1684 175 0 0 0.30931099999998
0

0101000
+932 0 -953 0 *
Wi

0101100
+951 0 +949 0 +947 0 +945 0 +943 0 +941 0 +939 0 +937 0 +935 0 +933 0 
+931 0 +930 0 *
Ve
1e-07
134.935303 -233.5923 0
0 0

0101101
*
Ve
1e-07
134.947174 -231.962296 0
0 0

0101101
*
Ed
 1e-07 1 1 0
1  1426 0 0 1.63004722651123
2  1685 176 0 0 1.63004722651123
2  1686 177 0 0 1.63004722651123
0

0101000
+928 0 -927 0 *
Ve
1e-07
135.840866 -231.962296 0
0 0

0101101
*
Ed
 1e-07 1 1 0
1  1427 0 0 0.893692000000016
2  1687 176 0 0 0.893692000000016
2  1688 177 0 0 0.893692000000016
0

0101000
+927 0 -925 0 *
Ve
1e-07
135.840866 -232.324524 0
0 0

0101101
*
Ed
 1e-07 1 1 0
1  1428 0 0 0.362227999999988
2  1689 176 0 0 0.362227999999988
2  1690 177 0 0 0.362227999999988
0

0101000
+925 0 -923 0 *
Ve
1e-07
136.203094 -232.324524 0
0 0

0101101
*
Ed
 1e-07 1 1 0
1  1429 0 0 0.362227999999988
2  1691 176 0 0 0.362227999999988
2  1692 177 0 0 0.362227999999988
0

0101000
+923 0 -921 0 *
Ve
1e-07
136.203094 -233.048981 0
0 0

0101101
*
Ed
 1e-07 1 1 0
1  1430 0 0 0.724457000000001
2  1693 176 0 0 0.724457000000001
2  1694 177 0 0 0.724457000000001
0

0101000
+921 0 -919 0 *
Ve
1e-07
135.889008 -233.052979 0
0 0

0101101
*
Ed
 1e-07 1 1 0
1  1431 0 0 0.314111444235962
2  1695 176 0 0 0.314111444235962
2  1696 177 0 0 0.314111444235962
0

0101000
+919 0 -917 0 *
Ve
1e-07
135.897217 -233.697525 0
0 0

0101101
*
Ed
 1e-07 1 1 0
1  1432 0 0 0.644598273188058
2  1697 176 0 0 0.644598273188058
2  1698 177 0 0 0.644598273188058
0

0101000
+917 0 -915 0 *
Ve
1e-07
135.289948 -233.698334 0
0 0

0101101
*
Ed
 1e-07 1 1 0
1  1433 0 0 0.607269538872157
2  1699 176 0 0 0.607269538872157
2  1700 177 0 0 0.607269538872157
0

0101000
+915 0 -913 0 *
Ve
1e-07
135.293243 -233.579529 0
0 0

0101101
*
Ed
 1e-07 1 1 0
1  1434 0 0 0.118850683843196
2  1701 176 0 0 0.118850683843196
2  1702 177 0 0 0.118850683843196
0

0101000
+913 0 -911 0 *
Ed
 1e-07 1 1 0
1  1435 0 0 0.358167756841663
2  1703 176 0 0 0.358167756841663
2  1704 177 0 0 0.358167756841663
0

0101000
+911 0 -928 0 *
Wi

0101100
+926 0 +924 0 +922 0 +920 0 +918 0 +916 0 +914 0 +912 0 +910 0 +909 0 
*
Ve
1e-07
55.894032 -237.073517 0
0 0

0101101
*
Ve
1e-07
55.894032 -237.382828 0
0 0

0101101
*
Ed
 1e-07 1 1 0
1  1436 0 0 0.30931099999998
2  1705 178 0 0 0.30931099999998
2  1706 179 0 0 0.30931099999998
0

0101000
+907 0 -906 0 *
Ve
1e-07
56.192173 -237.382828 0
0 0

0101101
*
Ed
 1e-07 1 1 0
1  1437 0 0 0.298140999999994
2  1707 178 0 0 0.298140999999994
2  1708 179 0 0 0.298140999999994
0

0101000
+906 0 -904 0 *
Ve
1e-07
56.192173 -238.042465 0
0 0

0101101
*
Ed
 1e-07 1 1 0
1  1438 0 0 0.659637000000004
2  1709 178 0 0 0.659637000000004
2  1710 179 0 0 0.659637000000004
0

0101000
+904 0 -902 0 *
Ve
1e-07
55.894032 -238.042465 0
0 0

0101101
*
Ed
 1e-07 1 1 0
1  1439 0 0 0.298140999999994
2  1711 178 0 0 0.298140999999994
2  1712 179 0 0 0.298140999999994
0

0101000
+902 0 -900 0 *
Ve
1e-07
55.894032 -238.810181 0
0 0

0101101
*
Ed
 1e-07 1 1 0
1  1440 0 0 0.767716000000007
2  1713 178 0 0 0.767716000000007
2  1714 179 0 0 0.767716000000007
0

0101000
+900 0 -898 0 *
Ve
1e-07
55.156136 -238.810181 0
0 0

0101101
*
Ed
 1e-07 1 1 0
1  1441 0 0 0.737896000000006
2  1715 178 0 0 0.737896000000006
2  1716 179 0 0 0.737896000000006
0

0101000
+898 0 -896 0 *
Ve
1e-07
55.156136 -238.042465 0
0 0

0101101
*
Ed
 1e-07 1 1 0
1  1442 0 0 0.767716000000007
2  1717 178 0 0 0.767716000000007
2  1718 179 0 0 0.767716000000007
0

0101000
+896 0 -894 0 *
Ve
1e-07
54.850544 -238.042465 0
0 0

0101101
*
Ed
 1e-07 1 1 0
1  1443 0 0 0.305591999999997
2  1719 178 0 0 0.305591999999997
2  1720 179 0 0 0.305591999999997
0

0101000
+894 0 -892 0 *
Ve
1e-07
54.850544 -237.382828 0
0 0

0101101
*
Ed
 1e-07 1 1 0
1  1444 0 0 0.659637000000004
2  1721 178 0 0 0.659637000000004
2  1722 179 0 0 0.659637000000004
0

0101000
+892 0 -890 0 *
Ve
1e-07
55.156136 -237.382828 0
0 0

0101101
*
Ed
 1e-07 1 1 0
1  1445 0 0 0.305591999999997
2  1723 178 0 0 0.305591999999997
2  1724 179 0 0 0.305591999999997
0

0101000
+890 0 -888 0 *
Ve
1e-07
55.156136 -237.073517 0
0 0

0101101
*
Ed
 1e-07 1 1 0
1  1446 0 0 0.30931099999998
2  1725 178 0 0 0.30931099999998
2  1726 179 0 0 0.30931099999998
0

0101000
+888 0 -886 0 *
Ed
 1e-07 1 1 0
1  1447 0 0 0.737896000000006
2  1727 178 0 0 0.737896000000006
2  1728 179 0 0 0.737896000000006
0

0101000
+886 0 -907 0 *
Wi

0101100
+905 0 +903 0 +901 0 +899 0 +897 0 +895 0 +893 0 +891 0 +889 0 +887 0 
+885 0 +884 0 *
Ve
1e-07
45.713978 -221.163376 0
0 0

0101101
*
Ve
1e-07
45.713978 -222.068939 0
0 0

0101101
*
Ed
 1e-07 1 1 0
1  1448 0 0 0.905563000000001
2  1729 180 0 0 0.905563000000001
2  1730 181 0 0 0.905563000000001
0

0101000
+882 0 -881 0 *
Ve
1e-07
43.45005 -222.068939 0
0 0

0101101
*
Ed
 1e-07 1 1 0
1  1449 0 0 2.263928
2  1731 180 0 0 2.263928
2  1732 181 0 0 2.263928
0

0101000
+881 0 -879 0 *
Ve
1e-07
43.45005 -221.163376 0
0 0

0101101
*
Ed
 1e-07 1 1 0
1  1450 0 0 0.905563000000001
2  1733 180 0 0 0.905563000000001
2  1734 181 0 0 0.905563000000001
0

0101000
+879 0 -877 0 *
Ed
 1e-07 1 1 0
1  1451 0 0 2.263928
2  1735 180 0 0 2.263928
2  1736 181 0 0 2.263928
0

0101000
+877 0 -882 0 *
Wi

0101100
+880 0 +878 0 +876 0 +875 0 *
Ve
1e-07
118.363358 -275.656067 0
0 0

0101101
*
Ve
1e-07
118.363358 -275.950378 0
0 0

0101101
*
Ed
 1e-07 1 1 0
1  1452 0 0 0.294310999999993
2  1737 182 0 0 0.294310999999993
2  1738 183 0 0 0.294310999999993
0

0101000
+873 0 -872 0 *
Ve
1e-07
117.933212 -275.950378 0
0 0

0101101
*
Ed
 1e-07 1 1 0
1  1453 0 0 0.430146000000008
2  1739 182 0 0 0.430146000000008
2  1740 183 0 0 0.430146000000008
0

0101000
+872 0 -870 0 *
Ve
1e-07
117.933212 -273.777008 0
0 0

0101101
*
Ed
 1e-07 1 1 0
1  1454 0 0 2.17336999999998
2  1741 182 0 0 2.17336999999998
2  1742 183 0 0 2.17336999999998
0

0101000
+870 0 -868 0 *
Ve
1e-07
118.363358 -273.777008 0
0 0

0101101
*
Ed
 1e-07 1 1 0
1  1455 0 0 0.430146000000008
2  1743 182 0 0 0.430146000000008
2  1744 183 0 0 0.430146000000008
0

0101000
+868 0 -866 0 *
Ve
1e-07
118.363358 -274.026031 0
0 0

0101101
*
Ed
 1e-07 1 1 0
1  1456 0 0 0.249022999999966
2  1745 182 0 0 0.249022999999966
2  1746 183 0 0 0.249022999999966
0

0101000
+866 0 -864 0 *
Ve
1e-07
118.951981 -274.026031 0
0 0

0101101
*
Ed
 1e-07 1 1 0
1  1457 0 0 0.588622999999998
2  1747 182 0 0 0.588622999999998
2  1748 183 0 0 0.588622999999998
0

0101000
+864 0 -862 0 *
Ve
1e-07
118.951981 -275.656067 0
0 0

0101101
*
Ed
 1e-07 1 1 0
1  1458 0 0 1.63003600000002
2  1749 182 0 0 1.63003600000002
2  1750 183 0 0 1.63003600000002
0

0101000
+862 0 -860 0 *
Ed
 1e-07 1 1 0
1  1459 0 0 0.588622999999998
2  1751 182 0 0 0.588622999999998
2  1752 183 0 0 0.588622999999998
0

0101000
+860 0 -873 0 *
Wi

0101100
+871 0 +869 0 +867 0 +865 0 +863 0 +861 0 +859 0 +858 0 *
Ve
1e-07
46.302597 -231.351028 0
0 0

0101101
*
Ve
1e-07
45.895092 -231.351028 0
0 0

0101101
*
Ed
 1e-07 1 1 0
1  1460 0 0 0.407505
2  1753 184 0 0 0.407505
2  1754 185 0 0 0.407505
0

0101000
+856 0 -855 0 *
Ve
1e-07
45.895092 -231.735901 0
0 0

0101101
*
Ed
 1e-07 1 1 0
1  1461 0 0 0.384872999999999
2  1755 184 0 0 0.384872999999999
2  1756 185 0 0 0.384872999999999
0

0101000
+855 0 -853 0 *
Ve
1e-07
44.71785 -231.735901 0
0 0

0101101
*
Ed
 1e-07 1 1 0
1  1462 0 0 1.177242
2  1757 184 0 0 1.177242
2  1758 185 0 0 1.177242
0

0101000
+853 0 -851 0 *
Ve
1e-07
44.71785 -230.830338 0
0 0

0101101
*
Ed
 1e-07 1 1 0
1  1463 0 0 0.905563000000001
2  1759 184 0 0 0.905563000000001
2  1760 185 0 0 0.905563000000001
0

0101000
+851 0 -849 0 *
Ve
1e-07
45.306469 -230.830338 0
0 0

0101101
*
Ed
 1e-07 1 1 0
1  1464 0 0 0.588619000000001
2  1761 184 0 0 0.588619000000001
2  1762 185 0 0 0.588619000000001
0

0101000
+849 0 -847 0 *
Ve
1e-07
45.306469 -230.083237 0
0 0

0101101
*
Ed
 1e-07 1 1 0
1  1465 0 0 0.747101000000015
2  1763 184 0 0 0.747101000000015
2  1764 185 0 0 0.747101000000015
0

0101000
+847 0 -845 0 *
Ve
1e-07
45.713978 -230.083237 0
0 0

0101101
*
Ed
 1e-07 1 1 0
1  1466 0 0 0.407508999999997
2  1765 184 0 0 0.407508999999997
2  1766 185 0 0 0.407508999999997
0

0101000
+845 0 -843 0 *
Ve
1e-07
45.713978 -230.807693 0
0 0

0101101
*
Ed
 1e-07 1 1 0
1  1467 0 0 0.724456000000004
2  1767 184 0 0 0.724456000000004
2  1768 185 0 0 0.724456000000004
0

0101000
+843 0 -841 0 *
Ve
1e-07
46.302597 -230.807693 0
0 0

0101101
*
Ed
 1e-07 1 1 0
1  1468 0 0 0.588619000000001
2  1769 184 0 0 0.588619000000001
2  1770 185 0 0 0.588619000000001
0

0101000
+841 0 -839 0 *
Ed
 1e-07 1 1 0
1  1469 0 0 0.543335000000013
2  1771 184 0 0 0.543335000000013
2  1772 185 0 0 0.543335000000013
0

0101000
+839 0 -856 0 *
Wi

0101100
+854 0 +852 0 +850 0 +848 0 +846 0 +844 0 +842 0 +840 0 +838 0 +837 0 
*
Ve
1e-07
103.260605 -224.657364 0
0 0

0101101
*
Ve
1e-07
103.260605 -226.537354 0
0 0

0101101
*
Ed
 1e-07 1 1 0
1  1470 0 0 1.87998999999999
2  1773 186 0 0 1.87998999999999
2  1774 187 0 0 1.87998999999999
0

0101000
+835 0 -834 0 *
Ve
1e-07
102.220062 -226.537354 0
0 0

0101101
*
Ed
 1e-07 1 1 0
1  1471 0 0 1.040543
2  1775 186 0 0 1.040543
2  1776 187 0 0 1.040543
0

0101000
+834 0 -832 0 *
Ve
1e-07
102.220062 -225.752945 0
0 0

0101101
*
Ed
 1e-07 1 1 0
1  1472 0 0 0.784408999999982
2  1777 186 0 0 0.784408999999982
2  1778 187 0 0 0.784408999999982
0

0101000
+832 0 -830 0 *
Ve
1e-07
101.963928 -225.752945 0
0 0

0101101
*
Ed
 1e-07 1 1 0
1  1473 0 0 0.256134000000003
2  1779 186 0 0 0.256134000000003
2  1780 187 0 0 0.256134000000003
0

0101000
+830 0 -828 0 *
Ve
1e-07
101.963928 -225.048584 0
0 0

0101101
*
Ed
 1e-07 1 1 0
1  1474 0 0 0.704361000000006
2  1781 186 0 0 0.704361000000006
2  1782 187 0 0 0.704361000000006
0

0101000
+828 0 -826 0 *
Ve
1e-07
102.364136 -225.048584 0
0 0

0101101
*
Ed
 1e-07 1 1 0
1  1475 0 0 0.400208000000006
2  1783 186 0 0 0.400208000000006
2  1784 187 0 0 0.400208000000006
0

0101000
+826 0 -824 0 *
Ve
1e-07
102.348129 -224.440262 0
0 0

0101101
*
Ed
 1e-07 1 1 0
1  1476 0 0 0.608532562590548
2  1785 186 0 0 0.608532562590548
2  1786 187 0 0 0.608532562590548
0

0101000
+824 0 -822 0 *
Ve
1e-07
102.863327 -224.440262 0
0 0

0101101
*
Ed
 1e-07 1 1 0
1  1477 0 0 0.515197999999998
2  1787 186 0 0 0.515197999999998
2  1788 187 0 0 0.515197999999998
0

0101000
+822 0 -820 0 *
Ve
1e-07
102.863327 -224.657364 0
0 0

0101101
*
Ed
 1e-07 1 1 0
1  1478 0 0 0.217102000000011
2  1789 186 0 0 0.217102000000011
2  1790 187 0 0 0.217102000000011
0

0101000
+820 0 -818 0 *
Ed
 1e-07 1 1 0
1  1479 0 0 0.397278
2  1791 186 0 0 0.397278
2  1792 187 0 0 0.397278
0

0101000
+818 0 -835 0 *
Wi

0101100
+833 0 +831 0 +829 0 +827 0 +825 0 +823 0 +821 0 +819 0 +817 0 +816 0 
*
Ve
1e-07
87.682343 -283.121063 0
0 0

0101101
*
Ve
1e-07
87.682343 -283.732239 0
0 0

0101101
*
Ed
 1e-07 1 1 0
1  1480 0 0 0.611176
2  1793 188 0 0 0.611176
2  1794 189 0 0 0.611176
0

0101000
+814 0 -813 0 *
Ve
1e-07
85.654991 -283.732239 0
0 0

0101101
*
Ed
 1e-07 1 1 0
1  1481 0 0 2.02735200000001
2  1795 188 0 0 2.02735200000001
2  1796 189 0 0 2.02735200000001
0

0101000
+813 0 -811 0 *
Ve
1e-07
85.654991 -283.21048 0
0 0

0101101
*
Ed
 1e-07 1 1 0
1  1482 0 0 0.521758999999975
2  1797 188 0 0 0.521758999999975
2  1798 189 0 0 0.521758999999975
0

0101000
+811 0 -809 0 *
Ve
1e-07
85.371758 -283.21048 0
0 0

0101101
*
Ed
 1e-07 1 1 0
1  1483 0 0 0.283232999999996
2  1799 188 0 0 0.283232999999996
2  1800 189 0 0 0.283232999999996
0

0101000
+809 0 -807 0 *
Ve
1e-07
85.386665 -282.763275 0
0 0

0101101
*
Ed
 1e-07 1 1 0
1  1484 0 0 0.447453383799918
2  1801 188 0 0 0.447453383799918
2  1802 189 0 0 0.447453383799918
0

0101000
+807 0 -805 0 *
Ve
1e-07
87.920853 -282.763275 0
0 0

0101101
*
Ed
 1e-07 1 1 0
1  1485 0 0 2.534188
2  1803 188 0 0 2.534188
2  1804 189 0 0 2.534188
0

0101000
+805 0 -803 0 *
Ve
1e-07
87.920853 -283.121063 0
0 0

0101101
*
Ed
 1e-07 1 1 0
1  1486 0 0 0.357787999999971
2  1805 188 0 0 0.357787999999971
2  1806 189 0 0 0.357787999999971
0

0101000
+803 0 -801 0 *
Ed
 1e-07 1 1 0
1  1487 0 0 0.238509999999991
2  1807 188 0 0 0.238509999999991
2  1808 189 0 0 0.238509999999991
0

0101000
+801 0 -814 0 *
Wi

0101100
+812 0 +810 0 +808 0 +806 0 +804 0 +802 0 +800 0 +799 0 *
Ve
1e-07
69.536636 -282.827087 0
0 0

0101101
*
Ve
1e-07
72.192528 -282.848816 0
0 0

0101101
*
Ed
 1e-07 1 1 0
1  1488 0 0 2.6559808856814
2  1809 190 0 0 2.6559808856814
2  1810 191 0 0 2.6559808856814
0

0101000
+797 0 -796 0 *
Ve
1e-07
72.192528 -283.291504 0
0 0

0101101
*
Ed
 1e-07 1 1 0
1  1489 0 0 0.442687999999976
2  1811 190 0 0 0.442687999999976
2  1812 191 0 0 0.442687999999976
0

0101000
+796 0 -794 0 *
Ve
1e-07
71.939545 -283.291504 0
0 0

0101101
*
Ed
 1e-07 1 1 0
1  1490 0 0 0.252983
2  1813 190 0 0 0.252983
2  1814 191 0 0 0.252983
0

0101000
+794 0 -792 0 *
Ve
1e-07
71.939545 -283.776398 0
0 0

0101101
*
Ed
 1e-07 1 1 0
1  1491 0 0 0.484893999999997
2  1815 190 0 0 0.484893999999997
2  1816 191 0 0 0.484893999999997
0

0101000
+792 0 -790 0 *
Ve
1e-07
69.747055 -283.776398 0
0 0

0101101
*
Ed
 1e-07 1 1 0
1  1492 0 0 2.19248999999999
2  1817 190 0 0 2.19248999999999
2  1818 191 0 0 2.19248999999999
0

0101000
+790 0 -788 0 *
Ve
1e-07
69.747055 -283.291504 0
0 0

0101101
*
Ed
 1e-07 1 1 0
1  1493 0 0 0.484893999999997
2  1819 190 0 0 0.484893999999997
2  1820 191 0 0 0.484893999999997
0

0101000
+788 0 -786 0 *
Ve
1e-07
69.53624 -283.291504 0
0 0

0101101
*
Ed
 1e-07 1 1 0
1  1494 0 0 0.210814999999997
2  1821 190 0 0 0.210814999999997
2  1822 191 0 0 0.210814999999997
0

0101000
+786 0 -784 0 *
Ed
 1e-07 1 1 0
1  1495 0 0 0.464417168830967
2  1823 190 0 0 0.464417168830967
2  1824 191 0 0 0.464417168830967
0

0101000
+784 0 -797 0 *
Wi

0101100
+795 0 +793 0 +791 0 +789 0 +787 0 +785 0 +783 0 +782 0 *
Ve
1e-07
79.647476 -283.240295 0
0 0

0101101
*
Ve
1e-07
79.647476 -283.776947 0
0 0

0101101
*
Ed
 1e-07 1 1 0
1  1496 0 0 0.536652000000004
2  1825 192 0 0 0.536652000000004
2  1826 193 0 0 0.536652000000004
0

0101000
+780 0 -779 0 *
Ve
1e-07
77.545586 -283.776947 0
0 0

0101101
*
Ed
 1e-07 1 1 0
1  1497 0 0 2.10189
2  1827 192 0 0 2.10189
2  1828 193 0 0 2.10189
0

0101000
+779 0 -777 0 *
Ve
1e-07
77.545586 -283.285034 0
0 0

0101101
*
Ed
 1e-07 1 1 0
1  1498 0 0 0.491913000000011
2  1829 192 0 0 0.491913000000011
2  1830 193 0 0 0.491913000000011
0

0101000
+777 0 -775 0 *
Ve
1e-07
77.24778 -283.275085 0
0 0

0101101
*
Ed
 1e-07 1 1 0
1  1499 0 0 0.297972140034931
2  1831 192 0 0 0.297972140034931
2  1832 193 0 0 0.297972140034931
0

0101000
+775 0 -773 0 *
Ve
1e-07
77.262352 -282.83783 0
0 0

0101101
*
Ed
 1e-07 1 1 0
1  1500 0 0 0.437497746518761
2  1833 192 0 0 0.437497746518761
2  1834 193 0 0 0.437497746518761
0

0101000
+773 0 -771 0 *
Ve
1e-07
79.990334 -282.83783 0
0 0

0101101
*
Ed
 1e-07 1 1 0
1  1501 0 0 2.727982
2  1835 192 0 0 2.727982
2  1836 193 0 0 2.727982
0

0101000
+771 0 -769 0 *
Ve
1e-07
79.990334 -283.240295 0
0 0

0101101
*
Ed
 1e-07 1 1 0
1  1502 0 0 0.402465000000007
2  1837 192 0 0 0.402465000000007
2  1838 193 0 0 0.402465000000007
0

0101000
+769 0 -767 0 *
Ed
 1e-07 1 1 0
1  1503 0 0 0.342858000000007
2  1839 192 0 0 0.342858000000007
2  1840 193 0 0 0.342858000000007
0

0101000
+767 0 -780 0 *
Wi

0101100
+778 0 +776 0 +774 0 +772 0 +770 0 +768 0 +766 0 +765 0 *
Ve
1e-07
118.86142 -261.823486 0
0 0

0101101
*
Ve
1e-07
118.386002 -261.823486 0
0 0

0101101
*
Ed
 1e-07 1 1 0
1  1504 0 0 0.475417999999991
2  1841 194 0 0 0.475417999999991
2  1842 195 0 0 0.475417999999991
0

0101000
+763 0 -762 0 *
Ve
1e-07
118.386002 -262.117798 0
0 0

0101101
*
Ed
 1e-07 1 1 0
1  1505 0 0 0.294311999999991
2  1843 194 0 0 0.294311999999991
2  1844 195 0 0 0.294311999999991
0

0101000
+762 0 -760 0 *
Ve
1e-07
117.910698 -262.110046 0
0 0

0101101
*
Ed
 1e-07 1 1 0
1  1506 0 0 0.475367211658532
2  1845 194 0 0 0.475367211658532
2  1846 195 0 0 0.475367211658532
0

0101000
+760 0 -758 0 *
Ve
1e-07
117.955849 -259.33316 0
0 0

0101101
*
Ed
 1e-07 1 1 0
1  1507 0 0 2.77725304389012
2  1847 194 0 0 2.77725304389012
2  1848 195 0 0 2.77725304389012
0

0101000
+758 0 -756 0 *
Ve
1e-07
118.431282 -259.33316 0
0 0

0101101
*
Ed
 1e-07 1 1 0
1  1508 0 0 0.475432999999995
2  1849 194 0 0 0.475432999999995
2  1850 195 0 0 0.475432999999995
0

0101000
+756 0 -754 0 *
Ve
1e-07
118.431282 -259.582184 0
0 0

0101101
*
Ed
 1e-07 1 1 0
1  1509 0 0 0.249023999999963
2  1851 194 0 0 0.249023999999963
2  1852 195 0 0 0.249023999999963
0

0101000
+754 0 -752 0 *
Ve
1e-07
118.86142 -259.582184 0
0 0

0101101
*
Ed
 1e-07 1 1 0
1  1510 0 0 0.430137999999999
2  1853 194 0 0 0.430137999999999
2  1854 195 0 0 0.430137999999999
0

0101000
+752 0 -750 0 *
Ed
 1e-07 1 1 0
1  1511 0 0 2.24130200000002
2  1855 194 0 0 2.24130200000002
2  1856 195 0 0 2.24130200000002
0

0101000
+750 0 -763 0 *
Wi

0101100
+761 0 +759 0 +757 0 +755 0 +753 0 +751 0 +749 0 +748 0 *
Ve
1e-07
118.329399 -248.64743 0
0 0

0101101
*
Ve
1e-07
118.333504 -248.800949 0
0 0

0101101
*
Ed
 1e-07 1 1 0
1  1512 0 0 0.1535738727323
2  1857 196 0 0 0.1535738727323
2  1858 197 0 0 0.1535738727323
0

0101000
+746 0 -745 0 *
Ve
1e-07
117.978447 -248.800949 0
0 0

0101101
*
Ed
 1e-07 1 1 0
1  1513 0 0 0.355057000000002
2  1859 196 0 0 0.355057000000002
2  1860 197 0 0 0.355057000000002
0

0101000
+745 0 -743 0 *
Ve
1e-07
117.967171 -246.009949 0
0 0

0101101
*
Ed
 1e-07 1 1 0
1  1514 0 0 2.79102277815427
2  1861 196 0 0 2.79102277815427
2  1862 197 0 0 2.79102277815427
0

0101000
+743 0 -741 0 *
Ve
1e-07
118.442604 -246.009949 0
0 0

0101101
*
Ed
 1e-07 1 1 0
1  1515 0 0 0.47543300000001
2  1863 196 0 0 0.47543300000001
2  1864 197 0 0 0.47543300000001
0

0101000
+741 0 -739 0 *
Ve
1e-07
118.442604 -246.270309 0
0 0

0101101
*
Ed
 1e-07 1 1 0
1  1516 0 0 0.260359999999991
2  1865 196 0 0 0.260359999999991
2  1866 197 0 0 0.260359999999991
0

0101000
+739 0 -737 0 *
Ve
1e-07
119.0765 -246.270309 0
0 0

0101101
*
Ed
 1e-07 1 1 0
1  1517 0 0 0.633895999999993
2  1867 196 0 0 0.633895999999993
2  1868 197 0 0 0.633895999999993
0

0101000
+737 0 -735 0 *
Ve
1e-07
119.0765 -248.64743 0
0 0

0101101
*
Ed
 1e-07 1 1 0
1  1518 0 0 2.37712100000002
2  1869 196 0 0 2.37712100000002
2  1870 197 0 0 2.37712100000002
0

0101000
+735 0 -733 0 *
Ed
 1e-07 1 1 0
1  1519 0 0 0.747101000000001
2  1871 196 0 0 0.747101000000001
2  1872 197 0 0 0.747101000000001
0

0101000
+733 0 -746 0 *
Wi

0101100
+744 0 +742 0 +740 0 +738 0 +736 0 +734 0 +732 0 +731 0 *
Ve
1e-07
91.734581 -230.763565 0
0 0

0101101
*
Ve
1e-07
91.734581 -231.596008 0
0 0

0101101
*
Ed
 1e-07 1 1 0
1  1520 0 0 0.832443000000012
2  1873 198 0 0 0.832443000000012
2  1874 199 0 0 0.832443000000012
0

0101000
+729 0 -728 0 *
Ve
1e-07
88.596939 -231.596008 0
0 0

0101101
*
Ed
 1e-07 1 1 0
1  1521 0 0 3.137642
2  1875 198 0 0 3.137642
2  1876 199 0 0 3.137642
0

0101000
+728 0 -726 0 *
Ve
1e-07
88.596939 -230.763565 0
0 0

0101101
*
Ed
 1e-07 1 1 0
1  1522 0 0 0.832443000000012
2  1877 198 0 0 0.832443000000012
2  1878 199 0 0 0.832443000000012
0

0101000
+726 0 -724 0 *
Ed
 1e-07 1 1 0
1  1523 0 0 3.137642
2  1879 198 0 0 3.137642
2  1880 199 0 0 3.137642
0

0101000
+724 0 -729 0 *
Wi

0101100
+727 0 +725 0 +723 0 +722 0 *
Ve
1e-07
40.937092 -230.762421 0
0 0

0101101
*
Ve
1e-07
40.937092 -231.781189 0
0 0

0101101
*
Ed
 1e-07 1 1 0
1  1524 0 0 1.01876800000002
2  1881 200 0 0 1.01876800000002
2  1882 201 0 0 1.01876800000002
0

0101000
+720 0 -719 0 *
Ve
1e-07
38.51469 -231.781189 0
0 0

0101101
*
Ed
 1e-07 1 1 0
1  1525 0 0 2.422402
2  1883 200 0 0 2.422402
2  1884 201 0 0 2.422402
0

0101000
+719 0 -717 0 *
Ve
1e-07
38.51469 -230.762421 0
0 0

0101101
*
Ed
 1e-07 1 1 0
1  1526 0 0 1.01876800000002
2  1885 200 0 0 1.01876800000002
2  1886 201 0 0 1.01876800000002
0

0101000
+717 0 -715 0 *
Ve
1e-07
39.533459 -230.762421 0
0 0

0101101
*
Ed
 1e-07 1 1 0
1  1527 0 0 1.018769
2  1887 200 0 0 1.018769
2  1888 201 0 0 1.018769
0

0101000
+715 0 -713 0 *
Ve
1e-07
39.510818 -230.21907 0
0 0

0101101
*
Ed
 1e-07 1 1 0
1  1528 0 0 0.543822511562367
2  1889 200 0 0 0.543822511562367
2  1890 201 0 0 0.543822511562367
0

0101000
+713 0 -711 0 *
Ve
1e-07
40.43903 -230.21907 0
0 0

0101101
*
Ed
 1e-07 1 1 0
1  1529 0 0 0.928212000000002
2  1891 200 0 0 0.928212000000002
2  1892 201 0 0 0.928212000000002
0

0101000
+711 0 -709 0 *
Ve
1e-07
40.43903 -230.762421 0
0 0

0101101
*
Ed
 1e-07 1 1 0
1  1530 0 0 0.543351000000001
2  1893 200 0 0 0.543351000000001
2  1894 201 0 0 0.543351000000001
0

0101000
+709 0 -707 0 *
Ed
 1e-07 1 1 0
1  1531 0 0 0.498061999999997
2  1895 200 0 0 0.498061999999997
2  1896 201 0 0 0.498061999999997
0

0101000
+707 0 -720 0 *
Wi

0101100
+718 0 +716 0 +714 0 +712 0 +710 0 +708 0 +706 0 +705 0 *
Ve
1e-07
49.766403 -230.083237 0
0 0

0101101
*
Ve
1e-07
49.766403 -230.785049 0
0 0

0101101
*
Ed
 1e-07 1 1 0
1  1532 0 0 0.70181199999999
2  1897 202 0 0 0.70181199999999
2  1898 203 0 0 0.70181199999999
0

0101000
+703 0 -702 0 *
Ve
1e-07
50.46822 -230.785049 0
0 0

0101101
*
Ed
 1e-07 1 1 0
1  1533 0 0 0.701817000000005
2  1899 202 0 0 0.701817000000005
2  1900 203 0 0 0.701817000000005
0

0101000
+702 0 -700 0 *
Ve
1e-07
50.46822 -231.781189 0
0 0

0101101
*
Ed
 1e-07 1 1 0
1  1534 0 0 0.996140000000025
2  1901 202 0 0 0.996140000000025
2  1902 203 0 0 0.996140000000025
0

0101000
+700 0 -698 0 *
Ve
1e-07
48.566525 -231.781189 0
0 0

0101101
*
Ed
 1e-07 1 1 0
1  1535 0 0 1.901695
2  1903 202 0 0 1.901695
2  1904 203 0 0 1.901695
0

0101000
+698 0 -696 0 *
Ve
1e-07
48.566525 -231.396317 0
0 0

0101101
*
Ed
 1e-07 1 1 0
1  1536 0 0 0.384872000000001
2  1905 202 0 0 0.384872000000001
2  1906 203 0 0 0.384872000000001
0

0101000
+696 0 -694 0 *
Ve
1e-07
48.045822 -231.396317 0
0 0

0101101
*
Ed
 1e-07 1 1 0
1  1537 0 0 0.520702999999997
2  1907 202 0 0 0.520702999999997
2  1908 203 0 0 0.520702999999997
0

0101000
+694 0 -692 0 *
Ve
1e-07
48.045822 -230.762421 0
0 0

0101101
*
Ed
 1e-07 1 1 0
1  1538 0 0 0.633896000000021
2  1909 202 0 0 0.633896000000021
2  1910 203 0 0 0.633896000000021
0

0101000
+692 0 -690 0 *
Ve
1e-07
48.770275 -230.762421 0
0 0

0101101
*
Ed
 1e-07 1 1 0
1  1539 0 0 0.724452999999997
2  1911 202 0 0 0.724452999999997
2  1912 203 0 0 0.724452999999997
0

0101000
+690 0 -688 0 *
Ve
1e-07
48.792915 -230.083237 0
0 0

0101101
*
Ed
 1e-07 1 1 0
1  1540 0 0 0.679561237458398
2  1913 202 0 0 0.679561237458398
2  1914 203 0 0 0.679561237458398
0

0101000
+688 0 -686 0 *
Ed
 1e-07 1 1 0
1  1541 0 0 0.973487999999996
2  1915 202 0 0 0.973487999999996
2  1916 203 0 0 0.973487999999996
0

0101000
+686 0 -703 0 *
Wi

0101100
+701 0 +699 0 +697 0 +695 0 +693 0 +691 0 +689 0 +687 0 +685 0 +684 0 
*
Ve
1e-07
93.71962 -228.874588 0
0 0

0101101
*
Ve
1e-07
93.71962 -230.763565 0
0 0

0101101
*
Ed
 1e-07 1 1 0
1  1542 0 0 1.88897700000001
2  1917 204 0 0 1.88897700000001
2  1918 205 0 0 1.88897700000001
0

0101000
+682 0 -681 0 *
Ve
1e-07
93.943733 -230.763565 0
0 0

0101101
*
Ed
 1e-07 1 1 0
1  1543 0 0 0.224112999999988
2  1919 204 0 0 0.224112999999988
2  1920 205 0 0 0.224112999999988
0

0101000
+681 0 -679 0 *
Ve
1e-07
93.943733 -231.596008 0
0 0

0101101
*
Ed
 1e-07 1 1 0
1  1544 0 0 0.832443000000012
2  1921 204 0 0 0.832443000000012
2  1922 205 0 0 0.832443000000012
0

0101000
+679 0 -677 0 *
Ve
1e-07
92.534996 -231.596008 0
0 0

0101101
*
Ed
 1e-07 1 1 0
1  1545 0 0 1.40873699999999
2  1923 204 0 0 1.40873699999999
2  1924 205 0 0 1.40873699999999
0

0101000
+677 0 -675 0 *
Ve
1e-07
92.502983 -230.795593 0
0 0

0101101
*
Ed
 1e-07 1 1 0
1  1546 0 0 0.801054932195055
2  1925 204 0 0 0.801054932195055
2  1926 205 0 0 0.801054932195055
0

0101000
+675 0 -673 0 *
Ve
1e-07
92.79113 -230.795593 0
0 0

0101101
*
Ed
 1e-07 1 1 0
1  1547 0 0 0.288146999999995
2  1927 204 0 0 0.288146999999995
2  1928 205 0 0 0.288146999999995
0

0101000
+673 0 -671 0 *
Ve
1e-07
92.79113 -228.874588 0
0 0

0101101
*
Ed
 1e-07 1 1 0
1  1548 0 0 1.92100500000001
2  1929 204 0 0 1.92100500000001
2  1930 205 0 0 1.92100500000001
0

0101000
+671 0 -669 0 *
Ed
 1e-07 1 1 0
1  1549 0 0 0.928490000000011
2  1931 204 0 0 0.928490000000011
2  1932 205 0 0 0.928490000000011
0

0101000
+669 0 -682 0 *
Wi

0101100
+680 0 +678 0 +676 0 +674 0 +672 0 +670 0 +668 0 +667 0 *
Ve
1e-07
96.030258 -283.657715 0
0 0

0101101
*
Ve
1e-07
93.212837 -283.657715 0
0 0

0101101
*
Ed
 1e-07 1 1 0
1  1550 0 0 2.81742100000001
2  1933 206 0 0 2.81742100000001
2  1934 207 0 0 2.81742100000001
0

0101000
+665 0 -664 0 *
Ve
1e-07
93.212837 -283.180664 0
0 0

0101101
*
Ed
 1e-07 1 1 0
1  1551 0 0 0.477051000000017
2  1935 206 0 0 0.477051000000017
2  1936 207 0 0 0.477051000000017
0

0101000
+664 0 -662 0 *
Ve
1e-07
92.944511 -283.180664 0
0 0

0101101
*
Ed
 1e-07 1 1 0
1  1552 0 0 0.268325999999988
2  1937 206 0 0 0.268325999999988
2  1938 207 0 0 0.268325999999988
0

0101000
+662 0 -660 0 *
Ve
1e-07
92.974319 -282.718567 0
0 0

0101101
*
Ed
 1e-07 1 1 0
1  1553 0 0 0.463057398464783
2  1939 206 0 0 0.463057398464783
2  1940 207 0 0 0.463057398464783
0

0101000
+660 0 -658 0 *
Ve
1e-07
96.373116 -282.718567 0
0 0

0101101
*
Ed
 1e-07 1 1 0
1  1554 0 0 3.398797
2  1941 206 0 0 3.398797
2  1942 207 0 0 3.398797
0

0101000
+658 0 -656 0 *
Ve
1e-07
96.373116 -283.165771 0
0 0

0101101
*
Ed
 1e-07 1 1 0
1  1555 0 0 0.447203999999999
2  1943 206 0 0 0.447203999999999
2  1944 207 0 0 0.447203999999999
0

0101000
+656 0 -654 0 *
Ve
1e-07
96.030258 -283.165771 0
0 0

0101101
*
Ed
 1e-07 1 1 0
1  1556 0 0 0.342857999999993
2  1945 206 0 0 0.342857999999993
2  1946 207 0 0 0.342857999999993
0

0101000
+654 0 -652 0 *
Ed
 1e-07 1 1 0
1  1557 0 0 0.49194399999999
2  1947 206 0 0 0.49194399999999
2  1948 207 0 0 0.49194399999999
0

0101000
+652 0 -665 0 *
Wi

0101100
+663 0 +661 0 +659 0 +657 0 +655 0 +653 0 +651 0 +650 0 *
Ve
1e-07
51.473263 -239.726807 0
0 0

0101101
*
Ve
1e-07
52.546566 -239.726807 0
0 0

0101101
*
Ed
 1e-07 1 1 0
1  1558 0 0 1.073303
2  1949 208 0 0 1.073303
2  1950 209 0 0 1.073303
0

0101000
+648 0 -647 0 *
Ve
1e-07
52.546566 -243.095779 0
0 0

0101101
*
Ed
 1e-07 1 1 0
1  1559 0 0 3.36897199999999
2  1951 208 0 0 3.36897199999999
2  1952 209 0 0 3.36897199999999
0

0101000
+647 0 -645 0 *
Ve
1e-07
51.532894 -243.095779 0
0 0

0101101
*
Ed
 1e-07 1 1 0
1  1560 0 0 1.013672
2  1953 208 0 0 1.013672
2  1954 209 0 0 1.013672
0

0101000
+645 0 -643 0 *
Ed
 1e-07 1 1 0
1  1561 0 0 3.36949969475364
2  1955 208 0 0 3.36949969475364
2  1956 209 0 0 3.36949969475364
0

0101000
+643 0 -648 0 *
Wi

0101100
+646 0 +644 0 +642 0 +641 0 *
Ve
1e-07
111.846573 -278.484985 0
0 0

0101101
*
Ve
1e-07
111.846573 -278.097382 0
0 0

0101101
*
Ed
 1e-07 1 1 0
1  1562 0 0 0.387603000000013
2  1957 210 0 0 0.387603000000013
2  1958 211 0 0 0.387603000000013
0

0101000
+639 0 -638 0 *
Ve
1e-07
111.220482 -278.097382 0
0 0

0101101
*
Ed
 1e-07 1 1 0
1  1563 0 0 0.626091000000002
2  1959 210 0 0 0.626091000000002
2  1960 211 0 0 0.626091000000002
0

0101000
+638 0 -636 0 *
Ve
1e-07
111.220482 -277.590546 0
0 0

0101101
*
Ed
 1e-07 1 1 0
1  1564 0 0 0.506835999999964
2  1961 210 0 0 0.506835999999964
2  1962 211 0 0 0.506835999999964
0

0101000
+636 0 -634 0 *
Ve
1e-07
110.92234 -277.590546 0
0 0

0101101
*
Ed
 1e-07 1 1 0
1  1565 0 0 0.298141999999999
2  1963 210 0 0 0.298141999999999
2  1964 211 0 0 0.298141999999999
0

0101000
+634 0 -632 0 *
Ve
1e-07
110.92234 -276.964478 0
0 0

0101101
*
Ed
 1e-07 1 1 0
1  1566 0 0 0.626068000000032
2  1965 210 0 0 0.626068000000032
2  1966 211 0 0 0.626068000000032
0

0101000
+632 0 -630 0 *
Ve
1e-07
111.220482 -276.964478 0
0 0

0101101
*
Ed
 1e-07 1 1 0
1  1567 0 0 0.298141999999999
2  1967 210 0 0 0.298141999999999
2  1968 211 0 0 0.298141999999999
0

0101000
+630 0 -628 0 *
Ve
1e-07
111.220482 -276.338379 0
0 0

0101101
*
Ed
 1e-07 1 1 0
1  1568 0 0 0.626099000000011
2  1969 210 0 0 0.626099000000011
2  1970 211 0 0 0.626099000000011
0

0101000
+628 0 -626 0 *
Ve
1e-07
111.72731 -276.338379 0
0 0

0101101
*
Ed
 1e-07 1 1 0
1  1569 0 0 0.506827999999999
2  1971 210 0 0 0.506827999999999
2  1972 211 0 0 0.506827999999999
0

0101000
+626 0 -624 0 *
Ve
1e-07
111.72731 -275.980591 0
0 0

0101101
*
Ed
 1e-07 1 1 0
1  1570 0 0 0.357787999999971
2  1973 210 0 0 0.357787999999971
2  1974 211 0 0 0.357787999999971
0

0101000
+624 0 -622 0 *
Ve
1e-07
112.621727 -275.980591 0
0 0

0101101
*
Ed
 1e-07 1 1 0
1  1571 0 0 0.894417000000004
2  1975 210 0 0 0.894417000000004
2  1976 211 0 0 0.894417000000004
0

0101000
+622 0 -620 0 *
Ve
1e-07
113.188202 -276.427826 0
0 0

0101101
*
Ed
 1e-07 1 1 0
1  1572 0 0 0.721743078144832
2  1977 210 0 0 0.721743078144832
2  1978 211 0 0 0.721743078144832
0

0101000
+620 0 -618 0 *
Ve
1e-07
113.188202 -277.978149 0
0 0

0101101
*
Ed
 1e-07 1 1 0
1  1573 0 0 1.55032299999999
2  1979 210 0 0 1.55032299999999
2  1980 211 0 0 1.55032299999999
0

0101000
+618 0 -616 0 *
Ve
1e-07
112.65155 -278.484985 0
0 0

0101101
*
Ed
 1e-07 1 1 0
1  1574 0 0 0.738158587296812
2  1981 210 0 0 0.738158587296812
2  1982 211 0 0 0.738158587296812
0

0101000
+616 0 -614 0 *
Ed
 1e-07 1 1 0
1  1575 0 0 0.804976999999994
2  1983 210 0 0 0.804976999999994
2  1984 211 0 0 0.804976999999994
0

0101000
+614 0 -639 0 *
Wi

0101100
+637 0 +635 0 +633 0 +631 0 +629 0 +627 0 +625 0 +623 0 +621 0 +619 0 
+617 0 +615 0 +613 0 +612 0 *
Ve
1e-07
110.832893 -238.146667 0
0 0

0101101
*
Ve
1e-07
110.832893 -237.729263 0
0 0

0101101
*
Ed
 1e-07 1 1 0
1  1576 0 0 0.417404000000005
2  1985 212 0 0 0.417404000000005
2  1986 213 0 0 0.417404000000005
0

0101000
+610 0 -609 0 *
Ve
1e-07
110.385689 -237.729263 0
0 0

0101101
*
Ed
 1e-07 1 1 0
1  1577 0 0 0.447203999999999
2  1987 212 0 0 0.447203999999999
2  1988 213 0 0 0.447203999999999
0

0101000
+609 0 -607 0 *
Ve
1e-07
110.385689 -237.222427 0
0 0

0101101
*
Ed
 1e-07 1 1 0
1  1578 0 0 0.506835999999993
2  1989 212 0 0 0.506835999999993
2  1990 213 0 0 0.506835999999993
0

0101000
+607 0 -605 0 *
Ve
1e-07
110.653984 -237.222427 0
0 0

0101101
*
Ed
 1e-07 1 1 0
1  1579 0 0 0.268294999999995
2  1991 212 0 0 0.268294999999995
2  1992 213 0 0 0.268294999999995
0

0101000
+605 0 -603 0 *
Ve
1e-07
110.653984 -236.86467 0
0 0

0101101
*
Ed
 1e-07 1 1 0
1  1580 0 0 0.357757000000021
2  1993 212 0 0 0.357757000000021
2  1994 213 0 0 0.357757000000021
0

0101000
+603 0 -601 0 *
Ve
1e-07
110.961182 -236.86467 0
0 0

0101101
*
Ed
 1e-07 1 1 0
1  1581 0 0 0.307198
2  1995 212 0 0 0.307198
2  1996 213 0 0 0.307198
0

0101000
+601 0 -599 0 *
Ve
1e-07
110.961182 -236.413467 0
0 0

0101101
*
Ed
 1e-07 1 1 0
1  1582 0 0 0.451202999999992
2  1997 212 0 0 0.451202999999992
2  1998 213 0 0 0.451202999999992
0

0101000
+599 0 -597 0 *
Ve
1e-07
111.313622 -236.410004 0
0 0

0101101
*
Ed
 1e-07 1 1 0
1  1583 0 0 0.35245701293775
2  1999 212 0 0 0.35245701293775
2  2000 213 0 0 0.35245701293775
0

0101000
+597 0 -595 0 *
Ve
1e-07
111.309921 -236.059692 0
0 0

0101101
*
Ed
 1e-07 1 1 0
1  1584 0 0 0.3503315497425
2  2001 212 0 0 0.3503315497425
2  2002 213 0 0 0.3503315497425
0

0101000
+595 0 -593 0 *
Ve
1e-07
112.234154 -236.059692 0
0 0

0101101
*
Ed
 1e-07 1 1 0
1  1585 0 0 0.924233000000001
2  2003 212 0 0 0.924233000000001
2  2004 213 0 0 0.924233000000001
0

0101000
+593 0 -591 0 *
Ve
1e-07
112.770798 -236.596344 0
0 0

0101101
*
Ed
 1e-07 1 1 0
1  1586 0 0 0.758934879841458
2  2005 212 0 0 0.758934879841458
2  2006 213 0 0 0.758934879841458
0

0101000
+591 0 -589 0 *
Ve
1e-07
112.770798 -237.848526 0
0 0

0101101
*
Ed
 1e-07 1 1 0
1  1587 0 0 1.252182
2  2007 212 0 0 1.252182
2  2008 213 0 0 1.252182
0

0101000
+589 0 -587 0 *
Ve
1e-07
112.204338 -238.176483 0
0 0

0101101
*
Ed
 1e-07 1 1 0
1  1588 0 0 0.654547725875654
2  2009 212 0 0 0.654547725875654
2  2010 213 0 0 0.654547725875654
0

0101000
+587 0 -585 0 *
Ve
1e-07
112.204338 -238.534241 0
0 0

0101101
*
Ed
 1e-07 1 1 0
1  1589 0 0 0.357758000000018
2  2011 212 0 0 0.357758000000018
2  2012 213 0 0 0.357758000000018
0

0101000
+585 0 -583 0 *
Ve
1e-07
111.548431 -238.534241 0
0 0

0101101
*
Ed
 1e-07 1 1 0
1  1590 0 0 0.655907000000013
2  2013 212 0 0 0.655907000000013
2  2014 213 0 0 0.655907000000013
0

0101000
+583 0 -581 0 *
Ve
1e-07
111.548431 -238.146667 0
0 0

0101101
*
Ed
 1e-07 1 1 0
1  1591 0 0 0.387574000000001
2  2015 212 0 0 0.387574000000001
2  2016 213 0 0 0.387574000000001
0

0101000
+581 0 -579 0 *
Ed
 1e-07 1 1 0
1  1592 0 0 0.715537999999995
2  2017 212 0 0 0.715537999999995
2  2018 213 0 0 0.715537999999995
0

0101000
+579 0 -610 0 *
Wi

0101100
+608 0 +606 0 +604 0 +602 0 +600 0 +598 0 +596 0 +594 0 +592 0 +590 0 
+588 0 +586 0 +584 0 +582 0 +580 0 +578 0 +577 0 *
Ve
1e-07
118.353561 -264.970337 0
0 0

0101101
*
Ve
1e-07
118.353561 -265.102722 0
0 0

0101101
*
Ed
 1e-07 1 1 0
1  1593 0 0 0.132385000000056
2  2019 214 0 0 0.132385000000056
2  2020 215 0 0 0.132385000000056
0

0101000
+575 0 -574 0 *
Ve
1e-07
117.865288 -265.102722 0
0 0

0101101
*
Ed
 1e-07 1 1 0
1  1594 0 0 0.488272999999992
2  2021 214 0 0 0.488272999999992
2  2022 215 0 0 0.488272999999992
0

0101000
+574 0 -572 0 *
Ve
1e-07
117.865288 -263.136566 0
0 0

0101101
*
Ed
 1e-07 1 1 0
1  1595 0 0 1.96615600000001
2  2023 214 0 0 1.96615600000001
2  2024 215 0 0 1.96615600000001
0

0101000
+572 0 -570 0 *
Ve
1e-07
118.340721 -263.136566 0
0 0

0101101
*
Ed
 1e-07 1 1 0
1  1596 0 0 0.475432999999995
2  2025 214 0 0 0.475432999999995
2  2026 215 0 0 0.475432999999995
0

0101000
+570 0 -568 0 *
Ve
1e-07
118.340721 -263.38559 0
0 0

0101101
*
Ed
 1e-07 1 1 0
1  1597 0 0 0.249023999999963
2  2027 214 0 0 0.249023999999963
2  2028 215 0 0 0.249023999999963
0

0101000
+568 0 -566 0 *
Ve
1e-07
118.9067 -263.38559 0
0 0

0101101
*
Ed
 1e-07 1 1 0
1  1598 0 0 0.565978999999999
2  2029 214 0 0 0.565978999999999
2  2030 215 0 0 0.565978999999999
0

0101000
+566 0 -564 0 *
Ve
1e-07
118.9067 -264.13269 0
0 0

0101101
*
Ed
 1e-07 1 1 0
1  1599 0 0 0.747100000000046
2  2031 214 0 0 0.747100000000046
2  2032 215 0 0 0.747100000000046
0

0101000
+564 0 -562 0 *
Ve
1e-07
120.536728 -264.13269 0
0 0

0101101
*
Ed
 1e-07 1 1 0
1  1600 0 0 1.630028
2  2033 214 0 0 1.630028
2  2034 215 0 0 1.630028
0

0101000
+562 0 -560 0 *
Ve
1e-07
120.536728 -264.970337 0
0 0

0101101
*
Ed
 1e-07 1 1 0
1  1601 0 0 0.837646999999947
2  2035 214 0 0 0.837646999999947
2  2036 215 0 0 0.837646999999947
0

0101000
+560 0 -558 0 *
Ed
 1e-07 1 1 0
1  1602 0 0 2.183167
2  2037 214 0 0 2.183167
2  2038 215 0 0 2.183167
0

0101000
+558 0 -575 0 *
Wi

0101100
+573 0 +571 0 +569 0 +567 0 +565 0 +563 0 +561 0 +559 0 +557 0 +556 0 
*
Ve
1e-07
118.431282 -244.934586 0
0 0

0101101
*
Ve
1e-07
117.955849 -244.934586 0
0 0

0101101
*
Ed
 1e-07 1 1 0
1  1603 0 0 0.475432999999995
2  2039 216 0 0 0.475432999999995
2  2040 217 0 0 0.475432999999995
0

0101000
+554 0 -553 0 *
Ve
1e-07
117.944527 -243.349838 0
0 0

0101101
*
Ed
 1e-07 1 1 0
1  1604 0 0 1.58478844366937
2  2041 216 0 0 1.58478844366937
2  2042 217 0 0 1.58478844366937
0

0101000
+553 0 -551 0 *
Ve
1e-07
121.181953 -243.349838 0
0 0

0101101
*
Ed
 1e-07 1 1 0
1  1605 0 0 3.237426
2  2043 216 0 0 3.237426
2  2044 217 0 0 3.237426
0

0101000
+551 0 -549 0 *
Ve
1e-07
121.181953 -244.255417 0
0 0

0101101
*
Ed
 1e-07 1 1 0
1  1606 0 0 0.905578999999989
2  2045 216 0 0 0.905578999999989
2  2046 217 0 0 0.905578999999989
0

0101000
+549 0 -547 0 *
Ve
1e-07
118.895378 -244.255417 0
0 0

0101101
*
Ed
 1e-07 1 1 0
1  1607 0 0 2.286575
2  2047 216 0 0 2.286575
2  2048 217 0 0 2.286575
0

0101000
+547 0 -545 0 *
Ve
1e-07
118.895378 -244.764801 0
0 0

0101101
*
Ed
 1e-07 1 1 0
1  1608 0 0 0.509384000000011
2  2049 216 0 0 0.509384000000011
2  2050 217 0 0 0.509384000000011
0

0101000
+545 0 -543 0 *
Ve
1e-07
118.431282 -244.764801 0
0 0

0101101
*
Ed
 1e-07 1 1 0
1  1609 0 0 0.464095999999998
2  2051 216 0 0 0.464095999999998
2  2052 217 0 0 0.464095999999998
0

0101000
+543 0 -541 0 *
Ed
 1e-07 1 1 0
1  1610 0 0 0.16978499999999
2  2053 216 0 0 0.16978499999999
2  2054 217 0 0 0.16978499999999
0

0101000
+541 0 -554 0 *
Wi

0101100
+552 0 +550 0 +548 0 +546 0 +544 0 +542 0 +540 0 +539 0 *
Ve
1e-07
134.867386 -230.060593 0
0 0

0101101
*
Ve
1e-07
134.120285 -230.060593 0
0 0

0101101
*
Ed
 1e-07 1 1 0
1  1611 0 0 0.747101000000015
2  2055 218 0 0 0.747101000000015
2  2056 219 0 0 0.747101000000015
0

0101000
+537 0 -536 0 *
Ve
1e-07
134.120285 -228.928635 0
0 0

0101101
*
Ed
 1e-07 1 1 0
1  1612 0 0 1.131958
2  2057 218 0 0 1.131958
2  2058 219 0 0 1.131958
0

0101000
+536 0 -534 0 *
Ve
1e-07
134.935303 -228.928635 0
0 0

0101101
*
Ed
 1e-07 1 1 0
1  1613 0 0 0.815018000000009
2  2059 218 0 0 0.815018000000009
2  2060 219 0 0 0.815018000000009
0

0101000
+534 0 -532 0 *
Ve
1e-07
134.912659 -228.0457 0
0 0

0101101
*
Ed
 1e-07 1 1 0
1  1614 0 0 0.883225319474598
2  2061 218 0 0 0.883225319474598
2  2062 219 0 0 0.883225319474598
0

0101000
+532 0 -530 0 *
Ve
1e-07
135.365433 -228.0457 0
0 0

0101101
*
Ed
 1e-07 1 1 0
1  1615 0 0 0.452774000000005
2  2063 218 0 0 0.452774000000005
2  2064 219 0 0 0.452774000000005
0

0101000
+530 0 -528 0 *
Ve
1e-07
135.365433 -227.774033 0
0 0

0101101
*
Ed
 1e-07 1 1 0
1  1616 0 0 0.271667000000008
2  2065 218 0 0 0.271667000000008
2  2066 219 0 0 0.271667000000008
0

0101000
+528 0 -526 0 *
Ve
1e-07
135.886139 -227.774033 0
0 0

0101101
*
Ed
 1e-07 1 1 0
1  1617 0 0 0.52070599999999
2  2067 218 0 0 0.52070599999999
2  2068 219 0 0 0.52070599999999
0

0101000
+526 0 -524 0 *
Ve
1e-07
135.886139 -228.498489 0
0 0

0101101
*
Ed
 1e-07 1 1 0
1  1618 0 0 0.724456000000004
2  2069 218 0 0 0.724456000000004
2  2070 219 0 0 0.724456000000004
0

0101000
+524 0 -522 0 *
Ve
1e-07
136.089905 -228.498489 0
0 0

0101101
*
Ed
 1e-07 1 1 0
1  1619 0 0 0.203766000000002
2  2071 218 0 0 0.203766000000002
2  2072 219 0 0 0.203766000000002
0

0101000
+522 0 -520 0 *
Ve
1e-07
136.089905 -229.200302 0
0 0

0101101
*
Ed
 1e-07 1 1 0
1  1620 0 0 0.701812999999987
2  2073 218 0 0 0.701812999999987
2  2074 219 0 0 0.701812999999987
0

0101000
+520 0 -518 0 *
Ve
1e-07
135.818237 -229.200302 0
0 0

0101101
*
Ed
 1e-07 1 1 0
1  1621 0 0 0.271667999999977
2  2075 218 0 0 0.271667999999977
2  2076 219 0 0 0.271667999999977
0

0101000
+518 0 -516 0 *
Ve
1e-07
135.818237 -230.739777 0
0 0

0101101
*
Ed
 1e-07 1 1 0
1  1622 0 0 1.53947500000001
2  2077 218 0 0 1.53947500000001
2  2078 219 0 0 1.53947500000001
0

0101000
+516 0 -514 0 *
Ve
1e-07
135.410721 -230.739777 0
0 0

0101101
*
Ed
 1e-07 1 1 0
1  1623 0 0 0.407516000000015
2  2079 218 0 0 0.407516000000015
2  2080 219 0 0 0.407516000000015
0

0101000
+514 0 -512 0 *
Ve
1e-07
135.410721 -230.581299 0
0 0

0101101
*
Ed
 1e-07 1 1 0
1  1624 0 0 0.158478000000002
2  2081 218 0 0 0.158478000000002
2  2082 219 0 0 0.158478000000002
0

0101000
+512 0 -510 0 *
Ve
1e-07
134.867386 -230.581299 0
0 0

0101101
*
Ed
 1e-07 1 1 0
1  1625 0 0 0.543334999999985
2  2083 218 0 0 0.543334999999985
2  2084 219 0 0 0.543334999999985
0

0101000
+510 0 -508 0 *
Ed
 1e-07 1 1 0
1  1626 0 0 0.52070599999999
2  2085 218 0 0 0.52070599999999
2  2086 219 0 0 0.52070599999999
0

0101000
+508 0 -537 0 *
Wi

0101100
+535 0 +533 0 +531 0 +529 0 +527 0 +525 0 +523 0 +521 0 +519 0 +517 0 
+515 0 +513 0 +511 0 +509 0 +507 0 +506 0 *
Ve
1e-07
52.186028 -237.375641 0
0 0

0101101
*
Ve
1e-07
52.119957 -237.129074 0
0 0

0101101
*
Ed
 1e-07 1 1 0
1  1627 0 0 0.255265866362895
2  2087 220 0 0 0.255265866362895
2  2088 221 0 0 0.255265866362895
0

0101000
+504 0 -503 0 *
Ve
1e-07
53.092537 -237.129074 0
0 0

0101101
*
Ed
 1e-07 1 1 0
1  1628 0 0 0.972580000000001
2  2089 220 0 0 0.972580000000001
2  2090 221 0 0 0.972580000000001
0

0101000
+503 0 -501 0 *
Ve
1e-07
53.092537 -237.417816 0
0 0

0101101
*
Ed
 1e-07 1 1 0
1  1629 0 0 0.288741999999985
2  2091 220 0 0 0.288741999999985
2  2092 221 0 0 0.288741999999985
0

0101000
+501 0 -499 0 *
Ve
1e-07
53.408764 -237.417816 0
0 0

0101101
*
Ed
 1e-07 1 1 0
1  1630 0 0 0.316226999999998
2  2093 220 0 0 0.316226999999998
2  2094 221 0 0 0.316226999999998
0

0101000
+499 0 -497 0 *
Ve
1e-07
53.408764 -237.902695 0
0 0

0101101
*
Ed
 1e-07 1 1 0
1  1631 0 0 0.484879000000006
2  2095 220 0 0 0.484879000000006
2  2096 221 0 0 0.484879000000006
0

0101000
+497 0 -495 0 *
Ve
1e-07
53.134701 -237.902695 0
0 0

0101101
*
Ed
 1e-07 1 1 0
1  1632 0 0 0.274062999999998
2  2097 220 0 0 0.274062999999998
2  2098 221 0 0 0.274062999999998
0

0101000
+495 0 -493 0 *
Ve
1e-07
52.666595 -238.71347 0
0 0

0101101
*
Ed
 1e-07 1 1 0
1  1633 0 0 0.936204746762699
2  2099 220 0 0 0.936204746762699
2  2100 221 0 0 0.936204746762699
0

0101000
+493 0 -491 0 *
Ve
1e-07
52.666595 -239.209747 0
0 0

0101101
*
Ed
 1e-07 1 1 0
1  1634 0 0 0.496276999999992
2  2101 220 0 0 0.496276999999992
2  2102 221 0 0 0.496276999999992
0

0101000
+491 0 -489 0 *
Ve
1e-07
51.553577 -239.209747 0
0 0

0101101
*
Ed
 1e-07 1 1 0
1  1635 0 0 1.113018
2  2103 220 0 0 1.113018
2  2104 221 0 0 1.113018
0

0101000
+489 0 -487 0 *
Ve
1e-07
51.553577 -238.429733 0
0 0

0101101
*
Ed
 1e-07 1 1 0
1  1636 0 0 0.780013999999994
2  2105 220 0 0 0.780013999999994
2  2106 221 0 0 0.780013999999994
0

0101000
+487 0 -485 0 *
Ve
1e-07
51.005455 -238.429733 0
0 0

0101101
*
Ed
 1e-07 1 1 0
1  1637 0 0 0.548121999999999
2  2107 220 0 0 0.548121999999999
2  2108 221 0 0 0.548121999999999
0

0101000
+485 0 -483 0 *
Ve
1e-07
51.005455 -238.11351 0
0 0

0101101
*
Ed
 1e-07 1 1 0
1  1638 0 0 0.316223000000008
2  2109 220 0 0 0.316223000000008
2  2110 221 0 0 0.316223000000008
0

0101000
+483 0 -481 0 *
Ve
1e-07
50.394085 -238.11351 0
0 0

0101101
*
Ed
 1e-07 1 1 0
1  1639 0 0 0.611370000000001
2  2111 220 0 0 0.611370000000001
2  2112 221 0 0 0.611370000000001
0

0101000
+481 0 -479 0 *
Ve
1e-07
50.373005 -237.375641 0
0 0

0101101
*
Ed
 1e-07 1 1 0
1  1640 0 0 0.738170053281074
2  2113 220 0 0 0.738170053281074
2  2114 221 0 0 0.738170053281074
0

0101000
+479 0 -477 0 *
Ed
 1e-07 1 1 0
1  1641 0 0 1.813023
2  2115 220 0 0 1.813023
2  2116 221 0 0 1.813023
0

0101000
+477 0 -504 0 *
Wi

0101100
+502 0 +500 0 +498 0 +496 0 +494 0 +492 0 +490 0 +488 0 +486 0 +484 0 
+482 0 +480 0 +478 0 +476 0 +475 0 *
Ve
1e-07
117.865288 -237.373077 0
0 0

0101101
*
Ve
1e-07
117.808701 -235.595901 0
0 0

0101101
*
Ed
 1e-07 1 1 0
1  1642 0 0 1.778076664136
2  2117 222 0 0 1.778076664136
2  2118 223 0 0 1.778076664136
0

0101000
+473 0 -472 0 *
Ve
1e-07
121.114029 -235.595901 0
0 0

0101101
*
Ed
 1e-07 1 1 0
1  1643 0 0 3.305328
2  2119 222 0 0 3.305328
2  2120 223 0 0 3.305328
0

0101000
+472 0 -470 0 *
Ve
1e-07
121.114029 -236.648621 0
0 0

0101101
*
Ed
 1e-07 1 1 0
1  1644 0 0 1.05271999999999
2  2121 222 0 0 1.05271999999999
2  2122 223 0 0 1.05271999999999
0

0101000
+470 0 -468 0 *
Ve
1e-07
118.9067 -236.648621 0
0 0

0101101
*
Ed
 1e-07 1 1 0
1  1645 0 0 2.207329
2  2123 222 0 0 2.207329
2  2124 223 0 0 2.207329
0

0101000
+468 0 -466 0 *
Ve
1e-07
118.9067 -237.135361 0
0 0

0101101
*
Ed
 1e-07 1 1 0
1  1646 0 0 0.486739999999998
2  2125 222 0 0 0.486739999999998
2  2126 223 0 0 0.486739999999998
0

0101000
+466 0 -464 0 *
Ve
1e-07
118.318077 -237.135361 0
0 0

0101101
*
Ed
 1e-07 1 1 0
1  1647 0 0 0.588622999999998
2  2127 222 0 0 0.588622999999998
2  2128 223 0 0 0.588622999999998
0

0101000
+464 0 -462 0 *
Ve
1e-07
118.318077 -237.373077 0
0 0

0101101
*
Ed
 1e-07 1 1 0
1  1648 0 0 0.237716000000006
2  2129 222 0 0 0.237716000000006
2  2130 223 0 0 0.237716000000006
0

0101000
+462 0 -460 0 *
Ed
 1e-07 1 1 0
1  1649 0 0 0.452788999999996
2  2131 222 0 0 0.452788999999996
2  2132 223 0 0 0.452788999999996
0

0101000
+460 0 -473 0 *
Wi

0101100
+471 0 +469 0 +467 0 +465 0 +463 0 +461 0 +459 0 +458 0 *
Ve
1e-07
18.139359 -226.302475 0
0 0

0101101
*
Ve
1e-07
18.139359 -226.73262 0
0 0

0101101
*
Ed
 1e-07 1 1 0
1  1650 0 0 0.43014500000001
2  2133 224 0 0 0.43014500000001
2  2134 225 0 0 0.43014500000001
0

0101000
+456 0 -455 0 *
Ve
1e-07
19.565632 -226.73262 0
0 0

0101101
*
Ed
 1e-07 1 1 0
1  1651 0 0 1.426273
2  2135 224 0 0 1.426273
2  2136 225 0 0 1.426273
0

0101000
+455 0 -453 0 *
Ve
1e-07
19.565632 -227.208054 0
0 0

0101101
*
Ed
 1e-07 1 1 0
1  1652 0 0 0.475434000000007
2  2137 224 0 0 0.475434000000007
2  2138 225 0 0 0.475434000000007
0

0101000
+453 0 -451 0 *
Ve
1e-07
19.271322 -227.208054 0
0 0

0101101
*
Ed
 1e-07 1 1 0
1  1653 0 0 0.294309999999999
2  2139 224 0 0 0.294309999999999
2  2140 225 0 0 0.294309999999999
0

0101000
+451 0 -449 0 *
Ve
1e-07
19.271322 -227.683472 0
0 0

0101101
*
Ed
 1e-07 1 1 0
1  1654 0 0 0.475417999999991
2  2141 224 0 0 0.475417999999991
2  2142 225 0 0 0.475417999999991
0

0101000
+449 0 -447 0 *
Ve
1e-07
18.456308 -227.683472 0
0 0

0101101
*
Ed
 1e-07 1 1 0
1  1655 0 0 0.815014000000001
2  2143 224 0 0 0.815014000000001
2  2144 225 0 0 0.815014000000001
0

0101000
+447 0 -445 0 *
Ve
1e-07
18.456308 -228.815445 0
0 0

0101101
*
Ed
 1e-07 1 1 0
1  1656 0 0 1.13197300000002
2  2145 224 0 0 1.13197300000002
2  2146 225 0 0 1.13197300000002
0

0101000
+445 0 -443 0 *
Ve
1e-07
17.618656 -228.815445 0
0 0

0101101
*
Ed
 1e-07 1 1 0
1  1657 0 0 0.837651999999999
2  2147 224 0 0 0.837651999999999
2  2148 225 0 0 0.837651999999999
0

0101000
+443 0 -441 0 *
Ve
1e-07
17.618656 -228.973907 0
0 0

0101101
*
Ed
 1e-07 1 1 0
1  1658 0 0 0.158461999999986
2  2149 224 0 0 0.158461999999986
2  2150 225 0 0 0.158461999999986
0

0101000
+441 0 -439 0 *
Ve
1e-07
17.052675 -228.973907 0
0 0

0101101
*
Ed
 1e-07 1 1 0
1  1659 0 0 0.565981000000001
2  2151 224 0 0 0.565981000000001
2  2152 225 0 0 0.565981000000001
0

0101000
+439 0 -437 0 *
Ve
1e-07
17.052675 -227.706116 0
0 0

0101101
*
Ed
 1e-07 1 1 0
1  1660 0 0 1.26779099999999
2  2153 224 0 0 1.26779099999999
2  2154 225 0 0 1.26779099999999
0

0101000
+437 0 -435 0 *
Ve
1e-07
17.279009 -227.702469 0
0 0

0101101
*
Ed
 1e-07 1 1 0
1  1661 0 0 0.226363380795126
2  2155 224 0 0 0.226363380795126
2  2156 225 0 0 0.226363380795126
0

0101000
+435 0 -433 0 *
Ve
1e-07
17.256428 -226.302475 0
0 0

0101101
*
Ed
 1e-07 1 1 0
1  1662 0 0 1.40017609663823
2  2157 224 0 0 1.40017609663823
2  2158 225 0 0 1.40017609663823
0

0101000
+433 0 -431 0 *
Ed
 1e-07 1 1 0
1  1663 0 0 0.882930999999999
2  2159 224 0 0 0.882930999999999
2  2160 225 0 0 0.882930999999999
0

0101000
+431 0 -456 0 *
Wi

0101100
+454 0 +452 0 +450 0 +448 0 +446 0 +444 0 +442 0 +440 0 +438 0 +436 0 
+434 0 +432 0 +430 0 +429 0 *
Ve
1e-07
48.730377 -243.065964 0
0 0

0101101
*
Ve
1e-07
47.478191 -243.065964 0
0 0

0101101
*
Ed
 1e-07 1 1 0
1  1664 0 0 1.25218599999999
2  2161 226 0 0 1.25218599999999
2  2162 227 0 0 1.25218599999999
0

0101000
+427 0 -426 0 *
Ve
1e-07
47.478191 -241.605087 0
0 0

0101101
*
Ed
 1e-07 1 1 0
1  1665 0 0 1.46087700000001
2  2163 226 0 0 1.46087700000001
2  2164 227 0 0 1.46087700000001
0

0101000
+426 0 -424 0 *
Ve
1e-07
46.703026 -241.605087 0
0 0

0101101
*
Ed
 1e-07 1 1 0
1  1666 0 0 0.775165000000001
2  2165 226 0 0 0.775165000000001
2  2166 227 0 0 0.775165000000001
0

0101000
+424 0 -422 0 *
Ve
1e-07
46.703026 -240.382706 0
0 0

0101101
*
Ed
 1e-07 1 1 0
1  1667 0 0 1.22238099999998
2  2167 226 0 0 1.22238099999998
2  2168 227 0 0 1.22238099999998
0

0101000
+422 0 -420 0 *
Ve
1e-07
47.18005 -240.382706 0
0 0

0101101
*
Ed
 1e-07 1 1 0
1  1668 0 0 0.477024
2  2169 226 0 0 0.477024
2  2170 227 0 0 0.477024
0

0101000
+420 0 -418 0 *
Ve
1e-07
47.18005 -239.786438 0
0 0

0101101
*
Ed
 1e-07 1 1 0
1  1669 0 0 0.596268000000009
2  2171 226 0 0 0.596268000000009
2  2172 227 0 0 0.596268000000009
0

0101000
+418 0 -416 0 *
Ve
1e-07
48.730377 -239.786438 0
0 0

0101101
*
Ed
 1e-07 1 1 0
1  1670 0 0 1.550327
2  2173 226 0 0 1.550327
2  2174 227 0 0 1.550327
0

0101000
+416 0 -414 0 *
Ed
 1e-07 1 1 0
1  1671 0 0 3.279526
2  2175 226 0 0 3.279526
2  2176 227 0 0 3.279526
0

0101000
+414 0 -427 0 *
Wi

0101100
+425 0 +423 0 +421 0 +419 0 +417 0 +415 0 +413 0 +412 0 *
Ve
1e-07
49.614063 -237.438889 0
0 0

0101101
*
Ve
1e-07
49.614063 -238.176758 0
0 0

0101101
*
Ed
 1e-07 1 1 0
1  1672 0 0 0.737869000000018
2  2177 228 0 0 0.737869000000018
2  2178 229 0 0 0.737869000000018
0

0101000
+410 0 -409 0 *
Ve
1e-07
49.129185 -238.176758 0
0 0

0101101
*
Ed
 1e-07 1 1 0
1  1673 0 0 0.484878000000002
2  2179 228 0 0 0.484878000000002
2  2180 229 0 0 0.484878000000002
0

0101000
+409 0 -407 0 *
Ve
1e-07
49.129185 -238.450806 0
0 0

0101101
*
Ed
 1e-07 1 1 0
1  1674 0 0 0.274047999999993
2  2181 228 0 0 0.274047999999993
2  2182 229 0 0 0.274047999999993
0

0101000
+407 0 -405 0 *
Ve
1e-07
48.68647 -238.450806 0
0 0

0101101
*
Ed
 1e-07 1 1 0
1  1675 0 0 0.442715
2  2183 228 0 0 0.442715
2  2184 229 0 0 0.442715
0

0101000
+405 0 -403 0 *
Ve
1e-07
48.68647 -239.083267 0
0 0

0101101
*
Ed
 1e-07 1 1 0
1  1676 0 0 0.632461000000006
2  2185 228 0 0 0.632461000000006
2  2186 229 0 0 0.632461000000006
0

0101000
+403 0 -401 0 *
Ve
1e-07
47.168591 -239.083267 0
0 0

0101101
*
Ed
 1e-07 1 1 0
1  1677 0 0 1.517879
2  2187 228 0 0 1.517879
2  2188 229 0 0 1.517879
0

0101000
+401 0 -399 0 *
Ve
1e-07
47.168591 -238.619461 0
0 0

0101101
*
Ed
 1e-07 1 1 0
1  1678 0 0 0.463806000000005
2  2189 228 0 0 0.463806000000005
2  2190 229 0 0 0.463806000000005
0

0101000
+399 0 -397 0 *
Ve
1e-07
46.76804 -238.619461 0
0 0

0101101
*
Ed
 1e-07 1 1 0
1  1679 0 0 0.400551
2  2191 228 0 0 0.400551
2  2192 229 0 0 0.400551
0

0101000
+397 0 -395 0 *
Ve
1e-07
46.76804 -238.176758 0
0 0

0101101
*
Ed
 1e-07 1 1 0
1  1680 0 0 0.442702999999995
2  2193 228 0 0 0.442702999999995
2  2194 229 0 0 0.442702999999995
0

0101000
+395 0 -393 0 *
Ve
1e-07
46.515057 -238.176758 0
0 0

0101101
*
Ed
 1e-07 1 1 0
1  1681 0 0 0.252983
2  2195 228 0 0 0.252983
2  2196 229 0 0 0.252983
0

0101000
+393 0 -391 0 *
Ve
1e-07
46.515057 -237.776199 0
0 0

0101101
*
Ed
 1e-07 1 1 0
1  1682 0 0 0.400559000000015
2  2197 228 0 0 0.400559000000015
2  2198 229 0 0 0.400559000000015
0

0101000
+391 0 -389 0 *
Ve
1e-07
46.15667 -237.776199 0
0 0

0101101
*
Ed
 1e-07 1 1 0
1  1683 0 0 0.358387
2  2199 228 0 0 0.358387
2  2200 229 0 0 0.358387
0

0101000
+389 0 -387 0 *
Ve
1e-07
46.15667 -237.333481 0
0 0

0101101
*
Ed
 1e-07 1 1 0
1  1684 0 0 0.442717999999985
2  2201 228 0 0 0.442717999999985
2  2202 229 0 0 0.442717999999985
0

0101000
+387 0 -385 0 *
Ve
1e-07
46.683712 -236.99617 0
0 0

0101101
*
Ed
 1e-07 1 1 0
1  1685 0 0 0.62574114495133
2  2203 228 0 0 0.62574114495133
2  2204 229 0 0 0.62574114495133
0

0101000
+385 0 -383 0 *
Ve
1e-07
47.590221 -236.99617 0
0 0

0101101
*
Ed
 1e-07 1 1 0
1  1686 0 0 0.906509
2  2205 228 0 0 0.906509
2  2206 229 0 0 0.906509
0

0101000
+383 0 -381 0 *
Ve
1e-07
47.590221 -237.438889 0
0 0

0101101
*
Ed
 1e-07 1 1 0
1  1687 0 0 0.442718999999983
2  2207 228 0 0 0.442718999999983
2  2208 229 0 0 0.442718999999983
0

0101000
+381 0 -379 0 *
Ed
 1e-07 1 1 0
1  1688 0 0 2.023842
2  2209 228 0 0 2.023842
2  2210 229 0 0 2.023842
0

0101000
+379 0 -410 0 *
Wi

0101100
+408 0 +406 0 +404 0 +402 0 +400 0 +398 0 +396 0 +394 0 +392 0 +390 0 
+388 0 +386 0 +384 0 +382 0 +380 0 +378 0 +377 0 *
Ve
1e-07
102.396156 -223.079544 0
0 0

0101101
*
Ve
1e-07
102.396156 -219.877869 0
0 0

0101101
*
Ed
 1e-07 1 1 0
1  1689 0 0 3.20167499999999
2  2211 230 0 0 3.20167499999999
2  2212 231 0 0 3.20167499999999
0

0101000
+375 0 -374 0 *
Ve
1e-07
102.043968 -219.877869 0
0 0

0101101
*
Ed
 1e-07 1 1 0
1  1690 0 0 0.352187999999998
2  2213 230 0 0 0.352187999999998
2  2214 231 0 0 0.352187999999998
0

0101000
+374 0 -372 0 *
Ve
1e-07
102.043968 -219.173508 0
0 0

0101101
*
Ed
 1e-07 1 1 0
1  1691 0 0 0.704361000000006
2  2215 230 0 0 0.704361000000006
2  2216 231 0 0 0.704361000000006
0

0101000
+372 0 -370 0 *
Ve
1e-07
102.428169 -219.173508 0
0 0

0101101
*
Ed
 1e-07 1 1 0
1  1692 0 0 0.38420099999999
2  2217 230 0 0 0.38420099999999
2  2218 231 0 0 0.38420099999999
0

0101000
+370 0 -368 0 *
Ve
1e-07
102.396156 -218.469131 0
0 0

0101101
*
Ed
 1e-07 1 1 0
1  1693 0 0 0.7051040989088
2  2219 230 0 0 0.7051040989088
2  2220 231 0 0 0.7051040989088
0

0101000
+368 0 -366 0 *
Ve
1e-07
103.164558 -218.469131 0
0 0

0101101
*
Ed
 1e-07 1 1 0
1  1694 0 0 0.768401999999995
2  2221 230 0 0 0.768401999999995
2  2222 231 0 0 0.768401999999995
0

0101000
+366 0 -364 0 *
Ve
1e-07
103.164558 -222.887451 0
0 0

0101101
*
Ed
 1e-07 1 1 0
1  1695 0 0 4.41831999999999
2  2223 230 0 0 4.41831999999999
2  2224 231 0 0 4.41831999999999
0

0101000
+364 0 -362 0 *
Ve
1e-07
102.844391 -222.887451 0
0 0

0101101
*
Ed
 1e-07 1 1 0
1  1696 0 0 0.320166999999998
2  2225 230 0 0 0.320166999999998
2  2226 231 0 0 0.320166999999998
0

0101000
+362 0 -360 0 *
Ve
1e-07
102.844391 -223.079544 0
0 0

0101101
*
Ed
 1e-07 1 1 0
1  1697 0 0 0.192093
2  2227 230 0 0 0.192093
2  2228 231 0 0 0.192093
0

0101000
+360 0 -358 0 *
Ed
 1e-07 1 1 0
1  1698 0 0 0.448234999999997
2  2229 230 0 0 0.448234999999997
2  2230 231 0 0 0.448234999999997
0

0101000
+358 0 -375 0 *
Wi

0101100
+373 0 +371 0 +369 0 +367 0 +365 0 +363 0 +361 0 +359 0 +357 0 +356 0 
*
Ve
1e-07
53.411171 -273.38678 0
0 0

0101101
*
Ve
1e-07
53.411171 -270.8526 0
0 0

0101101
*
Ed
 1e-07 1 1 0
1  1699 0 0 2.53417999999999
2  2231 232 0 0 2.53417999999999
2  2232 233 0 0 2.53417999999999
0

0101000
+354 0 -353 0 *
Ve
1e-07
56.869595 -270.8526 0
0 0

0101101
*
Ed
 1e-07 1 1 0
1  1700 0 0 3.45842399999999
2  2233 232 0 0 3.45842399999999
2  2234 233 0 0 3.45842399999999
0

0101000
+353 0 -351 0 *
Ve
1e-07
56.869595 -273.38678 0
0 0

0101101
*
Ed
 1e-07 1 1 0
1  1701 0 0 2.53417999999999
2  2235 232 0 0 2.53417999999999
2  2236 233 0 0 2.53417999999999
0

0101000
+351 0 -349 0 *
Ed
 1e-07 1 1 0
1  1702 0 0 3.45842399999999
2  2237 232 0 0 3.45842399999999
2  2238 233 0 0 3.45842399999999
0

0101000
+349 0 -354 0 *
Wi

0101100
+352 0 +350 0 +348 0 +347 0 *
Ve
1e-07
53.411171 -268.616547 0
0 0

0101101
*
Ve
1e-07
53.411171 -266.082367 0
0 0

0101101
*
Ed
 1e-07 1 1 0
1  1703 0 0 2.53418000000005
2  2239 234 0 0 2.53418000000005
2  2240 235 0 0 2.53418000000005
0

0101000
+345 0 -344 0 *
Ve
1e-07
56.869595 -266.082367 0
0 0

0101101
*
Ed
 1e-07 1 1 0
1  1704 0 0 3.45842399999999
2  2241 234 0 0 3.45842399999999
2  2242 235 0 0 3.45842399999999
0

0101000
+344 0 -342 0 *
Ve
1e-07
56.869595 -268.616547 0
0 0

0101101
*
Ed
 1e-07 1 1 0
1  1705 0 0 2.53418000000005
2  2243 234 0 0 2.53418000000005
2  2244 235 0 0 2.53418000000005
0

0101000
+342 0 -340 0 *
Ed
 1e-07 1 1 0
1  1706 0 0 3.45842399999999
2  2245 234 0 0 3.45842399999999
2  2246 235 0 0 3.45842399999999
0

0101000
+340 0 -345 0 *
Wi

0101100
+343 0 +341 0 +339 0 +338 0 *
Ve
1e-07
37.269535 -230.739777 0
0 0

0101101
*
Ve
1e-07
37.790237 -230.739777 0
0 0

0101101
*
Ed
 1e-07 1 1 0
1  1707 0 0 0.520702
2  2247 236 0 0 0.520702
2  2248 237 0 0 0.520702
0

0101000
+336 0 -335 0 *
Ve
1e-07
37.790237 -231.667984 0
0 0

0101101
*
Ed
 1e-07 1 1 0
1  1708 0 0 0.928206999999986
2  2249 236 0 0 0.928206999999986
2  2250 237 0 0 0.928206999999986
0

0101000
+335 0 -333 0 *
Ve
1e-07
36.273407 -231.667984 0
0 0

0101101
*
Ed
 1e-07 1 1 0
1  1709 0 0 1.51683
2  2251 236 0 0 1.51683
2  2252 237 0 0 1.51683
0

0101000
+333 0 -331 0 *
Ve
1e-07
36.273407 -230.67186 0
0 0

0101101
*
Ed
 1e-07 1 1 0
1  1710 0 0 0.99612399999998
2  2253 236 0 0 0.99612399999998
2  2254 237 0 0 0.99612399999998
0

0101000
+331 0 -329 0 *
Ve
1e-07
36.567715 -230.67186 0
0 0

0101101
*
Ed
 1e-07 1 1 0
1  1711 0 0 0.294308000000001
2  2255 236 0 0 0.294308000000001
2  2256 237 0 0 0.294308000000001
0

0101000
+329 0 -327 0 *
Ve
1e-07
36.590355 -227.592926 0
0 0

0101101
*
Ed
 1e-07 1 1 0
1  1712 0 0 3.07901723703457
2  2257 236 0 0 3.07901723703457
2  2258 237 0 0 3.07901723703457
0

0101000
+327 0 -325 0 *
Ve
1e-07
37.812874 -227.592926 0
0 0

0101101
*
Ed
 1e-07 1 1 0
1  1713 0 0 1.222519
2  2259 236 0 0 1.222519
2  2260 237 0 0 1.222519
0

0101000
+325 0 -323 0 *
Ve
1e-07
37.812874 -228.317368 0
0 0

0101101
*
Ed
 1e-07 1 1 0
1  1714 0 0 0.724441999999982
2  2261 236 0 0 0.724441999999982
2  2262 237 0 0 0.724441999999982
0

0101000
+323 0 -321 0 *
Ve
1e-07
37.269535 -228.317368 0
0 0

0101101
*
Ed
 1e-07 1 1 0
1  1715 0 0 0.543339000000003
2  2263 236 0 0 0.543339000000003
2  2264 237 0 0 0.543339000000003
0

0101000
+321 0 -319 0 *
Ed
 1e-07 1 1 0
1  1716 0 0 2.42240900000002
2  2265 236 0 0 2.42240900000002
2  2266 237 0 0 2.42240900000002
0

0101000
+319 0 -336 0 *
Wi

0101100
+334 0 +332 0 +330 0 +328 0 +326 0 +324 0 +322 0 +320 0 +318 0 +317 0 
*
Ve
1e-07
53.411171 -276.248932 0
0 0

0101101
*
Ve
1e-07
57.108105 -276.219116 0
0 0

0101101
*
Ed
 1e-07 1 1 0
1  1717 0 0 3.69705423198146
2  2267 238 0 0 3.69705423198146
2  2268 239 0 0 3.69705423198146
0

0101000
+315 0 -314 0 *
Ve
1e-07
57.118923 -277.56073 0
0 0

0101101
*
Ed
 1e-07 1 1 0
1  1718 0 0 1.3416576143413
2  2269 238 0 0 1.3416576143413
2  2270 239 0 0 1.3416576143413
0

0101000
+314 0 -312 0 *
Ve
1e-07
54.544102 -277.56073 0
0 0

0101101
*
Ed
 1e-07 1 1 0
1  1719 0 0 2.574821
2  2271 238 0 0 2.574821
2  2272 239 0 0 2.574821
0

0101000
+312 0 -310 0 *
Ve
1e-07
54.544102 -278.812927 0
0 0

0101101
*
Ed
 1e-07 1 1 0
1  1720 0 0 1.25219700000002
2  2273 238 0 0 1.25219700000002
2  2274 239 0 0 1.25219700000002
0

0101000
+310 0 -308 0 *
Ve
1e-07
53.440987 -278.812927 0
0 0

0101101
*
Ed
 1e-07 1 1 0
1  1721 0 0 1.103115
2  2275 238 0 0 1.103115
2  2276 239 0 0 1.103115
0

0101000
+308 0 -306 0 *
Ed
 1e-07 1 1 0
1  1722 0 0 2.564168355214
2  2277 238 0 0 2.564168355214
2  2278 239 0 0 2.564168355214
0

0101000
+306 0 -315 0 *
Wi

0101100
+313 0 +311 0 +309 0 +307 0 +305 0 +304 0 *
Ve
1e-07
136.157822 -220.552109 0
0 0

0101101
*
Ve
1e-07
135.886139 -220.552109 0
0 0

0101101
*
Ed
 1e-07 1 1 0
1  1723 0 0 0.271683000000024
2  2279 240 0 0 0.271683000000024
2  2280 241 0 0 0.271683000000024
0

0101000
+302 0 -301 0 *
Ve
1e-07
135.886139 -221.276566 0
0 0

0101101
*
Ed
 1e-07 1 1 0
1  1724 0 0 0.724457000000001
2  2281 240 0 0 0.724457000000001
2  2282 241 0 0 0.724457000000001
0

0101000
+301 0 -299 0 *
Ve
1e-07
134.754181 -221.276566 0
0 0

0101101
*
Ed
 1e-07 1 1 0
1  1725 0 0 1.131958
2  2283 240 0 0 1.131958
2  2284 241 0 0 1.131958
0

0101000
+299 0 -297 0 *
Ve
1e-07
134.754181 -220.936981 0
0 0

0101101
*
Ed
 1e-07 1 1 0
1  1726 0 0 0.339585
2  2285 240 0 0 0.339585
2  2286 241 0 0 0.339585
0

0101000
+297 0 -295 0 *
Ve
1e-07
133.305267 -220.936981 0
0 0

0101101
*
Ed
 1e-07 1 1 0
1  1727 0 0 1.448914
2  2287 240 0 0 1.448914
2  2288 241 0 0 1.448914
0

0101000
+295 0 -293 0 *
Ve
1e-07
133.305267 -220.484192 0
0 0

0101101
*
Ed
 1e-07 1 1 0
1  1728 0 0 0.452788999999996
2  2289 240 0 0 0.452788999999996
2  2290 241 0 0 0.452788999999996
0

0101000
+293 0 -291 0 *
Ve
1e-07
134.708893 -220.484192 0
0 0

0101101
*
Ed
 1e-07 1 1 0
1  1729 0 0 1.403626
2  2291 240 0 0 1.403626
2  2292 241 0 0 1.403626
0

0101000
+291 0 -289 0 *
Ve
1e-07
134.799454 -217.654282 0
0 0

0101101
*
Ed
 1e-07 1 1 0
1  1730 0 0 2.83135866728697
2  2293 240 0 0 2.83135866728697
2  2294 241 0 0 2.83135866728697
0

0101000
+289 0 -287 0 *
Ve
1e-07
135.86351 -217.654282 0
0 0

0101101
*
Ed
 1e-07 1 1 0
1  1731 0 0 1.06405599999999
2  2295 240 0 0 1.06405599999999
2  2296 241 0 0 1.06405599999999
0

0101000
+287 0 -285 0 *
Ve
1e-07
135.86351 -219.872925 0
0 0

0101101
*
Ed
 1e-07 1 1 0
1  1732 0 0 2.21864300000001
2  2297 240 0 0 2.21864300000001
2  2298 241 0 0 2.21864300000001
0

0101000
+285 0 -283 0 *
Ve
1e-07
136.157822 -219.872925 0
0 0

0101101
*
Ed
 1e-07 1 1 0
1  1733 0 0 0.294312000000019
2  2299 240 0 0 0.294312000000019
2  2300 241 0 0 0.294312000000019
0

0101000
+283 0 -281 0 *
Ed
 1e-07 1 1 0
1  1734 0 0 0.679183999999992
2  2301 240 0 0 0.679183999999992
2  2302 241 0 0 0.679183999999992
0

0101000
+281 0 -302 0 *
Wi

0101100
+300 0 +298 0 +296 0 +294 0 +292 0 +290 0 +288 0 +286 0 +284 0 +282 0 
+280 0 +279 0 *
Ve
1e-07
99.370209 -283.463318 0
0 0

0101101
*
Ve
1e-07
99.370209 -283.210205 0
0 0

0101101
*
Ed
 1e-07 1 1 0
1  1735 0 0 0.253113000000042
2  2303 242 0 0 0.253113000000042
2  2304 243 0 0 0.253113000000042
0

0101000
+277 0 -276 0 *
Ve
1e-07
99.279579 -283.210205 0
0 0

0101101
*
Ed
 1e-07 1 1 0
1  1736 0 0 0.0906300000000044
2  2305 242 0 0 0.0906300000000044
2  2306 243 0 0 0.0906300000000044
0

0101000
+276 0 -274 0 *
Ve
1e-07
99.295204 -282.703949 0
0 0

0101101
*
Ed
 1e-07 1 1 0
1  1737 0 0 0.506497066290566
2  2307 242 0 0 0.506497066290566
2  2308 243 0 0 0.506497066290566
0

0101000
+274 0 -272 0 *
Ve
1e-07
105.226456 -282.703949 0
0 0

0101101
*
Ed
 1e-07 1 1 0
1  1738 0 0 5.931252
2  2309 242 0 0 5.931252
2  2310 243 0 0 5.931252
0

0101000
+272 0 -270 0 *
Ve
1e-07
105.226456 -283.091461 0
0 0

0101101
*
Ed
 1e-07 1 1 0
1  1739 0 0 0.387511999999958
2  2311 242 0 0 0.387511999999958
2  2312 243 0 0 0.387511999999958
0

0101000
+270 0 -268 0 *
Ve
1e-07
104.945206 -283.091461 0
0 0

0101101
*
Ed
 1e-07 1 1 0
1  1740 0 0 0.28125
2  2313 242 0 0 0.28125
2  2314 243 0 0 0.28125
0

0101000
+268 0 -266 0 *
Ve
1e-07
104.945206 -283.472412 0
0 0

0101101
*
Ed
 1e-07 1 1 0
1  1741 0 0 0.380951000000039
2  2315 242 0 0 0.380951000000039
2  2316 243 0 0 0.380951000000039
0

0101000
+266 0 -264 0 *
Ed
 1e-07 1 1 0
1  1742 0 0 5.57500441711439
2  2317 242 0 0 5.57500441711439
2  2318 243 0 0 5.57500441711439
0

0101000
+264 0 -277 0 *
Wi

0101100
+275 0 +273 0 +271 0 +269 0 +267 0 +265 0 +263 0 +262 0 *
Ve
1e-07
118.980827 -281.990356 0
0 0

0101101
*
Ve
1e-07
118.980827 -286.088501 0
0 0

0101101
*
Ed
 1e-07 1 1 0
1  1743 0 0 4.09814499999999
2  2319 244 0 0 4.09814499999999
2  2320 245 0 0 4.09814499999999
0

0101000
+260 0 -259 0 *
Ve
1e-07
117.844238 -286.088501 0
0 0

0101101
*
Ed
 1e-07 1 1 0
1  1744 0 0 1.136589
2  2321 244 0 0 1.136589
2  2322 245 0 0 1.136589
0

0101000
+259 0 -257 0 *
Ve
1e-07
117.844238 -283.639221 0
0 0

0101101
*
Ed
 1e-07 1 1 0
1  1745 0 0 2.44927999999999
2  2323 244 0 0 2.44927999999999
2  2324 245 0 0 2.44927999999999
0

0101000
+257 0 -255 0 *
Ve
1e-07
116.115334 -283.639221 0
0 0

0101101
*
Ed
 1e-07 1 1 0
1  1746 0 0 1.728904
2  2325 244 0 0 1.728904
2  2326 245 0 0 1.728904
0

0101000
+255 0 -253 0 *
Ve
1e-07
116.115334 -282.694733 0
0 0

0101101
*
Ed
 1e-07 1 1 0
1  1747 0 0 0.944488000000035
2  2327 244 0 0 0.944488000000035
2  2328 245 0 0 0.944488000000035
0

0101000
+253 0 -251 0 *
Ve
1e-07
117.892258 -282.694733 0
0 0

0101101
*
Ed
 1e-07 1 1 0
1  1748 0 0 1.77692399999999
2  2329 244 0 0 1.77692399999999
2  2330 245 0 0 1.77692399999999
0

0101000
+251 0 -249 0 *
Ve
1e-07
117.908272 -281.990356 0
0 0

0101101
*
Ed
 1e-07 1 1 0
1  1749 0 0 0.704559015501861
2  2331 244 0 0 0.704559015501861
2  2332 245 0 0 0.704559015501861
0

0101000
+249 0 -247 0 *
Ed
 1e-07 1 1 0
1  1750 0 0 1.07255500000001
2  2333 244 0 0 1.07255500000001
2  2334 245 0 0 1.07255500000001
0

0101000
+247 0 -260 0 *
Wi

0101100
+258 0 +256 0 +254 0 +252 0 +250 0 +248 0 +246 0 +245 0 *
Ve
1e-07
52.966049 -283.945038 0
0 0

0101101
*
Ve
1e-07
52.966049 -283.228271 0
0 0

0101101
*
Ed
 1e-07 1 1 0
1  1751 0 0 0.716767000000004
2  2335 246 0 0 0.716767000000004
2  2336 247 0 0 0.716767000000004
0

0101000
+243 0 -242 0 *
Ve
1e-07
53.450928 -283.228271 0
0 0

0101101
*
Ed
 1e-07 1 1 0
1  1752 0 0 0.484878999999999
2  2337 246 0 0 0.484878999999999
2  2338 247 0 0 0.484878999999999
0

0101000
+242 0 -240 0 *
Ve
1e-07
53.472008 -282.026611 0
0 0

0101101
*
Ed
 1e-07 1 1 0
1  1753 0 0 1.20184488266998
2  2339 246 0 0 1.20184488266998
2  2340 247 0 0 1.20184488266998
0

0101000
+240 0 -238 0 *
Ve
1e-07
54.568256 -282.026611 0
0 0

0101101
*
Ed
 1e-07 1 1 0
1  1754 0 0 1.096248
2  2341 246 0 0 1.096248
2  2342 247 0 0 1.096248
0

0101000
+238 0 -236 0 *
Ve
1e-07
54.568256 -282.532562 0
0 0

0101101
*
Ed
 1e-07 1 1 0
1  1755 0 0 0.505950999999982
2  2343 246 0 0 0.505950999999982
2  2344 247 0 0 0.505950999999982
0

0101000
+236 0 -234 0 *
Ve
1e-07
56.339115 -282.532562 0
0 0

0101101
*
Ed
 1e-07 1 1 0
1  1756 0 0 1.770859
2  2345 246 0 0 1.770859
2  2346 247 0 0 1.770859
0

0101000
+234 0 -232 0 *
Ve
1e-07
56.339115 -285.82132 0
0 0

0101101
*
Ed
 1e-07 1 1 0
1  1757 0 0 3.28875800000003
2  2347 246 0 0 3.28875800000003
2  2348 247 0 0 3.28875800000003
0

0101000
+232 0 -230 0 *
Ve
1e-07
54.378521 -285.82132 0
0 0

0101101
*
Ed
 1e-07 1 1 0
1  1758 0 0 1.960594
2  2349 246 0 0 1.960594
2  2350 247 0 0 1.960594
0

0101000
+230 0 -228 0 *
Ve
1e-07
54.378521 -286.116455 0
0 0

0101101
*
Ed
 1e-07 1 1 0
1  1759 0 0 0.295134999999959
2  2351 246 0 0 0.295134999999959
2  2352 247 0 0 0.295134999999959
0

0101000
+228 0 -226 0 *
Ve
1e-07
53.450928 -286.116455 0
0 0

0101101
*
Ed
 1e-07 1 1 0
1  1760 0 0 0.927593000000002
2  2353 246 0 0 0.927593000000002
2  2354 247 0 0 0.927593000000002
0

0101000
+226 0 -224 0 *
Ve
1e-07
53.438351 -283.945038 0
0 0

0101101
*
Ed
 1e-07 1 1 0
1  1761 0 0 2.17145342312881
2  2355 246 0 0 2.17145342312881
2  2356 247 0 0 2.17145342312881
0

0101000
+224 0 -222 0 *
Ed
 1e-07 1 1 0
1  1762 0 0 0.472301999999999
2  2357 246 0 0 0.472301999999999
2  2358 247 0 0 0.472301999999999
0

0101000
+222 0 -243 0 *
Wi

0101100
+241 0 +239 0 +237 0 +235 0 +233 0 +231 0 +229 0 +227 0 +225 0 +223 0 
+221 0 +220 0 *
Ve
1e-07
114.888229 -282.662903 0
0 0

0101101
*
Ve
1e-07
114.888229 -283.647736 0
0 0

0101101
*
Ed
 1e-07 1 1 0
1  1763 0 0 0.984833000000037
2  2359 248 0 0 0.984833000000037
2  2360 249 0 0 0.984833000000037
0

0101000
+218 0 -217 0 *
Ve
1e-07
113.29216 -283.647736 0
0 0

0101101
*
Ed
 1e-07 1 1 0
1  1764 0 0 1.596069
2  2361 248 0 0 1.596069
2  2362 249 0 0 1.596069
0

0101000
+217 0 -215 0 *
Ve
1e-07
113.29216 -285.805573 0
0 0

0101101
*
Ed
 1e-07 1 1 0
1  1765 0 0 2.15783699999997
2  2363 248 0 0 2.15783699999997
2  2364 249 0 0 2.15783699999997
0

0101000
+215 0 -213 0 *
Ve
1e-07
111.458382 -285.805573 0
0 0

0101101
*
Ed
 1e-07 1 1 0
1  1766 0 0 1.833778
2  2365 248 0 0 1.833778
2  2366 249 0 0 1.833778
0

0101000
+213 0 -211 0 *
Ve
1e-07
111.458382 -283.681671 0
0 0

0101101
*
Ed
 1e-07 1 1 0
1  1767 0 0 2.12390199999999
2  2367 248 0 0 2.12390199999999
2  2368 249 0 0 2.12390199999999
0

0101000
+211 0 -209 0 *
Ve
1e-07
110.869759 -283.681671 0
0 0

0101101
*
Ed
 1e-07 1 1 0
1  1768 0 0 0.588622999999998
2  2369 248 0 0 0.588622999999998
2  2370 249 0 0 0.588622999999998
0

0101000
+209 0 -207 0 *
Ve
1e-07
110.869759 -283.127014 0
0 0

0101101
*
Ed
 1e-07 1 1 0
1  1769 0 0 0.55465700000002
2  2371 248 0 0 0.55465700000002
2  2372 249 0 0 0.55465700000002
0

0101000
+207 0 -205 0 *
Ve
1e-07
110.564133 -283.127014 0
0 0

0101101
*
Ed
 1e-07 1 1 0
1  1770 0 0 0.305626000000004
2  2373 248 0 0 0.305626000000004
2  2374 249 0 0 0.305626000000004
0

0101000
+205 0 -203 0 *
Ve
1e-07
110.564133 -282.708191 0
0 0

0101101
*
Ed
 1e-07 1 1 0
1  1771 0 0 0.418822999999975
2  2375 248 0 0 0.418822999999975
2  2376 249 0 0 0.418822999999975
0

0101000
+203 0 -201 0 *
Ve
1e-07
111.37915 -282.708191 0
0 0

0101101
*
Ed
 1e-07 1 1 0
1  1772 0 0 0.815016999999997
2  2377 248 0 0 0.815016999999997
2  2378 249 0 0 0.815016999999997
0

0101000
+201 0 -199 0 *
Ve
1e-07
111.831932 -282.1875 0
0 0

0101101
*
Ed
 1e-07 1 1 0
1  1773 0 0 0.690022214863405
2  2379 248 0 0 0.690022214863405
2  2380 249 0 0 0.690022214863405
0

0101000
+199 0 -197 0 *
Ve
1e-07
112.635628 -282.1875 0
0 0

0101101
*
Ed
 1e-07 1 1 0
1  1774 0 0 0.803696000000002
2  2381 248 0 0 0.803696000000002
2  2382 249 0 0 0.803696000000002
0

0101000
+197 0 -195 0 *
Ve
1e-07
113.122368 -282.662903 0
0 0

0101101
*
Ed
 1e-07 1 1 0
1  1775 0 0 0.680385067450022
2  2383 248 0 0 0.680385067450022
2  2384 249 0 0 0.680385067450022
0

0101000
+195 0 -193 0 *
Ed
 1e-07 1 1 0
1  1776 0 0 1.765861
2  2385 248 0 0 1.765861
2  2386 249 0 0 1.765861
0

0101000
+193 0 -218 0 *
Wi

0101100
+216 0 +214 0 +212 0 +210 0 +208 0 +206 0 +204 0 +202 0 +200 0 +198 0 
+196 0 +194 0 +192 0 +191 0 *
Ve
1e-07
48.838196 -217.722198 0
0 0

0101101
*
Ve
1e-07
49.562649 -217.722198 0
0 0

0101101
*
Ed
 1e-07 1 1 0
1  1777 0 0 0.724452999999997
2  2387 250 0 0 0.724452999999997
2  2388 251 0 0 0.724452999999997
0

0101000
+189 0 -188 0 *
Ve
1e-07
49.653206 -224.604538 0
0 0

0101101
*
Ed
 1e-07 1 1 0
1  1778 0 0 6.88293574326021
2  2389 250 0 0 6.88293574326021
2  2390 251 0 0 6.88293574326021
0

0101000
+188 0 -186 0 *
Ve
1e-07
48.883736 -224.590286 0
0 0

0101101
*
Ed
 1e-07 1 1 0
1  1779 0 0 0.769601975311912
2  2391 250 0 0 0.769601975311912
2  2392 251 0 0 0.769601975311912
0

0101000
+186 0 -184 0 *
Ve
1e-07
48.928753 -222.1595 0
0 0

0101101
*
Ed
 1e-07 1 1 0
1  1780 0 0 2.43120281097339
2  2393 250 0 0 2.43120281097339
2  2394 251 0 0 2.43120281097339
0

0101000
+184 0 -182 0 *
Ve
1e-07
48.294853 -222.1595 0
0 0

0101101
*
Ed
 1e-07 1 1 0
1  1781 0 0 0.633899999999997
2  2395 250 0 0 0.633899999999997
2  2396 251 0 0 0.633899999999997
0

0101000
+182 0 -180 0 *
Ve
1e-07
48.294853 -221.389755 0
0 0

0101101
*
Ed
 1e-07 1 1 0
1  1782 0 0 0.769745
2  2397 250 0 0 0.769745
2  2398 251 0 0 0.769745
0

0101000
+180 0 -178 0 *
Ve
1e-07
48.883472 -221.389755 0
0 0

0101101
*
Ed
 1e-07 1 1 0
1  1783 0 0 0.588618999999994
2  2399 250 0 0 0.588618999999994
2  2400 251 0 0 0.588618999999994
0

0101000
+178 0 -176 0 *
Ed
 1e-07 1 1 0
1  1784 0 0 3.66783645551776
2  2401 250 0 0 3.66783645551776
2  2402 251 0 0 3.66783645551776
0

0101000
+176 0 -189 0 *
Wi

0101100
+187 0 +185 0 +183 0 +181 0 +179 0 +177 0 +175 0 +174 0 *
Ve
1e-07
62.263062 -283.83963 0
0 0

0101101
*
Ve
1e-07
62.263062 -287.02298 0
0 0

0101101
*
Ed
 1e-07 1 1 0
1  1785 0 0 3.18335000000002
2  2403 252 0 0 3.18335000000002
2  2404 253 0 0 3.18335000000002
0

0101000
+172 0 -171 0 *
Ve
1e-07
60.998165 -287.02298 0
0 0

0101101
*
Ed
 1e-07 1 1 0
1  1786 0 0 1.264897
2  2405 252 0 0 1.264897
2  2406 253 0 0 1.264897
0

0101000
+171 0 -169 0 *
Ve
1e-07
60.998165 -285.800232 0
0 0

0101101
*
Ed
 1e-07 1 1 0
1  1787 0 0 1.22274800000002
2  2407 252 0 0 1.22274800000002
2  2408 253 0 0 1.22274800000002
0

0101000
+169 0 -167 0 *
Ve
1e-07
60.007324 -285.800232 0
0 0

0101101
*
Ed
 1e-07 1 1 0
1  1788 0 0 0.990841000000003
2  2409 252 0 0 0.990841000000003
2  2410 253 0 0 0.990841000000003
0

0101000
+167 0 -165 0 *
Ve
1e-07
60.070568 -282.616913 0
0 0

0101101
*
Ed
 1e-07 1 1 0
1  1789 0 0 3.18394718224045
2  2411 252 0 0 3.18394718224045
2  2412 253 0 0 3.18394718224045
0

0101000
+165 0 -163 0 *
Ve
1e-07
60.934917 -282.616913 0
0 0

0101101
*
Ed
 1e-07 1 1 0
1  1790 0 0 0.864348999999997
2  2413 252 0 0 0.864348999999997
2  2414 253 0 0 0.864348999999997
0

0101000
+163 0 -161 0 *
Ve
1e-07
60.934917 -282.848816 0
0 0

0101101
*
Ed
 1e-07 1 1 0
1  1791 0 0 0.231902999999988
2  2415 252 0 0 0.231902999999988
2  2416 253 0 0 0.231902999999988
0

0101000
+161 0 -159 0 *
Ve
1e-07
64.181496 -282.848816 0
0 0

0101101
*
Ed
 1e-07 1 1 0
1  1792 0 0 3.246579
2  2417 252 0 0 3.246579
2  2418 253 0 0 3.246579
0

0101000
+159 0 -157 0 *
Ve
1e-07
64.181496 -283.249359 0
0 0

0101101
*
Ed
 1e-07 1 1 0
1  1793 0 0 0.400543000000027
2  2419 252 0 0 0.400543000000027
2  2420 253 0 0 0.400543000000027
0

0101000
+157 0 -155 0 *
Ve
1e-07
63.970676 -283.249359 0
0 0

0101101
*
Ed
 1e-07 1 1 0
1  1794 0 0 0.210819999999998
2  2421 252 0 0 0.210819999999998
2  2422 253 0 0 0.210819999999998
0

0101000
+155 0 -153 0 *
Ve
1e-07
63.970676 -283.83963 0
0 0

0101101
*
Ed
 1e-07 1 1 0
1  1795 0 0 0.590270999999973
2  2423 252 0 0 0.590270999999973
2  2424 253 0 0 0.590270999999973
0

0101000
+153 0 -151 0 *
Ed
 1e-07 1 1 0
1  1796 0 0 1.707614
2  2425 252 0 0 1.707614
2  2426 253 0 0 1.707614
0

0101000
+151 0 -172 0 *
Wi

0101100
+170 0 +168 0 +166 0 +164 0 +162 0 +160 0 +158 0 +156 0 +154 0 +152 0 
+150 0 +149 0 *
Ve
1e-07
68.042183 -230.955673 0
0 0

0101101
*
Ve
1e-07
68.330338 -230.955673 0
0 0

0101101
*
Ed
 1e-07 1 1 0
1  1797 0 0 0.288155000000003
2  2427 254 0 0 0.288155000000003
2  2428 255 0 0 0.288155000000003
0

0101000
+147 0 -146 0 *
Ve
1e-07
68.398514 -222.657562 0
0 0

0101101
*
Ed
 1e-07 1 1 0
1  1798 0 0 8.29839105702404
2  2429 254 0 0 8.29839105702404
2  2430 255 0 0 8.29839105702404
0

0101000
+146 0 -144 0 *
Ve
1e-07
69.394638 -222.657562 0
0 0

0101101
*
Ed
 1e-07 1 1 0
1  1799 0 0 0.996123999999995
2  2431 254 0 0 0.996123999999995
2  2432 255 0 0 0.996123999999995
0

0101000
+144 0 -142 0 *
Ve
1e-07
69.322853 -224.872482 0
0 0

0101101
*
Ed
 1e-07 1 1 0
1  1800 0 0 2.21608296158445
2  2433 254 0 0 2.21608296158445
2  2434 255 0 0 2.21608296158445
0

0101000
+142 0 -140 0 *
Ve
1e-07
69.739075 -224.872482 0
0 0

0101101
*
Ed
 1e-07 1 1 0
1  1801 0 0 0.416222000000005
2  2435 254 0 0 0.416222000000005
2  2436 255 0 0 0.416222000000005
0

0101000
+140 0 -138 0 *
Ve
1e-07
69.739075 -225.832993 0
0 0

0101101
*
Ed
 1e-07 1 1 0
1  1802 0 0 0.960510999999997
2  2437 254 0 0 0.960510999999997
2  2438 255 0 0 0.960510999999997
0

0101000
+138 0 -136 0 *
Ve
1e-07
69.322853 -225.832993 0
0 0

0101101
*
Ed
 1e-07 1 1 0
1  1803 0 0 0.416222000000005
2  2439 254 0 0 0.416222000000005
2  2440 255 0 0 0.416222000000005
0

0101000
+136 0 -134 0 *
Ve
1e-07
69.29084 -230.955673 0
0 0

0101101
*
Ed
 1e-07 1 1 0
1  1804 0 0 5.12278002793103
2  2441 254 0 0 5.12278002793103
2  2442 255 0 0 5.12278002793103
0

0101000
+134 0 -132 0 *
Ve
1e-07
69.514954 -230.987686 0
0 0

0101101
*
Ed
 1e-07 1 1 0
1  1805 0 0 0.226388862722972
2  2443 254 0 0 0.226388862722972
2  2444 255 0 0 0.226388862722972
0

0101000
+132 0 -130 0 *
Ve
1e-07
69.514954 -231.692062 0
0 0

0101101
*
Ed
 1e-07 1 1 0
1  1806 0 0 0.704375999999996
2  2445 254 0 0 0.704375999999996
2  2446 255 0 0 0.704375999999996
0

0101000
+130 0 -128 0 *
Ve
1e-07
68.042183 -231.692062 0
0 0

0101101
*
Ed
 1e-07 1 1 0
1  1807 0 0 1.47277100000001
2  2447 254 0 0 1.47277100000001
2  2448 255 0 0 1.47277100000001
0

0101000
+128 0 -126 0 *
Ed
 1e-07 1 1 0
1  1808 0 0 0.736389000000003
2  2449 254 0 0 0.736389000000003
2  2450 255 0 0 0.736389000000003
0

0101000
+126 0 -147 0 *
Wi

0101100
+145 0 +143 0 +141 0 +139 0 +137 0 +135 0 +133 0 +131 0 +129 0 +127 0 
+125 0 +124 0 *
Ve
1e-07
129.660355 -243.36116 0
0 0

0101101
*
Ve
1e-07
129.660355 -244.198822 0
0 0

0101101
*
Ed
 1e-07 1 1 0
1  1809 0 0 0.837661999999995
2  2451 256 0 0 0.837661999999995
2  2452 257 0 0 0.837661999999995
0

0101000
+122 0 -121 0 *
Ve
1e-07
125.596603 -244.198822 0
0 0

0101101
*
Ed
 1e-07 1 1 0
1  1810 0 0 4.06375200000001
2  2453 256 0 0 4.06375200000001
2  2454 257 0 0 4.06375200000001
0

0101000
+121 0 -119 0 *
Ve
1e-07
125.596603 -246.58725 0
0 0

0101101
*
Ed
 1e-07 1 1 0
1  1811 0 0 2.388428
2  2455 256 0 0 2.388428
2  2456 257 0 0 2.388428
0

0101000
+119 0 -117 0 *
Ve
1e-07
124.84951 -246.58725 0
0 0

0101101
*
Ed
 1e-07 1 1 0
1  1812 0 0 0.747093000000007
2  2457 256 0 0 0.747093000000007
2  2458 257 0 0 0.747093000000007
0

0101000
+117 0 -115 0 *
Ve
1e-07
124.860832 -244.232773 0
0 0

0101101
*
Ed
 1e-07 1 1 0
1  1813 0 0 2.35450422195693
2  2459 256 0 0 2.35450422195693
2  2460 257 0 0 2.35450422195693
0

0101000
+115 0 -113 0 *
Ve
1e-07
122.619537 -244.232773 0
0 0

0101101
*
Ed
 1e-07 1 1 0
1  1814 0 0 2.24129500000001
2  2461 256 0 0 2.24129500000001
2  2462 257 0 0 2.24129500000001
0

0101000
+113 0 -111 0 *
Ve
1e-07
122.619537 -243.36116 0
0 0

0101101
*
Ed
 1e-07 1 1 0
1  1815 0 0 0.871612999999996
2  2463 256 0 0 0.871612999999996
2  2464 257 0 0 0.871612999999996
0

0101000
+111 0 -109 0 *
Ve
1e-07
124.860832 -243.36116 0
0 0

0101101
*
Ed
 1e-07 1 1 0
1  1816 0 0 2.24129500000001
2  2465 256 0 0 2.24129500000001
2  2466 257 0 0 2.24129500000001
0

0101000
+109 0 -107 0 *
Ve
1e-07
124.860832 -242.33107 0
0 0

0101101
*
Ed
 1e-07 1 1 0
1  1817 0 0 1.03009
2  2467 256 0 0 1.03009
2  2468 257 0 0 1.03009
0

0101000
+107 0 -105 0 *
Ve
1e-07
125.540001 -242.33107 0
0 0

0101101
*
Ed
 1e-07 1 1 0
1  1818 0 0 0.679169000000002
2  2469 256 0 0 0.679169000000002
2  2470 257 0 0 0.679169000000002
0

0101000
+105 0 -103 0 *
Ve
1e-07
125.540001 -243.36116 0
0 0

0101101
*
Ed
 1e-07 1 1 0
1  1819 0 0 1.03009
2  2471 256 0 0 1.03009
2  2472 257 0 0 1.03009
0

0101000
+103 0 -101 0 *
Ed
 1e-07 1 1 0
1  1820 0 0 4.12035400000001
2  2473 256 0 0 4.12035400000001
2  2474 257 0 0 4.12035400000001
0

0101000
+101 0 -122 0 *
Wi

0101100
+120 0 +118 0 +116 0 +114 0 +112 0 +110 0 +108 0 +106 0 +104 0 +102 0 
+100 0 +99 0 *
Ve
1e-07
124.430679 -267.486786 0
0 0

0101101
*
Ve
1e-07
123.719307 -267.486786 0
0 0

0101101
*
Ed
 1e-07 1 1 0
1  1821 0 0 0.711371999999997
2  2475 258 0 0 0.711371999999997
2  2476 259 0 0 0.711371999999997
0

0101000
+97 0 -96 0 *
Ve
1e-07
123.719307 -264.947693 0
0 0

0101101
*
Ed
 1e-07 1 1 0
1  1822 0 0 2.53909299999998
2  2477 258 0 0 2.53909299999998
2  2478 259 0 0 2.53909299999998
0

0101000
+96 0 -94 0 *
Ve
1e-07
121.69133 -264.941437 0
0 0

0101101
*
Ed
 1e-07 1 1 0
1  1823 0 0 2.02798664938037
2  2479 258 0 0 2.02798664938037
2  2480 259 0 0 2.02798664938037
0

0101000
+94 0 -92 0 *
Ve
1e-07
121.69133 -264.110046 0
0 0

0101101
*
Ed
 1e-07 1 1 0
1  1824 0 0 0.831390999999996
2  2481 258 0 0 0.831390999999996
2  2482 259 0 0 0.831390999999996
0

0101000
+92 0 -90 0 *
Ve
1e-07
129.660355 -264.110046 0
0 0

0101101
*
Ed
 1e-07 1 1 0
1  1825 0 0 7.96902500000002
2  2483 258 0 0 7.96902500000002
2  2484 259 0 0 7.96902500000002
0

0101000
+90 0 -88 0 *
Ve
1e-07
129.660355 -264.947693 0
0 0

0101101
*
Ed
 1e-07 1 1 0
1  1826 0 0 0.837647000000004
2  2485 258 0 0 0.837647000000004
2  2486 259 0 0 0.837647000000004
0

0101000
+88 0 -86 0 *
Ve
1e-07
124.430679 -264.947693 0
0 0

0101101
*
Ed
 1e-07 1 1 0
1  1827 0 0 5.22967600000001
2  2487 258 0 0 5.22967600000001
2  2488 259 0 0 5.22967600000001
0

0101000
+86 0 -84 0 *
Ed
 1e-07 1 1 0
1  1828 0 0 2.53909299999998
2  2489 258 0 0 2.53909299999998
2  2490 259 0 0 2.53909299999998
0

0101000
+84 0 -97 0 *
Wi

0101100
+95 0 +93 0 +91 0 +89 0 +87 0 +85 0 +83 0 +82 0 *
Ve
1e-07
114.627884 -231.418945 0
0 0

0101101
*
Ve
1e-07
112.351227 -231.418945 0
0 0

0101101
*
Ed
 1e-07 1 1 0
1  1829 0 0 2.276657
2  2491 260 0 0 2.276657
2  2492 261 0 0 2.276657
0

0101000
+80 0 -79 0 *
Ve
1e-07
112.351227 -232.143402 0
0 0

0101101
*
Ed
 1e-07 1 1 0
1  1830 0 0 0.724457000000001
2  2493 260 0 0 0.724457000000001
2  2494 261 0 0 0.724457000000001
0

0101000
+79 0 -77 0 *
Ve
1e-07
111.345192 -232.143402 0
0 0

0101101
*
Ed
 1e-07 1 1 0
1  1831 0 0 1.006035
2  2495 260 0 0 1.006035
2  2496 261 0 0 1.006035
0

0101000
+77 0 -75 0 *
Ve
1e-07
110.813171 -231.611389 0
0 0

0101101
*
Ed
 1e-07 1 1 0
1  1832 0 0 0.752385656834317
2  2497 260 0 0 0.752385656834317
2  2498 261 0 0 0.752385656834317
0

0101000
+75 0 -73 0 *
Ve
1e-07
110.813171 -230.67186 0
0 0

0101101
*
Ed
 1e-07 1 1 0
1  1833 0 0 0.939528999999993
2  2499 260 0 0 0.939528999999993
2  2500 261 0 0 0.939528999999993
0

0101000
+73 0 -71 0 *
Ve
1e-07
111.299911 -230.67186 0
0 0

0101101
*
Ed
 1e-07 1 1 0
1  1834 0 0 0.486739999999998
2  2501 260 0 0 0.486739999999998
2  2502 261 0 0 0.486739999999998
0

0101000
+71 0 -69 0 *
Ve
1e-07
111.277267 -222.861313 0
0 0

0101101
*
Ed
 1e-07 1 1 0
1  1835 0 0 7.81057982418368
2  2503 260 0 0 7.81057982418368
2  2504 261 0 0 7.81057982418368
0

0101000
+69 0 -67 0 *
Ve
1e-07
112.069641 -222.861313 0
0 0

0101101
*
Ed
 1e-07 1 1 0
1  1836 0 0 0.792374000000009
2  2505 260 0 0 0.792374000000009
2  2506 261 0 0 0.792374000000009
0

0101000
+67 0 -65 0 *
Ve
1e-07
112.069641 -230.626572 0
0 0

0101101
*
Ed
 1e-07 1 1 0
1  1837 0 0 7.76525900000001
2  2507 260 0 0 7.76525900000001
2  2508 261 0 0 7.76525900000001
0

0101000
+65 0 -63 0 *
Ve
1e-07
114.627884 -230.626572 0
0 0

0101101
*
Ed
 1e-07 1 1 0
1  1838 0 0 2.55824299999999
2  2509 260 0 0 2.55824299999999
2  2510 261 0 0 2.55824299999999
0

0101000
+63 0 -61 0 *
Ed
 1e-07 1 1 0
1  1839 0 0 0.792372999999998
2  2511 260 0 0 0.792372999999998
2  2512 261 0 0 0.792372999999998
0

0101000
+61 0 -80 0 *
Wi

0101100
+78 0 +76 0 +74 0 +72 0 +70 0 +68 0 +66 0 +64 0 +62 0 +60 0 
+59 0 *
Ve
1e-07
58.002525 -263.399109 0
0 0

0101101
*
Ve
1e-07
53.381359 -263.399109 0
0 0

0101101
*
Ed
 1e-07 1 1 0
1  1840 0 0 4.621166
2  2513 262 0 0 4.621166
2  2514 263 0 0 4.621166
0

0101000
+57 0 -56 0 *
Ve
1e-07
53.381359 -255.53038 0
0 0

0101101
*
Ed
 1e-07 1 1 0
1  1841 0 0 7.868729
2  2515 262 0 0 7.868729
2  2516 263 0 0 7.868729
0

0101000
+56 0 -54 0 *
Ve
1e-07
54.067081 -253.29216 0
0 0

0101101
*
Ed
 1e-07 1 1 0
1  1842 0 0 2.34090654014295
2  2517 262 0 0 2.34090654014295
2  2518 263 0 0 2.34090654014295
0

0101000
+54 0 -52 0 *
Ve
1e-07
58.002525 -253.29216 0
0 0

0101101
*
Ed
 1e-07 1 1 0
1  1843 0 0 3.935444
2  2519 262 0 0 3.935444
2  2520 263 0 0 3.935444
0

0101000
+52 0 -50 0 *
Ed
 1e-07 1 1 0
1  1844 0 0 10.106949
2  2521 262 0 0 10.106949
2  2522 263 0 0 10.106949
0

0101000
+50 0 -57 0 *
Wi

0101100
+55 0 +53 0 +51 0 +49 0 +48 0 *
Ve
1e-07
25.927265 -226.868454 0
0 0

0101101
*
Ve
1e-07
25.927265 -226.483597 0
0 0

0101101
*
Ed
 1e-07 1 1 0
1  1845 0 0 0.384857000000011
2  2523 264 0 0 0.384857000000011
2  2524 265 0 0 0.384857000000011
2  2525 266 0 0 0.384857000000011
0

0101000
+46 0 -45 0 *
Ve
1e-07
26.832834 -226.483597 0
0 0

0101101
*
Ed
 1e-07 1 1 0
1  1846 0 0 0.905569
2  2526 264 0 0 0.905569
2  2527 265 0 0 0.905569
2  2528 266 0 0 0.905569
0

0101000
+45 0 -43 0 *
Ve
1e-07
26.832834 -226.845825 0
0 0

0101101
*
Ed
 1e-07 1 1 0
1  1847 0 0 0.362227999999988
2  2529 264 0 0 0.362227999999988
2  2530 265 0 0 0.362227999999988
2  2531 266 0 0 0.362227999999988
0

0101000
+43 0 -41 0 *
Ve
1e-07
34.462265 -226.913742 0
0 0

0101101
*
Ed
 1e-07 1 1 0
1  1848 0 0 7.62973329171145
2  2532 264 0 0 7.62973329171145
2  2533 265 0 0 7.62973329171145
2  2534 266 0 0 7.62973329171145
0

0101000
+41 0 -39 0 *
Ve
1e-07
34.462265 -230.762421 0
0 0

0101101
*
Ed
 1e-07 1 1 0
1  1849 0 0 3.84867899999998
2  2535 264 0 0 3.84867899999998
2  2536 265 0 0 3.84867899999998
2  2537 266 0 0 3.84867899999998
0

0101000
+39 0 -37 0 *
Ve
1e-07
34.86977 -230.762421 0
0 0

0101101
*
Ed
 1e-07 1 1 0
1  1850 0 0 0.407505
2  2538 264 0 0 0.407505
2  2539 265 0 0 0.407505
2  2540 266 0 0 0.407505
0

0101000
+37 0 -35 0 *
Ve
1e-07
34.86977 -231.758545 0
0 0

0101101
*
Ed
 1e-07 1 1 0
1  1851 0 0 0.996124000000009
2  2541 264 0 0 0.996124000000009
2  2542 265 0 0 0.996124000000009
2  2543 266 0 0 0.996124000000009
0

0101000
+35 0 -33 0 *
Ve
1e-07
34.190594 -231.758545 0
0 0

0101101
*
Ed
 1e-07 1 1 0
1  1852 0 0 0.679176000000005
2  2544 264 0 0 0.679176000000005
2  2545 265 0 0 0.679176000000005
2  2546 266 0 0 0.679176000000005
0

0101000
+33 0 -31 0 *
Ve
1e-07
34.190594 -232.030212 0
0 0

0101101
*
Ed
 1e-07 1 1 0
1  1853 0 0 0.271667000000008
2  2547 264 0 0 0.271667000000008
2  2548 265 0 0 0.271667000000008
2  2549 266 0 0 0.271667000000008
0

0101000
+31 0 -29 0 *
Ve
1e-07
33.647251 -232.030212 0
0 0

0101101
*
Ed
 1e-07 1 1 0
1  1854 0 0 0.543343
2  2550 264 0 0 0.543343
2  2551 265 0 0 0.543343
2  2552 266 0 0 0.543343
0

0101000
+29 0 -27 0 *
Ve
1e-07
33.647251 -231.64534 0
0 0

0101101
*
Ed
 1e-07 1 1 0
1  1855 0 0 0.384872000000001
2  2553 264 0 0 0.384872000000001
2  2554 265 0 0 0.384872000000001
2  2555 266 0 0 0.384872000000001
0

0101000
+27 0 -25 0 *
Ve
1e-07
33.918922 -231.64534 0
0 0

0101101
*
Ed
 1e-07 1 1 0
1  1856 0 0 0.271671000000005
2  2556 264 0 0 0.271671000000005
2  2557 265 0 0 0.271671000000005
2  2558 266 0 0 0.271671000000005
0

0101000
+25 0 -23 0 *
Ve
1e-07
33.918922 -227.899002 0
0 0

0101101
*
Ed
 1e-07 1 1 0
1  1857 0 0 3.74633800000001
2  2559 264 0 0 3.74633800000001
2  2560 265 0 0 3.74633800000001
2  2561 266 0 0 3.74633800000001
0

0101000
+23 0 -21 0 *
Ve
1e-07
29.549545 -227.899002 0
0 0

0101101
*
Ed
 1e-07 1 1 0
1  1858 0 0 4.369377
2  2562 264 0 0 4.369377
2  2563 265 0 0 4.369377
2  2564 266 0 0 4.369377
0

0101000
+21 0 -19 0 *
Ve
1e-07
29.549545 -228.158905 0
0 0

0101101
*
Ed
 1e-07 1 1 0
1  1859 0 0 0.259903000000008
2  2565 264 0 0 0.259903000000008
2  2566 265 0 0 0.259903000000008
2  2567 266 0 0 0.259903000000008
0

0101000
+19 0 -17 0 *
Ve
1e-07
28.77981 -228.158905 0
0 0

0101101
*
Ed
 1e-07 1 1 0
1  1860 0 0 0.769734999999997
2  2568 264 0 0 0.769734999999997
2  2569 265 0 0 0.769734999999997
2  2570 266 0 0 0.769734999999997
0

0101000
+17 0 -15 0 *
Ve
1e-07
28.77981 -227.819305 0
0 0

0101101
*
Ed
 1e-07 1 1 0
1  1861 0 0 0.33959999999999
2  2571 264 0 0 0.33959999999999
2  2572 265 0 0 0.33959999999999
2  2573 266 0 0 0.33959999999999
0

0101000
+15 0 -13 0 *
Ve
1e-07
20.946627 -227.819305 0
0 0

0101101
*
Ed
 1e-07 1 1 0
1  1862 0 0 7.833183
2  2574 264 0 0 7.833183
2  2575 265 0 0 7.833183
2  2576 266 0 0 7.833183
0

0101000
+13 0 -11 0 *
Ve
1e-07
20.946627 -227.18541 0
0 0

0101101
*
Ed
 1e-07 1 1 0
1  1863 0 0 0.633895000000024
2  2577 264 0 0 0.633895000000024
2  2578 265 0 0 0.633895000000024
2  2579 266 0 0 0.633895000000024
0

0101000
+11 0 -9 0 *
Ve
1e-07
20.674955 -227.18541 0
0 0

0101101
*
Ed
 1e-07 1 1 0
1  1864 0 0 0.271671999999999
2  2580 264 0 0 0.271671999999999
2  2581 265 0 0 0.271671999999999
2  2582 266 0 0 0.271671999999999
0

0101000
+9 0 -7 0 *
Ve
1e-07
20.674955 -226.709991 0
0 0

0101101
*
Ed
 1e-07 1 1 0
1  1865 0 0 0.475418999999988
2  2583 264 0 0 0.475418999999988
2  2584 265 0 0 0.475418999999988
2  2585 266 0 0 0.475418999999988
0

0101000
+7 0 -5 0 *
Ed
 1e-07 1 1 0
1  1866 0 0 5.25469988281624
2  2586 264 0 0 5.25469988281624
2  2587 265 0 0 5.25469988281624
2  2588 266 0 0 5.25469988281624
0

0101000
+5 0 -46 0 *
Wi

0101100
+44 0 +42 0 +40 0 +38 0 +36 0 +34 0 +32 0 +30 0 +28 0 +26 0 
+24 0 +22 0 +20 0 +18 0 +16 0 +14 0 +12 0 +10 0 +8 0 +6 0 
+4 0 +3 0 *
Fa
0  1e-07 1 0

1111000
+2700 0 +2691 0 +2682 0 +2673 0 +2664 0 +2655 0 +2646 0 +2637 0 +2628 0 +2619 0 
+2610 0 +2601 0 +2588 0 +2579 0 +2566 0 +2553 0 +2540 0 +2527 0 +2514 0 +2505 0 
+2492 0 +2479 0 +2462 0 +2445 0 +2428 0 +2415 0 +2402 0 +2385 0 +2368 0 +2351 0 
+2338 0 +2321 0 +2296 0 +2271 0 +2246 0 +2221 0 +2196 0 +2171 0 +2146 0 +2121 0 
+2096 0 +2071 0 +2046 0 +2021 0 +1996 0 +1971 0 +1946 0 +1921 0 +1896 0 +1871 0 
+1846 0 +1821 0 +1796 0 +1771 0 +1746 0 +1721 0 +1696 0 +1671 0 +1646 0 +1621 0 
+1596 0 +1571 0 +1546 0 +1521 0 +1496 0 +1471 0 +1446 0 +1421 0 +1396 0 +1371 0 
+1346 0 +1321 0 +1296 0 +1271 0 +1246 0 +1221 0 +1196 0 +1171 0 +1146 0 +1121 0 
+1096 0 +1071 0 +1046 0 +1021 0 +996 0 +971 0 +954 0 +929 0 +908 0 +883 0 
+874 0 +857 0 +836 0 +815 0 +798 0 +781 0 +764 0 +747 0 +730 0 +721 0 
+704 0 +683 0 +666 0 +649 0 +640 0 +611 0 +576 0 +555 0 +538 0 +505 0 
+474 0 +457 0 +428 0 +411 0 +376 0 +355 0 +346 0 +337 0 +316 0 +303 0 
+278 0 +261 0 +244 0 +219 0 +190 0 +173 0 +148 0 +123 0 +98 0 +81 0 
+58 0 +47 0 +2 0 *

+1 0 